seq,utc,label,mode,verb,bound_ms,elapsed_ms,wall_ms,outcome,why
1,2026-10-04T01:32:05.6800682Z,idle-client-recheck,client,recheck,30000,20.399,21.790,Answered,"The coordinator, pid 31788, took 'recheck'."
2,2026-10-04T01:32:05.7324281Z,idle-client-recheck,client,recheck,30000,0.821,0.848,Answered,"The coordinator, pid 31788, took 'recheck'."
3,2026-10-04T01:32:05.7837438Z,idle-client-recheck,client,recheck,30000,0.591,0.616,Answered,"The coordinator, pid 31788, took 'recheck'."
4,2026-10-04T01:32:05.8347111Z,idle-client-recheck,client,recheck,30000,0.568,0.584,Answered,"The coordinator, pid 31788, took 'recheck'."
5,2026-10-04T01:32:05.8859995Z,idle-client-recheck,client,recheck,30000,0.603,0.624,Answered,"The coordinator, pid 31788, took 'recheck'."
6,2026-10-04T01:32:05.9374061Z,idle-client-recheck,client,recheck,30000,0.613,0.641,Answered,"The coordinator, pid 31788, took 'recheck'."
7,2026-10-04T01:32:06.0030053Z,idle-client-recheck,client,recheck,30000,0.760,0.797,Answered,"The coordinator, pid 31788, took 'recheck'."
8,2026-10-04T01:32:06.0549671Z,idle-client-recheck,client,recheck,30000,1.009,1.031,Answered,"The coordinator, pid 31788, took 'recheck'."
9,2026-10-04T01:32:06.1067959Z,idle-client-recheck,client,recheck,30000,0.746,0.772,Answered,"The coordinator, pid 31788, took 'recheck'."
10,2026-10-04T01:32:06.1578771Z,idle-client-recheck,client,recheck,30000,0.649,0.671,Answered,"The coordinator, pid 31788, took 'recheck'."
11,2026-10-04T01:32:06.2106828Z,idle-client-recheck,client,recheck,30000,2.347,2.368,Answered,"The coordinator, pid 31788, took 'recheck'."
12,2026-10-04T01:32:06.2618936Z,idle-client-recheck,client,recheck,30000,0.614,0.641,Answered,"The coordinator, pid 31788, took 'recheck'."
13,2026-10-04T01:32:06.3130343Z,idle-client-recheck,client,recheck,30000,0.552,0.568,Answered,"The coordinator, pid 31788, took 'recheck'."
14,2026-10-04T01:32:06.3785386Z,idle-client-recheck,client,recheck,30000,0.584,0.602,Answered,"The coordinator, pid 31788, took 'recheck'."
15,2026-10-04T01:32:06.4308500Z,idle-client-recheck,client,recheck,30000,0.597,0.614,Answered,"The coordinator, pid 31788, took 'recheck'."
16,2026-10-04T01:32:06.4816314Z,idle-client-recheck,client,recheck,30000,0.592,0.608,Answered,"The coordinator, pid 31788, took 'recheck'."
17,2026-10-04T01:32:06.5324899Z,idle-client-recheck,client,recheck,30000,0.550,0.566,Answered,"The coordinator, pid 31788, took 'recheck'."
18,2026-10-04T01:32:06.5834533Z,idle-client-recheck,client,recheck,30000,0.574,0.597,Answered,"The coordinator, pid 31788, took 'recheck'."
19,2026-10-04T01:32:06.6356583Z,idle-client-recheck,client,recheck,30000,0.571,0.589,Answered,"The coordinator, pid 31788, took 'recheck'."
20,2026-10-04T01:32:06.6866547Z,idle-client-recheck,client,recheck,30000,0.795,0.826,Answered,"The coordinator, pid 31788, took 'recheck'."
21,2026-10-04T01:32:06.7377324Z,idle-client-recheck,client,recheck,30000,0.836,0.864,Answered,"The coordinator, pid 31788, took 'recheck'."
22,2026-10-04T01:32:06.7886456Z,idle-client-recheck,client,recheck,30000,0.607,0.628,Answered,"The coordinator, pid 31788, took 'recheck'."
23,2026-10-04T01:32:06.8396627Z,idle-client-recheck,client,recheck,30000,0.578,0.599,Answered,"The coordinator, pid 31788, took 'recheck'."
24,2026-10-04T01:32:06.8910849Z,idle-client-recheck,client,recheck,30000,0.615,0.636,Answered,"The coordinator, pid 31788, took 'recheck'."
25,2026-10-04T01:32:06.9430476Z,idle-client-recheck,client,recheck,30000,0.612,0.626,Answered,"The coordinator, pid 31788, took 'recheck'."
26,2026-10-04T01:32:07.0057588Z,idle-client-recheck,client,recheck,30000,0.680,0.704,Answered,"The coordinator, pid 31788, took 'recheck'."
27,2026-10-04T01:32:07.0574582Z,idle-client-recheck,client,recheck,30000,0.632,0.651,Answered,"The coordinator, pid 31788, took 'recheck'."
28,2026-10-04T01:32:07.1093401Z,idle-client-recheck,client,recheck,30000,0.512,0.531,Answered,"The coordinator, pid 31788, took 'recheck'."
29,2026-10-04T01:32:07.1606567Z,idle-client-recheck,client,recheck,30000,0.541,0.560,Answered,"The coordinator, pid 31788, took 'recheck'."
30,2026-10-04T01:32:07.2127199Z,idle-client-recheck,client,recheck,30000,1.028,1.051,Answered,"The coordinator, pid 31788, took 'recheck'."
31,2026-10-04T01:32:07.2645348Z,idle-client-recheck,client,recheck,30000,0.601,0.622,Answered,"The coordinator, pid 31788, took 'recheck'."
32,2026-10-04T01:32:07.3156975Z,idle-client-recheck,client,recheck,30000,0.524,0.542,Answered,"The coordinator, pid 31788, took 'recheck'."
33,2026-10-04T01:32:07.3766316Z,idle-client-recheck,client,recheck,30000,0.677,0.701,Answered,"The coordinator, pid 31788, took 'recheck'."
34,2026-10-04T01:32:07.4279004Z,idle-client-recheck,client,recheck,30000,0.494,0.512,Answered,"The coordinator, pid 31788, took 'recheck'."
35,2026-10-04T01:32:07.4802470Z,idle-client-recheck,client,recheck,30000,0.785,0.811,Answered,"The coordinator, pid 31788, took 'recheck'."
36,2026-10-04T01:32:07.5310586Z,idle-client-recheck,client,recheck,30000,0.579,0.595,Answered,"The coordinator, pid 31788, took 'recheck'."
37,2026-10-04T01:32:07.5820415Z,idle-client-recheck,client,recheck,30000,0.579,0.596,Answered,"The coordinator, pid 31788, took 'recheck'."
38,2026-10-04T01:32:07.6331611Z,idle-client-recheck,client,recheck,30000,0.545,0.559,Answered,"The coordinator, pid 31788, took 'recheck'."
39,2026-10-04T01:32:07.6841979Z,idle-client-recheck,client,recheck,30000,0.614,0.633,Answered,"The coordinator, pid 31788, took 'recheck'."
40,2026-10-04T01:32:07.7491265Z,idle-client-recheck,client,recheck,30000,0.613,0.631,Answered,"The coordinator, pid 31788, took 'recheck'."
41,2026-10-04T01:32:07.8012762Z,idle-client-recheck,client,recheck,30000,0.622,0.644,Answered,"The coordinator, pid 31788, took 'recheck'."
42,2026-10-04T01:32:07.8522146Z,idle-client-recheck,client,recheck,30000,0.488,0.512,Answered,"The coordinator, pid 31788, took 'recheck'."
43,2026-10-04T01:32:07.9033421Z,idle-client-recheck,client,recheck,30000,0.537,0.556,Answered,"The coordinator, pid 31788, took 'recheck'."
44,2026-10-04T01:32:07.9546645Z,idle-client-recheck,client,recheck,30000,0.642,0.666,Answered,"The coordinator, pid 31788, took 'recheck'."
45,2026-10-04T01:32:08.0065710Z,idle-client-recheck,client,recheck,30000,0.709,0.730,Answered,"The coordinator, pid 31788, took 'recheck'."
46,2026-10-04T01:32:08.0575869Z,idle-client-recheck,client,recheck,30000,0.488,0.506,Answered,"The coordinator, pid 31788, took 'recheck'."
47,2026-10-04T01:32:08.1084732Z,idle-client-recheck,client,recheck,30000,0.578,0.599,Answered,"The coordinator, pid 31788, took 'recheck'."
48,2026-10-04T01:32:08.1604438Z,idle-client-recheck,client,recheck,30000,0.553,0.574,Answered,"The coordinator, pid 31788, took 'recheck'."
49,2026-10-04T01:32:08.2112500Z,idle-client-recheck,client,recheck,30000,0.627,0.651,Answered,"The coordinator, pid 31788, took 'recheck'."
50,2026-10-04T01:32:08.2627504Z,idle-client-recheck,client,recheck,30000,0.926,0.951,Answered,"The coordinator, pid 31788, took 'recheck'."
51,2026-10-04T01:32:08.3138149Z,idle-client-recheck,client,recheck,30000,0.724,0.748,Answered,"The coordinator, pid 31788, took 'recheck'."
52,2026-10-04T01:32:08.3721172Z,idle-client-recheck,client,recheck,30000,0.869,0.893,Answered,"The coordinator, pid 31788, took 'recheck'."
53,2026-10-04T01:32:08.4233977Z,idle-client-recheck,client,recheck,30000,0.540,0.562,Answered,"The coordinator, pid 31788, took 'recheck'."
54,2026-10-04T01:32:08.4744062Z,idle-client-recheck,client,recheck,30000,0.507,0.526,Answered,"The coordinator, pid 31788, took 'recheck'."
55,2026-10-04T01:32:08.5265156Z,idle-client-recheck,client,recheck,30000,0.513,0.530,Answered,"The coordinator, pid 31788, took 'recheck'."
56,2026-10-04T01:32:08.5787353Z,idle-client-recheck,client,recheck,30000,0.572,0.597,Answered,"The coordinator, pid 31788, took 'recheck'."
57,2026-10-04T01:32:08.6304315Z,idle-client-recheck,client,recheck,30000,0.653,0.674,Answered,"The coordinator, pid 31788, took 'recheck'."
58,2026-10-04T01:32:08.6818637Z,idle-client-recheck,client,recheck,30000,0.617,0.641,Answered,"The coordinator, pid 31788, took 'recheck'."
59,2026-10-04T01:32:08.7441520Z,idle-client-recheck,client,recheck,30000,0.810,0.835,Answered,"The coordinator, pid 31788, took 'recheck'."
60,2026-10-04T01:32:08.7965542Z,idle-client-recheck,client,recheck,30000,0.720,0.752,Answered,"The coordinator, pid 31788, took 'recheck'."
61,2026-10-04T01:32:08.8485792Z,idle-client-recheck,client,recheck,30000,0.543,0.570,Answered,"The coordinator, pid 31788, took 'recheck'."
62,2026-10-04T01:32:08.8995861Z,idle-client-recheck,client,recheck,30000,0.596,0.618,Answered,"The coordinator, pid 31788, took 'recheck'."
63,2026-10-04T01:32:08.9507980Z,idle-client-recheck,client,recheck,30000,0.569,0.603,Answered,"The coordinator, pid 31788, took 'recheck'."
64,2026-10-04T01:32:09.0018632Z,idle-client-recheck,client,recheck,30000,0.499,0.516,Answered,"The coordinator, pid 31788, took 'recheck'."
65,2026-10-04T01:32:09.0530133Z,idle-client-recheck,client,recheck,30000,0.575,0.600,Answered,"The coordinator, pid 31788, took 'recheck'."
66,2026-10-04T01:32:09.1192387Z,idle-client-recheck,client,recheck,30000,0.852,0.876,Answered,"The coordinator, pid 31788, took 'recheck'."
67,2026-10-04T01:32:09.1711548Z,idle-client-recheck,client,recheck,30000,0.624,0.644,Answered,"The coordinator, pid 31788, took 'recheck'."
68,2026-10-04T01:32:09.2223025Z,idle-client-recheck,client,recheck,30000,0.636,0.658,Answered,"The coordinator, pid 31788, took 'recheck'."
69,2026-10-04T01:32:09.2733589Z,idle-client-recheck,client,recheck,30000,0.679,0.694,Answered,"The coordinator, pid 31788, took 'recheck'."
70,2026-10-04T01:32:09.3244814Z,idle-client-recheck,client,recheck,30000,0.550,0.568,Answered,"The coordinator, pid 31788, took 'recheck'."
71,2026-10-04T01:32:09.3759567Z,idle-client-recheck,client,recheck,30000,0.524,0.548,Answered,"The coordinator, pid 31788, took 'recheck'."
72,2026-10-04T01:32:09.4275544Z,idle-client-recheck,client,recheck,30000,0.513,0.532,Answered,"The coordinator, pid 31788, took 'recheck'."
73,2026-10-04T01:32:09.4922658Z,idle-client-recheck,client,recheck,30000,0.476,0.497,Answered,"The coordinator, pid 31788, took 'recheck'."
74,2026-10-04T01:32:09.5433751Z,idle-client-recheck,client,recheck,30000,0.494,0.512,Answered,"The coordinator, pid 31788, took 'recheck'."
75,2026-10-04T01:32:09.6031925Z,idle-client-recheck,client,recheck,30000,7.053,7.285,Answered,"The coordinator, pid 31788, took 'recheck'."
76,2026-10-04T01:32:09.6540824Z,idle-client-recheck,client,recheck,30000,0.557,0.580,Answered,"The coordinator, pid 31788, took 'recheck'."
77,2026-10-04T01:32:09.7055607Z,idle-client-recheck,client,recheck,30000,0.927,0.953,Answered,"The coordinator, pid 31788, took 'recheck'."
78,2026-10-04T01:32:09.7567675Z,idle-client-recheck,client,recheck,30000,0.533,0.550,Answered,"The coordinator, pid 31788, took 'recheck'."
79,2026-10-04T01:32:09.8078017Z,idle-client-recheck,client,recheck,30000,0.652,0.676,Answered,"The coordinator, pid 31788, took 'recheck'."
80,2026-10-04T01:32:09.8657534Z,idle-client-recheck,client,recheck,30000,0.772,0.794,Answered,"The coordinator, pid 31788, took 'recheck'."
81,2026-10-04T01:32:09.9166650Z,idle-client-recheck,client,recheck,30000,0.665,0.689,Answered,"The coordinator, pid 31788, took 'recheck'."
82,2026-10-04T01:32:09.9675477Z,idle-client-recheck,client,recheck,30000,0.529,0.546,Answered,"The coordinator, pid 31788, took 'recheck'."
83,2026-10-04T01:32:10.0191004Z,idle-client-recheck,client,recheck,30000,0.477,0.502,Answered,"The coordinator, pid 31788, took 'recheck'."
84,2026-10-04T01:32:10.0699488Z,idle-client-recheck,client,recheck,30000,0.586,0.604,Answered,"The coordinator, pid 31788, took 'recheck'."
85,2026-10-04T01:32:10.1212123Z,idle-client-recheck,client,recheck,30000,0.509,0.527,Answered,"The coordinator, pid 31788, took 'recheck'."
86,2026-10-04T01:32:10.1719380Z,idle-client-recheck,client,recheck,30000,0.541,0.561,Answered,"The coordinator, pid 31788, took 'recheck'."
87,2026-10-04T01:32:10.2230978Z,idle-client-recheck,client,recheck,30000,0.706,0.728,Answered,"The coordinator, pid 31788, took 'recheck'."
88,2026-10-04T01:32:10.2740978Z,idle-client-recheck,client,recheck,30000,0.564,0.591,Answered,"The coordinator, pid 31788, took 'recheck'."
89,2026-10-04T01:32:10.3252077Z,idle-client-recheck,client,recheck,30000,0.587,0.603,Answered,"The coordinator, pid 31788, took 'recheck'."
90,2026-10-04T01:32:10.3765219Z,idle-client-recheck,client,recheck,30000,0.713,0.737,Answered,"The coordinator, pid 31788, took 'recheck'."
91,2026-10-04T01:32:10.4276228Z,idle-client-recheck,client,recheck,30000,0.539,0.562,Answered,"The coordinator, pid 31788, took 'recheck'."
92,2026-10-04T01:32:10.4934971Z,idle-client-recheck,client,recheck,30000,0.688,0.715,Answered,"The coordinator, pid 31788, took 'recheck'."
93,2026-10-04T01:32:10.5446740Z,idle-client-recheck,client,recheck,30000,0.571,0.595,Answered,"The coordinator, pid 31788, took 'recheck'."
94,2026-10-04T01:32:10.5962413Z,idle-client-recheck,client,recheck,30000,0.665,0.684,Answered,"The coordinator, pid 31788, took 'recheck'."
95,2026-10-04T01:32:10.6473391Z,idle-client-recheck,client,recheck,30000,0.550,0.568,Answered,"The coordinator, pid 31788, took 'recheck'."
96,2026-10-04T01:32:10.6983971Z,idle-client-recheck,client,recheck,30000,0.531,0.550,Answered,"The coordinator, pid 31788, took 'recheck'."
97,2026-10-04T01:32:10.7497826Z,idle-client-recheck,client,recheck,30000,0.545,0.567,Answered,"The coordinator, pid 31788, took 'recheck'."
98,2026-10-04T01:32:10.8006884Z,idle-client-recheck,client,recheck,30000,0.552,0.568,Answered,"The coordinator, pid 31788, took 'recheck'."
99,2026-10-04T01:32:10.8514897Z,idle-client-recheck,client,recheck,30000,0.523,0.542,Answered,"The coordinator, pid 31788, took 'recheck'."
100,2026-10-04T01:32:10.9024284Z,idle-client-recheck,client,recheck,30000,0.570,0.587,Answered,"The coordinator, pid 31788, took 'recheck'."
101,2026-10-04T01:32:10.9536248Z,idle-client-recheck,client,recheck,30000,0.607,0.629,Answered,"The coordinator, pid 31788, took 'recheck'."
102,2026-10-04T01:32:11.0048385Z,idle-client-recheck,client,recheck,30000,0.597,0.618,Answered,"The coordinator, pid 31788, took 'recheck'."
103,2026-10-04T01:32:11.0557278Z,idle-client-recheck,client,recheck,30000,0.667,0.692,Answered,"The coordinator, pid 31788, took 'recheck'."
104,2026-10-04T01:32:11.1146467Z,idle-client-recheck,client,recheck,30000,0.632,0.654,Answered,"The coordinator, pid 31788, took 'recheck'."
105,2026-10-04T01:32:11.1659884Z,idle-client-recheck,client,recheck,30000,0.517,0.531,Answered,"The coordinator, pid 31788, took 'recheck'."
106,2026-10-04T01:32:11.2170285Z,idle-client-recheck,client,recheck,30000,0.578,0.601,Answered,"The coordinator, pid 31788, took 'recheck'."
107,2026-10-04T01:32:11.2691443Z,idle-client-recheck,client,recheck,30000,0.845,0.864,Answered,"The coordinator, pid 31788, took 'recheck'."
108,2026-10-04T01:32:11.3206257Z,idle-client-recheck,client,recheck,30000,0.539,0.561,Answered,"The coordinator, pid 31788, took 'recheck'."
109,2026-10-04T01:32:11.3762378Z,idle-client-recheck,client,recheck,30000,0.682,0.703,Answered,"The coordinator, pid 31788, took 'recheck'."
110,2026-10-04T01:32:11.4269322Z,idle-client-recheck,client,recheck,30000,0.499,0.516,Answered,"The coordinator, pid 31788, took 'recheck'."
111,2026-10-04T01:32:11.4780742Z,idle-client-recheck,client,recheck,30000,0.609,0.633,Answered,"The coordinator, pid 31788, took 'recheck'."
112,2026-10-04T01:32:11.5302699Z,idle-client-recheck,client,recheck,30000,0.612,0.634,Answered,"The coordinator, pid 31788, took 'recheck'."
113,2026-10-04T01:32:11.5819640Z,idle-client-recheck,client,recheck,30000,0.633,0.652,Answered,"The coordinator, pid 31788, took 'recheck'."
114,2026-10-04T01:32:11.6331429Z,idle-client-recheck,client,recheck,30000,0.493,0.511,Answered,"The coordinator, pid 31788, took 'recheck'."
115,2026-10-04T01:32:11.6838655Z,idle-client-recheck,client,recheck,30000,0.536,0.557,Answered,"The coordinator, pid 31788, took 'recheck'."
116,2026-10-04T01:32:11.7474722Z,idle-client-recheck,client,recheck,30000,0.576,0.597,Answered,"The coordinator, pid 31788, took 'recheck'."
117,2026-10-04T01:32:11.7998744Z,idle-client-recheck,client,recheck,30000,0.723,0.750,Answered,"The coordinator, pid 31788, took 'recheck'."
118,2026-10-04T01:32:11.8507745Z,idle-client-recheck,client,recheck,30000,0.497,0.513,Answered,"The coordinator, pid 31788, took 'recheck'."
119,2026-10-04T01:32:11.9015473Z,idle-client-recheck,client,recheck,30000,0.548,0.569,Answered,"The coordinator, pid 31788, took 'recheck'."
120,2026-10-04T01:32:11.9527243Z,idle-client-recheck,client,recheck,30000,0.556,0.575,Answered,"The coordinator, pid 31788, took 'recheck'."
121,2026-10-04T01:32:12.0035461Z,idle-client-recheck,client,recheck,30000,0.620,0.642,Answered,"The coordinator, pid 31788, took 'recheck'."
122,2026-10-04T01:32:12.0543703Z,idle-client-recheck,client,recheck,30000,0.636,0.655,Answered,"The coordinator, pid 31788, took 'recheck'."
123,2026-10-04T01:32:12.1058184Z,idle-client-recheck,client,recheck,30000,0.562,0.577,Answered,"The coordinator, pid 31788, took 'recheck'."
124,2026-10-04T01:32:12.1569241Z,idle-client-recheck,client,recheck,30000,0.614,0.633,Answered,"The coordinator, pid 31788, took 'recheck'."
125,2026-10-04T01:32:12.2079945Z,idle-client-recheck,client,recheck,30000,0.489,0.504,Answered,"The coordinator, pid 31788, took 'recheck'."
126,2026-10-04T01:32:12.2593943Z,idle-client-recheck,client,recheck,30000,0.682,0.702,Answered,"The coordinator, pid 31788, took 'recheck'."
127,2026-10-04T01:32:12.3103367Z,idle-client-recheck,client,recheck,30000,0.578,0.599,Answered,"The coordinator, pid 31788, took 'recheck'."
128,2026-10-04T01:32:12.3705460Z,idle-client-recheck,client,recheck,30000,0.523,0.541,Answered,"The coordinator, pid 31788, took 'recheck'."
129,2026-10-04T01:32:12.4223890Z,idle-client-recheck,client,recheck,30000,0.486,0.507,Answered,"The coordinator, pid 31788, took 'recheck'."
130,2026-10-04T01:32:12.4735644Z,idle-client-recheck,client,recheck,30000,0.768,0.789,Answered,"The coordinator, pid 31788, took 'recheck'."
131,2026-10-04T01:32:12.5253623Z,idle-client-recheck,client,recheck,30000,0.471,0.493,Answered,"The coordinator, pid 31788, took 'recheck'."
132,2026-10-04T01:32:12.5760784Z,idle-client-recheck,client,recheck,30000,0.443,0.459,Answered,"The coordinator, pid 31788, took 'recheck'."
133,2026-10-04T01:32:12.6291325Z,idle-client-recheck,client,recheck,30000,0.591,0.612,Answered,"The coordinator, pid 31788, took 'recheck'."
134,2026-10-04T01:32:12.6806063Z,idle-client-recheck,client,recheck,30000,0.533,0.548,Answered,"The coordinator, pid 31788, took 'recheck'."
135,2026-10-04T01:32:12.7316653Z,idle-client-recheck,client,recheck,30000,0.564,0.583,Answered,"The coordinator, pid 31788, took 'recheck'."
136,2026-10-04T01:32:12.7833897Z,idle-client-recheck,client,recheck,30000,0.663,0.685,Answered,"The coordinator, pid 31788, took 'recheck'."
137,2026-10-04T01:32:12.8343506Z,idle-client-recheck,client,recheck,30000,0.493,0.512,Answered,"The coordinator, pid 31788, took 'recheck'."
138,2026-10-04T01:32:12.8864045Z,idle-client-recheck,client,recheck,30000,0.634,0.655,Answered,"The coordinator, pid 31788, took 'recheck'."
139,2026-10-04T01:32:12.9379387Z,idle-client-recheck,client,recheck,30000,0.574,0.589,Answered,"The coordinator, pid 31788, took 'recheck'."
140,2026-10-04T01:32:12.9998378Z,idle-client-recheck,client,recheck,30000,0.493,0.511,Answered,"The coordinator, pid 31788, took 'recheck'."
141,2026-10-04T01:32:13.0505265Z,idle-client-recheck,client,recheck,30000,0.508,0.525,Answered,"The coordinator, pid 31788, took 'recheck'."
142,2026-10-04T01:32:13.1014167Z,idle-client-recheck,client,recheck,30000,0.466,0.478,Answered,"The coordinator, pid 31788, took 'recheck'."
143,2026-10-04T01:32:13.1521752Z,idle-client-recheck,client,recheck,30000,0.512,0.530,Answered,"The coordinator, pid 31788, took 'recheck'."
144,2026-10-04T01:32:13.2033205Z,idle-client-recheck,client,recheck,30000,0.499,0.517,Answered,"The coordinator, pid 31788, took 'recheck'."
145,2026-10-04T01:32:13.2542590Z,idle-client-recheck,client,recheck,30000,0.648,0.665,Answered,"The coordinator, pid 31788, took 'recheck'."
146,2026-10-04T01:32:13.3055514Z,idle-client-recheck,client,recheck,30000,0.632,0.655,Answered,"The coordinator, pid 31788, took 'recheck'."
147,2026-10-04T01:32:13.3668591Z,idle-client-recheck,client,recheck,30000,0.611,0.631,Answered,"The coordinator, pid 31788, took 'recheck'."
148,2026-10-04T01:32:13.4184573Z,idle-client-recheck,client,recheck,30000,0.494,0.514,Answered,"The coordinator, pid 31788, took 'recheck'."
149,2026-10-04T01:32:13.4698799Z,idle-client-recheck,client,recheck,30000,0.568,0.588,Answered,"The coordinator, pid 31788, took 'recheck'."
150,2026-10-04T01:32:13.5211086Z,idle-client-recheck,client,recheck,30000,0.523,0.537,Answered,"The coordinator, pid 31788, took 'recheck'."
151,2026-10-04T01:32:13.5723530Z,idle-client-recheck,client,recheck,30000,0.820,0.841,Answered,"The coordinator, pid 31788, took 'recheck'."
152,2026-10-04T01:32:13.6236377Z,idle-client-recheck,client,recheck,30000,0.547,0.582,Answered,"The coordinator, pid 31788, took 'recheck'."
153,2026-10-04T01:32:13.6744178Z,idle-client-recheck,client,recheck,30000,0.459,0.476,Answered,"The coordinator, pid 31788, took 'recheck'."
154,2026-10-04T01:32:13.7254214Z,idle-client-recheck,client,recheck,30000,0.531,0.553,Answered,"The coordinator, pid 31788, took 'recheck'."
155,2026-10-04T01:32:13.7765844Z,idle-client-recheck,client,recheck,30000,0.636,0.652,Answered,"The coordinator, pid 31788, took 'recheck'."
156,2026-10-04T01:32:13.8276876Z,idle-client-recheck,client,recheck,30000,0.575,0.594,Answered,"The coordinator, pid 31788, took 'recheck'."
157,2026-10-04T01:32:13.8783117Z,idle-client-recheck,client,recheck,30000,0.468,0.485,Answered,"The coordinator, pid 31788, took 'recheck'."
158,2026-10-04T01:32:13.9290386Z,idle-client-recheck,client,recheck,30000,0.547,0.569,Answered,"The coordinator, pid 31788, took 'recheck'."
159,2026-10-04T01:32:13.9886548Z,idle-client-recheck,client,recheck,30000,0.612,0.626,Answered,"The coordinator, pid 31788, took 'recheck'."
160,2026-10-04T01:32:14.0397959Z,idle-client-recheck,client,recheck,30000,0.580,0.600,Answered,"The coordinator, pid 31788, took 'recheck'."
161,2026-10-04T01:32:14.0908574Z,idle-client-recheck,client,recheck,30000,0.518,0.537,Answered,"The coordinator, pid 31788, took 'recheck'."
162,2026-10-04T01:32:14.1427156Z,idle-client-recheck,client,recheck,30000,0.572,0.594,Answered,"The coordinator, pid 31788, took 'recheck'."
163,2026-10-04T01:32:14.1934501Z,idle-client-recheck,client,recheck,30000,0.544,0.559,Answered,"The coordinator, pid 31788, took 'recheck'."
164,2026-10-04T01:32:14.2445208Z,idle-client-recheck,client,recheck,30000,0.512,0.531,Answered,"The coordinator, pid 31788, took 'recheck'."
165,2026-10-04T01:32:14.2957412Z,idle-client-recheck,client,recheck,30000,0.577,0.599,Answered,"The coordinator, pid 31788, took 'recheck'."
166,2026-10-04T01:32:14.3594646Z,idle-client-recheck,client,recheck,30000,0.560,0.580,Answered,"The coordinator, pid 31788, took 'recheck'."
167,2026-10-04T01:32:14.4105708Z,idle-client-recheck,client,recheck,30000,0.586,0.602,Answered,"The coordinator, pid 31788, took 'recheck'."
168,2026-10-04T01:32:14.4615595Z,idle-client-recheck,client,recheck,30000,0.507,0.515,Answered,"The coordinator, pid 31788, took 'recheck'."
169,2026-10-04T01:32:14.5128776Z,idle-client-recheck,client,recheck,30000,0.542,0.560,Answered,"The coordinator, pid 31788, took 'recheck'."
170,2026-10-04T01:32:14.5638242Z,idle-client-recheck,client,recheck,30000,0.578,0.597,Answered,"The coordinator, pid 31788, took 'recheck'."
171,2026-10-04T01:32:14.6150410Z,idle-client-recheck,client,recheck,30000,0.505,0.530,Answered,"The coordinator, pid 31788, took 'recheck'."
172,2026-10-04T01:32:14.6661878Z,idle-client-recheck,client,recheck,30000,0.455,0.467,Answered,"The coordinator, pid 31788, took 'recheck'."
173,2026-10-04T01:32:14.7312229Z,idle-client-recheck,client,recheck,30000,0.529,0.548,Answered,"The coordinator, pid 31788, took 'recheck'."
174,2026-10-04T01:32:14.7819187Z,idle-client-recheck,client,recheck,30000,0.500,0.521,Answered,"The coordinator, pid 31788, took 'recheck'."
175,2026-10-04T01:32:14.8330644Z,idle-client-recheck,client,recheck,30000,0.468,0.487,Answered,"The coordinator, pid 31788, took 'recheck'."
176,2026-10-04T01:32:14.8837679Z,idle-client-recheck,client,recheck,30000,0.495,0.514,Answered,"The coordinator, pid 31788, took 'recheck'."
177,2026-10-04T01:32:14.9357763Z,idle-client-recheck,client,recheck,30000,0.548,0.567,Answered,"The coordinator, pid 31788, took 'recheck'."
178,2026-10-04T01:32:14.9872581Z,idle-client-recheck,client,recheck,30000,0.840,0.858,Answered,"The coordinator, pid 31788, took 'recheck'."
179,2026-10-04T01:32:15.0391743Z,idle-client-recheck,client,recheck,30000,0.572,0.591,Answered,"The coordinator, pid 31788, took 'recheck'."
180,2026-10-04T01:32:15.1040147Z,idle-client-recheck,client,recheck,30000,0.781,0.802,Answered,"The coordinator, pid 31788, took 'recheck'."
181,2026-10-04T01:32:15.1549775Z,idle-client-recheck,client,recheck,30000,0.590,0.609,Answered,"The coordinator, pid 31788, took 'recheck'."
182,2026-10-04T01:32:15.2063721Z,idle-client-recheck,client,recheck,30000,0.541,0.561,Answered,"The coordinator, pid 31788, took 'recheck'."
183,2026-10-04T01:32:15.2571975Z,idle-client-recheck,client,recheck,30000,0.506,0.524,Answered,"The coordinator, pid 31788, took 'recheck'."
184,2026-10-04T01:32:15.3081534Z,idle-client-recheck,client,recheck,30000,0.644,0.667,Answered,"The coordinator, pid 31788, took 'recheck'."
185,2026-10-04T01:32:15.3599062Z,idle-client-recheck,client,recheck,30000,0.552,0.573,Answered,"The coordinator, pid 31788, took 'recheck'."
186,2026-10-04T01:32:15.4109985Z,idle-client-recheck,client,recheck,30000,0.659,0.682,Answered,"The coordinator, pid 31788, took 'recheck'."
187,2026-10-04T01:32:15.4715045Z,idle-client-recheck,client,recheck,30000,0.705,0.722,Answered,"The coordinator, pid 31788, took 'recheck'."
188,2026-10-04T01:32:15.5231097Z,idle-client-recheck,client,recheck,30000,0.542,0.563,Answered,"The coordinator, pid 31788, took 'recheck'."
189,2026-10-04T01:32:15.5738658Z,idle-client-recheck,client,recheck,30000,0.528,0.545,Answered,"The coordinator, pid 31788, took 'recheck'."
190,2026-10-04T01:32:15.6258773Z,idle-client-recheck,client,recheck,30000,0.565,0.595,Answered,"The coordinator, pid 31788, took 'recheck'."
191,2026-10-04T01:32:15.6773922Z,idle-client-recheck,client,recheck,30000,0.519,0.537,Answered,"The coordinator, pid 31788, took 'recheck'."
192,2026-10-04T01:32:15.7289341Z,idle-client-recheck,client,recheck,30000,0.515,0.529,Answered,"The coordinator, pid 31788, took 'recheck'."
193,2026-10-04T01:32:15.7810794Z,idle-client-recheck,client,recheck,30000,0.523,0.541,Answered,"The coordinator, pid 31788, took 'recheck'."
194,2026-10-04T01:32:15.8470689Z,idle-client-recheck,client,recheck,30000,0.594,0.616,Answered,"The coordinator, pid 31788, took 'recheck'."
195,2026-10-04T01:32:15.8980920Z,idle-client-recheck,client,recheck,30000,0.532,0.549,Answered,"The coordinator, pid 31788, took 'recheck'."
196,2026-10-04T01:32:15.9491316Z,idle-client-recheck,client,recheck,30000,0.491,0.511,Answered,"The coordinator, pid 31788, took 'recheck'."
197,2026-10-04T01:32:15.9997775Z,idle-client-recheck,client,recheck,30000,0.439,0.454,Answered,"The coordinator, pid 31788, took 'recheck'."
198,2026-10-04T01:32:16.0510974Z,idle-client-recheck,client,recheck,30000,0.458,0.478,Answered,"The coordinator, pid 31788, took 'recheck'."
199,2026-10-04T01:32:16.1019574Z,idle-client-recheck,client,recheck,30000,0.632,0.653,Answered,"The coordinator, pid 31788, took 'recheck'."
200,2026-10-04T01:32:16.1530834Z,idle-client-recheck,client,recheck,30000,0.546,0.567,Answered,"The coordinator, pid 31788, took 'recheck'."
201,2026-10-04T01:32:16.2140305Z,idle-client-recheck,client,recheck,30000,0.485,0.500,Answered,"The coordinator, pid 31788, took 'recheck'."
202,2026-10-04T01:32:16.2658561Z,idle-client-recheck,client,recheck,30000,0.688,0.709,Answered,"The coordinator, pid 31788, took 'recheck'."
203,2026-10-04T01:32:16.3171396Z,idle-client-recheck,client,recheck,30000,0.489,0.505,Answered,"The coordinator, pid 31788, took 'recheck'."
204,2026-10-04T01:32:16.3679396Z,idle-client-recheck,client,recheck,30000,0.435,0.452,Answered,"The coordinator, pid 31788, took 'recheck'."
205,2026-10-04T01:32:16.4190355Z,idle-client-recheck,client,recheck,30000,0.546,0.564,Answered,"The coordinator, pid 31788, took 'recheck'."
206,2026-10-04T01:32:16.4706712Z,idle-client-recheck,client,recheck,30000,0.517,0.536,Answered,"The coordinator, pid 31788, took 'recheck'."
207,2026-10-04T01:32:16.5214845Z,idle-client-recheck,client,recheck,30000,0.536,0.553,Answered,"The coordinator, pid 31788, took 'recheck'."
208,2026-10-04T01:32:16.5874406Z,idle-client-recheck,client,recheck,30000,0.663,0.684,Answered,"The coordinator, pid 31788, took 'recheck'."
209,2026-10-04T01:32:16.6384109Z,idle-client-recheck,client,recheck,30000,0.520,0.536,Answered,"The coordinator, pid 31788, took 'recheck'."
210,2026-10-04T01:32:16.6897273Z,idle-client-recheck,client,recheck,30000,0.534,0.550,Answered,"The coordinator, pid 31788, took 'recheck'."
211,2026-10-04T01:32:16.7407339Z,idle-client-recheck,client,recheck,30000,0.514,0.529,Answered,"The coordinator, pid 31788, took 'recheck'."
212,2026-10-04T01:32:16.7921369Z,idle-client-recheck,client,recheck,30000,0.456,0.470,Answered,"The coordinator, pid 31788, took 'recheck'."
213,2026-10-04T01:32:16.8432611Z,idle-client-recheck,client,recheck,30000,0.486,0.507,Answered,"The coordinator, pid 31788, took 'recheck'."
214,2026-10-04T01:32:16.8942467Z,idle-client-recheck,client,recheck,30000,0.579,0.598,Answered,"The coordinator, pid 31788, took 'recheck'."
215,2026-10-04T01:32:16.9457949Z,idle-client-recheck,client,recheck,30000,0.791,0.825,Answered,"The coordinator, pid 31788, took 'recheck'."
216,2026-10-04T01:32:16.9969659Z,idle-client-recheck,client,recheck,30000,0.497,0.513,Answered,"The coordinator, pid 31788, took 'recheck'."
217,2026-10-04T01:32:17.0479586Z,idle-client-recheck,client,recheck,30000,0.536,0.550,Answered,"The coordinator, pid 31788, took 'recheck'."
218,2026-10-04T01:32:17.0992872Z,idle-client-recheck,client,recheck,30000,0.551,0.571,Answered,"The coordinator, pid 31788, took 'recheck'."
219,2026-10-04T01:32:17.1505109Z,idle-client-recheck,client,recheck,30000,0.569,0.591,Answered,"The coordinator, pid 31788, took 'recheck'."
220,2026-10-04T01:32:17.2079053Z,idle-client-recheck,client,recheck,30000,0.588,0.607,Answered,"The coordinator, pid 31788, took 'recheck'."
221,2026-10-04T01:32:17.2591738Z,idle-client-recheck,client,recheck,30000,0.560,0.579,Answered,"The coordinator, pid 31788, took 'recheck'."
222,2026-10-04T01:32:17.3101242Z,idle-client-recheck,client,recheck,30000,0.466,0.484,Answered,"The coordinator, pid 31788, took 'recheck'."
223,2026-10-04T01:32:17.3607789Z,idle-client-recheck,client,recheck,30000,0.462,0.479,Answered,"The coordinator, pid 31788, took 'recheck'."
224,2026-10-04T01:32:17.4114513Z,idle-client-recheck,client,recheck,30000,0.496,0.517,Answered,"The coordinator, pid 31788, took 'recheck'."
225,2026-10-04T01:32:17.4624658Z,idle-client-recheck,client,recheck,30000,0.561,0.587,Answered,"The coordinator, pid 31788, took 'recheck'."
226,2026-10-04T01:32:17.5136657Z,idle-client-recheck,client,recheck,30000,0.576,0.595,Answered,"The coordinator, pid 31788, took 'recheck'."
227,2026-10-04T01:32:17.5796307Z,idle-client-recheck,client,recheck,30000,0.685,0.706,Answered,"The coordinator, pid 31788, took 'recheck'."
228,2026-10-04T01:32:17.6313710Z,idle-client-recheck,client,recheck,30000,0.436,0.454,Answered,"The coordinator, pid 31788, took 'recheck'."
229,2026-10-04T01:32:17.6827702Z,idle-client-recheck,client,recheck,30000,0.554,0.575,Answered,"The coordinator, pid 31788, took 'recheck'."
230,2026-10-04T01:32:17.7336518Z,idle-client-recheck,client,recheck,30000,0.560,0.581,Answered,"The coordinator, pid 31788, took 'recheck'."
231,2026-10-04T01:32:17.7848147Z,idle-client-recheck,client,recheck,30000,0.799,0.824,Answered,"The coordinator, pid 31788, took 'recheck'."
232,2026-10-04T01:32:17.8356909Z,idle-client-recheck,client,recheck,30000,0.481,0.497,Answered,"The coordinator, pid 31788, took 'recheck'."
233,2026-10-04T01:32:17.8875605Z,idle-client-recheck,client,recheck,30000,0.603,0.621,Answered,"The coordinator, pid 31788, took 'recheck'."
234,2026-10-04T01:32:17.9540087Z,idle-client-recheck,client,recheck,30000,0.654,0.676,Answered,"The coordinator, pid 31788, took 'recheck'."
235,2026-10-04T01:32:18.0063806Z,idle-client-recheck,client,recheck,30000,0.618,0.635,Answered,"The coordinator, pid 31788, took 'recheck'."
236,2026-10-04T01:32:18.0579329Z,idle-client-recheck,client,recheck,30000,0.687,0.706,Answered,"The coordinator, pid 31788, took 'recheck'."
237,2026-10-04T01:32:18.1093447Z,idle-client-recheck,client,recheck,30000,0.529,0.550,Answered,"The coordinator, pid 31788, took 'recheck'."
238,2026-10-04T01:32:18.1600405Z,idle-client-recheck,client,recheck,30000,0.514,0.527,Answered,"The coordinator, pid 31788, took 'recheck'."
239,2026-10-04T01:32:18.2109556Z,idle-client-recheck,client,recheck,30000,0.625,0.643,Answered,"The coordinator, pid 31788, took 'recheck'."
240,2026-10-04T01:32:18.2622218Z,idle-client-recheck,client,recheck,30000,0.697,0.729,Answered,"The coordinator, pid 31788, took 'recheck'."
241,2026-10-04T01:32:18.3261100Z,idle-client-recheck,client,recheck,30000,0.599,0.632,Answered,"The coordinator, pid 31788, took 'recheck'."
242,2026-10-04T01:32:18.3770992Z,idle-client-recheck,client,recheck,30000,0.665,0.687,Answered,"The coordinator, pid 31788, took 'recheck'."
243,2026-10-04T01:32:18.4279699Z,idle-client-recheck,client,recheck,30000,0.495,0.515,Answered,"The coordinator, pid 31788, took 'recheck'."
244,2026-10-04T01:32:18.4799703Z,idle-client-recheck,client,recheck,30000,0.803,0.818,Answered,"The coordinator, pid 31788, took 'recheck'."
245,2026-10-04T01:32:18.5318889Z,idle-client-recheck,client,recheck,30000,0.801,0.820,Answered,"The coordinator, pid 31788, took 'recheck'."
246,2026-10-04T01:32:18.5828166Z,idle-client-recheck,client,recheck,30000,0.571,0.591,Answered,"The coordinator, pid 31788, took 'recheck'."
247,2026-10-04T01:32:18.6337137Z,idle-client-recheck,client,recheck,30000,0.563,0.583,Answered,"The coordinator, pid 31788, took 'recheck'."
248,2026-10-04T01:32:18.6854184Z,idle-client-recheck,client,recheck,30000,0.581,0.602,Answered,"The coordinator, pid 31788, took 'recheck'."
249,2026-10-04T01:32:18.7363589Z,idle-client-recheck,client,recheck,30000,0.537,0.562,Answered,"The coordinator, pid 31788, took 'recheck'."
250,2026-10-04T01:32:18.7877669Z,idle-client-recheck,client,recheck,30000,0.525,0.544,Answered,"The coordinator, pid 31788, took 'recheck'."
251,2026-10-04T01:32:18.8398680Z,idle-client-recheck,client,recheck,30000,0.532,0.554,Answered,"The coordinator, pid 31788, took 'recheck'."
252,2026-10-04T01:32:18.8908964Z,idle-client-recheck,client,recheck,30000,0.539,0.554,Answered,"The coordinator, pid 31788, took 'recheck'."
253,2026-10-04T01:32:18.9426014Z,idle-client-recheck,client,recheck,30000,0.640,0.660,Answered,"The coordinator, pid 31788, took 'recheck'."
254,2026-10-04T01:32:18.9937951Z,idle-client-recheck,client,recheck,30000,0.537,0.557,Answered,"The coordinator, pid 31788, took 'recheck'."
255,2026-10-04T01:32:19.0446947Z,idle-client-recheck,client,recheck,30000,0.509,0.532,Answered,"The coordinator, pid 31788, took 'recheck'."
256,2026-10-04T01:32:19.0959864Z,idle-client-recheck,client,recheck,30000,0.466,0.483,Answered,"The coordinator, pid 31788, took 'recheck'."
257,2026-10-04T01:32:19.1471410Z,idle-client-recheck,client,recheck,30000,0.848,0.873,Answered,"The coordinator, pid 31788, took 'recheck'."
258,2026-10-04T01:32:19.2089050Z,idle-client-recheck,client,recheck,30000,0.639,0.661,Answered,"The coordinator, pid 31788, took 'recheck'."
259,2026-10-04T01:32:19.2602576Z,idle-client-recheck,client,recheck,30000,0.463,0.477,Answered,"The coordinator, pid 31788, took 'recheck'."
260,2026-10-04T01:32:19.3115420Z,idle-client-recheck,client,recheck,30000,0.472,0.489,Answered,"The coordinator, pid 31788, took 'recheck'."
261,2026-10-04T01:32:19.3622731Z,idle-client-recheck,client,recheck,30000,0.447,0.461,Answered,"The coordinator, pid 31788, took 'recheck'."
262,2026-10-04T01:32:19.4135098Z,idle-client-recheck,client,recheck,30000,0.496,0.513,Answered,"The coordinator, pid 31788, took 'recheck'."
263,2026-10-04T01:32:19.4644296Z,idle-client-recheck,client,recheck,30000,0.637,0.653,Answered,"The coordinator, pid 31788, took 'recheck'."
264,2026-10-04T01:32:19.5155620Z,idle-client-recheck,client,recheck,30000,0.591,0.611,Answered,"The coordinator, pid 31788, took 'recheck'."
265,2026-10-04T01:32:19.5799904Z,idle-client-recheck,client,recheck,30000,0.651,0.668,Answered,"The coordinator, pid 31788, took 'recheck'."
266,2026-10-04T01:32:19.6310628Z,idle-client-recheck,client,recheck,30000,0.481,0.504,Answered,"The coordinator, pid 31788, took 'recheck'."
267,2026-10-04T01:32:19.6819233Z,idle-client-recheck,client,recheck,30000,0.469,0.484,Answered,"The coordinator, pid 31788, took 'recheck'."
268,2026-10-04T01:32:19.7327765Z,idle-client-recheck,client,recheck,30000,0.531,0.551,Answered,"The coordinator, pid 31788, took 'recheck'."
269,2026-10-04T01:32:19.7838061Z,idle-client-recheck,client,recheck,30000,0.559,0.582,Answered,"The coordinator, pid 31788, took 'recheck'."
270,2026-10-04T01:32:19.8347892Z,idle-client-recheck,client,recheck,30000,0.475,0.490,Answered,"The coordinator, pid 31788, took 'recheck'."
271,2026-10-04T01:32:19.8858970Z,idle-client-recheck,client,recheck,30000,0.451,0.466,Answered,"The coordinator, pid 31788, took 'recheck'."
272,2026-10-04T01:32:19.9489123Z,idle-client-recheck,client,recheck,30000,0.474,0.489,Answered,"The coordinator, pid 31788, took 'recheck'."
273,2026-10-04T01:32:19.9997005Z,idle-client-recheck,client,recheck,30000,0.472,0.491,Answered,"The coordinator, pid 31788, took 'recheck'."
274,2026-10-04T01:32:20.0513306Z,idle-client-recheck,client,recheck,30000,0.437,0.450,Answered,"The coordinator, pid 31788, took 'recheck'."
275,2026-10-04T01:32:20.1032728Z,idle-client-recheck,client,recheck,30000,0.494,0.512,Answered,"The coordinator, pid 31788, took 'recheck'."
276,2026-10-04T01:32:20.1541214Z,idle-client-recheck,client,recheck,30000,0.500,0.519,Answered,"The coordinator, pid 31788, took 'recheck'."
277,2026-10-04T01:32:20.2054461Z,idle-client-recheck,client,recheck,30000,0.496,0.793,Answered,"The coordinator, pid 31788, took 'recheck'."
278,2026-10-04T01:32:20.2562061Z,idle-client-recheck,client,recheck,30000,0.518,0.539,Answered,"The coordinator, pid 31788, took 'recheck'."
279,2026-10-04T01:32:20.3193375Z,idle-client-recheck,client,recheck,30000,0.624,0.645,Answered,"The coordinator, pid 31788, took 'recheck'."
280,2026-10-04T01:32:20.3703732Z,idle-client-recheck,client,recheck,30000,0.521,0.542,Answered,"The coordinator, pid 31788, took 'recheck'."
281,2026-10-04T01:32:20.4220878Z,idle-client-recheck,client,recheck,30000,0.494,0.513,Answered,"The coordinator, pid 31788, took 'recheck'."
282,2026-10-04T01:32:20.4733837Z,idle-client-recheck,client,recheck,30000,0.490,0.506,Answered,"The coordinator, pid 31788, took 'recheck'."
283,2026-10-04T01:32:20.5254206Z,idle-client-recheck,client,recheck,30000,0.467,0.487,Answered,"The coordinator, pid 31788, took 'recheck'."
284,2026-10-04T01:32:20.5767798Z,idle-client-recheck,client,recheck,30000,0.508,0.527,Answered,"The coordinator, pid 31788, took 'recheck'."
285,2026-10-04T01:32:20.6278487Z,idle-client-recheck,client,recheck,30000,0.499,0.515,Answered,"The coordinator, pid 31788, took 'recheck'."
286,2026-10-04T01:32:20.6875880Z,idle-client-recheck,client,recheck,30000,0.985,1.012,Answered,"The coordinator, pid 31788, took 'recheck'."
287,2026-10-04T01:32:20.7386948Z,idle-client-recheck,client,recheck,30000,0.540,0.561,Answered,"The coordinator, pid 31788, took 'recheck'."
288,2026-10-04T01:32:20.7905095Z,idle-client-recheck,client,recheck,30000,0.449,0.468,Answered,"The coordinator, pid 31788, took 'recheck'."
289,2026-10-04T01:32:20.8416903Z,idle-client-recheck,client,recheck,30000,0.562,0.581,Answered,"The coordinator, pid 31788, took 'recheck'."
290,2026-10-04T01:32:20.8924755Z,idle-client-recheck,client,recheck,30000,0.566,0.588,Answered,"The coordinator, pid 31788, took 'recheck'."
291,2026-10-04T01:32:20.9434994Z,idle-client-recheck,client,recheck,30000,0.465,0.476,Answered,"The coordinator, pid 31788, took 'recheck'."
292,2026-10-04T01:32:20.9944699Z,idle-client-recheck,client,recheck,30000,0.512,0.530,Answered,"The coordinator, pid 31788, took 'recheck'."
293,2026-10-04T01:32:21.0595664Z,idle-client-recheck,client,recheck,30000,0.590,0.613,Answered,"The coordinator, pid 31788, took 'recheck'."
294,2026-10-04T01:32:21.1116132Z,idle-client-recheck,client,recheck,30000,0.574,0.593,Answered,"The coordinator, pid 31788, took 'recheck'."
295,2026-10-04T01:32:21.1627072Z,idle-client-recheck,client,recheck,30000,0.519,0.541,Answered,"The coordinator, pid 31788, took 'recheck'."
296,2026-10-04T01:32:21.2138128Z,idle-client-recheck,client,recheck,30000,0.697,0.721,Answered,"The coordinator, pid 31788, took 'recheck'."
297,2026-10-04T01:32:21.2655198Z,idle-client-recheck,client,recheck,30000,0.525,0.545,Answered,"The coordinator, pid 31788, took 'recheck'."
298,2026-10-04T01:32:21.3175063Z,idle-client-recheck,client,recheck,30000,0.570,0.590,Answered,"The coordinator, pid 31788, took 'recheck'."
299,2026-10-04T01:32:21.3684850Z,idle-client-recheck,client,recheck,30000,0.533,0.552,Answered,"The coordinator, pid 31788, took 'recheck'."
300,2026-10-04T01:32:21.4309668Z,idle-client-recheck,client,recheck,30000,0.669,0.689,Answered,"The coordinator, pid 31788, took 'recheck'."
301,2026-10-04T01:32:21.4829093Z,idle-client-recheck,client,recheck,30000,0.738,0.762,Answered,"The coordinator, pid 31788, took 'recheck'."
302,2026-10-04T01:32:21.5339717Z,idle-client-recheck,client,recheck,30000,0.520,0.540,Answered,"The coordinator, pid 31788, took 'recheck'."
303,2026-10-04T01:32:21.5851973Z,idle-client-recheck,client,recheck,30000,0.624,0.638,Answered,"The coordinator, pid 31788, took 'recheck'."
304,2026-10-04T01:32:21.6360663Z,idle-client-recheck,client,recheck,30000,0.499,0.520,Answered,"The coordinator, pid 31788, took 'recheck'."
305,2026-10-04T01:32:21.6873571Z,idle-client-recheck,client,recheck,30000,0.590,0.610,Answered,"The coordinator, pid 31788, took 'recheck'."
306,2026-10-04T01:32:21.7384823Z,idle-client-recheck,client,recheck,30000,0.531,0.546,Answered,"The coordinator, pid 31788, took 'recheck'."
307,2026-10-04T01:32:21.8043160Z,idle-client-recheck,client,recheck,30000,0.592,0.619,Answered,"The coordinator, pid 31788, took 'recheck'."
308,2026-10-04T01:32:21.8551742Z,idle-client-recheck,client,recheck,30000,0.532,0.551,Answered,"The coordinator, pid 31788, took 'recheck'."
309,2026-10-04T01:32:21.9059118Z,idle-client-recheck,client,recheck,30000,0.555,0.575,Answered,"The coordinator, pid 31788, took 'recheck'."
310,2026-10-04T01:32:21.9570817Z,idle-client-recheck,client,recheck,30000,0.551,0.570,Answered,"The coordinator, pid 31788, took 'recheck'."
311,2026-10-04T01:32:22.0078881Z,idle-client-recheck,client,recheck,30000,0.563,0.581,Answered,"The coordinator, pid 31788, took 'recheck'."
312,2026-10-04T01:32:22.0589476Z,idle-client-recheck,client,recheck,30000,0.518,0.539,Answered,"The coordinator, pid 31788, took 'recheck'."
313,2026-10-04T01:32:22.1098904Z,idle-client-recheck,client,recheck,30000,0.495,0.515,Answered,"The coordinator, pid 31788, took 'recheck'."
314,2026-10-04T01:32:22.1754569Z,idle-client-recheck,client,recheck,30000,0.590,0.609,Answered,"The coordinator, pid 31788, took 'recheck'."
315,2026-10-04T01:32:22.2274843Z,idle-client-recheck,client,recheck,30000,0.512,0.528,Answered,"The coordinator, pid 31788, took 'recheck'."
316,2026-10-04T01:32:22.2783746Z,idle-client-recheck,client,recheck,30000,0.565,0.589,Answered,"The coordinator, pid 31788, took 'recheck'."
317,2026-10-04T01:32:22.3293562Z,idle-client-recheck,client,recheck,30000,0.552,0.573,Answered,"The coordinator, pid 31788, took 'recheck'."
318,2026-10-04T01:32:22.3821295Z,idle-client-recheck,client,recheck,30000,0.577,0.600,Answered,"The coordinator, pid 31788, took 'recheck'."
319,2026-10-04T01:32:22.4337034Z,idle-client-recheck,client,recheck,30000,0.729,0.745,Answered,"The coordinator, pid 31788, took 'recheck'."
320,2026-10-04T01:32:22.4848540Z,idle-client-recheck,client,recheck,30000,0.594,0.615,Answered,"The coordinator, pid 31788, took 'recheck'."
321,2026-10-04T01:32:22.5428750Z,idle-client-recheck,client,recheck,30000,0.541,0.564,Answered,"The coordinator, pid 31788, took 'recheck'."
322,2026-10-04T01:32:22.5940270Z,idle-client-recheck,client,recheck,30000,0.857,0.882,Answered,"The coordinator, pid 31788, took 'recheck'."
323,2026-10-04T01:32:22.6449425Z,idle-client-recheck,client,recheck,30000,0.539,0.559,Answered,"The coordinator, pid 31788, took 'recheck'."
324,2026-10-04T01:32:22.6964947Z,idle-client-recheck,client,recheck,30000,0.486,0.507,Answered,"The coordinator, pid 31788, took 'recheck'."
325,2026-10-04T01:32:22.7476547Z,idle-client-recheck,client,recheck,30000,0.476,0.502,Answered,"The coordinator, pid 31788, took 'recheck'."
326,2026-10-04T01:32:22.7994083Z,idle-client-recheck,client,recheck,30000,0.548,0.569,Answered,"The coordinator, pid 31788, took 'recheck'."
327,2026-10-04T01:32:22.8506108Z,idle-client-recheck,client,recheck,30000,0.599,0.615,Answered,"The coordinator, pid 31788, took 'recheck'."
328,2026-10-04T01:32:22.9160170Z,idle-client-recheck,client,recheck,30000,0.632,0.658,Answered,"The coordinator, pid 31788, took 'recheck'."
329,2026-10-04T01:32:22.9667498Z,idle-client-recheck,client,recheck,30000,0.550,0.574,Answered,"The coordinator, pid 31788, took 'recheck'."
330,2026-10-04T01:32:23.0179174Z,idle-client-recheck,client,recheck,30000,0.599,0.620,Answered,"The coordinator, pid 31788, took 'recheck'."
331,2026-10-04T01:32:23.0690800Z,idle-client-recheck,client,recheck,30000,0.538,0.560,Answered,"The coordinator, pid 31788, took 'recheck'."
332,2026-10-04T01:32:23.1202700Z,idle-client-recheck,client,recheck,30000,0.621,0.650,Answered,"The coordinator, pid 31788, took 'recheck'."
333,2026-10-04T01:32:23.1715842Z,idle-client-recheck,client,recheck,30000,0.643,0.664,Answered,"The coordinator, pid 31788, took 'recheck'."
334,2026-10-04T01:32:23.2229413Z,idle-client-recheck,client,recheck,30000,0.489,0.510,Answered,"The coordinator, pid 31788, took 'recheck'."
335,2026-10-04T01:32:23.2889727Z,idle-client-recheck,client,recheck,30000,0.885,1.162,Answered,"The coordinator, pid 31788, took 'recheck'."
336,2026-10-04T01:32:23.3410913Z,idle-client-recheck,client,recheck,30000,0.482,0.496,Answered,"The coordinator, pid 31788, took 'recheck'."
337,2026-10-04T01:32:23.3930365Z,idle-client-recheck,client,recheck,30000,0.419,0.435,Answered,"The coordinator, pid 31788, took 'recheck'."
338,2026-10-04T01:32:23.4441139Z,idle-client-recheck,client,recheck,30000,0.585,0.607,Answered,"The coordinator, pid 31788, took 'recheck'."
339,2026-10-04T01:32:23.4963096Z,idle-client-recheck,client,recheck,30000,0.534,0.555,Answered,"The coordinator, pid 31788, took 'recheck'."
340,2026-10-04T01:32:23.5479082Z,idle-client-recheck,client,recheck,30000,0.581,0.598,Answered,"The coordinator, pid 31788, took 'recheck'."
341,2026-10-04T01:32:23.5986337Z,idle-client-recheck,client,recheck,30000,0.516,0.535,Answered,"The coordinator, pid 31788, took 'recheck'."
342,2026-10-04T01:32:23.6497708Z,idle-client-recheck,client,recheck,30000,0.509,0.526,Answered,"The coordinator, pid 31788, took 'recheck'."
343,2026-10-04T01:32:23.7010059Z,idle-client-recheck,client,recheck,30000,0.566,0.597,Answered,"The coordinator, pid 31788, took 'recheck'."
344,2026-10-04T01:32:23.7521609Z,idle-client-recheck,client,recheck,30000,0.564,0.585,Answered,"The coordinator, pid 31788, took 'recheck'."
345,2026-10-04T01:32:23.8031427Z,idle-client-recheck,client,recheck,30000,0.491,0.511,Answered,"The coordinator, pid 31788, took 'recheck'."
346,2026-10-04T01:32:23.8541755Z,idle-client-recheck,client,recheck,30000,0.520,0.541,Answered,"The coordinator, pid 31788, took 'recheck'."
347,2026-10-04T01:32:23.9165383Z,idle-client-recheck,client,recheck,30000,0.539,0.557,Answered,"The coordinator, pid 31788, took 'recheck'."
348,2026-10-04T01:32:23.9675959Z,idle-client-recheck,client,recheck,30000,0.551,0.570,Answered,"The coordinator, pid 31788, took 'recheck'."
349,2026-10-04T01:32:24.0193581Z,idle-client-recheck,client,recheck,30000,0.542,0.557,Answered,"The coordinator, pid 31788, took 'recheck'."
350,2026-10-04T01:32:24.0711820Z,idle-client-recheck,client,recheck,30000,0.533,0.554,Answered,"The coordinator, pid 31788, took 'recheck'."
351,2026-10-04T01:32:24.1230685Z,idle-client-recheck,client,recheck,30000,0.517,0.533,Answered,"The coordinator, pid 31788, took 'recheck'."
352,2026-10-04T01:32:24.1739693Z,idle-client-recheck,client,recheck,30000,0.543,0.558,Answered,"The coordinator, pid 31788, took 'recheck'."
353,2026-10-04T01:32:24.2248880Z,idle-client-recheck,client,recheck,30000,0.480,0.493,Answered,"The coordinator, pid 31788, took 'recheck'."
354,2026-10-04T01:32:24.2902038Z,idle-client-recheck,client,recheck,30000,0.515,0.533,Answered,"The coordinator, pid 31788, took 'recheck'."
355,2026-10-04T01:32:24.3409867Z,idle-client-recheck,client,recheck,30000,0.514,0.527,Answered,"The coordinator, pid 31788, took 'recheck'."
356,2026-10-04T01:32:24.3919508Z,idle-client-recheck,client,recheck,30000,0.446,0.463,Answered,"The coordinator, pid 31788, took 'recheck'."
357,2026-10-04T01:32:24.4428415Z,idle-client-recheck,client,recheck,30000,0.504,0.522,Answered,"The coordinator, pid 31788, took 'recheck'."
358,2026-10-04T01:32:24.4937410Z,idle-client-recheck,client,recheck,30000,0.652,0.676,Answered,"The coordinator, pid 31788, took 'recheck'."
359,2026-10-04T01:32:24.5465427Z,idle-client-recheck,client,recheck,30000,0.640,0.666,Answered,"The coordinator, pid 31788, took 'recheck'."
360,2026-10-04T01:32:24.5976634Z,idle-client-recheck,client,recheck,30000,0.557,0.585,Answered,"The coordinator, pid 31788, took 'recheck'."
361,2026-10-04T01:32:24.6485693Z,idle-client-recheck,client,recheck,30000,0.535,0.552,Answered,"The coordinator, pid 31788, took 'recheck'."
362,2026-10-04T01:32:24.6995573Z,idle-client-recheck,client,recheck,30000,0.518,0.536,Answered,"The coordinator, pid 31788, took 'recheck'."
363,2026-10-04T01:32:24.7505985Z,idle-client-recheck,client,recheck,30000,0.547,0.573,Answered,"The coordinator, pid 31788, took 'recheck'."
364,2026-10-04T01:32:24.8020786Z,idle-client-recheck,client,recheck,30000,0.642,0.664,Answered,"The coordinator, pid 31788, took 'recheck'."
365,2026-10-04T01:32:24.8530070Z,idle-client-recheck,client,recheck,30000,0.450,0.462,Answered,"The coordinator, pid 31788, took 'recheck'."
366,2026-10-04T01:32:24.9162112Z,idle-client-recheck,client,recheck,30000,0.594,0.614,Answered,"The coordinator, pid 31788, took 'recheck'."
367,2026-10-04T01:32:24.9677716Z,idle-client-recheck,client,recheck,30000,0.500,0.517,Answered,"The coordinator, pid 31788, took 'recheck'."
368,2026-10-04T01:32:25.0185279Z,idle-client-recheck,client,recheck,30000,0.551,0.570,Answered,"The coordinator, pid 31788, took 'recheck'."
369,2026-10-04T01:32:25.0695965Z,idle-client-recheck,client,recheck,30000,0.575,0.592,Answered,"The coordinator, pid 31788, took 'recheck'."
370,2026-10-04T01:32:25.1205050Z,idle-client-recheck,client,recheck,30000,0.562,0.583,Answered,"The coordinator, pid 31788, took 'recheck'."
371,2026-10-04T01:32:25.1720634Z,idle-client-recheck,client,recheck,30000,0.572,0.591,Answered,"The coordinator, pid 31788, took 'recheck'."
372,2026-10-04T01:32:25.2234395Z,idle-client-recheck,client,recheck,30000,0.625,0.647,Answered,"The coordinator, pid 31788, took 'recheck'."
373,2026-10-04T01:32:25.2892626Z,idle-client-recheck,client,recheck,30000,0.513,0.534,Answered,"The coordinator, pid 31788, took 'recheck'."
374,2026-10-04T01:32:25.3403081Z,idle-client-recheck,client,recheck,30000,0.518,0.533,Answered,"The coordinator, pid 31788, took 'recheck'."
375,2026-10-04T01:32:25.3916333Z,idle-client-recheck,client,recheck,30000,0.563,0.580,Answered,"The coordinator, pid 31788, took 'recheck'."
376,2026-10-04T01:32:25.4423724Z,idle-client-recheck,client,recheck,30000,0.443,0.458,Answered,"The coordinator, pid 31788, took 'recheck'."
377,2026-10-04T01:32:25.4931527Z,idle-client-recheck,client,recheck,30000,0.449,0.475,Answered,"The coordinator, pid 31788, took 'recheck'."
378,2026-10-04T01:32:25.5481132Z,idle-client-recheck,client,recheck,30000,0.560,0.575,Answered,"The coordinator, pid 31788, took 'recheck'."
379,2026-10-04T01:32:25.6000647Z,idle-client-recheck,client,recheck,30000,0.531,0.550,Answered,"The coordinator, pid 31788, took 'recheck'."
380,2026-10-04T01:32:25.6516226Z,idle-client-recheck,client,recheck,30000,0.439,0.454,Answered,"The coordinator, pid 31788, took 'recheck'."
381,2026-10-04T01:32:25.7026823Z,idle-client-recheck,client,recheck,30000,0.446,0.463,Answered,"The coordinator, pid 31788, took 'recheck'."
382,2026-10-04T01:32:25.7534477Z,idle-client-recheck,client,recheck,30000,0.458,0.484,Answered,"The coordinator, pid 31788, took 'recheck'."
383,2026-10-04T01:32:25.8047111Z,idle-client-recheck,client,recheck,30000,0.458,0.477,Answered,"The coordinator, pid 31788, took 'recheck'."
384,2026-10-04T01:32:25.8555674Z,idle-client-recheck,client,recheck,30000,0.607,0.622,Answered,"The coordinator, pid 31788, took 'recheck'."
385,2026-10-04T01:32:25.9165277Z,idle-client-recheck,client,recheck,30000,0.615,0.639,Answered,"The coordinator, pid 31788, took 'recheck'."
386,2026-10-04T01:32:25.9679422Z,idle-client-recheck,client,recheck,30000,0.488,0.585,Answered,"The coordinator, pid 31788, took 'recheck'."
387,2026-10-04T01:32:26.0196945Z,idle-client-recheck,client,recheck,30000,0.553,0.571,Answered,"The coordinator, pid 31788, took 'recheck'."
388,2026-10-04T01:32:26.0710195Z,idle-client-recheck,client,recheck,30000,0.645,0.668,Answered,"The coordinator, pid 31788, took 'recheck'."
389,2026-10-04T01:32:26.1219961Z,idle-client-recheck,client,recheck,30000,0.577,0.599,Answered,"The coordinator, pid 31788, took 'recheck'."
390,2026-10-04T01:32:26.1731100Z,idle-client-recheck,client,recheck,30000,0.563,0.578,Answered,"The coordinator, pid 31788, took 'recheck'."
391,2026-10-04T01:32:26.2245062Z,idle-client-recheck,client,recheck,30000,0.484,0.504,Answered,"The coordinator, pid 31788, took 'recheck'."
392,2026-10-04T01:32:26.2850581Z,idle-client-recheck,client,recheck,30000,0.558,0.575,Answered,"The coordinator, pid 31788, took 'recheck'."
393,2026-10-04T01:32:26.3359044Z,idle-client-recheck,client,recheck,30000,0.490,0.506,Answered,"The coordinator, pid 31788, took 'recheck'."
394,2026-10-04T01:32:26.3868794Z,idle-client-recheck,client,recheck,30000,0.533,0.555,Answered,"The coordinator, pid 31788, took 'recheck'."
395,2026-10-04T01:32:26.4376758Z,idle-client-recheck,client,recheck,30000,0.464,0.481,Answered,"The coordinator, pid 31788, took 'recheck'."
396,2026-10-04T01:32:26.4892701Z,idle-client-recheck,client,recheck,30000,0.514,0.533,Answered,"The coordinator, pid 31788, took 'recheck'."
397,2026-10-04T01:32:26.5401888Z,idle-client-recheck,client,recheck,30000,0.715,0.736,Answered,"The coordinator, pid 31788, took 'recheck'."
398,2026-10-04T01:32:26.5937692Z,idle-client-recheck,client,recheck,30000,1.778,1.806,Answered,"The coordinator, pid 31788, took 'recheck'."
399,2026-10-04T01:32:26.6459168Z,idle-client-recheck,client,recheck,30000,0.633,0.657,Answered,"The coordinator, pid 31788, took 'recheck'."
400,2026-10-04T01:32:26.6977283Z,idle-client-recheck,client,recheck,30000,0.640,0.662,Answered,"The coordinator, pid 31788, took 'recheck'."
401,2026-10-04T01:32:26.7486601Z,idle-client-recheck,client,recheck,30000,0.486,0.508,Answered,"The coordinator, pid 31788, took 'recheck'."
402,2026-10-04T01:32:26.8012772Z,idle-client-recheck,client,recheck,30000,1.037,1.063,Answered,"The coordinator, pid 31788, took 'recheck'."
403,2026-10-04T01:32:26.8521289Z,idle-client-recheck,client,recheck,30000,0.506,0.528,Answered,"The coordinator, pid 31788, took 'recheck'."
404,2026-10-04T01:32:26.9084732Z,idle-client-recheck,client,recheck,30000,0.510,0.530,Answered,"The coordinator, pid 31788, took 'recheck'."
405,2026-10-04T01:32:26.9595948Z,idle-client-recheck,client,recheck,30000,0.471,0.491,Answered,"The coordinator, pid 31788, took 'recheck'."
406,2026-10-04T01:32:27.0103130Z,idle-client-recheck,client,recheck,30000,0.468,0.482,Answered,"The coordinator, pid 31788, took 'recheck'."
407,2026-10-04T01:32:27.0610989Z,idle-client-recheck,client,recheck,30000,0.507,0.526,Answered,"The coordinator, pid 31788, took 'recheck'."
408,2026-10-04T01:32:27.1132557Z,idle-client-recheck,client,recheck,30000,0.562,0.582,Answered,"The coordinator, pid 31788, took 'recheck'."
409,2026-10-04T01:32:27.1654537Z,idle-client-recheck,client,recheck,30000,0.604,0.627,Answered,"The coordinator, pid 31788, took 'recheck'."
410,2026-10-04T01:32:27.2165107Z,idle-client-recheck,client,recheck,30000,0.509,0.529,Answered,"The coordinator, pid 31788, took 'recheck'."
411,2026-10-04T01:32:27.2680927Z,idle-client-recheck,client,recheck,30000,0.486,0.505,Answered,"The coordinator, pid 31788, took 'recheck'."
412,2026-10-04T01:32:27.3199951Z,idle-client-recheck,client,recheck,30000,0.450,0.468,Answered,"The coordinator, pid 31788, took 'recheck'."
413,2026-10-04T01:32:27.3722708Z,idle-client-recheck,client,recheck,30000,0.577,0.594,Answered,"The coordinator, pid 31788, took 'recheck'."
414,2026-10-04T01:32:27.4230055Z,idle-client-recheck,client,recheck,30000,0.533,0.554,Answered,"The coordinator, pid 31788, took 'recheck'."
415,2026-10-04T01:32:27.4738628Z,idle-client-recheck,client,recheck,30000,0.580,0.607,Answered,"The coordinator, pid 31788, took 'recheck'."
416,2026-10-04T01:32:27.5357012Z,idle-client-recheck,client,recheck,30000,0.587,0.609,Answered,"The coordinator, pid 31788, took 'recheck'."
417,2026-10-04T01:32:27.5864361Z,idle-client-recheck,client,recheck,30000,0.477,0.501,Answered,"The coordinator, pid 31788, took 'recheck'."
418,2026-10-04T01:32:27.6388255Z,idle-client-recheck,client,recheck,30000,0.543,0.561,Answered,"The coordinator, pid 31788, took 'recheck'."
419,2026-10-04T01:32:27.6897772Z,idle-client-recheck,client,recheck,30000,0.588,0.611,Answered,"The coordinator, pid 31788, took 'recheck'."
420,2026-10-04T01:32:27.7413324Z,idle-client-recheck,client,recheck,30000,0.804,0.825,Answered,"The coordinator, pid 31788, took 'recheck'."
421,2026-10-04T01:32:27.7924997Z,idle-client-recheck,client,recheck,30000,0.623,0.638,Answered,"The coordinator, pid 31788, took 'recheck'."
422,2026-10-04T01:32:27.8435904Z,idle-client-recheck,client,recheck,30000,0.494,0.509,Answered,"The coordinator, pid 31788, took 'recheck'."
423,2026-10-04T01:32:27.9101040Z,idle-client-recheck,client,recheck,30000,0.504,0.523,Answered,"The coordinator, pid 31788, took 'recheck'."
424,2026-10-04T01:32:27.9614379Z,idle-client-recheck,client,recheck,30000,0.445,0.457,Answered,"The coordinator, pid 31788, took 'recheck'."
425,2026-10-04T01:32:28.0123771Z,idle-client-recheck,client,recheck,30000,0.498,0.513,Answered,"The coordinator, pid 31788, took 'recheck'."
426,2026-10-04T01:32:28.0634681Z,idle-client-recheck,client,recheck,30000,0.688,0.713,Answered,"The coordinator, pid 31788, took 'recheck'."
427,2026-10-04T01:32:28.1151248Z,idle-client-recheck,client,recheck,30000,0.469,0.479,Answered,"The coordinator, pid 31788, took 'recheck'."
428,2026-10-04T01:32:28.1667498Z,idle-client-recheck,client,recheck,30000,0.500,0.519,Answered,"The coordinator, pid 31788, took 'recheck'."
429,2026-10-04T01:32:28.2174381Z,idle-client-recheck,client,recheck,30000,0.507,0.535,Answered,"The coordinator, pid 31788, took 'recheck'."
430,2026-10-04T01:32:28.2786347Z,idle-client-recheck,client,recheck,30000,0.503,0.531,Answered,"The coordinator, pid 31788, took 'recheck'."
431,2026-10-04T01:32:28.3295193Z,idle-client-recheck,client,recheck,30000,0.454,0.467,Answered,"The coordinator, pid 31788, took 'recheck'."
432,2026-10-04T01:32:28.3806942Z,idle-client-recheck,client,recheck,30000,0.574,0.589,Answered,"The coordinator, pid 31788, took 'recheck'."
433,2026-10-04T01:32:28.4317625Z,idle-client-recheck,client,recheck,30000,0.599,0.619,Answered,"The coordinator, pid 31788, took 'recheck'."
434,2026-10-04T01:32:28.4827045Z,idle-client-recheck,client,recheck,30000,0.511,0.538,Answered,"The coordinator, pid 31788, took 'recheck'."
435,2026-10-04T01:32:28.5333233Z,idle-client-recheck,client,recheck,30000,0.440,0.460,Answered,"The coordinator, pid 31788, took 'recheck'."
436,2026-10-04T01:32:28.5844218Z,idle-client-recheck,client,recheck,30000,0.561,0.577,Answered,"The coordinator, pid 31788, took 'recheck'."
437,2026-10-04T01:32:28.6354265Z,idle-client-recheck,client,recheck,30000,0.517,0.536,Answered,"The coordinator, pid 31788, took 'recheck'."
438,2026-10-04T01:32:28.6869131Z,idle-client-recheck,client,recheck,30000,0.661,0.690,Answered,"The coordinator, pid 31788, took 'recheck'."
439,2026-10-04T01:32:28.7377928Z,idle-client-recheck,client,recheck,30000,0.531,0.549,Answered,"The coordinator, pid 31788, took 'recheck'."
440,2026-10-04T01:32:28.7886114Z,idle-client-recheck,client,recheck,30000,0.584,0.604,Answered,"The coordinator, pid 31788, took 'recheck'."
441,2026-10-04T01:32:28.8397536Z,idle-client-recheck,client,recheck,30000,0.454,0.470,Answered,"The coordinator, pid 31788, took 'recheck'."
442,2026-10-04T01:32:28.8994972Z,idle-client-recheck,client,recheck,30000,0.774,0.797,Answered,"The coordinator, pid 31788, took 'recheck'."
443,2026-10-04T01:32:28.9502870Z,idle-client-recheck,client,recheck,30000,0.496,0.513,Answered,"The coordinator, pid 31788, took 'recheck'."
444,2026-10-04T01:32:29.0022071Z,idle-client-recheck,client,recheck,30000,0.741,0.772,Answered,"The coordinator, pid 31788, took 'recheck'."
445,2026-10-04T01:32:29.0530871Z,idle-client-recheck,client,recheck,30000,0.532,0.550,Answered,"The coordinator, pid 31788, took 'recheck'."
446,2026-10-04T01:32:29.1044146Z,idle-client-recheck,client,recheck,30000,1.069,1.092,Answered,"The coordinator, pid 31788, took 'recheck'."
447,2026-10-04T01:32:29.1556788Z,idle-client-recheck,client,recheck,30000,0.742,0.765,Answered,"The coordinator, pid 31788, took 'recheck'."
448,2026-10-04T01:32:29.2077967Z,idle-client-recheck,client,recheck,30000,0.480,0.501,Answered,"The coordinator, pid 31788, took 'recheck'."
449,2026-10-04T01:32:29.2694805Z,idle-client-recheck,client,recheck,30000,0.559,0.583,Answered,"The coordinator, pid 31788, took 'recheck'."
450,2026-10-04T01:32:29.3208346Z,idle-client-recheck,client,recheck,30000,0.675,0.696,Answered,"The coordinator, pid 31788, took 'recheck'."
451,2026-10-04T01:32:29.3721661Z,idle-client-recheck,client,recheck,30000,0.771,0.793,Answered,"The coordinator, pid 31788, took 'recheck'."
452,2026-10-04T01:32:29.4231989Z,idle-client-recheck,client,recheck,30000,0.622,0.646,Answered,"The coordinator, pid 31788, took 'recheck'."
453,2026-10-04T01:32:29.4744841Z,idle-client-recheck,client,recheck,30000,0.552,0.575,Answered,"The coordinator, pid 31788, took 'recheck'."
454,2026-10-04T01:32:29.5259823Z,idle-client-recheck,client,recheck,30000,0.535,0.551,Answered,"The coordinator, pid 31788, took 'recheck'."
455,2026-10-04T01:32:29.5766705Z,idle-client-recheck,client,recheck,30000,0.533,0.550,Answered,"The coordinator, pid 31788, took 'recheck'."
456,2026-10-04T01:32:29.6359998Z,idle-client-recheck,client,recheck,30000,0.596,0.613,Answered,"The coordinator, pid 31788, took 'recheck'."
457,2026-10-04T01:32:29.6869811Z,idle-client-recheck,client,recheck,30000,0.536,0.554,Answered,"The coordinator, pid 31788, took 'recheck'."
458,2026-10-04T01:32:29.7378381Z,idle-client-recheck,client,recheck,30000,0.500,0.516,Answered,"The coordinator, pid 31788, took 'recheck'."
459,2026-10-04T01:32:29.7894331Z,idle-client-recheck,client,recheck,30000,0.513,0.537,Answered,"The coordinator, pid 31788, took 'recheck'."
460,2026-10-04T01:32:29.8404254Z,idle-client-recheck,client,recheck,30000,0.482,0.496,Answered,"The coordinator, pid 31788, took 'recheck'."
461,2026-10-04T01:32:29.8914028Z,idle-client-recheck,client,recheck,30000,0.479,0.497,Answered,"The coordinator, pid 31788, took 'recheck'."
462,2026-10-04T01:32:29.9429258Z,idle-client-recheck,client,recheck,30000,0.487,0.503,Answered,"The coordinator, pid 31788, took 'recheck'."
463,2026-10-04T01:32:30.0076170Z,idle-client-recheck,client,recheck,30000,0.625,0.653,Answered,"The coordinator, pid 31788, took 'recheck'."
464,2026-10-04T01:32:30.0588787Z,idle-client-recheck,client,recheck,30000,0.610,0.629,Answered,"The coordinator, pid 31788, took 'recheck'."
465,2026-10-04T01:32:30.1108344Z,idle-client-recheck,client,recheck,30000,0.505,0.526,Answered,"The coordinator, pid 31788, took 'recheck'."
466,2026-10-04T01:32:30.1623013Z,idle-client-recheck,client,recheck,30000,0.475,0.496,Answered,"The coordinator, pid 31788, took 'recheck'."
467,2026-10-04T01:32:30.2135891Z,idle-client-recheck,client,recheck,30000,0.590,0.609,Answered,"The coordinator, pid 31788, took 'recheck'."
468,2026-10-04T01:32:30.2655097Z,idle-client-recheck,client,recheck,30000,0.725,0.746,Answered,"The coordinator, pid 31788, took 'recheck'."
469,2026-10-04T01:32:30.3165846Z,idle-client-recheck,client,recheck,30000,0.536,0.553,Answered,"The coordinator, pid 31788, took 'recheck'."
470,2026-10-04T01:32:30.3819401Z,idle-client-recheck,client,recheck,30000,0.552,0.578,Answered,"The coordinator, pid 31788, took 'recheck'."
471,2026-10-04T01:32:30.4331670Z,idle-client-recheck,client,recheck,30000,0.544,0.564,Answered,"The coordinator, pid 31788, took 'recheck'."
472,2026-10-04T01:32:30.4843176Z,idle-client-recheck,client,recheck,30000,0.577,0.597,Answered,"The coordinator, pid 31788, took 'recheck'."
473,2026-10-04T01:32:30.5358161Z,idle-client-recheck,client,recheck,30000,0.535,0.553,Answered,"The coordinator, pid 31788, took 'recheck'."
474,2026-10-04T01:32:30.5867897Z,idle-client-recheck,client,recheck,30000,0.557,0.575,Answered,"The coordinator, pid 31788, took 'recheck'."
475,2026-10-04T01:32:30.6377949Z,idle-client-recheck,client,recheck,30000,0.573,0.595,Answered,"The coordinator, pid 31788, took 'recheck'."
476,2026-10-04T01:32:30.6886893Z,idle-client-recheck,client,recheck,30000,0.558,0.575,Answered,"The coordinator, pid 31788, took 'recheck'."
477,2026-10-04T01:32:30.7403020Z,idle-client-recheck,client,recheck,30000,0.572,0.594,Answered,"The coordinator, pid 31788, took 'recheck'."
478,2026-10-04T01:32:30.7920221Z,idle-client-recheck,client,recheck,30000,0.687,0.707,Answered,"The coordinator, pid 31788, took 'recheck'."
479,2026-10-04T01:32:30.8429850Z,idle-client-recheck,client,recheck,30000,0.542,0.562,Answered,"The coordinator, pid 31788, took 'recheck'."
480,2026-10-04T01:32:30.8942521Z,idle-client-recheck,client,recheck,30000,0.613,0.637,Answered,"The coordinator, pid 31788, took 'recheck'."
481,2026-10-04T01:32:30.9452538Z,idle-client-recheck,client,recheck,30000,0.638,0.660,Answered,"The coordinator, pid 31788, took 'recheck'."
482,2026-10-04T01:32:31.0062216Z,idle-client-recheck,client,recheck,30000,0.692,0.711,Answered,"The coordinator, pid 31788, took 'recheck'."
483,2026-10-04T01:32:31.0569161Z,idle-client-recheck,client,recheck,30000,0.483,0.501,Answered,"The coordinator, pid 31788, took 'recheck'."
484,2026-10-04T01:32:31.1076947Z,idle-client-recheck,client,recheck,30000,0.565,0.582,Answered,"The coordinator, pid 31788, took 'recheck'."
485,2026-10-04T01:32:31.1585143Z,idle-client-recheck,client,recheck,30000,0.462,0.477,Answered,"The coordinator, pid 31788, took 'recheck'."
486,2026-10-04T01:32:31.2094569Z,idle-client-recheck,client,recheck,30000,0.534,0.554,Answered,"The coordinator, pid 31788, took 'recheck'."
487,2026-10-04T01:32:31.2601687Z,idle-client-recheck,client,recheck,30000,0.449,0.465,Answered,"The coordinator, pid 31788, took 'recheck'."
488,2026-10-04T01:32:31.3116209Z,idle-client-recheck,client,recheck,30000,0.494,0.512,Answered,"The coordinator, pid 31788, took 'recheck'."
489,2026-10-04T01:32:31.3630997Z,idle-client-recheck,client,recheck,30000,0.567,0.585,Answered,"The coordinator, pid 31788, took 'recheck'."
490,2026-10-04T01:32:31.4140731Z,idle-client-recheck,client,recheck,30000,0.587,0.605,Answered,"The coordinator, pid 31788, took 'recheck'."
491,2026-10-04T01:32:31.4653053Z,idle-client-recheck,client,recheck,30000,0.501,0.517,Answered,"The coordinator, pid 31788, took 'recheck'."
492,2026-10-04T01:32:31.5169117Z,idle-client-recheck,client,recheck,30000,0.527,0.542,Answered,"The coordinator, pid 31788, took 'recheck'."
493,2026-10-04T01:32:31.5679046Z,idle-client-recheck,client,recheck,30000,0.498,0.514,Answered,"The coordinator, pid 31788, took 'recheck'."
494,2026-10-04T01:32:31.6292951Z,idle-client-recheck,client,recheck,30000,0.689,0.708,Answered,"The coordinator, pid 31788, took 'recheck'."
495,2026-10-04T01:32:31.6802918Z,idle-client-recheck,client,recheck,30000,0.671,0.693,Answered,"The coordinator, pid 31788, took 'recheck'."
496,2026-10-04T01:32:31.7322451Z,idle-client-recheck,client,recheck,30000,0.528,0.546,Answered,"The coordinator, pid 31788, took 'recheck'."
497,2026-10-04T01:32:31.7831191Z,idle-client-recheck,client,recheck,30000,0.498,0.511,Answered,"The coordinator, pid 31788, took 'recheck'."
498,2026-10-04T01:32:31.8341863Z,idle-client-recheck,client,recheck,30000,0.502,0.518,Answered,"The coordinator, pid 31788, took 'recheck'."
499,2026-10-04T01:32:31.8868237Z,idle-client-recheck,client,recheck,30000,0.445,0.457,Answered,"The coordinator, pid 31788, took 'recheck'."
500,2026-10-04T01:32:31.9375229Z,idle-client-recheck,client,recheck,30000,0.440,0.454,Answered,"The coordinator, pid 31788, took 'recheck'."
501,2026-10-04T01:32:31.9886252Z,idle-client-recheck,client,recheck,30000,0.547,0.567,Answered,"The coordinator, pid 31788, took 'recheck'."
502,2026-10-04T01:32:32.0406330Z,idle-client-recheck,client,recheck,30000,0.483,0.503,Answered,"The coordinator, pid 31788, took 'recheck'."
503,2026-10-04T01:32:32.0917341Z,idle-client-recheck,client,recheck,30000,0.626,0.643,Answered,"The coordinator, pid 31788, took 'recheck'."
504,2026-10-04T01:32:32.1425840Z,idle-client-recheck,client,recheck,30000,0.523,0.543,Answered,"The coordinator, pid 31788, took 'recheck'."
505,2026-10-04T01:32:32.1934152Z,idle-client-recheck,client,recheck,30000,0.457,0.474,Answered,"The coordinator, pid 31788, took 'recheck'."
506,2026-10-04T01:32:32.2443904Z,idle-client-recheck,client,recheck,30000,0.471,0.487,Answered,"The coordinator, pid 31788, took 'recheck'."
507,2026-10-04T01:32:32.2953393Z,idle-client-recheck,client,recheck,30000,0.581,0.596,Answered,"The coordinator, pid 31788, took 'recheck'."
508,2026-10-04T01:32:32.3462676Z,idle-client-recheck,client,recheck,30000,0.453,0.468,Answered,"The coordinator, pid 31788, took 'recheck'."
509,2026-10-04T01:32:32.3989769Z,idle-client-recheck,client,recheck,30000,0.523,0.543,Answered,"The coordinator, pid 31788, took 'recheck'."
510,2026-10-04T01:32:32.4497312Z,idle-client-recheck,client,recheck,30000,0.538,0.559,Answered,"The coordinator, pid 31788, took 'recheck'."
511,2026-10-04T01:32:32.5007136Z,idle-client-recheck,client,recheck,30000,0.708,0.726,Answered,"The coordinator, pid 31788, took 'recheck'."
512,2026-10-04T01:32:32.5517136Z,idle-client-recheck,client,recheck,30000,0.478,0.497,Answered,"The coordinator, pid 31788, took 'recheck'."
513,2026-10-04T01:32:32.6028211Z,idle-client-recheck,client,recheck,30000,0.794,0.819,Answered,"The coordinator, pid 31788, took 'recheck'."
514,2026-10-04T01:32:32.6545370Z,idle-client-recheck,client,recheck,30000,0.604,0.623,Answered,"The coordinator, pid 31788, took 'recheck'."
515,2026-10-04T01:32:32.7054492Z,idle-client-recheck,client,recheck,30000,0.506,0.523,Answered,"The coordinator, pid 31788, took 'recheck'."
516,2026-10-04T01:32:32.7666133Z,idle-client-recheck,client,recheck,30000,0.486,0.503,Answered,"The coordinator, pid 31788, took 'recheck'."
517,2026-10-04T01:32:32.8176808Z,idle-client-recheck,client,recheck,30000,0.775,0.791,Answered,"The coordinator, pid 31788, took 'recheck'."
518,2026-10-04T01:32:32.8689345Z,idle-client-recheck,client,recheck,30000,0.540,0.555,Answered,"The coordinator, pid 31788, took 'recheck'."
519,2026-10-04T01:32:32.9196517Z,idle-client-recheck,client,recheck,30000,0.493,0.507,Answered,"The coordinator, pid 31788, took 'recheck'."
520,2026-10-04T01:32:32.9710533Z,idle-client-recheck,client,recheck,30000,0.491,0.507,Answered,"The coordinator, pid 31788, took 'recheck'."
521,2026-10-04T01:32:33.0265625Z,idle-client-recheck,client,recheck,30000,1.263,1.284,Answered,"The coordinator, pid 31788, took 'recheck'."
522,2026-10-04T01:32:33.1070379Z,idle-client-recheck,client,recheck,30000,29.915,29.940,Answered,"The coordinator, pid 31788, took 'recheck'."
523,2026-10-04T01:32:33.1586641Z,idle-client-recheck,client,recheck,30000,0.539,0.554,Answered,"The coordinator, pid 31788, took 'recheck'."
524,2026-10-04T01:32:33.2103005Z,idle-client-recheck,client,recheck,30000,0.933,0.971,Answered,"The coordinator, pid 31788, took 'recheck'."
525,2026-10-04T01:32:33.2922281Z,idle-client-recheck,client,recheck,30000,13.129,15.059,Answered,"The coordinator, pid 31788, took 'recheck'."
526,2026-10-04T01:32:33.3586128Z,idle-client-recheck,client,recheck,30000,12.890,13.135,Answered,"The coordinator, pid 31788, took 'recheck'."
527,2026-10-04T01:32:33.4096725Z,idle-client-recheck,client,recheck,30000,0.489,0.504,Answered,"The coordinator, pid 31788, took 'recheck'."
528,2026-10-04T01:32:33.4608661Z,idle-client-recheck,client,recheck,30000,0.525,0.542,Answered,"The coordinator, pid 31788, took 'recheck'."
529,2026-10-04T01:32:33.5131192Z,idle-client-recheck,client,recheck,30000,0.674,0.695,Answered,"The coordinator, pid 31788, took 'recheck'."
530,2026-10-04T01:32:33.5639906Z,idle-client-recheck,client,recheck,30000,0.540,0.565,Answered,"The coordinator, pid 31788, took 'recheck'."
531,2026-10-04T01:32:33.6155875Z,idle-client-recheck,client,recheck,30000,0.539,0.563,Answered,"The coordinator, pid 31788, took 'recheck'."
532,2026-10-04T01:32:33.6665380Z,idle-client-recheck,client,recheck,30000,0.605,0.625,Answered,"The coordinator, pid 31788, took 'recheck'."
533,2026-10-04T01:32:33.7175795Z,idle-client-recheck,client,recheck,30000,0.514,0.537,Answered,"The coordinator, pid 31788, took 'recheck'."
534,2026-10-04T01:32:33.7689714Z,idle-client-recheck,client,recheck,30000,0.485,0.502,Answered,"The coordinator, pid 31788, took 'recheck'."
535,2026-10-04T01:32:33.8203354Z,idle-client-recheck,client,recheck,30000,0.962,0.983,Answered,"The coordinator, pid 31788, took 'recheck'."
536,2026-10-04T01:32:33.8719801Z,idle-client-recheck,client,recheck,30000,0.529,0.547,Answered,"The coordinator, pid 31788, took 'recheck'."
537,2026-10-04T01:32:33.9228108Z,idle-client-recheck,client,recheck,30000,0.493,0.511,Answered,"The coordinator, pid 31788, took 'recheck'."
538,2026-10-04T01:32:33.9752286Z,idle-client-recheck,client,recheck,30000,0.642,0.664,Answered,"The coordinator, pid 31788, took 'recheck'."
539,2026-10-04T01:32:34.0267508Z,idle-client-recheck,client,recheck,30000,0.762,0.780,Answered,"The coordinator, pid 31788, took 'recheck'."
540,2026-10-04T01:32:34.0786270Z,idle-client-recheck,client,recheck,30000,0.559,0.578,Answered,"The coordinator, pid 31788, took 'recheck'."
541,2026-10-04T01:32:34.1349999Z,idle-client-recheck,client,recheck,30000,0.566,0.585,Answered,"The coordinator, pid 31788, took 'recheck'."
542,2026-10-04T01:32:34.1877468Z,idle-client-recheck,client,recheck,30000,1.798,1.818,Answered,"The coordinator, pid 31788, took 'recheck'."
543,2026-10-04T01:32:34.2409158Z,idle-client-recheck,client,recheck,30000,1.443,1.701,Answered,"The coordinator, pid 31788, took 'recheck'."
544,2026-10-04T01:32:34.2926473Z,idle-client-recheck,client,recheck,30000,0.934,0.953,Answered,"The coordinator, pid 31788, took 'recheck'."
545,2026-10-04T01:32:34.3653344Z,idle-client-recheck,client,recheck,30000,20.184,20.208,Answered,"The coordinator, pid 31788, took 'recheck'."
546,2026-10-04T01:32:34.4163716Z,idle-client-recheck,client,recheck,30000,0.653,0.677,Answered,"The coordinator, pid 31788, took 'recheck'."
547,2026-10-04T01:32:34.4725375Z,idle-client-recheck,client,recheck,30000,5.333,5.351,Answered,"The coordinator, pid 31788, took 'recheck'."
548,2026-10-04T01:32:34.5358878Z,idle-client-recheck,client,recheck,30000,9.090,9.127,Answered,"The coordinator, pid 31788, took 'recheck'."
549,2026-10-04T01:32:34.5871493Z,idle-client-recheck,client,recheck,30000,0.474,0.488,Answered,"The coordinator, pid 31788, took 'recheck'."
550,2026-10-04T01:32:34.6581090Z,idle-client-recheck,client,recheck,30000,14.931,18.076,Answered,"The coordinator, pid 31788, took 'recheck'."
551,2026-10-04T01:32:34.7093251Z,idle-client-recheck,client,recheck,30000,0.804,0.828,Answered,"The coordinator, pid 31788, took 'recheck'."
552,2026-10-04T01:32:34.7702075Z,idle-client-recheck,client,recheck,30000,4.494,4.522,Answered,"The coordinator, pid 31788, took 'recheck'."
553,2026-10-04T01:32:34.8269366Z,idle-client-recheck,client,recheck,30000,3.525,3.699,Answered,"The coordinator, pid 31788, took 'recheck'."
554,2026-10-04T01:32:34.8868216Z,idle-client-recheck,client,recheck,30000,0.672,0.692,Answered,"The coordinator, pid 31788, took 'recheck'."
555,2026-10-04T01:32:34.9380755Z,idle-client-recheck,client,recheck,30000,0.652,0.674,Answered,"The coordinator, pid 31788, took 'recheck'."
556,2026-10-04T01:32:34.9901394Z,idle-client-recheck,client,recheck,30000,1.038,1.064,Answered,"The coordinator, pid 31788, took 'recheck'."
557,2026-10-04T01:32:35.0413205Z,idle-client-recheck,client,recheck,30000,0.815,0.839,Answered,"The coordinator, pid 31788, took 'recheck'."
558,2026-10-04T01:32:35.0922295Z,idle-client-recheck,client,recheck,30000,0.624,0.646,Answered,"The coordinator, pid 31788, took 'recheck'."
559,2026-10-04T01:32:35.1434479Z,idle-client-recheck,client,recheck,30000,0.633,0.654,Answered,"The coordinator, pid 31788, took 'recheck'."
560,2026-10-04T01:32:35.1954296Z,idle-client-recheck,client,recheck,30000,0.641,0.662,Answered,"The coordinator, pid 31788, took 'recheck'."
561,2026-10-04T01:32:35.2593013Z,idle-client-recheck,client,recheck,30000,0.612,0.637,Answered,"The coordinator, pid 31788, took 'recheck'."
562,2026-10-04T01:32:35.3100797Z,idle-client-recheck,client,recheck,30000,0.504,0.519,Answered,"The coordinator, pid 31788, took 'recheck'."
563,2026-10-04T01:32:35.3618152Z,idle-client-recheck,client,recheck,30000,0.807,0.858,Answered,"The coordinator, pid 31788, took 'recheck'."
564,2026-10-04T01:32:35.4127624Z,idle-client-recheck,client,recheck,30000,0.498,0.517,Answered,"The coordinator, pid 31788, took 'recheck'."
565,2026-10-04T01:32:35.4635513Z,idle-client-recheck,client,recheck,30000,0.525,0.548,Answered,"The coordinator, pid 31788, took 'recheck'."
566,2026-10-04T01:32:35.5155527Z,idle-client-recheck,client,recheck,30000,0.530,0.553,Answered,"The coordinator, pid 31788, took 'recheck'."
567,2026-10-04T01:32:35.5673375Z,idle-client-recheck,client,recheck,30000,0.490,0.504,Answered,"The coordinator, pid 31788, took 'recheck'."
568,2026-10-04T01:32:35.6286448Z,idle-client-recheck,client,recheck,30000,0.512,0.531,Answered,"The coordinator, pid 31788, took 'recheck'."
569,2026-10-04T01:32:35.6803285Z,idle-client-recheck,client,recheck,30000,0.553,0.571,Answered,"The coordinator, pid 31788, took 'recheck'."
570,2026-10-04T01:32:35.7319263Z,idle-client-recheck,client,recheck,30000,0.908,0.925,Answered,"The coordinator, pid 31788, took 'recheck'."
571,2026-10-04T01:32:35.7826765Z,idle-client-recheck,client,recheck,30000,0.545,0.568,Answered,"The coordinator, pid 31788, took 'recheck'."
572,2026-10-04T01:32:35.8339793Z,idle-client-recheck,client,recheck,30000,0.552,0.574,Answered,"The coordinator, pid 31788, took 'recheck'."
573,2026-10-04T01:32:35.8847145Z,idle-client-recheck,client,recheck,30000,0.477,0.496,Answered,"The coordinator, pid 31788, took 'recheck'."
574,2026-10-04T01:32:35.9355714Z,idle-client-recheck,client,recheck,30000,0.567,0.582,Answered,"The coordinator, pid 31788, took 'recheck'."
575,2026-10-04T01:32:35.9871358Z,idle-client-recheck,client,recheck,30000,0.543,0.566,Answered,"The coordinator, pid 31788, took 'recheck'."
576,2026-10-04T01:32:36.0392644Z,idle-client-recheck,client,recheck,30000,0.499,0.514,Answered,"The coordinator, pid 31788, took 'recheck'."
577,2026-10-04T01:32:36.0902745Z,idle-client-recheck,client,recheck,30000,0.510,0.528,Answered,"The coordinator, pid 31788, took 'recheck'."
578,2026-10-04T01:32:36.1413483Z,idle-client-recheck,client,recheck,30000,0.485,0.500,Answered,"The coordinator, pid 31788, took 'recheck'."
579,2026-10-04T01:32:36.1924201Z,idle-client-recheck,client,recheck,30000,0.472,0.485,Answered,"The coordinator, pid 31788, took 'recheck'."
580,2026-10-04T01:32:36.2544382Z,idle-client-recheck,client,recheck,30000,0.726,0.750,Answered,"The coordinator, pid 31788, took 'recheck'."
581,2026-10-04T01:32:36.3056422Z,idle-client-recheck,client,recheck,30000,0.564,0.582,Answered,"The coordinator, pid 31788, took 'recheck'."
582,2026-10-04T01:32:36.3567008Z,idle-client-recheck,client,recheck,30000,0.556,0.574,Answered,"The coordinator, pid 31788, took 'recheck'."
583,2026-10-04T01:32:36.4086534Z,idle-client-recheck,client,recheck,30000,0.598,0.618,Answered,"The coordinator, pid 31788, took 'recheck'."
584,2026-10-04T01:32:36.4607001Z,idle-client-recheck,client,recheck,30000,0.577,0.595,Answered,"The coordinator, pid 31788, took 'recheck'."
585,2026-10-04T01:32:36.5114399Z,idle-client-recheck,client,recheck,30000,0.511,0.520,Answered,"The coordinator, pid 31788, took 'recheck'."
586,2026-10-04T01:32:36.5624967Z,idle-client-recheck,client,recheck,30000,0.545,0.560,Answered,"The coordinator, pid 31788, took 'recheck'."
587,2026-10-04T01:32:36.6284809Z,idle-client-recheck,client,recheck,30000,0.539,0.557,Answered,"The coordinator, pid 31788, took 'recheck'."
588,2026-10-04T01:32:36.6799130Z,idle-client-recheck,client,recheck,30000,0.696,0.718,Answered,"The coordinator, pid 31788, took 'recheck'."
589,2026-10-04T01:32:36.7308449Z,idle-client-recheck,client,recheck,30000,0.591,0.610,Answered,"The coordinator, pid 31788, took 'recheck'."
590,2026-10-04T01:32:36.7825981Z,idle-client-recheck,client,recheck,30000,0.583,0.605,Answered,"The coordinator, pid 31788, took 'recheck'."
591,2026-10-04T01:32:36.8334747Z,idle-client-recheck,client,recheck,30000,0.467,0.482,Answered,"The coordinator, pid 31788, took 'recheck'."
592,2026-10-04T01:32:36.8857240Z,idle-client-recheck,client,recheck,30000,0.583,0.608,Answered,"The coordinator, pid 31788, took 'recheck'."
593,2026-10-04T01:32:36.9369766Z,idle-client-recheck,client,recheck,30000,0.460,0.477,Answered,"The coordinator, pid 31788, took 'recheck'."
594,2026-10-04T01:32:36.9986433Z,idle-client-recheck,client,recheck,30000,3.463,3.494,Answered,"The coordinator, pid 31788, took 'recheck'."
595,2026-10-04T01:32:37.0499558Z,idle-client-recheck,client,recheck,30000,0.633,0.654,Answered,"The coordinator, pid 31788, took 'recheck'."
596,2026-10-04T01:32:37.1014964Z,idle-client-recheck,client,recheck,30000,0.547,0.568,Answered,"The coordinator, pid 31788, took 'recheck'."
597,2026-10-04T01:32:37.1529564Z,idle-client-recheck,client,recheck,30000,0.562,0.585,Answered,"The coordinator, pid 31788, took 'recheck'."
598,2026-10-04T01:32:37.2037756Z,idle-client-recheck,client,recheck,30000,0.514,0.531,Answered,"The coordinator, pid 31788, took 'recheck'."
599,2026-10-04T01:32:37.2556151Z,idle-client-recheck,client,recheck,30000,0.578,0.606,Answered,"The coordinator, pid 31788, took 'recheck'."
600,2026-10-04T01:32:37.3073796Z,idle-client-recheck,client,recheck,30000,0.619,0.648,Answered,"The coordinator, pid 31788, took 'recheck'."
1,2026-10-04T01:32:37.4712990Z,idle-client-host,client,host,30000,22.810,24.197,Answered,"The coordinator, pid 31788, took 'host'."
2,2026-10-04T01:32:37.5233841Z,idle-client-host,client,host,30000,0.711,0.741,Answered,"The coordinator, pid 31788, took 'host'."
3,2026-10-04T01:32:37.5746549Z,idle-client-host,client,host,30000,0.669,0.698,Answered,"The coordinator, pid 31788, took 'host'."
4,2026-10-04T01:32:37.6256064Z,idle-client-host,client,host,30000,0.517,0.533,Answered,"The coordinator, pid 31788, took 'host'."
5,2026-10-04T01:32:37.6766497Z,idle-client-host,client,host,30000,0.509,0.529,Answered,"The coordinator, pid 31788, took 'host'."
6,2026-10-04T01:32:37.7276629Z,idle-client-host,client,host,30000,0.598,0.624,Answered,"The coordinator, pid 31788, took 'host'."
7,2026-10-04T01:32:37.7787512Z,idle-client-host,client,host,30000,0.624,0.646,Answered,"The coordinator, pid 31788, took 'host'."
8,2026-10-04T01:32:37.8296615Z,idle-client-host,client,host,30000,0.603,0.621,Answered,"The coordinator, pid 31788, took 'host'."
9,2026-10-04T01:32:37.8805407Z,idle-client-host,client,host,30000,0.678,0.705,Answered,"The coordinator, pid 31788, took 'host'."
10,2026-10-04T01:32:37.9322697Z,idle-client-host,client,host,30000,0.606,0.624,Answered,"The coordinator, pid 31788, took 'host'."
11,2026-10-04T01:32:37.9946919Z,idle-client-host,client,host,30000,0.719,0.738,Answered,"The coordinator, pid 31788, took 'host'."
12,2026-10-04T01:32:38.0464704Z,idle-client-host,client,host,30000,0.737,0.759,Answered,"The coordinator, pid 31788, took 'host'."
13,2026-10-04T01:32:38.0973411Z,idle-client-host,client,host,30000,0.654,0.670,Answered,"The coordinator, pid 31788, took 'host'."
14,2026-10-04T01:32:38.1487930Z,idle-client-host,client,host,30000,0.647,0.668,Answered,"The coordinator, pid 31788, took 'host'."
15,2026-10-04T01:32:38.2000708Z,idle-client-host,client,host,30000,0.746,0.764,Answered,"The coordinator, pid 31788, took 'host'."
16,2026-10-04T01:32:38.2515468Z,idle-client-host,client,host,30000,0.576,0.601,Answered,"The coordinator, pid 31788, took 'host'."
17,2026-10-04T01:32:38.3027054Z,idle-client-host,client,host,30000,0.562,0.581,Answered,"The coordinator, pid 31788, took 'host'."
18,2026-10-04T01:32:38.3536597Z,idle-client-host,client,host,30000,0.619,0.639,Answered,"The coordinator, pid 31788, took 'host'."
19,2026-10-04T01:32:38.4049829Z,idle-client-host,client,host,30000,0.587,0.604,Answered,"The coordinator, pid 31788, took 'host'."
20,2026-10-04T01:32:38.4570828Z,idle-client-host,client,host,30000,0.622,0.654,Answered,"The coordinator, pid 31788, took 'host'."
21,2026-10-04T01:32:38.5089426Z,idle-client-host,client,host,30000,0.776,0.815,Answered,"The coordinator, pid 31788, took 'host'."
22,2026-10-04T01:32:38.5603225Z,idle-client-host,client,host,30000,0.516,0.545,Answered,"The coordinator, pid 31788, took 'host'."
23,2026-10-04T01:32:38.6220255Z,idle-client-host,client,host,30000,0.729,0.753,Answered,"The coordinator, pid 31788, took 'host'."
24,2026-10-04T01:32:38.6739075Z,idle-client-host,client,host,30000,0.624,0.643,Answered,"The coordinator, pid 31788, took 'host'."
25,2026-10-04T01:32:38.7249014Z,idle-client-host,client,host,30000,0.580,0.600,Answered,"The coordinator, pid 31788, took 'host'."
26,2026-10-04T01:32:38.7765615Z,idle-client-host,client,host,30000,0.873,0.897,Answered,"The coordinator, pid 31788, took 'host'."
27,2026-10-04T01:32:38.8277372Z,idle-client-host,client,host,30000,0.646,0.674,Answered,"The coordinator, pid 31788, took 'host'."
28,2026-10-04T01:32:38.8789563Z,idle-client-host,client,host,30000,0.673,0.692,Answered,"The coordinator, pid 31788, took 'host'."
29,2026-10-04T01:32:38.9302146Z,idle-client-host,client,host,30000,0.826,0.854,Answered,"The coordinator, pid 31788, took 'host'."
30,2026-10-04T01:32:38.9957575Z,idle-client-host,client,host,30000,0.517,0.536,Answered,"The coordinator, pid 31788, took 'host'."
31,2026-10-04T01:32:39.0468702Z,idle-client-host,client,host,30000,0.559,0.576,Answered,"The coordinator, pid 31788, took 'host'."
32,2026-10-04T01:32:39.0988041Z,idle-client-host,client,host,30000,0.535,0.552,Answered,"The coordinator, pid 31788, took 'host'."
33,2026-10-04T01:32:39.1496450Z,idle-client-host,client,host,30000,0.532,0.553,Answered,"The coordinator, pid 31788, took 'host'."
34,2026-10-04T01:32:39.2007234Z,idle-client-host,client,host,30000,0.583,0.611,Answered,"The coordinator, pid 31788, took 'host'."
35,2026-10-04T01:32:39.2519096Z,idle-client-host,client,host,30000,0.743,0.790,Answered,"The coordinator, pid 31788, took 'host'."
36,2026-10-04T01:32:39.3032255Z,idle-client-host,client,host,30000,0.606,0.644,Answered,"The coordinator, pid 31788, took 'host'."
37,2026-10-04T01:32:39.3542760Z,idle-client-host,client,host,30000,0.597,0.618,Answered,"The coordinator, pid 31788, took 'host'."
38,2026-10-04T01:32:39.4052864Z,idle-client-host,client,host,30000,0.464,0.495,Answered,"The coordinator, pid 31788, took 'host'."
39,2026-10-04T01:32:39.4565268Z,idle-client-host,client,host,30000,0.574,0.596,Answered,"The coordinator, pid 31788, took 'host'."
40,2026-10-04T01:32:39.5088164Z,idle-client-host,client,host,30000,0.568,0.583,Answered,"The coordinator, pid 31788, took 'host'."
41,2026-10-04T01:32:39.5611712Z,idle-client-host,client,host,30000,0.604,0.622,Answered,"The coordinator, pid 31788, took 'host'."
42,2026-10-04T01:32:39.6194551Z,idle-client-host,client,host,30000,0.787,0.806,Answered,"The coordinator, pid 31788, took 'host'."
43,2026-10-04T01:32:39.6709702Z,idle-client-host,client,host,30000,0.562,0.588,Answered,"The coordinator, pid 31788, took 'host'."
44,2026-10-04T01:32:39.7217429Z,idle-client-host,client,host,30000,0.601,0.618,Answered,"The coordinator, pid 31788, took 'host'."
45,2026-10-04T01:32:39.7728586Z,idle-client-host,client,host,30000,0.586,0.608,Answered,"The coordinator, pid 31788, took 'host'."
46,2026-10-04T01:32:39.8243002Z,idle-client-host,client,host,30000,0.641,0.666,Answered,"The coordinator, pid 31788, took 'host'."
47,2026-10-04T01:32:39.8764708Z,idle-client-host,client,host,30000,0.597,0.614,Answered,"The coordinator, pid 31788, took 'host'."
48,2026-10-04T01:32:39.9288358Z,idle-client-host,client,host,30000,0.637,0.681,Answered,"The coordinator, pid 31788, took 'host'."
49,2026-10-04T01:32:39.9906598Z,idle-client-host,client,host,30000,0.632,0.662,Answered,"The coordinator, pid 31788, took 'host'."
50,2026-10-04T01:32:40.0418208Z,idle-client-host,client,host,30000,0.612,0.627,Answered,"The coordinator, pid 31788, took 'host'."
51,2026-10-04T01:32:40.0931937Z,idle-client-host,client,host,30000,0.708,0.742,Answered,"The coordinator, pid 31788, took 'host'."
52,2026-10-04T01:32:40.1452585Z,idle-client-host,client,host,30000,0.546,0.564,Answered,"The coordinator, pid 31788, took 'host'."
53,2026-10-04T01:32:40.1969212Z,idle-client-host,client,host,30000,0.597,0.612,Answered,"The coordinator, pid 31788, took 'host'."
54,2026-10-04T01:32:40.2536922Z,idle-client-host,client,host,30000,0.612,0.632,Answered,"The coordinator, pid 31788, took 'host'."
55,2026-10-04T01:32:40.3053251Z,idle-client-host,client,host,30000,0.662,0.684,Answered,"The coordinator, pid 31788, took 'host'."
56,2026-10-04T01:32:40.3567548Z,idle-client-host,client,host,30000,0.595,0.617,Answered,"The coordinator, pid 31788, took 'host'."
57,2026-10-04T01:32:40.4087526Z,idle-client-host,client,host,30000,0.558,0.579,Answered,"The coordinator, pid 31788, took 'host'."
58,2026-10-04T01:32:40.4605390Z,idle-client-host,client,host,30000,0.545,0.561,Answered,"The coordinator, pid 31788, took 'host'."
59,2026-10-04T01:32:40.5122291Z,idle-client-host,client,host,30000,0.531,0.554,Answered,"The coordinator, pid 31788, took 'host'."
60,2026-10-04T01:32:40.5635195Z,idle-client-host,client,host,30000,0.642,0.664,Answered,"The coordinator, pid 31788, took 'host'."
61,2026-10-04T01:32:40.6236711Z,idle-client-host,client,host,30000,0.732,0.760,Answered,"The coordinator, pid 31788, took 'host'."
62,2026-10-04T01:32:40.6758532Z,idle-client-host,client,host,30000,0.954,0.978,Answered,"The coordinator, pid 31788, took 'host'."
63,2026-10-04T01:32:40.7271586Z,idle-client-host,client,host,30000,0.890,0.931,Answered,"The coordinator, pid 31788, took 'host'."
64,2026-10-04T01:32:40.7783950Z,idle-client-host,client,host,30000,0.970,1.000,Answered,"The coordinator, pid 31788, took 'host'."
65,2026-10-04T01:32:40.8303884Z,idle-client-host,client,host,30000,0.594,0.634,Answered,"The coordinator, pid 31788, took 'host'."
66,2026-10-04T01:32:40.8821385Z,idle-client-host,client,host,30000,0.570,0.591,Answered,"The coordinator, pid 31788, took 'host'."
67,2026-10-04T01:32:40.9336109Z,idle-client-host,client,host,30000,0.693,0.718,Answered,"The coordinator, pid 31788, took 'host'."
68,2026-10-04T01:32:40.9985701Z,idle-client-host,client,host,30000,0.687,0.709,Answered,"The coordinator, pid 31788, took 'host'."
69,2026-10-04T01:32:41.0505154Z,idle-client-host,client,host,30000,0.568,0.584,Answered,"The coordinator, pid 31788, took 'host'."
70,2026-10-04T01:32:41.1029272Z,idle-client-host,client,host,30000,0.656,0.690,Answered,"The coordinator, pid 31788, took 'host'."
71,2026-10-04T01:32:41.1552505Z,idle-client-host,client,host,30000,0.628,0.646,Answered,"The coordinator, pid 31788, took 'host'."
72,2026-10-04T01:32:41.2062219Z,idle-client-host,client,host,30000,0.638,0.659,Answered,"The coordinator, pid 31788, took 'host'."
73,2026-10-04T01:32:41.2573212Z,idle-client-host,client,host,30000,0.574,0.587,Answered,"The coordinator, pid 31788, took 'host'."
74,2026-10-04T01:32:41.3083449Z,idle-client-host,client,host,30000,0.525,0.551,Answered,"The coordinator, pid 31788, took 'host'."
75,2026-10-04T01:32:41.3721933Z,idle-client-host,client,host,30000,0.714,0.739,Answered,"The coordinator, pid 31788, took 'host'."
76,2026-10-04T01:32:41.4237595Z,idle-client-host,client,host,30000,0.815,0.834,Answered,"The coordinator, pid 31788, took 'host'."
77,2026-10-04T01:32:41.4750063Z,idle-client-host,client,host,30000,0.560,0.581,Answered,"The coordinator, pid 31788, took 'host'."
78,2026-10-04T01:32:41.5266633Z,idle-client-host,client,host,30000,0.663,0.683,Answered,"The coordinator, pid 31788, took 'host'."
79,2026-10-04T01:32:41.5793106Z,idle-client-host,client,host,30000,0.580,0.602,Answered,"The coordinator, pid 31788, took 'host'."
80,2026-10-04T01:32:41.6302797Z,idle-client-host,client,host,30000,0.583,0.607,Answered,"The coordinator, pid 31788, took 'host'."
81,2026-10-04T01:32:41.6825867Z,idle-client-host,client,host,30000,0.668,0.689,Answered,"The coordinator, pid 31788, took 'host'."
82,2026-10-04T01:32:41.7433838Z,idle-client-host,client,host,30000,0.603,0.623,Answered,"The coordinator, pid 31788, took 'host'."
83,2026-10-04T01:32:41.7942434Z,idle-client-host,client,host,30000,0.633,0.660,Answered,"The coordinator, pid 31788, took 'host'."
84,2026-10-04T01:32:41.8457238Z,idle-client-host,client,host,30000,0.605,0.627,Answered,"The coordinator, pid 31788, took 'host'."
85,2026-10-04T01:32:41.8972803Z,idle-client-host,client,host,30000,0.881,0.906,Answered,"The coordinator, pid 31788, took 'host'."
86,2026-10-04T01:32:41.9483341Z,idle-client-host,client,host,30000,0.775,0.799,Answered,"The coordinator, pid 31788, took 'host'."
87,2026-10-04T01:32:42.0016502Z,idle-client-host,client,host,30000,0.846,0.866,Answered,"The coordinator, pid 31788, took 'host'."
88,2026-10-04T01:32:42.0538350Z,idle-client-host,client,host,30000,1.009,1.039,Answered,"The coordinator, pid 31788, took 'host'."
89,2026-10-04T01:32:42.1062900Z,idle-client-host,client,host,30000,0.907,0.943,Answered,"The coordinator, pid 31788, took 'host'."
90,2026-10-04T01:32:42.1587013Z,idle-client-host,client,host,30000,0.773,0.816,Answered,"The coordinator, pid 31788, took 'host'."
91,2026-10-04T01:32:42.2098523Z,idle-client-host,client,host,30000,0.578,0.598,Answered,"The coordinator, pid 31788, took 'host'."
92,2026-10-04T01:32:42.2610056Z,idle-client-host,client,host,30000,0.612,0.628,Answered,"The coordinator, pid 31788, took 'host'."
93,2026-10-04T01:32:42.3121455Z,idle-client-host,client,host,30000,0.894,0.916,Answered,"The coordinator, pid 31788, took 'host'."
94,2026-10-04T01:32:42.3753159Z,idle-client-host,client,host,30000,0.887,0.908,Answered,"The coordinator, pid 31788, took 'host'."
95,2026-10-04T01:32:42.4264689Z,idle-client-host,client,host,30000,0.565,0.582,Answered,"The coordinator, pid 31788, took 'host'."
96,2026-10-04T01:32:42.4785030Z,idle-client-host,client,host,30000,0.520,0.538,Answered,"The coordinator, pid 31788, took 'host'."
97,2026-10-04T01:32:42.5298849Z,idle-client-host,client,host,30000,0.725,0.738,Answered,"The coordinator, pid 31788, took 'host'."
98,2026-10-04T01:32:42.5807495Z,idle-client-host,client,host,30000,0.509,0.528,Answered,"The coordinator, pid 31788, took 'host'."
99,2026-10-04T01:32:42.6314404Z,idle-client-host,client,host,30000,0.462,0.476,Answered,"The coordinator, pid 31788, took 'host'."
100,2026-10-04T01:32:42.6826116Z,idle-client-host,client,host,30000,0.480,0.493,Answered,"The coordinator, pid 31788, took 'host'."
101,2026-10-04T01:32:42.7336000Z,idle-client-host,client,host,30000,0.590,0.612,Answered,"The coordinator, pid 31788, took 'host'."
102,2026-10-04T01:32:42.7853966Z,idle-client-host,client,host,30000,0.484,0.503,Answered,"The coordinator, pid 31788, took 'host'."
103,2026-10-04T01:32:42.8370003Z,idle-client-host,client,host,30000,0.440,0.460,Answered,"The coordinator, pid 31788, took 'host'."
104,2026-10-04T01:32:42.8886544Z,idle-client-host,client,host,30000,0.483,0.501,Answered,"The coordinator, pid 31788, took 'host'."
105,2026-10-04T01:32:42.9401097Z,idle-client-host,client,host,30000,0.631,0.652,Answered,"The coordinator, pid 31788, took 'host'."
106,2026-10-04T01:32:42.9983111Z,idle-client-host,client,host,30000,0.499,0.515,Answered,"The coordinator, pid 31788, took 'host'."
107,2026-10-04T01:32:43.0495774Z,idle-client-host,client,host,30000,0.442,0.457,Answered,"The coordinator, pid 31788, took 'host'."
108,2026-10-04T01:32:43.1007353Z,idle-client-host,client,host,30000,0.518,0.535,Answered,"The coordinator, pid 31788, took 'host'."
109,2026-10-04T01:32:43.1518705Z,idle-client-host,client,host,30000,0.586,0.606,Answered,"The coordinator, pid 31788, took 'host'."
110,2026-10-04T01:32:43.2032362Z,idle-client-host,client,host,30000,0.532,0.545,Answered,"The coordinator, pid 31788, took 'host'."
111,2026-10-04T01:32:43.2541305Z,idle-client-host,client,host,30000,0.597,0.611,Answered,"The coordinator, pid 31788, took 'host'."
112,2026-10-04T01:32:43.3057859Z,idle-client-host,client,host,30000,0.542,0.568,Answered,"The coordinator, pid 31788, took 'host'."
113,2026-10-04T01:32:43.3719929Z,idle-client-host,client,host,30000,0.684,0.705,Answered,"The coordinator, pid 31788, took 'host'."
114,2026-10-04T01:32:43.4230316Z,idle-client-host,client,host,30000,0.513,0.534,Answered,"The coordinator, pid 31788, took 'host'."
115,2026-10-04T01:32:43.4739813Z,idle-client-host,client,host,30000,0.449,0.464,Answered,"The coordinator, pid 31788, took 'host'."
116,2026-10-04T01:32:43.5254112Z,idle-client-host,client,host,30000,0.477,0.492,Answered,"The coordinator, pid 31788, took 'host'."
117,2026-10-04T01:32:43.5763423Z,idle-client-host,client,host,30000,0.524,0.537,Answered,"The coordinator, pid 31788, took 'host'."
118,2026-10-04T01:32:43.6272691Z,idle-client-host,client,host,30000,0.761,0.798,Answered,"The coordinator, pid 31788, took 'host'."
119,2026-10-04T01:32:43.6787385Z,idle-client-host,client,host,30000,0.572,0.608,Answered,"The coordinator, pid 31788, took 'host'."
120,2026-10-04T01:32:43.7438590Z,idle-client-host,client,host,30000,1.191,1.240,Answered,"The coordinator, pid 31788, took 'host'."
121,2026-10-04T01:32:43.7959350Z,idle-client-host,client,host,30000,0.956,0.994,Answered,"The coordinator, pid 31788, took 'host'."
122,2026-10-04T01:32:43.8473369Z,idle-client-host,client,host,30000,0.757,0.786,Answered,"The coordinator, pid 31788, took 'host'."
123,2026-10-04T01:32:43.8993411Z,idle-client-host,client,host,30000,0.954,0.986,Answered,"The coordinator, pid 31788, took 'host'."
124,2026-10-04T01:32:43.9509590Z,idle-client-host,client,host,30000,0.624,0.641,Answered,"The coordinator, pid 31788, took 'host'."
125,2026-10-04T01:32:44.0021521Z,idle-client-host,client,host,30000,0.674,0.699,Answered,"The coordinator, pid 31788, took 'host'."
126,2026-10-04T01:32:44.0532975Z,idle-client-host,client,host,30000,0.569,0.587,Answered,"The coordinator, pid 31788, took 'host'."
127,2026-10-04T01:32:44.1185138Z,idle-client-host,client,host,30000,0.556,0.576,Answered,"The coordinator, pid 31788, took 'host'."
128,2026-10-04T01:32:44.1693014Z,idle-client-host,client,host,30000,0.548,0.566,Answered,"The coordinator, pid 31788, took 'host'."
129,2026-10-04T01:32:44.2205511Z,idle-client-host,client,host,30000,0.566,0.582,Answered,"The coordinator, pid 31788, took 'host'."
130,2026-10-04T01:32:44.2717228Z,idle-client-host,client,host,30000,0.576,0.593,Answered,"The coordinator, pid 31788, took 'host'."
131,2026-10-04T01:32:44.3225818Z,idle-client-host,client,host,30000,0.657,0.680,Answered,"The coordinator, pid 31788, took 'host'."
132,2026-10-04T01:32:44.3737533Z,idle-client-host,client,host,30000,0.623,0.645,Answered,"The coordinator, pid 31788, took 'host'."
133,2026-10-04T01:32:44.4252607Z,idle-client-host,client,host,30000,0.725,0.747,Answered,"The coordinator, pid 31788, took 'host'."
134,2026-10-04T01:32:44.4887853Z,idle-client-host,client,host,30000,0.540,0.568,Answered,"The coordinator, pid 31788, took 'host'."
135,2026-10-04T01:32:44.5399628Z,idle-client-host,client,host,30000,0.526,0.540,Answered,"The coordinator, pid 31788, took 'host'."
136,2026-10-04T01:32:44.5919159Z,idle-client-host,client,host,30000,0.835,0.882,Answered,"The coordinator, pid 31788, took 'host'."
137,2026-10-04T01:32:44.6429852Z,idle-client-host,client,host,30000,0.459,0.472,Answered,"The coordinator, pid 31788, took 'host'."
138,2026-10-04T01:32:44.6939848Z,idle-client-host,client,host,30000,0.489,0.511,Answered,"The coordinator, pid 31788, took 'host'."
139,2026-10-04T01:32:44.7462682Z,idle-client-host,client,host,30000,0.637,0.656,Answered,"The coordinator, pid 31788, took 'host'."
140,2026-10-04T01:32:44.7974888Z,idle-client-host,client,host,30000,0.561,0.580,Answered,"The coordinator, pid 31788, took 'host'."
141,2026-10-04T01:32:44.8588443Z,idle-client-host,client,host,30000,0.656,0.675,Answered,"The coordinator, pid 31788, took 'host'."
142,2026-10-04T01:32:44.9099800Z,idle-client-host,client,host,30000,0.553,0.574,Answered,"The coordinator, pid 31788, took 'host'."
143,2026-10-04T01:32:44.9616887Z,idle-client-host,client,host,30000,0.530,0.547,Answered,"The coordinator, pid 31788, took 'host'."
144,2026-10-04T01:32:45.0131706Z,idle-client-host,client,host,30000,0.473,0.489,Answered,"The coordinator, pid 31788, took 'host'."
145,2026-10-04T01:32:45.0644300Z,idle-client-host,client,host,30000,0.494,0.510,Answered,"The coordinator, pid 31788, took 'host'."
146,2026-10-04T01:32:45.1155143Z,idle-client-host,client,host,30000,0.495,0.554,Answered,"The coordinator, pid 31788, took 'host'."
147,2026-10-04T01:32:45.1663697Z,idle-client-host,client,host,30000,0.495,0.512,Answered,"The coordinator, pid 31788, took 'host'."
148,2026-10-04T01:32:45.2242877Z,idle-client-host,client,host,30000,0.603,0.625,Answered,"The coordinator, pid 31788, took 'host'."
149,2026-10-04T01:32:45.2763555Z,idle-client-host,client,host,30000,0.498,0.511,Answered,"The coordinator, pid 31788, took 'host'."
150,2026-10-04T01:32:45.3286755Z,idle-client-host,client,host,30000,0.837,0.883,Answered,"The coordinator, pid 31788, took 'host'."
151,2026-10-04T01:32:45.3795709Z,idle-client-host,client,host,30000,0.519,0.535,Answered,"The coordinator, pid 31788, took 'host'."
152,2026-10-04T01:32:45.4317733Z,idle-client-host,client,host,30000,0.628,0.650,Answered,"The coordinator, pid 31788, took 'host'."
153,2026-10-04T01:32:45.4826680Z,idle-client-host,client,host,30000,0.571,0.590,Answered,"The coordinator, pid 31788, took 'host'."
154,2026-10-04T01:32:45.5337251Z,idle-client-host,client,host,30000,0.461,0.479,Answered,"The coordinator, pid 31788, took 'host'."
155,2026-10-04T01:32:45.5932097Z,idle-client-host,client,host,30000,0.510,0.529,Answered,"The coordinator, pid 31788, took 'host'."
156,2026-10-04T01:32:45.6446403Z,idle-client-host,client,host,30000,0.459,0.475,Answered,"The coordinator, pid 31788, took 'host'."
157,2026-10-04T01:32:45.6960695Z,idle-client-host,client,host,30000,0.684,0.702,Answered,"The coordinator, pid 31788, took 'host'."
158,2026-10-04T01:32:45.7480916Z,idle-client-host,client,host,30000,0.406,0.434,Answered,"The coordinator, pid 31788, took 'host'."
159,2026-10-04T01:32:45.8000564Z,idle-client-host,client,host,30000,0.582,0.599,Answered,"The coordinator, pid 31788, took 'host'."
160,2026-10-04T01:32:45.8521405Z,idle-client-host,client,host,30000,0.487,0.505,Answered,"The coordinator, pid 31788, took 'host'."
161,2026-10-04T01:32:45.9030836Z,idle-client-host,client,host,30000,0.444,0.462,Answered,"The coordinator, pid 31788, took 'host'."
162,2026-10-04T01:32:45.9539201Z,idle-client-host,client,host,30000,0.534,0.549,Answered,"The coordinator, pid 31788, took 'host'."
163,2026-10-04T01:32:46.0047412Z,idle-client-host,client,host,30000,0.504,0.519,Answered,"The coordinator, pid 31788, took 'host'."
164,2026-10-04T01:32:46.0560223Z,idle-client-host,client,host,30000,0.518,0.529,Answered,"The coordinator, pid 31788, took 'host'."
165,2026-10-04T01:32:46.1083186Z,idle-client-host,client,host,30000,0.561,0.577,Answered,"The coordinator, pid 31788, took 'host'."
166,2026-10-04T01:32:46.1591163Z,idle-client-host,client,host,30000,0.425,0.453,Answered,"The coordinator, pid 31788, took 'host'."
167,2026-10-04T01:32:46.2192127Z,idle-client-host,client,host,30000,0.467,0.486,Answered,"The coordinator, pid 31788, took 'host'."
168,2026-10-04T01:32:46.2713171Z,idle-client-host,client,host,30000,0.605,0.621,Answered,"The coordinator, pid 31788, took 'host'."
169,2026-10-04T01:32:46.3229472Z,idle-client-host,client,host,30000,0.484,0.502,Answered,"The coordinator, pid 31788, took 'host'."
170,2026-10-04T01:32:46.3742104Z,idle-client-host,client,host,30000,0.585,0.604,Answered,"The coordinator, pid 31788, took 'host'."
171,2026-10-04T01:32:46.4255229Z,idle-client-host,client,host,30000,0.532,0.550,Answered,"The coordinator, pid 31788, took 'host'."
172,2026-10-04T01:32:46.4768649Z,idle-client-host,client,host,30000,0.462,0.482,Answered,"The coordinator, pid 31788, took 'host'."
173,2026-10-04T01:32:46.5278259Z,idle-client-host,client,host,30000,0.456,0.470,Answered,"The coordinator, pid 31788, took 'host'."
174,2026-10-04T01:32:46.5904115Z,idle-client-host,client,host,30000,1.336,1.375,Answered,"The coordinator, pid 31788, took 'host'."
175,2026-10-04T01:32:46.6417391Z,idle-client-host,client,host,30000,0.564,0.582,Answered,"The coordinator, pid 31788, took 'host'."
176,2026-10-04T01:32:46.6927790Z,idle-client-host,client,host,30000,0.504,0.524,Answered,"The coordinator, pid 31788, took 'host'."
177,2026-10-04T01:32:46.7699865Z,idle-client-host,client,host,30000,0.648,0.669,Answered,"The coordinator, pid 31788, took 'host'."
178,2026-10-04T01:32:46.8206767Z,idle-client-host,client,host,30000,0.451,0.472,Answered,"The coordinator, pid 31788, took 'host'."
179,2026-10-04T01:32:46.8816151Z,idle-client-host,client,host,30000,0.599,0.622,Answered,"The coordinator, pid 31788, took 'host'."
180,2026-10-04T01:32:46.9331847Z,idle-client-host,client,host,30000,0.510,0.536,Answered,"The coordinator, pid 31788, took 'host'."
181,2026-10-04T01:32:46.9839919Z,idle-client-host,client,host,30000,0.520,0.538,Answered,"The coordinator, pid 31788, took 'host'."
182,2026-10-04T01:32:47.0350521Z,idle-client-host,client,host,30000,0.554,0.571,Answered,"The coordinator, pid 31788, took 'host'."
183,2026-10-04T01:32:47.0866624Z,idle-client-host,client,host,30000,0.485,0.500,Answered,"The coordinator, pid 31788, took 'host'."
184,2026-10-04T01:32:47.1380090Z,idle-client-host,client,host,30000,0.507,0.528,Answered,"The coordinator, pid 31788, took 'host'."
185,2026-10-04T01:32:47.1888839Z,idle-client-host,client,host,30000,0.601,0.618,Answered,"The coordinator, pid 31788, took 'host'."
186,2026-10-04T01:32:47.2500876Z,idle-client-host,client,host,30000,0.510,0.530,Answered,"The coordinator, pid 31788, took 'host'."
187,2026-10-04T01:32:47.3010422Z,idle-client-host,client,host,30000,0.502,0.525,Answered,"The coordinator, pid 31788, took 'host'."
188,2026-10-04T01:32:47.3529622Z,idle-client-host,client,host,30000,0.502,0.520,Answered,"The coordinator, pid 31788, took 'host'."
189,2026-10-04T01:32:47.4052233Z,idle-client-host,client,host,30000,1.860,1.880,Answered,"The coordinator, pid 31788, took 'host'."
190,2026-10-04T01:32:47.4567349Z,idle-client-host,client,host,30000,0.667,0.697,Answered,"The coordinator, pid 31788, took 'host'."
191,2026-10-04T01:32:47.5080266Z,idle-client-host,client,host,30000,0.682,0.698,Answered,"The coordinator, pid 31788, took 'host'."
192,2026-10-04T01:32:47.5595447Z,idle-client-host,client,host,30000,0.491,0.510,Answered,"The coordinator, pid 31788, took 'host'."
193,2026-10-04T01:32:47.6185695Z,idle-client-host,client,host,30000,0.583,0.605,Answered,"The coordinator, pid 31788, took 'host'."
194,2026-10-04T01:32:47.6730660Z,idle-client-host,client,host,30000,1.386,1.418,Answered,"The coordinator, pid 31788, took 'host'."
195,2026-10-04T01:32:47.7241514Z,idle-client-host,client,host,30000,0.586,0.600,Answered,"The coordinator, pid 31788, took 'host'."
196,2026-10-04T01:32:47.7753449Z,idle-client-host,client,host,30000,0.654,0.676,Answered,"The coordinator, pid 31788, took 'host'."
197,2026-10-04T01:32:47.8267135Z,idle-client-host,client,host,30000,0.871,0.901,Answered,"The coordinator, pid 31788, took 'host'."
198,2026-10-04T01:32:47.8784045Z,idle-client-host,client,host,30000,0.556,0.579,Answered,"The coordinator, pid 31788, took 'host'."
199,2026-10-04T01:32:47.9301035Z,idle-client-host,client,host,30000,0.533,0.554,Answered,"The coordinator, pid 31788, took 'host'."
200,2026-10-04T01:32:47.9930774Z,idle-client-host,client,host,30000,0.561,0.583,Answered,"The coordinator, pid 31788, took 'host'."
201,2026-10-04T01:32:48.0457343Z,idle-client-host,client,host,30000,0.603,0.641,Answered,"The coordinator, pid 31788, took 'host'."
202,2026-10-04T01:32:48.0975475Z,idle-client-host,client,host,30000,0.503,0.523,Answered,"The coordinator, pid 31788, took 'host'."
203,2026-10-04T01:32:48.1498440Z,idle-client-host,client,host,30000,0.647,0.667,Answered,"The coordinator, pid 31788, took 'host'."
204,2026-10-04T01:32:48.2010421Z,idle-client-host,client,host,30000,0.643,0.658,Answered,"The coordinator, pid 31788, took 'host'."
205,2026-10-04T01:32:48.2517381Z,idle-client-host,client,host,30000,0.440,0.454,Answered,"The coordinator, pid 31788, took 'host'."
206,2026-10-04T01:32:48.3037765Z,idle-client-host,client,host,30000,0.738,0.765,Answered,"The coordinator, pid 31788, took 'host'."
207,2026-10-04T01:32:48.3657939Z,idle-client-host,client,host,30000,0.629,0.653,Answered,"The coordinator, pid 31788, took 'host'."
208,2026-10-04T01:32:48.4174962Z,idle-client-host,client,host,30000,0.646,0.666,Answered,"The coordinator, pid 31788, took 'host'."
209,2026-10-04T01:32:48.4693604Z,idle-client-host,client,host,30000,0.508,0.525,Answered,"The coordinator, pid 31788, took 'host'."
210,2026-10-04T01:32:48.5216704Z,idle-client-host,client,host,30000,0.623,0.648,Answered,"The coordinator, pid 31788, took 'host'."
211,2026-10-04T01:32:48.5729467Z,idle-client-host,client,host,30000,0.497,0.512,Answered,"The coordinator, pid 31788, took 'host'."
212,2026-10-04T01:32:48.6241670Z,idle-client-host,client,host,30000,0.578,0.598,Answered,"The coordinator, pid 31788, took 'host'."
213,2026-10-04T01:32:48.6765554Z,idle-client-host,client,host,30000,0.645,0.673,Answered,"The coordinator, pid 31788, took 'host'."
214,2026-10-04T01:32:48.7369539Z,idle-client-host,client,host,30000,0.535,0.551,Answered,"The coordinator, pid 31788, took 'host'."
215,2026-10-04T01:32:48.7878412Z,idle-client-host,client,host,30000,0.544,0.564,Answered,"The coordinator, pid 31788, took 'host'."
216,2026-10-04T01:32:48.8386274Z,idle-client-host,client,host,30000,0.505,0.522,Answered,"The coordinator, pid 31788, took 'host'."
217,2026-10-04T01:32:48.8893500Z,idle-client-host,client,host,30000,0.444,0.461,Answered,"The coordinator, pid 31788, took 'host'."
218,2026-10-04T01:32:48.9412734Z,idle-client-host,client,host,30000,0.527,0.544,Answered,"The coordinator, pid 31788, took 'host'."
219,2026-10-04T01:32:48.9927877Z,idle-client-host,client,host,30000,0.470,0.486,Answered,"The coordinator, pid 31788, took 'host'."
220,2026-10-04T01:32:49.0449293Z,idle-client-host,client,host,30000,0.516,0.535,Answered,"The coordinator, pid 31788, took 'host'."
221,2026-10-04T01:32:49.1091592Z,idle-client-host,client,host,30000,0.575,0.597,Answered,"The coordinator, pid 31788, took 'host'."
222,2026-10-04T01:32:49.1598969Z,idle-client-host,client,host,30000,0.467,0.488,Answered,"The coordinator, pid 31788, took 'host'."
223,2026-10-04T01:32:49.2118362Z,idle-client-host,client,host,30000,0.503,0.526,Answered,"The coordinator, pid 31788, took 'host'."
224,2026-10-04T01:32:49.2626697Z,idle-client-host,client,host,30000,0.568,0.585,Answered,"The coordinator, pid 31788, took 'host'."
225,2026-10-04T01:32:49.3138370Z,idle-client-host,client,host,30000,0.504,0.523,Answered,"The coordinator, pid 31788, took 'host'."
226,2026-10-04T01:32:49.3649497Z,idle-client-host,client,host,30000,0.491,0.508,Answered,"The coordinator, pid 31788, took 'host'."
227,2026-10-04T01:32:49.4157036Z,idle-client-host,client,host,30000,0.523,0.544,Answered,"The coordinator, pid 31788, took 'host'."
228,2026-10-04T01:32:49.4666855Z,idle-client-host,client,host,30000,0.550,0.572,Answered,"The coordinator, pid 31788, took 'host'."
229,2026-10-04T01:32:49.5183478Z,idle-client-host,client,host,30000,0.718,0.739,Answered,"The coordinator, pid 31788, took 'host'."
230,2026-10-04T01:32:49.5703193Z,idle-client-host,client,host,30000,0.929,0.952,Answered,"The coordinator, pid 31788, took 'host'."
231,2026-10-04T01:32:49.6212396Z,idle-client-host,client,host,30000,0.494,0.508,Answered,"The coordinator, pid 31788, took 'host'."
232,2026-10-04T01:32:49.6722201Z,idle-client-host,client,host,30000,0.491,0.507,Answered,"The coordinator, pid 31788, took 'host'."
233,2026-10-04T01:32:49.7337107Z,idle-client-host,client,host,30000,0.521,0.543,Answered,"The coordinator, pid 31788, took 'host'."
234,2026-10-04T01:32:49.7844995Z,idle-client-host,client,host,30000,0.510,0.532,Answered,"The coordinator, pid 31788, took 'host'."
235,2026-10-04T01:32:49.8366747Z,idle-client-host,client,host,30000,0.601,0.627,Answered,"The coordinator, pid 31788, took 'host'."
236,2026-10-04T01:32:49.8877120Z,idle-client-host,client,host,30000,0.786,0.813,Answered,"The coordinator, pid 31788, took 'host'."
237,2026-10-04T01:32:49.9390213Z,idle-client-host,client,host,30000,0.690,0.709,Answered,"The coordinator, pid 31788, took 'host'."
238,2026-10-04T01:32:49.9912083Z,idle-client-host,client,host,30000,0.558,0.578,Answered,"The coordinator, pid 31788, took 'host'."
239,2026-10-04T01:32:50.0425419Z,idle-client-host,client,host,30000,0.686,0.706,Answered,"The coordinator, pid 31788, took 'host'."
240,2026-10-04T01:32:50.1022862Z,idle-client-host,client,host,30000,0.476,0.491,Answered,"The coordinator, pid 31788, took 'host'."
241,2026-10-04T01:32:50.1535191Z,idle-client-host,client,host,30000,0.610,0.630,Answered,"The coordinator, pid 31788, took 'host'."
242,2026-10-04T01:32:50.2056731Z,idle-client-host,client,host,30000,0.691,0.713,Answered,"The coordinator, pid 31788, took 'host'."
243,2026-10-04T01:32:50.2571090Z,idle-client-host,client,host,30000,0.646,0.665,Answered,"The coordinator, pid 31788, took 'host'."
244,2026-10-04T01:32:50.3085097Z,idle-client-host,client,host,30000,0.700,0.719,Answered,"The coordinator, pid 31788, took 'host'."
245,2026-10-04T01:32:50.3602717Z,idle-client-host,client,host,30000,0.648,0.666,Answered,"The coordinator, pid 31788, took 'host'."
246,2026-10-04T01:32:50.4110726Z,idle-client-host,client,host,30000,0.497,0.511,Answered,"The coordinator, pid 31788, took 'host'."
247,2026-10-04T01:32:50.4762278Z,idle-client-host,client,host,30000,0.493,0.516,Answered,"The coordinator, pid 31788, took 'host'."
248,2026-10-04T01:32:50.5269413Z,idle-client-host,client,host,30000,0.533,0.552,Answered,"The coordinator, pid 31788, took 'host'."
249,2026-10-04T01:32:50.5776341Z,idle-client-host,client,host,30000,0.513,0.531,Answered,"The coordinator, pid 31788, took 'host'."
250,2026-10-04T01:32:50.6292701Z,idle-client-host,client,host,30000,0.487,0.504,Answered,"The coordinator, pid 31788, took 'host'."
251,2026-10-04T01:32:50.6806669Z,idle-client-host,client,host,30000,0.941,0.988,Answered,"The coordinator, pid 31788, took 'host'."
252,2026-10-04T01:32:50.7321956Z,idle-client-host,client,host,30000,0.910,0.935,Answered,"The coordinator, pid 31788, took 'host'."
253,2026-10-04T01:32:50.7834928Z,idle-client-host,client,host,30000,0.927,0.948,Answered,"The coordinator, pid 31788, took 'host'."
254,2026-10-04T01:32:50.8351125Z,idle-client-host,client,host,30000,0.816,0.838,Answered,"The coordinator, pid 31788, took 'host'."
255,2026-10-04T01:32:50.8872948Z,idle-client-host,client,host,30000,1.287,1.331,Answered,"The coordinator, pid 31788, took 'host'."
256,2026-10-04T01:32:50.9387840Z,idle-client-host,client,host,30000,0.908,0.929,Answered,"The coordinator, pid 31788, took 'host'."
257,2026-10-04T01:32:50.9911739Z,idle-client-host,client,host,30000,0.975,0.998,Answered,"The coordinator, pid 31788, took 'host'."
258,2026-10-04T01:32:51.0424713Z,idle-client-host,client,host,30000,0.749,0.772,Answered,"The coordinator, pid 31788, took 'host'."
259,2026-10-04T01:32:51.1027787Z,idle-client-host,client,host,30000,0.650,0.667,Answered,"The coordinator, pid 31788, took 'host'."
260,2026-10-04T01:32:51.1537103Z,idle-client-host,client,host,30000,0.655,0.672,Answered,"The coordinator, pid 31788, took 'host'."
261,2026-10-04T01:32:51.2053218Z,idle-client-host,client,host,30000,0.582,0.599,Answered,"The coordinator, pid 31788, took 'host'."
262,2026-10-04T01:32:51.2573013Z,idle-client-host,client,host,30000,0.580,0.600,Answered,"The coordinator, pid 31788, took 'host'."
263,2026-10-04T01:32:51.3085106Z,idle-client-host,client,host,30000,0.951,0.969,Answered,"The coordinator, pid 31788, took 'host'."
264,2026-10-04T01:32:51.3600283Z,idle-client-host,client,host,30000,0.550,0.567,Answered,"The coordinator, pid 31788, took 'host'."
265,2026-10-04T01:32:51.4113742Z,idle-client-host,client,host,30000,0.486,0.504,Answered,"The coordinator, pid 31788, took 'host'."
266,2026-10-04T01:32:51.4626727Z,idle-client-host,client,host,30000,0.537,0.555,Answered,"The coordinator, pid 31788, took 'host'."
267,2026-10-04T01:32:51.5138777Z,idle-client-host,client,host,30000,0.577,0.598,Answered,"The coordinator, pid 31788, took 'host'."
268,2026-10-04T01:32:51.5654584Z,idle-client-host,client,host,30000,1.007,1.023,Answered,"The coordinator, pid 31788, took 'host'."
269,2026-10-04T01:32:51.6162827Z,idle-client-host,client,host,30000,0.483,0.502,Answered,"The coordinator, pid 31788, took 'host'."
270,2026-10-04T01:32:51.6681174Z,idle-client-host,client,host,30000,0.526,0.546,Answered,"The coordinator, pid 31788, took 'host'."
271,2026-10-04T01:32:51.7252027Z,idle-client-host,client,host,30000,0.570,0.592,Answered,"The coordinator, pid 31788, took 'host'."
272,2026-10-04T01:32:51.7772973Z,idle-client-host,client,host,30000,0.511,0.531,Answered,"The coordinator, pid 31788, took 'host'."
273,2026-10-04T01:32:51.8284254Z,idle-client-host,client,host,30000,0.558,0.695,Answered,"The coordinator, pid 31788, took 'host'."
274,2026-10-04T01:32:51.8799638Z,idle-client-host,client,host,30000,0.510,0.525,Answered,"The coordinator, pid 31788, took 'host'."
275,2026-10-04T01:32:51.9314641Z,idle-client-host,client,host,30000,0.552,0.573,Answered,"The coordinator, pid 31788, took 'host'."
276,2026-10-04T01:32:51.9824547Z,idle-client-host,client,host,30000,0.535,0.560,Answered,"The coordinator, pid 31788, took 'host'."
277,2026-10-04T01:32:52.0336432Z,idle-client-host,client,host,30000,0.508,0.530,Answered,"The coordinator, pid 31788, took 'host'."
278,2026-10-04T01:32:52.0947647Z,idle-client-host,client,host,30000,0.746,0.782,Answered,"The coordinator, pid 31788, took 'host'."
279,2026-10-04T01:32:52.1499352Z,idle-client-host,client,host,30000,1.359,1.760,Answered,"The coordinator, pid 31788, took 'host'."
280,2026-10-04T01:32:52.2010829Z,idle-client-host,client,host,30000,0.768,0.791,Answered,"The coordinator, pid 31788, took 'host'."
281,2026-10-04T01:32:52.2521526Z,idle-client-host,client,host,30000,0.593,0.612,Answered,"The coordinator, pid 31788, took 'host'."
282,2026-10-04T01:32:52.3031746Z,idle-client-host,client,host,30000,0.495,0.514,Answered,"The coordinator, pid 31788, took 'host'."
283,2026-10-04T01:32:52.3539242Z,idle-client-host,client,host,30000,0.531,0.552,Answered,"The coordinator, pid 31788, took 'host'."
284,2026-10-04T01:32:52.4048749Z,idle-client-host,client,host,30000,0.609,0.634,Answered,"The coordinator, pid 31788, took 'host'."
285,2026-10-04T01:32:52.4643653Z,idle-client-host,client,host,30000,0.600,0.622,Answered,"The coordinator, pid 31788, took 'host'."
286,2026-10-04T01:32:52.5165166Z,idle-client-host,client,host,30000,0.595,0.613,Answered,"The coordinator, pid 31788, took 'host'."
287,2026-10-04T01:32:52.5677898Z,idle-client-host,client,host,30000,0.634,0.656,Answered,"The coordinator, pid 31788, took 'host'."
288,2026-10-04T01:32:52.6195412Z,idle-client-host,client,host,30000,0.648,0.670,Answered,"The coordinator, pid 31788, took 'host'."
289,2026-10-04T01:32:52.6706594Z,idle-client-host,client,host,30000,0.596,0.615,Answered,"The coordinator, pid 31788, took 'host'."
290,2026-10-04T01:32:52.7232541Z,idle-client-host,client,host,30000,0.533,0.548,Answered,"The coordinator, pid 31788, took 'host'."
291,2026-10-04T01:32:52.7741730Z,idle-client-host,client,host,30000,0.533,0.551,Answered,"The coordinator, pid 31788, took 'host'."
292,2026-10-04T01:32:52.8256216Z,idle-client-host,client,host,30000,0.541,0.568,Answered,"The coordinator, pid 31788, took 'host'."
293,2026-10-04T01:32:52.8768515Z,idle-client-host,client,host,30000,0.546,0.568,Answered,"The coordinator, pid 31788, took 'host'."
294,2026-10-04T01:32:52.9287140Z,idle-client-host,client,host,30000,0.623,0.648,Answered,"The coordinator, pid 31788, took 'host'."
295,2026-10-04T01:32:52.9799330Z,idle-client-host,client,host,30000,0.811,0.832,Answered,"The coordinator, pid 31788, took 'host'."
296,2026-10-04T01:32:53.0318936Z,idle-client-host,client,host,30000,1.054,1.081,Answered,"The coordinator, pid 31788, took 'host'."
297,2026-10-04T01:32:53.0884039Z,idle-client-host,client,host,30000,1.042,1.058,Answered,"The coordinator, pid 31788, took 'host'."
298,2026-10-04T01:32:53.1411106Z,idle-client-host,client,host,30000,1.078,1.106,Answered,"The coordinator, pid 31788, took 'host'."
299,2026-10-04T01:32:53.1935463Z,idle-client-host,client,host,30000,1.138,1.166,Answered,"The coordinator, pid 31788, took 'host'."
300,2026-10-04T01:32:53.2454311Z,idle-client-host,client,host,30000,1.175,1.205,Answered,"The coordinator, pid 31788, took 'host'."
301,2026-10-04T01:32:53.2969907Z,idle-client-host,client,host,30000,1.006,1.037,Answered,"The coordinator, pid 31788, took 'host'."
302,2026-10-04T01:32:53.3481360Z,idle-client-host,client,host,30000,0.652,0.674,Answered,"The coordinator, pid 31788, took 'host'."
303,2026-10-04T01:32:53.4000410Z,idle-client-host,client,host,30000,0.611,0.631,Answered,"The coordinator, pid 31788, took 'host'."
304,2026-10-04T01:32:53.4549820Z,idle-client-host,client,host,30000,0.694,0.721,Answered,"The coordinator, pid 31788, took 'host'."
305,2026-10-04T01:32:53.5058923Z,idle-client-host,client,host,30000,0.639,0.662,Answered,"The coordinator, pid 31788, took 'host'."
306,2026-10-04T01:32:53.5568861Z,idle-client-host,client,host,30000,0.501,0.518,Answered,"The coordinator, pid 31788, took 'host'."
307,2026-10-04T01:32:53.6078093Z,idle-client-host,client,host,30000,0.563,0.580,Answered,"The coordinator, pid 31788, took 'host'."
308,2026-10-04T01:32:53.6586914Z,idle-client-host,client,host,30000,0.529,0.552,Answered,"The coordinator, pid 31788, took 'host'."
309,2026-10-04T01:32:53.7093587Z,idle-client-host,client,host,30000,0.459,0.478,Answered,"The coordinator, pid 31788, took 'host'."
310,2026-10-04T01:32:53.7614646Z,idle-client-host,client,host,30000,0.519,0.538,Answered,"The coordinator, pid 31788, took 'host'."
311,2026-10-04T01:32:53.8121594Z,idle-client-host,client,host,30000,0.523,0.539,Answered,"The coordinator, pid 31788, took 'host'."
312,2026-10-04T01:32:53.8635215Z,idle-client-host,client,host,30000,0.778,0.807,Answered,"The coordinator, pid 31788, took 'host'."
313,2026-10-04T01:32:53.9159227Z,idle-client-host,client,host,30000,0.619,0.646,Answered,"The coordinator, pid 31788, took 'host'."
314,2026-10-04T01:32:53.9679072Z,idle-client-host,client,host,30000,0.553,0.570,Answered,"The coordinator, pid 31788, took 'host'."
315,2026-10-04T01:32:54.0197253Z,idle-client-host,client,host,30000,0.639,0.664,Answered,"The coordinator, pid 31788, took 'host'."
316,2026-10-04T01:32:54.0783269Z,idle-client-host,client,host,30000,0.674,0.700,Answered,"The coordinator, pid 31788, took 'host'."
317,2026-10-04T01:32:54.1299695Z,idle-client-host,client,host,30000,0.591,0.606,Answered,"The coordinator, pid 31788, took 'host'."
318,2026-10-04T01:32:54.1806443Z,idle-client-host,client,host,30000,0.465,0.484,Answered,"The coordinator, pid 31788, took 'host'."
319,2026-10-04T01:32:54.2315429Z,idle-client-host,client,host,30000,0.449,0.472,Answered,"The coordinator, pid 31788, took 'host'."
320,2026-10-04T01:32:54.2828105Z,idle-client-host,client,host,30000,0.513,0.530,Answered,"The coordinator, pid 31788, took 'host'."
321,2026-10-04T01:32:54.3357583Z,idle-client-host,client,host,30000,0.562,0.584,Answered,"The coordinator, pid 31788, took 'host'."
322,2026-10-04T01:32:54.3868684Z,idle-client-host,client,host,30000,0.567,0.591,Answered,"The coordinator, pid 31788, took 'host'."
323,2026-10-04T01:32:54.4478741Z,idle-client-host,client,host,30000,0.518,0.537,Answered,"The coordinator, pid 31788, took 'host'."
324,2026-10-04T01:32:54.4986110Z,idle-client-host,client,host,30000,0.559,0.576,Answered,"The coordinator, pid 31788, took 'host'."
325,2026-10-04T01:32:54.5498182Z,idle-client-host,client,host,30000,0.532,0.553,Answered,"The coordinator, pid 31788, took 'host'."
326,2026-10-04T01:32:54.6006864Z,idle-client-host,client,host,30000,0.504,0.518,Answered,"The coordinator, pid 31788, took 'host'."
327,2026-10-04T01:32:54.6524210Z,idle-client-host,client,host,30000,0.533,0.554,Answered,"The coordinator, pid 31788, took 'host'."
328,2026-10-04T01:32:54.7033115Z,idle-client-host,client,host,30000,0.497,0.517,Answered,"The coordinator, pid 31788, took 'host'."
329,2026-10-04T01:32:54.7540558Z,idle-client-host,client,host,30000,0.543,0.564,Answered,"The coordinator, pid 31788, took 'host'."
330,2026-10-04T01:32:54.8194134Z,idle-client-host,client,host,30000,0.546,0.564,Answered,"The coordinator, pid 31788, took 'host'."
331,2026-10-04T01:32:54.8702633Z,idle-client-host,client,host,30000,0.568,0.585,Answered,"The coordinator, pid 31788, took 'host'."
332,2026-10-04T01:32:54.9228388Z,idle-client-host,client,host,30000,1.562,1.616,Answered,"The coordinator, pid 31788, took 'host'."
333,2026-10-04T01:32:54.9751746Z,idle-client-host,client,host,30000,1.056,1.089,Answered,"The coordinator, pid 31788, took 'host'."
334,2026-10-04T01:32:55.0274573Z,idle-client-host,client,host,30000,1.218,1.277,Answered,"The coordinator, pid 31788, took 'host'."
335,2026-10-04T01:32:55.0793467Z,idle-client-host,client,host,30000,1.050,1.068,Answered,"The coordinator, pid 31788, took 'host'."
336,2026-10-04T01:32:55.1310883Z,idle-client-host,client,host,30000,1.131,1.176,Answered,"The coordinator, pid 31788, took 'host'."
337,2026-10-04T01:32:55.1972661Z,idle-client-host,client,host,30000,1.003,1.031,Answered,"The coordinator, pid 31788, took 'host'."
338,2026-10-04T01:32:55.2484165Z,idle-client-host,client,host,30000,0.789,0.811,Answered,"The coordinator, pid 31788, took 'host'."
339,2026-10-04T01:32:55.3013660Z,idle-client-host,client,host,30000,1.318,1.342,Answered,"The coordinator, pid 31788, took 'host'."
340,2026-10-04T01:32:55.3536211Z,idle-client-host,client,host,30000,1.437,1.475,Answered,"The coordinator, pid 31788, took 'host'."
341,2026-10-04T01:32:55.4049123Z,idle-client-host,client,host,30000,0.927,0.959,Answered,"The coordinator, pid 31788, took 'host'."
342,2026-10-04T01:32:55.4561245Z,idle-client-host,client,host,30000,0.460,0.476,Answered,"The coordinator, pid 31788, took 'host'."
343,2026-10-04T01:32:55.5071790Z,idle-client-host,client,host,30000,0.585,0.606,Answered,"The coordinator, pid 31788, took 'host'."
344,2026-10-04T01:32:55.5667401Z,idle-client-host,client,host,30000,0.517,0.534,Answered,"The coordinator, pid 31788, took 'host'."
345,2026-10-04T01:32:55.6178450Z,idle-client-host,client,host,30000,0.471,0.485,Answered,"The coordinator, pid 31788, took 'host'."
346,2026-10-04T01:32:55.6689410Z,idle-client-host,client,host,30000,0.503,0.523,Answered,"The coordinator, pid 31788, took 'host'."
347,2026-10-04T01:32:55.7199047Z,idle-client-host,client,host,30000,0.524,0.545,Answered,"The coordinator, pid 31788, took 'host'."
348,2026-10-04T01:32:55.7708102Z,idle-client-host,client,host,30000,0.576,0.596,Answered,"The coordinator, pid 31788, took 'host'."
349,2026-10-04T01:32:55.8219632Z,idle-client-host,client,host,30000,0.576,0.594,Answered,"The coordinator, pid 31788, took 'host'."
350,2026-10-04T01:32:55.8728148Z,idle-client-host,client,host,30000,0.508,0.529,Answered,"The coordinator, pid 31788, took 'host'."
351,2026-10-04T01:32:55.9254205Z,idle-client-host,client,host,30000,0.521,0.543,Answered,"The coordinator, pid 31788, took 'host'."
352,2026-10-04T01:32:55.9768093Z,idle-client-host,client,host,30000,0.545,0.566,Answered,"The coordinator, pid 31788, took 'host'."
353,2026-10-04T01:32:56.0276281Z,idle-client-host,client,host,30000,0.528,0.547,Answered,"The coordinator, pid 31788, took 'host'."
354,2026-10-04T01:32:56.0783576Z,idle-client-host,client,host,30000,0.533,0.547,Answered,"The coordinator, pid 31788, took 'host'."
355,2026-10-04T01:32:56.1294997Z,idle-client-host,client,host,30000,0.621,0.637,Answered,"The coordinator, pid 31788, took 'host'."
356,2026-10-04T01:32:56.1952741Z,idle-client-host,client,host,30000,0.712,0.735,Answered,"The coordinator, pid 31788, took 'host'."
357,2026-10-04T01:32:56.2463946Z,idle-client-host,client,host,30000,0.563,0.590,Answered,"The coordinator, pid 31788, took 'host'."
358,2026-10-04T01:32:56.2973966Z,idle-client-host,client,host,30000,0.507,0.529,Answered,"The coordinator, pid 31788, took 'host'."
359,2026-10-04T01:32:56.3484456Z,idle-client-host,client,host,30000,0.499,0.522,Answered,"The coordinator, pid 31788, took 'host'."
360,2026-10-04T01:32:56.3992264Z,idle-client-host,client,host,30000,0.581,0.603,Answered,"The coordinator, pid 31788, took 'host'."
361,2026-10-04T01:32:56.4509064Z,idle-client-host,client,host,30000,0.528,0.550,Answered,"The coordinator, pid 31788, took 'host'."
362,2026-10-04T01:32:56.5022520Z,idle-client-host,client,host,30000,0.662,0.681,Answered,"The coordinator, pid 31788, took 'host'."
363,2026-10-04T01:32:56.5679800Z,idle-client-host,client,host,30000,0.514,0.529,Answered,"The coordinator, pid 31788, took 'host'."
364,2026-10-04T01:32:56.6197141Z,idle-client-host,client,host,30000,0.516,0.535,Answered,"The coordinator, pid 31788, took 'host'."
365,2026-10-04T01:32:56.6718117Z,idle-client-host,client,host,30000,0.528,0.550,Answered,"The coordinator, pid 31788, took 'host'."
366,2026-10-04T01:32:56.7232435Z,idle-client-host,client,host,30000,0.561,0.583,Answered,"The coordinator, pid 31788, took 'host'."
367,2026-10-04T01:32:56.7740505Z,idle-client-host,client,host,30000,0.474,0.493,Answered,"The coordinator, pid 31788, took 'host'."
368,2026-10-04T01:32:56.8249225Z,idle-client-host,client,host,30000,0.491,0.504,Answered,"The coordinator, pid 31788, took 'host'."
369,2026-10-04T01:32:56.8768736Z,idle-client-host,client,host,30000,0.510,0.529,Answered,"The coordinator, pid 31788, took 'host'."
370,2026-10-04T01:32:56.9421288Z,idle-client-host,client,host,30000,0.579,0.604,Answered,"The coordinator, pid 31788, took 'host'."
371,2026-10-04T01:32:56.9931086Z,idle-client-host,client,host,30000,0.623,0.649,Answered,"The coordinator, pid 31788, took 'host'."
372,2026-10-04T01:32:57.0440838Z,idle-client-host,client,host,30000,0.536,0.556,Answered,"The coordinator, pid 31788, took 'host'."
373,2026-10-04T01:32:57.0951137Z,idle-client-host,client,host,30000,0.518,0.537,Answered,"The coordinator, pid 31788, took 'host'."
374,2026-10-04T01:32:57.1466571Z,idle-client-host,client,host,30000,0.452,0.469,Answered,"The coordinator, pid 31788, took 'host'."
375,2026-10-04T01:32:57.1988932Z,idle-client-host,client,host,30000,0.566,0.585,Answered,"The coordinator, pid 31788, took 'host'."
376,2026-10-04T01:32:57.2501336Z,idle-client-host,client,host,30000,0.720,0.741,Answered,"The coordinator, pid 31788, took 'host'."
377,2026-10-04T01:32:57.3128917Z,idle-client-host,client,host,30000,0.525,0.544,Answered,"The coordinator, pid 31788, took 'host'."
378,2026-10-04T01:32:57.3651909Z,idle-client-host,client,host,30000,0.583,0.611,Answered,"The coordinator, pid 31788, took 'host'."
379,2026-10-04T01:32:57.4164853Z,idle-client-host,client,host,30000,0.491,0.512,Answered,"The coordinator, pid 31788, took 'host'."
380,2026-10-04T01:32:57.4672305Z,idle-client-host,client,host,30000,0.568,0.587,Answered,"The coordinator, pid 31788, took 'host'."
381,2026-10-04T01:32:57.5194771Z,idle-client-host,client,host,30000,0.612,0.632,Answered,"The coordinator, pid 31788, took 'host'."
382,2026-10-04T01:32:57.5716673Z,idle-client-host,client,host,30000,0.668,0.683,Answered,"The coordinator, pid 31788, took 'host'."
383,2026-10-04T01:32:57.6227000Z,idle-client-host,client,host,30000,0.533,0.553,Answered,"The coordinator, pid 31788, took 'host'."
384,2026-10-04T01:32:57.6880621Z,idle-client-host,client,host,30000,0.532,0.551,Answered,"The coordinator, pid 31788, took 'host'."
385,2026-10-04T01:32:57.7393111Z,idle-client-host,client,host,30000,0.542,0.565,Answered,"The coordinator, pid 31788, took 'host'."
386,2026-10-04T01:32:57.7903261Z,idle-client-host,client,host,30000,0.487,0.509,Answered,"The coordinator, pid 31788, took 'host'."
387,2026-10-04T01:32:57.8412977Z,idle-client-host,client,host,30000,0.474,0.493,Answered,"The coordinator, pid 31788, took 'host'."
388,2026-10-04T01:32:57.8920440Z,idle-client-host,client,host,30000,0.449,0.466,Answered,"The coordinator, pid 31788, took 'host'."
389,2026-10-04T01:32:57.9434207Z,idle-client-host,client,host,30000,0.505,0.524,Answered,"The coordinator, pid 31788, took 'host'."
390,2026-10-04T01:32:57.9953050Z,idle-client-host,client,host,30000,0.668,0.692,Answered,"The coordinator, pid 31788, took 'host'."
391,2026-10-04T01:32:58.0566837Z,idle-client-host,client,host,30000,0.505,0.522,Answered,"The coordinator, pid 31788, took 'host'."
392,2026-10-04T01:32:58.1074465Z,idle-client-host,client,host,30000,0.478,0.493,Answered,"The coordinator, pid 31788, took 'host'."
393,2026-10-04T01:32:58.1581843Z,idle-client-host,client,host,30000,0.504,0.518,Answered,"The coordinator, pid 31788, took 'host'."
394,2026-10-04T01:32:58.2098646Z,idle-client-host,client,host,30000,0.490,0.510,Answered,"The coordinator, pid 31788, took 'host'."
395,2026-10-04T01:32:58.2618962Z,idle-client-host,client,host,30000,0.534,0.554,Answered,"The coordinator, pid 31788, took 'host'."
396,2026-10-04T01:32:58.3131329Z,idle-client-host,client,host,30000,0.659,0.681,Answered,"The coordinator, pid 31788, took 'host'."
397,2026-10-04T01:32:58.3658290Z,idle-client-host,client,host,30000,0.576,0.596,Answered,"The coordinator, pid 31788, took 'host'."
398,2026-10-04T01:32:58.4278669Z,idle-client-host,client,host,30000,0.539,0.560,Answered,"The coordinator, pid 31788, took 'host'."
399,2026-10-04T01:32:58.4787430Z,idle-client-host,client,host,30000,0.502,0.518,Answered,"The coordinator, pid 31788, took 'host'."
400,2026-10-04T01:32:58.5303388Z,idle-client-host,client,host,30000,0.767,0.790,Answered,"The coordinator, pid 31788, took 'host'."
401,2026-10-04T01:32:58.5812845Z,idle-client-host,client,host,30000,0.517,0.536,Answered,"The coordinator, pid 31788, took 'host'."
402,2026-10-04T01:32:58.6322963Z,idle-client-host,client,host,30000,0.504,0.526,Answered,"The coordinator, pid 31788, took 'host'."
403,2026-10-04T01:32:58.6833912Z,idle-client-host,client,host,30000,0.547,0.567,Answered,"The coordinator, pid 31788, took 'host'."
404,2026-10-04T01:32:58.7357025Z,idle-client-host,client,host,30000,0.662,0.692,Answered,"The coordinator, pid 31788, took 'host'."
405,2026-10-04T01:32:58.7868061Z,idle-client-host,client,host,30000,0.613,0.637,Answered,"The coordinator, pid 31788, took 'host'."
406,2026-10-04T01:32:58.8378298Z,idle-client-host,client,host,30000,0.519,0.535,Answered,"The coordinator, pid 31788, took 'host'."
407,2026-10-04T01:32:58.8884542Z,idle-client-host,client,host,30000,0.435,0.450,Answered,"The coordinator, pid 31788, took 'host'."
408,2026-10-04T01:32:58.9401127Z,idle-client-host,client,host,30000,0.436,0.457,Answered,"The coordinator, pid 31788, took 'host'."
409,2026-10-04T01:32:58.9912050Z,idle-client-host,client,host,30000,0.554,0.578,Answered,"The coordinator, pid 31788, took 'host'."
410,2026-10-04T01:32:59.0517038Z,idle-client-host,client,host,30000,0.523,0.542,Answered,"The coordinator, pid 31788, took 'host'."
411,2026-10-04T01:32:59.1027671Z,idle-client-host,client,host,30000,0.531,0.553,Answered,"The coordinator, pid 31788, took 'host'."
412,2026-10-04T01:32:59.1535792Z,idle-client-host,client,host,30000,0.641,0.657,Answered,"The coordinator, pid 31788, took 'host'."
413,2026-10-04T01:32:59.2057562Z,idle-client-host,client,host,30000,0.603,0.623,Answered,"The coordinator, pid 31788, took 'host'."
414,2026-10-04T01:32:59.2566762Z,idle-client-host,client,host,30000,0.476,0.492,Answered,"The coordinator, pid 31788, took 'host'."
415,2026-10-04T01:32:59.3083190Z,idle-client-host,client,host,30000,0.535,0.551,Answered,"The coordinator, pid 31788, took 'host'."
416,2026-10-04T01:32:59.3594711Z,idle-client-host,client,host,30000,0.455,0.475,Answered,"The coordinator, pid 31788, took 'host'."
417,2026-10-04T01:32:59.4196752Z,idle-client-host,client,host,30000,0.678,0.700,Answered,"The coordinator, pid 31788, took 'host'."
418,2026-10-04T01:32:59.4712458Z,idle-client-host,client,host,30000,0.560,0.578,Answered,"The coordinator, pid 31788, took 'host'."
419,2026-10-04T01:32:59.5223757Z,idle-client-host,client,host,30000,0.463,0.475,Answered,"The coordinator, pid 31788, took 'host'."
420,2026-10-04T01:32:59.5732006Z,idle-client-host,client,host,30000,0.450,0.466,Answered,"The coordinator, pid 31788, took 'host'."
421,2026-10-04T01:32:59.6250793Z,idle-client-host,client,host,30000,0.513,0.534,Answered,"The coordinator, pid 31788, took 'host'."
422,2026-10-04T01:32:59.6801372Z,idle-client-host,client,host,30000,0.513,0.534,Answered,"The coordinator, pid 31788, took 'host'."
423,2026-10-04T01:32:59.7309493Z,idle-client-host,client,host,30000,0.401,0.416,Answered,"The coordinator, pid 31788, took 'host'."
424,2026-10-04T01:32:59.7828820Z,idle-client-host,client,host,30000,0.652,0.673,Answered,"The coordinator, pid 31788, took 'host'."
425,2026-10-04T01:32:59.8351202Z,idle-client-host,client,host,30000,1.147,1.163,Answered,"The coordinator, pid 31788, took 'host'."
426,2026-10-04T01:32:59.8866499Z,idle-client-host,client,host,30000,0.528,0.541,Answered,"The coordinator, pid 31788, took 'host'."
427,2026-10-04T01:32:59.9377887Z,idle-client-host,client,host,30000,0.501,0.527,Answered,"The coordinator, pid 31788, took 'host'."
428,2026-10-04T01:32:59.9892061Z,idle-client-host,client,host,30000,0.480,0.495,Answered,"The coordinator, pid 31788, took 'host'."
429,2026-10-04T01:33:00.0513349Z,idle-client-host,client,host,30000,0.521,0.539,Answered,"The coordinator, pid 31788, took 'host'."
430,2026-10-04T01:33:00.1030029Z,idle-client-host,client,host,30000,0.467,0.498,Answered,"The coordinator, pid 31788, took 'host'."
431,2026-10-04T01:33:00.1537639Z,idle-client-host,client,host,30000,0.397,0.412,Answered,"The coordinator, pid 31788, took 'host'."
432,2026-10-04T01:33:00.2053755Z,idle-client-host,client,host,30000,0.514,0.530,Answered,"The coordinator, pid 31788, took 'host'."
433,2026-10-04T01:33:00.2560829Z,idle-client-host,client,host,30000,0.422,0.435,Answered,"The coordinator, pid 31788, took 'host'."
434,2026-10-04T01:33:00.3068423Z,idle-client-host,client,host,30000,0.499,0.517,Answered,"The coordinator, pid 31788, took 'host'."
435,2026-10-04T01:33:00.3579152Z,idle-client-host,client,host,30000,0.543,0.562,Answered,"The coordinator, pid 31788, took 'host'."
436,2026-10-04T01:33:00.4226563Z,idle-client-host,client,host,30000,0.632,0.648,Answered,"The coordinator, pid 31788, took 'host'."
437,2026-10-04T01:33:00.4734350Z,idle-client-host,client,host,30000,0.460,0.476,Answered,"The coordinator, pid 31788, took 'host'."
438,2026-10-04T01:33:00.5252872Z,idle-client-host,client,host,30000,0.527,0.544,Answered,"The coordinator, pid 31788, took 'host'."
439,2026-10-04T01:33:00.5769976Z,idle-client-host,client,host,30000,0.552,0.572,Answered,"The coordinator, pid 31788, took 'host'."
440,2026-10-04T01:33:00.6281601Z,idle-client-host,client,host,30000,0.490,0.509,Answered,"The coordinator, pid 31788, took 'host'."
441,2026-10-04T01:33:00.6792921Z,idle-client-host,client,host,30000,0.512,0.535,Answered,"The coordinator, pid 31788, took 'host'."
442,2026-10-04T01:33:00.7311214Z,idle-client-host,client,host,30000,0.515,0.530,Answered,"The coordinator, pid 31788, took 'host'."
443,2026-10-04T01:33:00.7912341Z,idle-client-host,client,host,30000,0.610,0.635,Answered,"The coordinator, pid 31788, took 'host'."
444,2026-10-04T01:33:00.8430209Z,idle-client-host,client,host,30000,0.472,0.489,Answered,"The coordinator, pid 31788, took 'host'."
445,2026-10-04T01:33:00.8944352Z,idle-client-host,client,host,30000,0.524,0.547,Answered,"The coordinator, pid 31788, took 'host'."
446,2026-10-04T01:33:00.9468359Z,idle-client-host,client,host,30000,0.727,0.749,Answered,"The coordinator, pid 31788, took 'host'."
447,2026-10-04T01:33:00.9977127Z,idle-client-host,client,host,30000,0.437,0.451,Answered,"The coordinator, pid 31788, took 'host'."
448,2026-10-04T01:33:01.0488128Z,idle-client-host,client,host,30000,0.449,0.464,Answered,"The coordinator, pid 31788, took 'host'."
449,2026-10-04T01:33:01.1002395Z,idle-client-host,client,host,30000,0.553,0.574,Answered,"The coordinator, pid 31788, took 'host'."
450,2026-10-04T01:33:01.1635303Z,idle-client-host,client,host,30000,0.697,0.718,Answered,"The coordinator, pid 31788, took 'host'."
451,2026-10-04T01:33:01.2145643Z,idle-client-host,client,host,30000,0.607,0.627,Answered,"The coordinator, pid 31788, took 'host'."
452,2026-10-04T01:33:01.2658167Z,idle-client-host,client,host,30000,0.527,0.546,Answered,"The coordinator, pid 31788, took 'host'."
453,2026-10-04T01:33:01.3177150Z,idle-client-host,client,host,30000,0.515,0.534,Answered,"The coordinator, pid 31788, took 'host'."
454,2026-10-04T01:33:01.3691943Z,idle-client-host,client,host,30000,0.538,0.556,Answered,"The coordinator, pid 31788, took 'host'."
455,2026-10-04T01:33:01.4200770Z,idle-client-host,client,host,30000,0.667,0.688,Answered,"The coordinator, pid 31788, took 'host'."
456,2026-10-04T01:33:01.4715466Z,idle-client-host,client,host,30000,0.460,0.476,Answered,"The coordinator, pid 31788, took 'host'."
457,2026-10-04T01:33:01.5304103Z,idle-client-host,client,host,30000,0.677,0.699,Answered,"The coordinator, pid 31788, took 'host'."
458,2026-10-04T01:33:01.5813510Z,idle-client-host,client,host,30000,0.461,0.476,Answered,"The coordinator, pid 31788, took 'host'."
459,2026-10-04T01:33:01.6331384Z,idle-client-host,client,host,30000,0.423,0.438,Answered,"The coordinator, pid 31788, took 'host'."
460,2026-10-04T01:33:01.6841760Z,idle-client-host,client,host,30000,0.412,0.426,Answered,"The coordinator, pid 31788, took 'host'."
461,2026-10-04T01:33:01.7350069Z,idle-client-host,client,host,30000,0.483,0.499,Answered,"The coordinator, pid 31788, took 'host'."
462,2026-10-04T01:33:01.7864868Z,idle-client-host,client,host,30000,0.409,0.424,Answered,"The coordinator, pid 31788, took 'host'."
463,2026-10-04T01:33:01.8382258Z,idle-client-host,client,host,30000,0.432,0.447,Answered,"The coordinator, pid 31788, took 'host'."
464,2026-10-04T01:33:01.9015979Z,idle-client-host,client,host,30000,0.825,0.842,Answered,"The coordinator, pid 31788, took 'host'."
465,2026-10-04T01:33:01.9524398Z,idle-client-host,client,host,30000,0.597,0.615,Answered,"The coordinator, pid 31788, took 'host'."
466,2026-10-04T01:33:02.0032585Z,idle-client-host,client,host,30000,0.584,0.601,Answered,"The coordinator, pid 31788, took 'host'."
467,2026-10-04T01:33:02.0556773Z,idle-client-host,client,host,30000,0.635,0.650,Answered,"The coordinator, pid 31788, took 'host'."
468,2026-10-04T01:33:02.1068769Z,idle-client-host,client,host,30000,0.497,0.516,Answered,"The coordinator, pid 31788, took 'host'."
469,2026-10-04T01:33:02.1581156Z,idle-client-host,client,host,30000,0.524,0.540,Answered,"The coordinator, pid 31788, took 'host'."
470,2026-10-04T01:33:02.2097065Z,idle-client-host,client,host,30000,0.555,0.564,Answered,"The coordinator, pid 31788, took 'host'."
471,2026-10-04T01:33:02.2732021Z,idle-client-host,client,host,30000,0.634,0.654,Answered,"The coordinator, pid 31788, took 'host'."
472,2026-10-04T01:33:02.3246730Z,idle-client-host,client,host,30000,0.608,0.628,Answered,"The coordinator, pid 31788, took 'host'."
473,2026-10-04T01:33:02.3763005Z,idle-client-host,client,host,30000,0.501,0.516,Answered,"The coordinator, pid 31788, took 'host'."
474,2026-10-04T01:33:02.4274705Z,idle-client-host,client,host,30000,0.552,0.588,Answered,"The coordinator, pid 31788, took 'host'."
475,2026-10-04T01:33:02.4785657Z,idle-client-host,client,host,30000,0.745,0.763,Answered,"The coordinator, pid 31788, took 'host'."
476,2026-10-04T01:33:02.5303801Z,idle-client-host,client,host,30000,0.530,0.549,Answered,"The coordinator, pid 31788, took 'host'."
477,2026-10-04T01:33:02.5813955Z,idle-client-host,client,host,30000,0.447,0.461,Answered,"The coordinator, pid 31788, took 'host'."
478,2026-10-04T01:33:02.6436106Z,idle-client-host,client,host,30000,0.571,0.589,Answered,"The coordinator, pid 31788, took 'host'."
479,2026-10-04T01:33:02.6947304Z,idle-client-host,client,host,30000,0.464,0.479,Answered,"The coordinator, pid 31788, took 'host'."
480,2026-10-04T01:33:02.7457284Z,idle-client-host,client,host,30000,0.512,0.528,Answered,"The coordinator, pid 31788, took 'host'."
481,2026-10-04T01:33:02.7963526Z,idle-client-host,client,host,30000,0.476,0.497,Answered,"The coordinator, pid 31788, took 'host'."
482,2026-10-04T01:33:02.8475980Z,idle-client-host,client,host,30000,0.470,0.485,Answered,"The coordinator, pid 31788, took 'host'."
483,2026-10-04T01:33:02.8983910Z,idle-client-host,client,host,30000,0.582,0.597,Answered,"The coordinator, pid 31788, took 'host'."
484,2026-10-04T01:33:02.9500671Z,idle-client-host,client,host,30000,0.412,0.425,Answered,"The coordinator, pid 31788, took 'host'."
485,2026-10-04T01:33:03.0015296Z,idle-client-host,client,host,30000,0.476,0.496,Answered,"The coordinator, pid 31788, took 'host'."
486,2026-10-04T01:33:03.0530264Z,idle-client-host,client,host,30000,0.525,0.542,Answered,"The coordinator, pid 31788, took 'host'."
487,2026-10-04T01:33:03.1036586Z,idle-client-host,client,host,30000,0.468,0.484,Answered,"The coordinator, pid 31788, took 'host'."
488,2026-10-04T01:33:03.1558301Z,idle-client-host,client,host,30000,0.512,0.536,Answered,"The coordinator, pid 31788, took 'host'."
489,2026-10-04T01:33:03.2077446Z,idle-client-host,client,host,30000,0.409,0.427,Answered,"The coordinator, pid 31788, took 'host'."
490,2026-10-04T01:33:03.2691669Z,idle-client-host,client,host,30000,0.473,0.488,Answered,"The coordinator, pid 31788, took 'host'."
491,2026-10-04T01:33:03.3201403Z,idle-client-host,client,host,30000,0.454,0.470,Answered,"The coordinator, pid 31788, took 'host'."
492,2026-10-04T01:33:03.3709990Z,idle-client-host,client,host,30000,0.537,0.555,Answered,"The coordinator, pid 31788, took 'host'."
493,2026-10-04T01:33:03.4218913Z,idle-client-host,client,host,30000,0.528,0.548,Answered,"The coordinator, pid 31788, took 'host'."
494,2026-10-04T01:33:03.4731809Z,idle-client-host,client,host,30000,0.473,0.491,Answered,"The coordinator, pid 31788, took 'host'."
495,2026-10-04T01:33:03.5252352Z,idle-client-host,client,host,30000,0.610,0.637,Answered,"The coordinator, pid 31788, took 'host'."
496,2026-10-04T01:33:03.5765958Z,idle-client-host,client,host,30000,0.583,0.602,Answered,"The coordinator, pid 31788, took 'host'."
497,2026-10-04T01:33:03.6283581Z,idle-client-host,client,host,30000,0.548,0.569,Answered,"The coordinator, pid 31788, took 'host'."
498,2026-10-04T01:33:03.6801522Z,idle-client-host,client,host,30000,0.539,0.557,Answered,"The coordinator, pid 31788, took 'host'."
499,2026-10-04T01:33:03.7308417Z,idle-client-host,client,host,30000,0.494,0.508,Answered,"The coordinator, pid 31788, took 'host'."
500,2026-10-04T01:33:03.7819227Z,idle-client-host,client,host,30000,0.580,0.595,Answered,"The coordinator, pid 31788, took 'host'."
501,2026-10-04T01:33:03.8326409Z,idle-client-host,client,host,30000,0.493,0.508,Answered,"The coordinator, pid 31788, took 'host'."
502,2026-10-04T01:33:03.8956498Z,idle-client-host,client,host,30000,0.613,0.633,Answered,"The coordinator, pid 31788, took 'host'."
503,2026-10-04T01:33:03.9469458Z,idle-client-host,client,host,30000,0.811,0.828,Answered,"The coordinator, pid 31788, took 'host'."
504,2026-10-04T01:33:03.9987210Z,idle-client-host,client,host,30000,0.520,0.536,Answered,"The coordinator, pid 31788, took 'host'."
505,2026-10-04T01:33:04.0493226Z,idle-client-host,client,host,30000,0.423,0.437,Answered,"The coordinator, pid 31788, took 'host'."
506,2026-10-04T01:33:04.1008338Z,idle-client-host,client,host,30000,0.488,0.501,Answered,"The coordinator, pid 31788, took 'host'."
507,2026-10-04T01:33:04.1518397Z,idle-client-host,client,host,30000,0.455,0.474,Answered,"The coordinator, pid 31788, took 'host'."
508,2026-10-04T01:33:04.2031216Z,idle-client-host,client,host,30000,0.489,0.505,Answered,"The coordinator, pid 31788, took 'host'."
509,2026-10-04T01:33:04.2554839Z,idle-client-host,client,host,30000,0.505,0.519,Answered,"The coordinator, pid 31788, took 'host'."
510,2026-10-04T01:33:04.3097106Z,idle-client-host,client,host,30000,3.288,3.313,Answered,"The coordinator, pid 31788, took 'host'."
511,2026-10-04T01:33:04.3607757Z,idle-client-host,client,host,30000,0.458,0.472,Answered,"The coordinator, pid 31788, took 'host'."
512,2026-10-04T01:33:04.4122231Z,idle-client-host,client,host,30000,0.595,0.617,Answered,"The coordinator, pid 31788, took 'host'."
513,2026-10-04T01:33:04.4637731Z,idle-client-host,client,host,30000,0.852,0.871,Answered,"The coordinator, pid 31788, took 'host'."
514,2026-10-04T01:33:04.5250844Z,idle-client-host,client,host,30000,0.559,0.578,Answered,"The coordinator, pid 31788, took 'host'."
515,2026-10-04T01:33:04.5757739Z,idle-client-host,client,host,30000,0.509,0.526,Answered,"The coordinator, pid 31788, took 'host'."
516,2026-10-04T01:33:04.6277523Z,idle-client-host,client,host,30000,0.538,0.556,Answered,"The coordinator, pid 31788, took 'host'."
517,2026-10-04T01:33:04.6796822Z,idle-client-host,client,host,30000,0.539,0.560,Answered,"The coordinator, pid 31788, took 'host'."
518,2026-10-04T01:33:04.7307723Z,idle-client-host,client,host,30000,0.537,0.552,Answered,"The coordinator, pid 31788, took 'host'."
519,2026-10-04T01:33:04.7825220Z,idle-client-host,client,host,30000,0.475,0.492,Answered,"The coordinator, pid 31788, took 'host'."
520,2026-10-04T01:33:04.8335725Z,idle-client-host,client,host,30000,0.674,0.695,Answered,"The coordinator, pid 31788, took 'host'."
521,2026-10-04T01:33:04.9045499Z,idle-client-host,client,host,30000,0.752,0.773,Answered,"The coordinator, pid 31788, took 'host'."
522,2026-10-04T01:33:04.9556187Z,idle-client-host,client,host,30000,0.542,0.561,Answered,"The coordinator, pid 31788, took 'host'."
523,2026-10-04T01:33:05.0188584Z,idle-client-host,client,host,30000,0.559,0.578,Answered,"The coordinator, pid 31788, took 'host'."
524,2026-10-04T01:33:05.0700968Z,idle-client-host,client,host,30000,0.623,0.647,Answered,"The coordinator, pid 31788, took 'host'."
525,2026-10-04T01:33:05.1209741Z,idle-client-host,client,host,30000,0.523,0.541,Answered,"The coordinator, pid 31788, took 'host'."
526,2026-10-04T01:33:05.1723982Z,idle-client-host,client,host,30000,0.625,0.646,Answered,"The coordinator, pid 31788, took 'host'."
527,2026-10-04T01:33:05.2232708Z,idle-client-host,client,host,30000,0.476,0.493,Answered,"The coordinator, pid 31788, took 'host'."
528,2026-10-04T01:33:05.2745394Z,idle-client-host,client,host,30000,0.579,0.615,Answered,"The coordinator, pid 31788, took 'host'."
529,2026-10-04T01:33:05.3263137Z,idle-client-host,client,host,30000,0.579,0.601,Answered,"The coordinator, pid 31788, took 'host'."
530,2026-10-04T01:33:05.3773361Z,idle-client-host,client,host,30000,0.435,0.450,Answered,"The coordinator, pid 31788, took 'host'."
531,2026-10-04T01:33:05.4283791Z,idle-client-host,client,host,30000,0.569,0.594,Answered,"The coordinator, pid 31788, took 'host'."
532,2026-10-04T01:33:05.4794856Z,idle-client-host,client,host,30000,0.490,0.514,Answered,"The coordinator, pid 31788, took 'host'."
533,2026-10-04T01:33:05.5328477Z,idle-client-host,client,host,30000,0.665,1.840,Answered,"The coordinator, pid 31788, took 'host'."
534,2026-10-04T01:33:05.5841338Z,idle-client-host,client,host,30000,0.588,0.604,Answered,"The coordinator, pid 31788, took 'host'."
535,2026-10-04T01:33:05.6395482Z,idle-client-host,client,host,30000,0.548,0.567,Answered,"The coordinator, pid 31788, took 'host'."
536,2026-10-04T01:33:05.6907165Z,idle-client-host,client,host,30000,0.516,0.536,Answered,"The coordinator, pid 31788, took 'host'."
537,2026-10-04T01:33:05.7418166Z,idle-client-host,client,host,30000,0.498,0.516,Answered,"The coordinator, pid 31788, took 'host'."
538,2026-10-04T01:33:05.7969117Z,idle-client-host,client,host,30000,4.233,4.267,Answered,"The coordinator, pid 31788, took 'host'."
539,2026-10-04T01:33:05.8478471Z,idle-client-host,client,host,30000,0.525,0.544,Answered,"The coordinator, pid 31788, took 'host'."
540,2026-10-04T01:33:05.8990723Z,idle-client-host,client,host,30000,0.623,0.640,Answered,"The coordinator, pid 31788, took 'host'."
541,2026-10-04T01:33:05.9501626Z,idle-client-host,client,host,30000,0.504,0.517,Answered,"The coordinator, pid 31788, took 'host'."
542,2026-10-04T01:33:06.0075315Z,idle-client-host,client,host,30000,0.809,0.846,Answered,"The coordinator, pid 31788, took 'host'."
543,2026-10-04T01:33:06.0587287Z,idle-client-host,client,host,30000,0.609,0.629,Answered,"The coordinator, pid 31788, took 'host'."
544,2026-10-04T01:33:06.1166065Z,idle-client-host,client,host,30000,6.672,6.710,Answered,"The coordinator, pid 31788, took 'host'."
545,2026-10-04T01:33:06.1683950Z,idle-client-host,client,host,30000,0.783,0.799,Answered,"The coordinator, pid 31788, took 'host'."
546,2026-10-04T01:33:06.2200702Z,idle-client-host,client,host,30000,0.511,0.534,Answered,"The coordinator, pid 31788, took 'host'."
547,2026-10-04T01:33:06.2716730Z,idle-client-host,client,host,30000,0.495,0.514,Answered,"The coordinator, pid 31788, took 'host'."
548,2026-10-04T01:33:06.3228125Z,idle-client-host,client,host,30000,0.494,0.514,Answered,"The coordinator, pid 31788, took 'host'."
549,2026-10-04T01:33:06.3863397Z,idle-client-host,client,host,30000,0.532,0.551,Answered,"The coordinator, pid 31788, took 'host'."
550,2026-10-04T01:33:06.4375672Z,idle-client-host,client,host,30000,0.514,0.531,Answered,"The coordinator, pid 31788, took 'host'."
551,2026-10-04T01:33:06.4893882Z,idle-client-host,client,host,30000,0.490,0.508,Answered,"The coordinator, pid 31788, took 'host'."
552,2026-10-04T01:33:06.5412576Z,idle-client-host,client,host,30000,0.567,0.586,Answered,"The coordinator, pid 31788, took 'host'."
553,2026-10-04T01:33:06.5932753Z,idle-client-host,client,host,30000,0.598,0.618,Answered,"The coordinator, pid 31788, took 'host'."
554,2026-10-04T01:33:06.6450170Z,idle-client-host,client,host,30000,0.562,0.581,Answered,"The coordinator, pid 31788, took 'host'."
555,2026-10-04T01:33:06.6964850Z,idle-client-host,client,host,30000,0.575,0.613,Answered,"The coordinator, pid 31788, took 'host'."
556,2026-10-04T01:33:06.7477835Z,idle-client-host,client,host,30000,0.464,0.481,Answered,"The coordinator, pid 31788, took 'host'."
557,2026-10-04T01:33:06.7989219Z,idle-client-host,client,host,30000,0.586,0.601,Answered,"The coordinator, pid 31788, took 'host'."
558,2026-10-04T01:33:06.8508357Z,idle-client-host,client,host,30000,0.604,0.640,Answered,"The coordinator, pid 31788, took 'host'."
559,2026-10-04T01:33:06.9023788Z,idle-client-host,client,host,30000,0.612,0.624,Answered,"The coordinator, pid 31788, took 'host'."
560,2026-10-04T01:33:06.9532041Z,idle-client-host,client,host,30000,0.448,0.463,Answered,"The coordinator, pid 31788, took 'host'."
561,2026-10-04T01:33:07.0127440Z,idle-client-host,client,host,30000,0.622,0.650,Answered,"The coordinator, pid 31788, took 'host'."
562,2026-10-04T01:33:07.0666988Z,idle-client-host,client,host,30000,0.705,0.725,Answered,"The coordinator, pid 31788, took 'host'."
563,2026-10-04T01:33:07.1195382Z,idle-client-host,client,host,30000,1.263,1.288,Answered,"The coordinator, pid 31788, took 'host'."
564,2026-10-04T01:33:07.1705401Z,idle-client-host,client,host,30000,0.554,0.577,Answered,"The coordinator, pid 31788, took 'host'."
565,2026-10-04T01:33:07.2222675Z,idle-client-host,client,host,30000,0.874,0.892,Answered,"The coordinator, pid 31788, took 'host'."
566,2026-10-04T01:33:07.2734051Z,idle-client-host,client,host,30000,0.519,0.551,Answered,"The coordinator, pid 31788, took 'host'."
567,2026-10-04T01:33:07.3244791Z,idle-client-host,client,host,30000,0.510,0.530,Answered,"The coordinator, pid 31788, took 'host'."
568,2026-10-04T01:33:07.3838062Z,idle-client-host,client,host,30000,0.540,0.561,Answered,"The coordinator, pid 31788, took 'host'."
569,2026-10-04T01:33:07.4356326Z,idle-client-host,client,host,30000,0.617,0.636,Answered,"The coordinator, pid 31788, took 'host'."
570,2026-10-04T01:33:07.4869382Z,idle-client-host,client,host,30000,0.606,0.630,Answered,"The coordinator, pid 31788, took 'host'."
571,2026-10-04T01:33:07.5384242Z,idle-client-host,client,host,30000,0.488,0.506,Answered,"The coordinator, pid 31788, took 'host'."
572,2026-10-04T01:33:07.5908961Z,idle-client-host,client,host,30000,0.803,0.847,Answered,"The coordinator, pid 31788, took 'host'."
573,2026-10-04T01:33:07.6423554Z,idle-client-host,client,host,30000,0.534,0.553,Answered,"The coordinator, pid 31788, took 'host'."
574,2026-10-04T01:33:07.6933902Z,idle-client-host,client,host,30000,0.464,0.484,Answered,"The coordinator, pid 31788, took 'host'."
575,2026-10-04T01:33:07.7548142Z,idle-client-host,client,host,30000,0.633,0.655,Answered,"The coordinator, pid 31788, took 'host'."
576,2026-10-04T01:33:07.8059273Z,idle-client-host,client,host,30000,0.453,0.466,Answered,"The coordinator, pid 31788, took 'host'."
577,2026-10-04T01:33:07.8580359Z,idle-client-host,client,host,30000,0.511,0.529,Answered,"The coordinator, pid 31788, took 'host'."
578,2026-10-04T01:33:07.9107395Z,idle-client-host,client,host,30000,2.312,2.328,Answered,"The coordinator, pid 31788, took 'host'."
579,2026-10-04T01:33:07.9622436Z,idle-client-host,client,host,30000,0.600,0.625,Answered,"The coordinator, pid 31788, took 'host'."
580,2026-10-04T01:33:08.0130395Z,idle-client-host,client,host,30000,0.539,0.557,Answered,"The coordinator, pid 31788, took 'host'."
581,2026-10-04T01:33:08.0639979Z,idle-client-host,client,host,30000,0.539,0.568,Answered,"The coordinator, pid 31788, took 'host'."
582,2026-10-04T01:33:08.1276276Z,idle-client-host,client,host,30000,0.601,0.622,Answered,"The coordinator, pid 31788, took 'host'."
583,2026-10-04T01:33:08.1792568Z,idle-client-host,client,host,30000,0.483,0.508,Answered,"The coordinator, pid 31788, took 'host'."
584,2026-10-04T01:33:08.2316287Z,idle-client-host,client,host,30000,0.556,0.578,Answered,"The coordinator, pid 31788, took 'host'."
585,2026-10-04T01:33:08.2826523Z,idle-client-host,client,host,30000,0.500,0.511,Answered,"The coordinator, pid 31788, took 'host'."
586,2026-10-04T01:33:08.3334007Z,idle-client-host,client,host,30000,0.435,0.450,Answered,"The coordinator, pid 31788, took 'host'."
587,2026-10-04T01:33:08.3842530Z,idle-client-host,client,host,30000,0.508,0.527,Answered,"The coordinator, pid 31788, took 'host'."
588,2026-10-04T01:33:08.4355534Z,idle-client-host,client,host,30000,0.609,0.627,Answered,"The coordinator, pid 31788, took 'host'."
589,2026-10-04T01:33:08.5013503Z,idle-client-host,client,host,30000,0.601,0.622,Answered,"The coordinator, pid 31788, took 'host'."
590,2026-10-04T01:33:08.5527186Z,idle-client-host,client,host,30000,0.594,0.615,Answered,"The coordinator, pid 31788, took 'host'."
591,2026-10-04T01:33:08.6038573Z,idle-client-host,client,host,30000,0.506,0.523,Answered,"The coordinator, pid 31788, took 'host'."
592,2026-10-04T01:33:08.6552087Z,idle-client-host,client,host,30000,0.501,0.515,Answered,"The coordinator, pid 31788, took 'host'."
593,2026-10-04T01:33:08.7062370Z,idle-client-host,client,host,30000,0.534,0.554,Answered,"The coordinator, pid 31788, took 'host'."
594,2026-10-04T01:33:08.7578239Z,idle-client-host,client,host,30000,0.496,0.515,Answered,"The coordinator, pid 31788, took 'host'."
595,2026-10-04T01:33:08.8085747Z,idle-client-host,client,host,30000,0.507,0.526,Answered,"The coordinator, pid 31788, took 'host'."
596,2026-10-04T01:33:08.8693816Z,idle-client-host,client,host,30000,0.623,0.640,Answered,"The coordinator, pid 31788, took 'host'."
597,2026-10-04T01:33:08.9212467Z,idle-client-host,client,host,30000,0.584,0.608,Answered,"The coordinator, pid 31788, took 'host'."
598,2026-10-04T01:33:08.9728479Z,idle-client-host,client,host,30000,0.506,0.522,Answered,"The coordinator, pid 31788, took 'host'."
599,2026-10-04T01:33:09.0239583Z,idle-client-host,client,host,30000,0.428,0.443,Answered,"The coordinator, pid 31788, took 'host'."
600,2026-10-04T01:33:09.0755636Z,idle-client-host,client,host,30000,0.478,0.497,Answered,"The coordinator, pid 31788, took 'host'."
