seq,utc,label,mode,verb,bound_ms,elapsed_ms,wall_ms,outcome,why
1,2026-10-04T01:33:09.2574071Z,idle-inproc,inproc-threads4,recheck,30000,24.295,30.825,Answered,"The coordinator, pid 86180, took 'recheck'."
2,2026-10-04T01:33:09.3094707Z,idle-inproc,inproc-threads4,recheck,30000,0.744,0.858,Answered,"The coordinator, pid 86180, took 'recheck'."
3,2026-10-04T01:33:09.3656666Z,idle-inproc,inproc-threads4,recheck,30000,0.519,0.623,Answered,"The coordinator, pid 86180, took 'recheck'."
4,2026-10-04T01:33:09.4177739Z,idle-inproc,inproc-threads4,recheck,30000,0.584,0.693,Answered,"The coordinator, pid 86180, took 'recheck'."
5,2026-10-04T01:33:09.4688871Z,idle-inproc,inproc-threads4,recheck,30000,0.734,0.820,Answered,"The coordinator, pid 86180, took 'recheck'."
6,2026-10-04T01:33:09.5212967Z,idle-inproc,inproc-threads4,recheck,30000,0.517,0.598,Answered,"The coordinator, pid 86180, took 'recheck'."
7,2026-10-04T01:33:09.5734674Z,idle-inproc,inproc-threads4,recheck,30000,0.565,0.633,Answered,"The coordinator, pid 86180, took 'recheck'."
8,2026-10-04T01:33:09.6246229Z,idle-inproc,inproc-threads4,recheck,30000,0.611,0.709,Answered,"The coordinator, pid 86180, took 'recheck'."
9,2026-10-04T01:33:09.6764470Z,idle-inproc,inproc-threads4,recheck,30000,0.539,0.623,Answered,"The coordinator, pid 86180, took 'recheck'."
10,2026-10-04T01:33:09.7343278Z,idle-inproc,inproc-threads4,recheck,30000,0.605,0.710,Answered,"The coordinator, pid 86180, took 'recheck'."
11,2026-10-04T01:33:09.7856865Z,idle-inproc,inproc-threads4,recheck,30000,0.685,0.794,Answered,"The coordinator, pid 86180, took 'recheck'."
12,2026-10-04T01:33:09.8367774Z,idle-inproc,inproc-threads4,recheck,30000,0.476,0.555,Answered,"The coordinator, pid 86180, took 'recheck'."
13,2026-10-04T01:33:09.8878965Z,idle-inproc,inproc-threads4,recheck,30000,0.612,0.707,Answered,"The coordinator, pid 86180, took 'recheck'."
14,2026-10-04T01:33:09.9394017Z,idle-inproc,inproc-threads4,recheck,30000,0.519,0.598,Answered,"The coordinator, pid 86180, took 'recheck'."
15,2026-10-04T01:33:09.9923028Z,idle-inproc,inproc-threads4,recheck,30000,0.567,0.643,Answered,"The coordinator, pid 86180, took 'recheck'."
16,2026-10-04T01:33:10.0432613Z,idle-inproc,inproc-threads4,recheck,30000,0.483,0.549,Answered,"The coordinator, pid 86180, took 'recheck'."
17,2026-10-04T01:33:10.0948979Z,idle-inproc,inproc-threads4,recheck,30000,0.478,0.556,Answered,"The coordinator, pid 86180, took 'recheck'."
18,2026-10-04T01:33:10.1463784Z,idle-inproc,inproc-threads4,recheck,30000,0.737,0.854,Answered,"The coordinator, pid 86180, took 'recheck'."
19,2026-10-04T01:33:10.1982928Z,idle-inproc,inproc-threads4,recheck,30000,0.508,0.590,Answered,"The coordinator, pid 86180, took 'recheck'."
20,2026-10-04T01:33:10.2495836Z,idle-inproc,inproc-threads4,recheck,30000,0.503,0.582,Answered,"The coordinator, pid 86180, took 'recheck'."
21,2026-10-04T01:33:10.3008431Z,idle-inproc,inproc-threads4,recheck,30000,0.639,0.731,Answered,"The coordinator, pid 86180, took 'recheck'."
22,2026-10-04T01:33:10.3598687Z,idle-inproc,inproc-threads4,recheck,30000,0.652,0.751,Answered,"The coordinator, pid 86180, took 'recheck'."
23,2026-10-04T01:33:10.4109461Z,idle-inproc,inproc-threads4,recheck,30000,0.467,0.591,Answered,"The coordinator, pid 86180, took 'recheck'."
24,2026-10-04T01:33:10.4622899Z,idle-inproc,inproc-threads4,recheck,30000,0.496,0.571,Answered,"The coordinator, pid 86180, took 'recheck'."
25,2026-10-04T01:33:10.5145078Z,idle-inproc,inproc-threads4,recheck,30000,1.374,1.477,Answered,"The coordinator, pid 86180, took 'recheck'."
26,2026-10-04T01:33:10.5661563Z,idle-inproc,inproc-threads4,recheck,30000,0.484,0.558,Answered,"The coordinator, pid 86180, took 'recheck'."
27,2026-10-04T01:33:10.6182011Z,idle-inproc,inproc-threads4,recheck,30000,0.508,0.579,Answered,"The coordinator, pid 86180, took 'recheck'."
28,2026-10-04T01:33:10.6695352Z,idle-inproc,inproc-threads4,recheck,30000,0.527,0.602,Answered,"The coordinator, pid 86180, took 'recheck'."
29,2026-10-04T01:33:10.7323785Z,idle-inproc,inproc-threads4,recheck,30000,0.495,0.566,Answered,"The coordinator, pid 86180, took 'recheck'."
30,2026-10-04T01:33:10.7833936Z,idle-inproc,inproc-threads4,recheck,30000,0.471,0.540,Answered,"The coordinator, pid 86180, took 'recheck'."
31,2026-10-04T01:33:10.8367197Z,idle-inproc,inproc-threads4,recheck,30000,0.777,1.608,Answered,"The coordinator, pid 86180, took 'recheck'."
32,2026-10-04T01:33:10.8912477Z,idle-inproc,inproc-threads4,recheck,30000,0.999,2.969,Answered,"The coordinator, pid 86180, took 'recheck'."
33,2026-10-04T01:33:10.9437927Z,idle-inproc,inproc-threads4,recheck,30000,0.609,0.710,Answered,"The coordinator, pid 86180, took 'recheck'."
34,2026-10-04T01:33:10.9953435Z,idle-inproc,inproc-threads4,recheck,30000,0.500,0.574,Answered,"The coordinator, pid 86180, took 'recheck'."
35,2026-10-04T01:33:11.0463593Z,idle-inproc,inproc-threads4,recheck,30000,0.559,0.643,Answered,"The coordinator, pid 86180, took 'recheck'."
36,2026-10-04T01:33:11.1011300Z,idle-inproc,inproc-threads4,recheck,30000,0.513,0.600,Answered,"The coordinator, pid 86180, took 'recheck'."
37,2026-10-04T01:33:11.1524059Z,idle-inproc,inproc-threads4,recheck,30000,0.479,0.759,Answered,"The coordinator, pid 86180, took 'recheck'."
38,2026-10-04T01:33:11.2035431Z,idle-inproc,inproc-threads4,recheck,30000,0.512,0.579,Answered,"The coordinator, pid 86180, took 'recheck'."
39,2026-10-04T01:33:11.2543591Z,idle-inproc,inproc-threads4,recheck,30000,0.432,0.488,Answered,"The coordinator, pid 86180, took 'recheck'."
40,2026-10-04T01:33:11.3053503Z,idle-inproc,inproc-threads4,recheck,30000,0.470,0.529,Answered,"The coordinator, pid 86180, took 'recheck'."
41,2026-10-04T01:33:11.3575080Z,idle-inproc,inproc-threads4,recheck,30000,0.550,0.620,Answered,"The coordinator, pid 86180, took 'recheck'."
42,2026-10-04T01:33:11.4085881Z,idle-inproc,inproc-threads4,recheck,30000,0.446,0.510,Answered,"The coordinator, pid 86180, took 'recheck'."
43,2026-10-04T01:33:11.4648638Z,idle-inproc,inproc-threads4,recheck,30000,2.787,4.355,Answered,"The coordinator, pid 86180, took 'recheck'."
44,2026-10-04T01:33:11.5176905Z,idle-inproc,inproc-threads4,recheck,30000,1.814,1.935,Answered,"The coordinator, pid 86180, took 'recheck'."
45,2026-10-04T01:33:11.5690782Z,idle-inproc,inproc-threads4,recheck,30000,0.545,0.615,Answered,"The coordinator, pid 86180, took 'recheck'."
46,2026-10-04T01:33:11.6210011Z,idle-inproc,inproc-threads5,recheck,30000,0.796,0.893,Answered,"The coordinator, pid 86180, took 'recheck'."
47,2026-10-04T01:33:11.6719965Z,idle-inproc,inproc-threads5,recheck,30000,0.466,0.530,Answered,"The coordinator, pid 86180, took 'recheck'."
48,2026-10-04T01:33:11.7281050Z,idle-inproc,inproc-threads5,recheck,30000,0.631,1.016,Answered,"The coordinator, pid 86180, took 'recheck'."
49,2026-10-04T01:33:11.7791732Z,idle-inproc,inproc-threads5,recheck,30000,0.489,0.562,Answered,"The coordinator, pid 86180, took 'recheck'."
50,2026-10-04T01:33:11.8304635Z,idle-inproc,inproc-threads5,recheck,30000,0.465,0.530,Answered,"The coordinator, pid 86180, took 'recheck'."
51,2026-10-04T01:33:11.8908995Z,idle-inproc,inproc-threads5,recheck,30000,0.582,0.663,Answered,"The coordinator, pid 86180, took 'recheck'."
52,2026-10-04T01:33:11.9415332Z,idle-inproc,inproc-threads5,recheck,30000,0.405,0.461,Answered,"The coordinator, pid 86180, took 'recheck'."
53,2026-10-04T01:33:11.9927279Z,idle-inproc,inproc-threads5,recheck,30000,0.534,0.611,Answered,"The coordinator, pid 86180, took 'recheck'."
54,2026-10-04T01:33:12.0435471Z,idle-inproc,inproc-threads5,recheck,30000,0.484,0.549,Answered,"The coordinator, pid 86180, took 'recheck'."
55,2026-10-04T01:33:12.0998312Z,idle-inproc,inproc-threads5,recheck,30000,0.450,0.535,Answered,"The coordinator, pid 86180, took 'recheck'."
56,2026-10-04T01:33:12.1506641Z,idle-inproc,inproc-threads5,recheck,30000,0.402,0.455,Answered,"The coordinator, pid 86180, took 'recheck'."
57,2026-10-04T01:33:12.2017688Z,idle-inproc,inproc-threads5,recheck,30000,0.487,0.553,Answered,"The coordinator, pid 86180, took 'recheck'."
58,2026-10-04T01:33:12.2526193Z,idle-inproc,inproc-threads5,recheck,30000,0.497,0.573,Answered,"The coordinator, pid 86180, took 'recheck'."
59,2026-10-04T01:33:12.3038369Z,idle-inproc,inproc-threads5,recheck,30000,0.528,0.593,Answered,"The coordinator, pid 86180, took 'recheck'."
60,2026-10-04T01:33:12.3557036Z,idle-inproc,inproc-threads5,recheck,30000,0.490,0.578,Answered,"The coordinator, pid 86180, took 'recheck'."
61,2026-10-04T01:33:12.4074418Z,idle-inproc,inproc-threads5,recheck,30000,0.585,0.655,Answered,"The coordinator, pid 86180, took 'recheck'."
62,2026-10-04T01:33:12.4709683Z,idle-inproc,inproc-threads5,recheck,30000,0.519,0.592,Answered,"The coordinator, pid 86180, took 'recheck'."
63,2026-10-04T01:33:12.5218126Z,idle-inproc,inproc-threads5,recheck,30000,0.435,0.502,Answered,"The coordinator, pid 86180, took 'recheck'."
64,2026-10-04T01:33:12.5731623Z,idle-inproc,inproc-threads5,recheck,30000,0.418,0.496,Answered,"The coordinator, pid 86180, took 'recheck'."
65,2026-10-04T01:33:12.6242690Z,idle-inproc,inproc-threads5,recheck,30000,0.493,0.589,Answered,"The coordinator, pid 86180, took 'recheck'."
66,2026-10-04T01:33:12.6762649Z,idle-inproc,inproc-threads5,recheck,30000,0.617,0.704,Answered,"The coordinator, pid 86180, took 'recheck'."
67,2026-10-04T01:33:12.7290338Z,idle-inproc,inproc-threads5,recheck,30000,0.951,1.018,Answered,"The coordinator, pid 86180, took 'recheck'."
68,2026-10-04T01:33:12.7813515Z,idle-inproc,inproc-threads5,recheck,30000,0.544,0.614,Answered,"The coordinator, pid 86180, took 'recheck'."
69,2026-10-04T01:33:12.8323877Z,idle-inproc,inproc-threads5,recheck,30000,0.594,0.673,Answered,"The coordinator, pid 86180, took 'recheck'."
70,2026-10-04T01:33:12.8853949Z,idle-inproc,inproc-threads5,recheck,30000,1.054,1.120,Answered,"The coordinator, pid 86180, took 'recheck'."
71,2026-10-04T01:33:12.9362915Z,idle-inproc,inproc-threads5,recheck,30000,0.488,0.559,Answered,"The coordinator, pid 86180, took 'recheck'."
72,2026-10-04T01:33:12.9888807Z,idle-inproc,inproc-threads5,recheck,30000,0.506,0.571,Answered,"The coordinator, pid 86180, took 'recheck'."
73,2026-10-04T01:33:13.0407197Z,idle-inproc,inproc-threads5,recheck,30000,0.499,0.567,Answered,"The coordinator, pid 86180, took 'recheck'."
74,2026-10-04T01:33:13.1004016Z,idle-inproc,inproc-threads5,recheck,30000,0.571,0.634,Answered,"The coordinator, pid 86180, took 'recheck'."
75,2026-10-04T01:33:13.1512675Z,idle-inproc,inproc-threads5,recheck,30000,0.514,0.584,Answered,"The coordinator, pid 86180, took 'recheck'."
76,2026-10-04T01:33:13.2023252Z,idle-inproc,inproc-threads5,recheck,30000,0.786,0.852,Answered,"The coordinator, pid 86180, took 'recheck'."
77,2026-10-04T01:33:13.2531262Z,idle-inproc,inproc-threads5,recheck,30000,0.451,0.508,Answered,"The coordinator, pid 86180, took 'recheck'."
78,2026-10-04T01:33:13.3039517Z,idle-inproc,inproc-threads5,recheck,30000,0.540,0.592,Answered,"The coordinator, pid 86180, took 'recheck'."
79,2026-10-04T01:33:13.3584014Z,idle-inproc,inproc-threads5,recheck,30000,0.577,0.734,Answered,"The coordinator, pid 86180, took 'recheck'."
80,2026-10-04T01:33:13.4134163Z,idle-inproc,inproc-threads5,recheck,30000,3.675,4.729,Answered,"The coordinator, pid 86180, took 'recheck'."
81,2026-10-04T01:33:13.4650288Z,idle-inproc,inproc-threads5,recheck,30000,0.562,0.627,Answered,"The coordinator, pid 86180, took 'recheck'."
82,2026-10-04T01:33:13.5162268Z,idle-inproc,inproc-threads5,recheck,30000,0.497,0.560,Answered,"The coordinator, pid 86180, took 'recheck'."
83,2026-10-04T01:33:13.5668411Z,idle-inproc,inproc-threads5,recheck,30000,0.409,0.460,Answered,"The coordinator, pid 86180, took 'recheck'."
84,2026-10-04T01:33:13.6178878Z,idle-inproc,inproc-threads5,recheck,30000,0.455,0.536,Answered,"The coordinator, pid 86180, took 'recheck'."
85,2026-10-04T01:33:13.6696003Z,idle-inproc,inproc-threads5,recheck,30000,0.401,0.453,Answered,"The coordinator, pid 86180, took 'recheck'."
86,2026-10-04T01:33:13.7214178Z,idle-inproc,inproc-threads5,recheck,30000,0.496,0.555,Answered,"The coordinator, pid 86180, took 'recheck'."
87,2026-10-04T01:33:13.7726377Z,idle-inproc,inproc-threads5,recheck,30000,0.392,0.461,Answered,"The coordinator, pid 86180, took 'recheck'."
88,2026-10-04T01:33:13.8235435Z,idle-inproc,inproc-threads5,recheck,30000,0.332,0.376,Answered,"The coordinator, pid 86180, took 'recheck'."
89,2026-10-04T01:33:13.8752740Z,idle-inproc,inproc-threads5,recheck,30000,0.402,0.463,Answered,"The coordinator, pid 86180, took 'recheck'."
90,2026-10-04T01:33:13.9260585Z,idle-inproc,inproc-threads5,recheck,30000,0.410,0.460,Answered,"The coordinator, pid 86180, took 'recheck'."
91,2026-10-04T01:33:13.9878081Z,idle-inproc,inproc-threads5,recheck,30000,0.738,0.799,Answered,"The coordinator, pid 86180, took 'recheck'."
92,2026-10-04T01:33:14.0385913Z,idle-inproc,inproc-threads5,recheck,30000,0.365,0.416,Answered,"The coordinator, pid 86180, took 'recheck'."
93,2026-10-04T01:33:14.0901635Z,idle-inproc,inproc-threads5,recheck,30000,0.540,0.612,Answered,"The coordinator, pid 86180, took 'recheck'."
94,2026-10-04T01:33:14.1408275Z,idle-inproc,inproc-threads5,recheck,30000,0.418,0.473,Answered,"The coordinator, pid 86180, took 'recheck'."
95,2026-10-04T01:33:14.1926844Z,idle-inproc,inproc-threads5,recheck,30000,0.490,0.562,Answered,"The coordinator, pid 86180, took 'recheck'."
96,2026-10-04T01:33:14.2435009Z,idle-inproc,inproc-threads5,recheck,30000,0.471,0.528,Answered,"The coordinator, pid 86180, took 'recheck'."
97,2026-10-04T01:33:14.2956491Z,idle-inproc,inproc-threads5,recheck,30000,0.420,0.479,Answered,"The coordinator, pid 86180, took 'recheck'."
98,2026-10-04T01:33:14.3599588Z,idle-inproc,inproc-threads5,recheck,30000,0.558,0.610,Answered,"The coordinator, pid 86180, took 'recheck'."
99,2026-10-04T01:33:14.4119094Z,idle-inproc,inproc-threads5,recheck,30000,0.410,0.464,Answered,"The coordinator, pid 86180, took 'recheck'."
100,2026-10-04T01:33:14.4634905Z,idle-inproc,inproc-threads5,recheck,30000,0.422,0.484,Answered,"The coordinator, pid 86180, took 'recheck'."
101,2026-10-04T01:33:14.5145719Z,idle-inproc,inproc-threads5,recheck,30000,0.518,0.587,Answered,"The coordinator, pid 86180, took 'recheck'."
102,2026-10-04T01:33:14.5673935Z,idle-inproc,inproc-threads5,recheck,30000,0.436,0.507,Answered,"The coordinator, pid 86180, took 'recheck'."
103,2026-10-04T01:33:14.6190354Z,idle-inproc,inproc-threads5,recheck,30000,0.463,0.521,Answered,"The coordinator, pid 86180, took 'recheck'."
104,2026-10-04T01:33:14.6699355Z,idle-inproc,inproc-threads5,recheck,30000,0.343,0.385,Answered,"The coordinator, pid 86180, took 'recheck'."
105,2026-10-04T01:33:14.7273386Z,idle-inproc,inproc-threads5,recheck,30000,0.482,0.558,Answered,"The coordinator, pid 86180, took 'recheck'."
106,2026-10-04T01:33:14.7780431Z,idle-inproc,inproc-threads5,recheck,30000,0.393,0.443,Answered,"The coordinator, pid 86180, took 'recheck'."
107,2026-10-04T01:33:14.8287768Z,idle-inproc,inproc-threads5,recheck,30000,0.367,0.416,Answered,"The coordinator, pid 86180, took 'recheck'."
108,2026-10-04T01:33:14.8801680Z,idle-inproc,inproc-threads5,recheck,30000,0.411,0.464,Answered,"The coordinator, pid 86180, took 'recheck'."
109,2026-10-04T01:33:14.9322305Z,idle-inproc,inproc-threads5,recheck,30000,0.370,0.417,Answered,"The coordinator, pid 86180, took 'recheck'."
110,2026-10-04T01:33:14.9873185Z,idle-inproc,inproc-threads5,recheck,30000,0.449,0.510,Answered,"The coordinator, pid 86180, took 'recheck'."
111,2026-10-04T01:33:15.0389121Z,idle-inproc,inproc-threads5,recheck,30000,0.420,0.477,Answered,"The coordinator, pid 86180, took 'recheck'."
112,2026-10-04T01:33:15.0899512Z,idle-inproc,inproc-threads5,recheck,30000,0.424,0.478,Answered,"The coordinator, pid 86180, took 'recheck'."
113,2026-10-04T01:33:15.1406104Z,idle-inproc,inproc-threads5,recheck,30000,0.460,0.506,Answered,"The coordinator, pid 86180, took 'recheck'."
114,2026-10-04T01:33:15.1918316Z,idle-inproc,inproc-threads5,recheck,30000,0.378,0.427,Answered,"The coordinator, pid 86180, took 'recheck'."
115,2026-10-04T01:33:15.2434230Z,idle-inproc,inproc-threads5,recheck,30000,0.445,0.493,Answered,"The coordinator, pid 86180, took 'recheck'."
116,2026-10-04T01:33:15.2962774Z,idle-inproc,inproc-threads5,recheck,30000,0.562,0.632,Answered,"The coordinator, pid 86180, took 'recheck'."
117,2026-10-04T01:33:15.3554165Z,idle-inproc,inproc-threads5,recheck,30000,0.555,0.618,Answered,"The coordinator, pid 86180, took 'recheck'."
118,2026-10-04T01:33:15.4071159Z,idle-inproc,inproc-threads5,recheck,30000,0.406,0.459,Answered,"The coordinator, pid 86180, took 'recheck'."
119,2026-10-04T01:33:15.4591499Z,idle-inproc,inproc-threads5,recheck,30000,0.454,0.508,Answered,"The coordinator, pid 86180, took 'recheck'."
120,2026-10-04T01:33:15.5105183Z,idle-inproc,inproc-threads5,recheck,30000,0.447,0.621,Answered,"The coordinator, pid 86180, took 'recheck'."
121,2026-10-04T01:33:15.5618661Z,idle-inproc,inproc-threads5,recheck,30000,0.488,0.544,Answered,"The coordinator, pid 86180, took 'recheck'."
122,2026-10-04T01:33:15.6138567Z,idle-inproc,inproc-threads5,recheck,30000,0.788,0.860,Answered,"The coordinator, pid 86180, took 'recheck'."
123,2026-10-04T01:33:15.6647503Z,idle-inproc,inproc-threads5,recheck,30000,0.564,0.662,Answered,"The coordinator, pid 86180, took 'recheck'."
124,2026-10-04T01:33:15.7240577Z,idle-inproc,inproc-threads5,recheck,30000,0.771,0.888,Answered,"The coordinator, pid 86180, took 'recheck'."
125,2026-10-04T01:33:15.7754196Z,idle-inproc,inproc-threads5,recheck,30000,0.621,0.704,Answered,"The coordinator, pid 86180, took 'recheck'."
126,2026-10-04T01:33:15.8264979Z,idle-inproc,inproc-threads5,recheck,30000,0.452,0.507,Answered,"The coordinator, pid 86180, took 'recheck'."
127,2026-10-04T01:33:15.8775638Z,idle-inproc,inproc-threads5,recheck,30000,0.424,0.472,Answered,"The coordinator, pid 86180, took 'recheck'."
128,2026-10-04T01:33:15.9311868Z,idle-inproc,inproc-threads5,recheck,30000,1.595,2.315,Answered,"The coordinator, pid 86180, took 'recheck'."
129,2026-10-04T01:33:15.9824609Z,idle-inproc,inproc-threads5,recheck,30000,0.422,0.477,Answered,"The coordinator, pid 86180, took 'recheck'."
130,2026-10-04T01:33:16.0332770Z,idle-inproc,inproc-threads5,recheck,30000,0.420,0.471,Answered,"The coordinator, pid 86180, took 'recheck'."
131,2026-10-04T01:33:16.0898060Z,idle-inproc,inproc-threads5,recheck,30000,0.533,0.600,Answered,"The coordinator, pid 86180, took 'recheck'."
132,2026-10-04T01:33:16.1406525Z,idle-inproc,inproc-threads5,recheck,30000,0.534,0.625,Answered,"The coordinator, pid 86180, took 'recheck'."
133,2026-10-04T01:33:16.1918111Z,idle-inproc,inproc-threads5,recheck,30000,0.380,0.537,Answered,"The coordinator, pid 86180, took 'recheck'."
134,2026-10-04T01:33:16.2425679Z,idle-inproc,inproc-threads5,recheck,30000,0.417,0.475,Answered,"The coordinator, pid 86180, took 'recheck'."
135,2026-10-04T01:33:16.2937064Z,idle-inproc,inproc-threads5,recheck,30000,0.460,0.519,Answered,"The coordinator, pid 86180, took 'recheck'."
136,2026-10-04T01:33:16.3457743Z,idle-inproc,inproc-threads5,recheck,30000,0.553,0.613,Answered,"The coordinator, pid 86180, took 'recheck'."
137,2026-10-04T01:33:16.3971063Z,idle-inproc,inproc-threads5,recheck,30000,0.370,0.417,Answered,"The coordinator, pid 86180, took 'recheck'."
138,2026-10-04T01:33:16.4594464Z,idle-inproc,inproc-threads5,recheck,30000,0.906,0.971,Answered,"The coordinator, pid 86180, took 'recheck'."
139,2026-10-04T01:33:16.5104523Z,idle-inproc,inproc-threads5,recheck,30000,0.417,0.463,Answered,"The coordinator, pid 86180, took 'recheck'."
140,2026-10-04T01:33:16.5616265Z,idle-inproc,inproc-threads5,recheck,30000,0.366,0.416,Answered,"The coordinator, pid 86180, took 'recheck'."
141,2026-10-04T01:33:16.6126210Z,idle-inproc,inproc-threads5,recheck,30000,0.377,0.421,Answered,"The coordinator, pid 86180, took 'recheck'."
142,2026-10-04T01:33:16.6633704Z,idle-inproc,inproc-threads5,recheck,30000,0.398,0.449,Answered,"The coordinator, pid 86180, took 'recheck'."
143,2026-10-04T01:33:16.7140877Z,idle-inproc,inproc-threads5,recheck,30000,0.487,0.550,Answered,"The coordinator, pid 86180, took 'recheck'."
144,2026-10-04T01:33:16.7663302Z,idle-inproc,inproc-threads5,recheck,30000,0.429,0.493,Answered,"The coordinator, pid 86180, took 'recheck'."
145,2026-10-04T01:33:16.8258197Z,idle-inproc,inproc-threads5,recheck,30000,0.612,0.676,Answered,"The coordinator, pid 86180, took 'recheck'."
146,2026-10-04T01:33:16.8779992Z,idle-inproc,inproc-threads5,recheck,30000,0.460,0.521,Answered,"The coordinator, pid 86180, took 'recheck'."
147,2026-10-04T01:33:16.9301323Z,idle-inproc,inproc-threads5,recheck,30000,0.508,0.565,Answered,"The coordinator, pid 86180, took 'recheck'."
148,2026-10-04T01:33:16.9810526Z,idle-inproc,inproc-threads5,recheck,30000,0.412,0.461,Answered,"The coordinator, pid 86180, took 'recheck'."
149,2026-10-04T01:33:17.0321726Z,idle-inproc,inproc-threads5,recheck,30000,0.458,0.512,Answered,"The coordinator, pid 86180, took 'recheck'."
150,2026-10-04T01:33:17.0847943Z,idle-inproc,inproc-threads5,recheck,30000,0.441,0.497,Answered,"The coordinator, pid 86180, took 'recheck'."
151,2026-10-04T01:33:17.1361751Z,idle-inproc,inproc-threads5,recheck,30000,0.781,0.831,Answered,"The coordinator, pid 86180, took 'recheck'."
152,2026-10-04T01:33:17.1876797Z,idle-inproc,inproc-threads5,recheck,30000,0.424,0.484,Answered,"The coordinator, pid 86180, took 'recheck'."
153,2026-10-04T01:33:17.2384609Z,idle-inproc,inproc-threads5,recheck,30000,0.515,0.581,Answered,"The coordinator, pid 86180, took 'recheck'."
154,2026-10-04T01:33:17.2905033Z,idle-inproc,inproc-threads5,recheck,30000,0.538,0.614,Answered,"The coordinator, pid 86180, took 'recheck'."
155,2026-10-04T01:33:17.3428119Z,idle-inproc,inproc-threads5,recheck,30000,0.633,0.698,Answered,"The coordinator, pid 86180, took 'recheck'."
156,2026-10-04T01:33:17.3949001Z,idle-inproc,inproc-threads5,recheck,30000,0.519,0.589,Answered,"The coordinator, pid 86180, took 'recheck'."
157,2026-10-04T01:33:17.4574990Z,idle-inproc,inproc-threads5,recheck,30000,0.543,0.606,Answered,"The coordinator, pid 86180, took 'recheck'."
158,2026-10-04T01:33:17.5082521Z,idle-inproc,inproc-threads5,recheck,30000,0.424,0.495,Answered,"The coordinator, pid 86180, took 'recheck'."
159,2026-10-04T01:33:17.5601510Z,idle-inproc,inproc-threads5,recheck,30000,0.404,0.457,Answered,"The coordinator, pid 86180, took 'recheck'."
160,2026-10-04T01:33:17.6112033Z,idle-inproc,inproc-threads5,recheck,30000,0.485,0.536,Answered,"The coordinator, pid 86180, took 'recheck'."
161,2026-10-04T01:33:17.6631548Z,idle-inproc,inproc-threads5,recheck,30000,0.383,0.443,Answered,"The coordinator, pid 86180, took 'recheck'."
162,2026-10-04T01:33:17.7137626Z,idle-inproc,inproc-threads5,recheck,30000,0.366,0.416,Answered,"The coordinator, pid 86180, took 'recheck'."
163,2026-10-04T01:33:17.7653251Z,idle-inproc,inproc-threads5,recheck,30000,0.426,0.492,Answered,"The coordinator, pid 86180, took 'recheck'."
164,2026-10-04T01:33:17.8262827Z,idle-inproc,inproc-threads5,recheck,30000,0.466,0.539,Answered,"The coordinator, pid 86180, took 'recheck'."
165,2026-10-04T01:33:17.8771754Z,idle-inproc,inproc-threads5,recheck,30000,0.527,0.594,Answered,"The coordinator, pid 86180, took 'recheck'."
166,2026-10-04T01:33:17.9282549Z,idle-inproc,inproc-threads5,recheck,30000,0.409,0.461,Answered,"The coordinator, pid 86180, took 'recheck'."
167,2026-10-04T01:33:17.9799747Z,idle-inproc,inproc-threads5,recheck,30000,0.432,0.488,Answered,"The coordinator, pid 86180, took 'recheck'."
168,2026-10-04T01:33:18.0318197Z,idle-inproc,inproc-threads5,recheck,30000,0.421,0.475,Answered,"The coordinator, pid 86180, took 'recheck'."
169,2026-10-04T01:33:18.0826914Z,idle-inproc,inproc-threads5,recheck,30000,0.365,0.419,Answered,"The coordinator, pid 86180, took 'recheck'."
170,2026-10-04T01:33:18.1343203Z,idle-inproc,inproc-threads5,recheck,30000,0.470,0.526,Answered,"The coordinator, pid 86180, took 'recheck'."
171,2026-10-04T01:33:18.1955335Z,idle-inproc,inproc-threads5,recheck,30000,0.643,0.737,Answered,"The coordinator, pid 86180, took 'recheck'."
172,2026-10-04T01:33:18.2469902Z,idle-inproc,inproc-threads5,recheck,30000,0.432,0.497,Answered,"The coordinator, pid 86180, took 'recheck'."
173,2026-10-04T01:33:18.2977169Z,idle-inproc,inproc-threads5,recheck,30000,0.430,0.479,Answered,"The coordinator, pid 86180, took 'recheck'."
174,2026-10-04T01:33:18.3485384Z,idle-inproc,inproc-threads5,recheck,30000,0.419,0.471,Answered,"The coordinator, pid 86180, took 'recheck'."
175,2026-10-04T01:33:18.4006315Z,idle-inproc,inproc-threads5,recheck,30000,0.430,0.489,Answered,"The coordinator, pid 86180, took 'recheck'."
176,2026-10-04T01:33:18.4517208Z,idle-inproc,inproc-threads5,recheck,30000,0.402,0.451,Answered,"The coordinator, pid 86180, took 'recheck'."
177,2026-10-04T01:33:18.5035216Z,idle-inproc,inproc-threads5,recheck,30000,0.416,0.480,Answered,"The coordinator, pid 86180, took 'recheck'."
178,2026-10-04T01:33:18.5665261Z,idle-inproc,inproc-threads5,recheck,30000,0.476,0.537,Answered,"The coordinator, pid 86180, took 'recheck'."
179,2026-10-04T01:33:18.6173258Z,idle-inproc,inproc-threads5,recheck,30000,0.428,0.487,Answered,"The coordinator, pid 86180, took 'recheck'."
180,2026-10-04T01:33:18.6715768Z,idle-inproc,inproc-threads5,recheck,30000,3.562,3.651,Answered,"The coordinator, pid 86180, took 'recheck'."
181,2026-10-04T01:33:18.7225082Z,idle-inproc,inproc-threads5,recheck,30000,0.461,0.522,Answered,"The coordinator, pid 86180, took 'recheck'."
182,2026-10-04T01:33:18.7735351Z,idle-inproc,inproc-threads5,recheck,30000,0.483,0.536,Answered,"The coordinator, pid 86180, took 'recheck'."
183,2026-10-04T01:33:18.8247269Z,idle-inproc,inproc-threads5,recheck,30000,0.550,0.625,Answered,"The coordinator, pid 86180, took 'recheck'."
184,2026-10-04T01:33:18.8757964Z,idle-inproc,inproc-threads5,recheck,30000,0.434,0.489,Answered,"The coordinator, pid 86180, took 'recheck'."
185,2026-10-04T01:33:18.9389522Z,idle-inproc,inproc-threads5,recheck,30000,0.503,0.591,Answered,"The coordinator, pid 86180, took 'recheck'."
186,2026-10-04T01:33:18.9898708Z,idle-inproc,inproc-threads5,recheck,30000,0.527,0.586,Answered,"The coordinator, pid 86180, took 'recheck'."
187,2026-10-04T01:33:19.0406631Z,idle-inproc,inproc-threads5,recheck,30000,0.421,0.476,Answered,"The coordinator, pid 86180, took 'recheck'."
188,2026-10-04T01:33:19.0916186Z,idle-inproc,inproc-threads5,recheck,30000,0.390,0.440,Answered,"The coordinator, pid 86180, took 'recheck'."
189,2026-10-04T01:33:19.1480549Z,idle-inproc,inproc-threads5,recheck,30000,0.627,0.705,Answered,"The coordinator, pid 86180, took 'recheck'."
190,2026-10-04T01:33:19.1991255Z,idle-inproc,inproc-threads5,recheck,30000,0.527,0.599,Answered,"The coordinator, pid 86180, took 'recheck'."
191,2026-10-04T01:33:19.2510520Z,idle-inproc,inproc-threads5,recheck,30000,0.419,0.470,Answered,"The coordinator, pid 86180, took 'recheck'."
192,2026-10-04T01:33:19.3092071Z,idle-inproc,inproc-threads5,recheck,30000,0.482,0.537,Answered,"The coordinator, pid 86180, took 'recheck'."
193,2026-10-04T01:33:19.3603955Z,idle-inproc,inproc-threads5,recheck,30000,0.438,0.508,Answered,"The coordinator, pid 86180, took 'recheck'."
194,2026-10-04T01:33:19.4121029Z,idle-inproc,inproc-threads5,recheck,30000,0.515,0.581,Answered,"The coordinator, pid 86180, took 'recheck'."
195,2026-10-04T01:33:19.4628075Z,idle-inproc,inproc-threads5,recheck,30000,0.495,0.563,Answered,"The coordinator, pid 86180, took 'recheck'."
196,2026-10-04T01:33:19.5143750Z,idle-inproc,inproc-threads5,recheck,30000,0.641,0.740,Answered,"The coordinator, pid 86180, took 'recheck'."
197,2026-10-04T01:33:19.5664155Z,idle-inproc,inproc-threads5,recheck,30000,0.459,0.516,Answered,"The coordinator, pid 86180, took 'recheck'."
198,2026-10-04T01:33:19.6172080Z,idle-inproc,inproc-threads5,recheck,30000,0.464,0.523,Answered,"The coordinator, pid 86180, took 'recheck'."
199,2026-10-04T01:33:19.6808589Z,idle-inproc,inproc-threads5,recheck,30000,0.438,0.503,Answered,"The coordinator, pid 86180, took 'recheck'."
200,2026-10-04T01:33:19.7317436Z,idle-inproc,inproc-threads5,recheck,30000,0.443,0.497,Answered,"The coordinator, pid 86180, took 'recheck'."
201,2026-10-04T01:33:19.7829931Z,idle-inproc,inproc-threads5,recheck,30000,0.471,0.534,Answered,"The coordinator, pid 86180, took 'recheck'."
202,2026-10-04T01:33:19.8343216Z,idle-inproc,inproc-threads5,recheck,30000,0.425,0.479,Answered,"The coordinator, pid 86180, took 'recheck'."
203,2026-10-04T01:33:19.8853010Z,idle-inproc,inproc-threads5,recheck,30000,0.481,0.538,Answered,"The coordinator, pid 86180, took 'recheck'."
204,2026-10-04T01:33:19.9400674Z,idle-inproc,inproc-threads5,recheck,30000,0.471,0.523,Answered,"The coordinator, pid 86180, took 'recheck'."
205,2026-10-04T01:33:19.9910746Z,idle-inproc,inproc-threads5,recheck,30000,0.436,0.494,Answered,"The coordinator, pid 86180, took 'recheck'."
206,2026-10-04T01:33:20.0457807Z,idle-inproc,inproc-threads5,recheck,30000,0.503,0.570,Answered,"The coordinator, pid 86180, took 'recheck'."
207,2026-10-04T01:33:20.0967730Z,idle-inproc,inproc-threads5,recheck,30000,0.442,0.501,Answered,"The coordinator, pid 86180, took 'recheck'."
208,2026-10-04T01:33:20.1475508Z,idle-inproc,inproc-threads5,recheck,30000,0.534,0.628,Answered,"The coordinator, pid 86180, took 'recheck'."
209,2026-10-04T01:33:20.1986276Z,idle-inproc,inproc-threads5,recheck,30000,0.427,0.491,Answered,"The coordinator, pid 86180, took 'recheck'."
210,2026-10-04T01:33:20.2505027Z,idle-inproc,inproc-threads5,recheck,30000,0.502,0.549,Answered,"The coordinator, pid 86180, took 'recheck'."
211,2026-10-04T01:33:20.3027896Z,idle-inproc,inproc-threads5,recheck,30000,0.574,0.651,Answered,"The coordinator, pid 86180, took 'recheck'."
212,2026-10-04T01:33:20.3535100Z,idle-inproc,inproc-threads5,recheck,30000,0.417,0.475,Answered,"The coordinator, pid 86180, took 'recheck'."
213,2026-10-04T01:33:20.4043222Z,idle-inproc,inproc-threads5,recheck,30000,0.429,0.492,Answered,"The coordinator, pid 86180, took 'recheck'."
214,2026-10-04T01:33:20.4563101Z,idle-inproc,inproc-threads5,recheck,30000,1.280,1.581,Answered,"The coordinator, pid 86180, took 'recheck'."
215,2026-10-04T01:33:20.5078467Z,idle-inproc,inproc-threads5,recheck,30000,0.672,0.752,Answered,"The coordinator, pid 86180, took 'recheck'."
216,2026-10-04T01:33:20.5672752Z,idle-inproc,inproc-threads5,recheck,30000,0.743,0.839,Answered,"The coordinator, pid 86180, took 'recheck'."
217,2026-10-04T01:33:20.6194330Z,idle-inproc,inproc-threads5,recheck,30000,0.393,0.463,Answered,"The coordinator, pid 86180, took 'recheck'."
218,2026-10-04T01:33:20.6747770Z,idle-inproc,inproc-threads5,recheck,30000,0.499,0.565,Answered,"The coordinator, pid 86180, took 'recheck'."
219,2026-10-04T01:33:20.7258060Z,idle-inproc,inproc-threads5,recheck,30000,0.430,0.490,Answered,"The coordinator, pid 86180, took 'recheck'."
220,2026-10-04T01:33:20.7772107Z,idle-inproc,inproc-threads5,recheck,30000,0.462,0.516,Answered,"The coordinator, pid 86180, took 'recheck'."
221,2026-10-04T01:33:20.8290747Z,idle-inproc,inproc-threads5,recheck,30000,0.376,0.437,Answered,"The coordinator, pid 86180, took 'recheck'."
222,2026-10-04T01:33:20.8797109Z,idle-inproc,inproc-threads5,recheck,30000,0.417,0.467,Answered,"The coordinator, pid 86180, took 'recheck'."
223,2026-10-04T01:33:20.9307683Z,idle-inproc,inproc-threads5,recheck,30000,0.402,0.446,Answered,"The coordinator, pid 86180, took 'recheck'."
224,2026-10-04T01:33:20.9825554Z,idle-inproc,inproc-threads5,recheck,30000,0.422,0.486,Answered,"The coordinator, pid 86180, took 'recheck'."
225,2026-10-04T01:33:21.0481135Z,idle-inproc,inproc-threads5,recheck,30000,0.497,0.565,Answered,"The coordinator, pid 86180, took 'recheck'."
226,2026-10-04T01:33:21.1038365Z,idle-inproc,inproc-threads5,recheck,30000,2.638,2.720,Answered,"The coordinator, pid 86180, took 'recheck'."
227,2026-10-04T01:33:21.1550871Z,idle-inproc,inproc-threads5,recheck,30000,0.490,0.558,Answered,"The coordinator, pid 86180, took 'recheck'."
228,2026-10-04T01:33:21.2069942Z,idle-inproc,inproc-threads5,recheck,30000,0.456,0.517,Answered,"The coordinator, pid 86180, took 'recheck'."
229,2026-10-04T01:33:21.2581181Z,idle-inproc,inproc-threads5,recheck,30000,0.449,0.504,Answered,"The coordinator, pid 86180, took 'recheck'."
230,2026-10-04T01:33:21.3096049Z,idle-inproc,inproc-threads5,recheck,30000,0.454,0.517,Answered,"The coordinator, pid 86180, took 'recheck'."
231,2026-10-04T01:33:21.3612595Z,idle-inproc,inproc-threads5,recheck,30000,0.433,0.514,Answered,"The coordinator, pid 86180, took 'recheck'."
232,2026-10-04T01:33:21.4200638Z,idle-inproc,inproc-threads5,recheck,30000,0.410,0.479,Answered,"The coordinator, pid 86180, took 'recheck'."
233,2026-10-04T01:33:21.4716750Z,idle-inproc,inproc-threads5,recheck,30000,0.452,0.517,Answered,"The coordinator, pid 86180, took 'recheck'."
234,2026-10-04T01:33:21.5347208Z,idle-inproc,inproc-threads5,recheck,30000,9.659,11.705,Answered,"The coordinator, pid 86180, took 'recheck'."
235,2026-10-04T01:33:21.5864219Z,idle-inproc,inproc-threads5,recheck,30000,0.448,0.504,Answered,"The coordinator, pid 86180, took 'recheck'."
236,2026-10-04T01:33:21.6370928Z,idle-inproc,inproc-threads5,recheck,30000,0.442,0.512,Answered,"The coordinator, pid 86180, took 'recheck'."
237,2026-10-04T01:33:21.6885566Z,idle-inproc,inproc-threads5,recheck,30000,0.485,0.540,Answered,"The coordinator, pid 86180, took 'recheck'."
238,2026-10-04T01:33:21.7402595Z,idle-inproc,inproc-threads5,recheck,30000,0.446,0.500,Answered,"The coordinator, pid 86180, took 'recheck'."
239,2026-10-04T01:33:21.7953719Z,idle-inproc,inproc-threads5,recheck,30000,0.707,0.819,Answered,"The coordinator, pid 86180, took 'recheck'."
240,2026-10-04T01:33:21.8467280Z,idle-inproc,inproc-threads5,recheck,30000,0.448,0.516,Answered,"The coordinator, pid 86180, took 'recheck'."
241,2026-10-04T01:33:21.8977362Z,idle-inproc,inproc-threads5,recheck,30000,0.488,0.562,Answered,"The coordinator, pid 86180, took 'recheck'."
242,2026-10-04T01:33:21.9485497Z,idle-inproc,inproc-threads5,recheck,30000,0.436,0.497,Answered,"The coordinator, pid 86180, took 'recheck'."
243,2026-10-04T01:33:21.9995633Z,idle-inproc,inproc-threads5,recheck,30000,0.480,0.539,Answered,"The coordinator, pid 86180, took 'recheck'."
244,2026-10-04T01:33:22.0517957Z,idle-inproc,inproc-threads5,recheck,30000,0.464,0.531,Answered,"The coordinator, pid 86180, took 'recheck'."
245,2026-10-04T01:33:22.1028487Z,idle-inproc,inproc-threads5,recheck,30000,0.480,0.558,Answered,"The coordinator, pid 86180, took 'recheck'."
246,2026-10-04T01:33:22.1670296Z,idle-inproc,inproc-threads5,recheck,30000,0.489,0.550,Answered,"The coordinator, pid 86180, took 'recheck'."
247,2026-10-04T01:33:22.2178276Z,idle-inproc,inproc-threads5,recheck,30000,0.400,0.465,Answered,"The coordinator, pid 86180, took 'recheck'."
248,2026-10-04T01:33:22.2687660Z,idle-inproc,inproc-threads5,recheck,30000,0.394,0.458,Answered,"The coordinator, pid 86180, took 'recheck'."
249,2026-10-04T01:33:22.3199305Z,idle-inproc,inproc-threads5,recheck,30000,0.528,0.601,Answered,"The coordinator, pid 86180, took 'recheck'."
250,2026-10-04T01:33:22.3719470Z,idle-inproc,inproc-threads5,recheck,30000,0.419,0.470,Answered,"The coordinator, pid 86180, took 'recheck'."
251,2026-10-04T01:33:22.4232647Z,idle-inproc,inproc-threads5,recheck,30000,0.474,0.528,Answered,"The coordinator, pid 86180, took 'recheck'."
252,2026-10-04T01:33:22.4740334Z,idle-inproc,inproc-threads5,recheck,30000,0.391,0.433,Answered,"The coordinator, pid 86180, took 'recheck'."
253,2026-10-04T01:33:22.5368255Z,idle-inproc,inproc-threads5,recheck,30000,0.558,0.632,Answered,"The coordinator, pid 86180, took 'recheck'."
254,2026-10-04T01:33:22.5884665Z,idle-inproc,inproc-threads5,recheck,30000,0.579,0.679,Answered,"The coordinator, pid 86180, took 'recheck'."
255,2026-10-04T01:33:22.6397041Z,idle-inproc,inproc-threads5,recheck,30000,0.550,0.635,Answered,"The coordinator, pid 86180, took 'recheck'."
256,2026-10-04T01:33:22.6911032Z,idle-inproc,inproc-threads5,recheck,30000,0.525,0.586,Answered,"The coordinator, pid 86180, took 'recheck'."
257,2026-10-04T01:33:22.7428319Z,idle-inproc,inproc-threads5,recheck,30000,0.445,0.519,Answered,"The coordinator, pid 86180, took 'recheck'."
258,2026-10-04T01:33:22.7942130Z,idle-inproc,inproc-threads5,recheck,30000,0.424,0.478,Answered,"The coordinator, pid 86180, took 'recheck'."
259,2026-10-04T01:33:22.8450184Z,idle-inproc,inproc-threads5,recheck,30000,0.541,0.619,Answered,"The coordinator, pid 86180, took 'recheck'."
260,2026-10-04T01:33:22.9039824Z,idle-inproc,inproc-threads5,recheck,30000,0.471,0.553,Answered,"The coordinator, pid 86180, took 'recheck'."
261,2026-10-04T01:33:22.9547346Z,idle-inproc,inproc-threads5,recheck,30000,0.479,0.570,Answered,"The coordinator, pid 86180, took 'recheck'."
262,2026-10-04T01:33:23.0060967Z,idle-inproc,inproc-threads5,recheck,30000,0.699,0.763,Answered,"The coordinator, pid 86180, took 'recheck'."
263,2026-10-04T01:33:23.0572261Z,idle-inproc,inproc-threads5,recheck,30000,0.553,0.628,Answered,"The coordinator, pid 86180, took 'recheck'."
264,2026-10-04T01:33:23.1084423Z,idle-inproc,inproc-threads5,recheck,30000,0.517,0.585,Answered,"The coordinator, pid 86180, took 'recheck'."
265,2026-10-04T01:33:23.1598269Z,idle-inproc,inproc-threads5,recheck,30000,0.532,0.602,Answered,"The coordinator, pid 86180, took 'recheck'."
266,2026-10-04T01:33:23.2116693Z,idle-inproc,inproc-threads5,recheck,30000,1.313,1.418,Answered,"The coordinator, pid 86180, took 'recheck'."
267,2026-10-04T01:33:23.2768790Z,idle-inproc,inproc-threads5,recheck,30000,1.002,1.242,Answered,"The coordinator, pid 86180, took 'recheck'."
268,2026-10-04T01:33:23.3289462Z,idle-inproc,inproc-threads5,recheck,30000,0.605,0.668,Answered,"The coordinator, pid 86180, took 'recheck'."
269,2026-10-04T01:33:23.3808713Z,idle-inproc,inproc-threads5,recheck,30000,0.615,0.703,Answered,"The coordinator, pid 86180, took 'recheck'."
270,2026-10-04T01:33:23.4333190Z,idle-inproc,inproc-threads5,recheck,30000,1.091,1.373,Answered,"The coordinator, pid 86180, took 'recheck'."
271,2026-10-04T01:33:23.4861207Z,idle-inproc,inproc-threads5,recheck,30000,2.089,2.167,Answered,"The coordinator, pid 86180, took 'recheck'."
272,2026-10-04T01:33:23.5377785Z,idle-inproc,inproc-threads5,recheck,30000,0.551,0.622,Answered,"The coordinator, pid 86180, took 'recheck'."
273,2026-10-04T01:33:23.5888032Z,idle-inproc,inproc-threads5,recheck,30000,0.633,0.699,Answered,"The coordinator, pid 86180, took 'recheck'."
274,2026-10-04T01:33:23.6499350Z,idle-inproc,inproc-threads5,recheck,30000,0.589,0.659,Answered,"The coordinator, pid 86180, took 'recheck'."
275,2026-10-04T01:33:23.7012863Z,idle-inproc,inproc-threads5,recheck,30000,0.552,0.624,Answered,"The coordinator, pid 86180, took 'recheck'."
276,2026-10-04T01:33:23.7521680Z,idle-inproc,inproc-threads5,recheck,30000,0.540,0.618,Answered,"The coordinator, pid 86180, took 'recheck'."
277,2026-10-04T01:33:23.8031501Z,idle-inproc,inproc-threads5,recheck,30000,0.586,0.662,Answered,"The coordinator, pid 86180, took 'recheck'."
278,2026-10-04T01:33:23.8540633Z,idle-inproc,inproc-threads5,recheck,30000,0.573,0.649,Answered,"The coordinator, pid 86180, took 'recheck'."
279,2026-10-04T01:33:23.9062787Z,idle-inproc,inproc-threads5,recheck,30000,0.739,0.841,Answered,"The coordinator, pid 86180, took 'recheck'."
280,2026-10-04T01:33:23.9573642Z,idle-inproc,inproc-threads5,recheck,30000,0.454,0.526,Answered,"The coordinator, pid 86180, took 'recheck'."
281,2026-10-04T01:33:24.0080918Z,idle-inproc,inproc-threads5,recheck,30000,0.495,0.567,Answered,"The coordinator, pid 86180, took 'recheck'."
282,2026-10-04T01:33:24.0601370Z,idle-inproc,inproc-threads5,recheck,30000,0.404,0.466,Answered,"The coordinator, pid 86180, took 'recheck'."
283,2026-10-04T01:33:24.1110048Z,idle-inproc,inproc-threads5,recheck,30000,0.520,0.577,Answered,"The coordinator, pid 86180, took 'recheck'."
284,2026-10-04T01:33:24.1622883Z,idle-inproc,inproc-threads5,recheck,30000,0.463,0.532,Answered,"The coordinator, pid 86180, took 'recheck'."
285,2026-10-04T01:33:24.2132934Z,idle-inproc,inproc-threads5,recheck,30000,0.473,0.537,Answered,"The coordinator, pid 86180, took 'recheck'."
286,2026-10-04T01:33:24.2643180Z,idle-inproc,inproc-threads5,recheck,30000,0.623,0.710,Answered,"The coordinator, pid 86180, took 'recheck'."
287,2026-10-04T01:33:24.3154368Z,idle-inproc,inproc-threads5,recheck,30000,0.584,0.657,Answered,"The coordinator, pid 86180, took 'recheck'."
288,2026-10-04T01:33:24.3661820Z,idle-inproc,inproc-threads5,recheck,30000,0.489,0.552,Answered,"The coordinator, pid 86180, took 'recheck'."
289,2026-10-04T01:33:24.4168374Z,idle-inproc,inproc-threads5,recheck,30000,0.399,0.455,Answered,"The coordinator, pid 86180, took 'recheck'."
290,2026-10-04T01:33:24.4678393Z,idle-inproc,inproc-threads5,recheck,30000,0.439,0.502,Answered,"The coordinator, pid 86180, took 'recheck'."
291,2026-10-04T01:33:24.5185882Z,idle-inproc,inproc-threads5,recheck,30000,0.381,0.440,Answered,"The coordinator, pid 86180, took 'recheck'."
292,2026-10-04T01:33:24.5696064Z,idle-inproc,inproc-threads5,recheck,30000,0.673,0.744,Answered,"The coordinator, pid 86180, took 'recheck'."
293,2026-10-04T01:33:24.6211198Z,idle-inproc,inproc-threads5,recheck,30000,0.504,0.574,Answered,"The coordinator, pid 86180, took 'recheck'."
294,2026-10-04T01:33:24.6717206Z,idle-inproc,inproc-threads5,recheck,30000,0.408,0.473,Answered,"The coordinator, pid 86180, took 'recheck'."
295,2026-10-04T01:33:24.7227383Z,idle-inproc,inproc-threads5,recheck,30000,0.710,0.773,Answered,"The coordinator, pid 86180, took 'recheck'."
296,2026-10-04T01:33:24.7733859Z,idle-inproc,inproc-threads5,recheck,30000,0.403,0.457,Answered,"The coordinator, pid 86180, took 'recheck'."
297,2026-10-04T01:33:24.8244311Z,idle-inproc,inproc-threads5,recheck,30000,0.368,0.416,Answered,"The coordinator, pid 86180, took 'recheck'."
298,2026-10-04T01:33:24.8762446Z,idle-inproc,inproc-threads5,recheck,30000,0.477,0.544,Answered,"The coordinator, pid 86180, took 'recheck'."
299,2026-10-04T01:33:24.9270840Z,idle-inproc,inproc-threads5,recheck,30000,0.467,0.531,Answered,"The coordinator, pid 86180, took 'recheck'."
300,2026-10-04T01:33:24.9782392Z,idle-inproc,inproc-threads5,recheck,30000,0.467,0.532,Answered,"The coordinator, pid 86180, took 'recheck'."
301,2026-10-04T01:33:25.0407265Z,idle-inproc,inproc-threads5,recheck,30000,0.514,0.602,Answered,"The coordinator, pid 86180, took 'recheck'."
302,2026-10-04T01:33:25.0923869Z,idle-inproc,inproc-threads5,recheck,30000,0.506,0.574,Answered,"The coordinator, pid 86180, took 'recheck'."
303,2026-10-04T01:33:25.1434143Z,idle-inproc,inproc-threads5,recheck,30000,0.421,0.478,Answered,"The coordinator, pid 86180, took 'recheck'."
304,2026-10-04T01:33:25.1944745Z,idle-inproc,inproc-threads5,recheck,30000,0.492,0.572,Answered,"The coordinator, pid 86180, took 'recheck'."
305,2026-10-04T01:33:25.2456011Z,idle-inproc,inproc-threads5,recheck,30000,0.465,0.530,Answered,"The coordinator, pid 86180, took 'recheck'."
306,2026-10-04T01:33:25.2968409Z,idle-inproc,inproc-threads5,recheck,30000,0.490,0.556,Answered,"The coordinator, pid 86180, took 'recheck'."
307,2026-10-04T01:33:25.3489419Z,idle-inproc,inproc-threads5,recheck,30000,0.569,0.644,Answered,"The coordinator, pid 86180, took 'recheck'."
308,2026-10-04T01:33:25.4112740Z,idle-inproc,inproc-threads5,recheck,30000,1.154,1.252,Answered,"The coordinator, pid 86180, took 'recheck'."
309,2026-10-04T01:33:25.4630488Z,idle-inproc,inproc-threads5,recheck,30000,0.445,0.510,Answered,"The coordinator, pid 86180, took 'recheck'."
310,2026-10-04T01:33:25.5138384Z,idle-inproc,inproc-threads5,recheck,30000,0.484,0.545,Answered,"The coordinator, pid 86180, took 'recheck'."
311,2026-10-04T01:33:25.5657038Z,idle-inproc,inproc-threads5,recheck,30000,0.481,0.541,Answered,"The coordinator, pid 86180, took 'recheck'."
312,2026-10-04T01:33:25.6165505Z,idle-inproc,inproc-threads5,recheck,30000,0.523,0.588,Answered,"The coordinator, pid 86180, took 'recheck'."
313,2026-10-04T01:33:25.6688568Z,idle-inproc,inproc-threads5,recheck,30000,0.518,0.593,Answered,"The coordinator, pid 86180, took 'recheck'."
314,2026-10-04T01:33:25.7201193Z,idle-inproc,inproc-threads5,recheck,30000,0.453,0.518,Answered,"The coordinator, pid 86180, took 'recheck'."
315,2026-10-04T01:33:25.7714555Z,idle-inproc,inproc-threads5,recheck,30000,0.454,0.517,Answered,"The coordinator, pid 86180, took 'recheck'."
316,2026-10-04T01:33:25.8229317Z,idle-inproc,inproc-threads5,recheck,30000,0.490,0.558,Answered,"The coordinator, pid 86180, took 'recheck'."
317,2026-10-04T01:33:25.8756036Z,idle-inproc,inproc-threads5,recheck,30000,0.574,0.648,Answered,"The coordinator, pid 86180, took 'recheck'."
318,2026-10-04T01:33:25.9263326Z,idle-inproc,inproc-threads5,recheck,30000,0.443,0.510,Answered,"The coordinator, pid 86180, took 'recheck'."
319,2026-10-04T01:33:25.9777622Z,idle-inproc,inproc-threads5,recheck,30000,0.528,0.596,Answered,"The coordinator, pid 86180, took 'recheck'."
320,2026-10-04T01:33:26.0334355Z,idle-inproc,inproc-threads5,recheck,30000,0.471,0.536,Answered,"The coordinator, pid 86180, took 'recheck'."
321,2026-10-04T01:33:26.0842680Z,idle-inproc,inproc-threads5,recheck,30000,0.436,0.495,Answered,"The coordinator, pid 86180, took 'recheck'."
322,2026-10-04T01:33:26.1354311Z,idle-inproc,inproc-threads5,recheck,30000,0.433,0.517,Answered,"The coordinator, pid 86180, took 'recheck'."
323,2026-10-04T01:33:26.1863656Z,idle-inproc,inproc-threads5,recheck,30000,0.427,0.493,Answered,"The coordinator, pid 86180, took 'recheck'."
324,2026-10-04T01:33:26.2377605Z,idle-inproc,inproc-threads5,recheck,30000,0.379,0.425,Answered,"The coordinator, pid 86180, took 'recheck'."
325,2026-10-04T01:33:26.2886776Z,idle-inproc,inproc-threads5,recheck,30000,0.444,0.508,Answered,"The coordinator, pid 86180, took 'recheck'."
326,2026-10-04T01:33:26.3521982Z,idle-inproc,inproc-threads5,recheck,30000,4.375,4.763,Answered,"The coordinator, pid 86180, took 'recheck'."
327,2026-10-04T01:33:26.4040111Z,idle-inproc,inproc-threads5,recheck,30000,0.592,0.663,Answered,"The coordinator, pid 86180, took 'recheck'."
328,2026-10-04T01:33:26.4553522Z,idle-inproc,inproc-threads5,recheck,30000,0.555,0.623,Answered,"The coordinator, pid 86180, took 'recheck'."
329,2026-10-04T01:33:26.5065098Z,idle-inproc,inproc-threads5,recheck,30000,0.451,0.509,Answered,"The coordinator, pid 86180, took 'recheck'."
330,2026-10-04T01:33:26.5572036Z,idle-inproc,inproc-threads5,recheck,30000,0.380,0.432,Answered,"The coordinator, pid 86180, took 'recheck'."
331,2026-10-04T01:33:26.6085334Z,idle-inproc,inproc-threads5,recheck,30000,0.468,0.521,Answered,"The coordinator, pid 86180, took 'recheck'."
332,2026-10-04T01:33:26.6594887Z,idle-inproc,inproc-threads5,recheck,30000,0.412,0.470,Answered,"The coordinator, pid 86180, took 'recheck'."
333,2026-10-04T01:33:26.7112565Z,idle-inproc,inproc-threads5,recheck,30000,0.372,0.424,Answered,"The coordinator, pid 86180, took 'recheck'."
334,2026-10-04T01:33:26.7727068Z,idle-inproc,inproc-threads5,recheck,30000,0.490,0.604,Answered,"The coordinator, pid 86180, took 'recheck'."
335,2026-10-04T01:33:26.8249462Z,idle-inproc,inproc-threads5,recheck,30000,0.475,0.533,Answered,"The coordinator, pid 86180, took 'recheck'."
336,2026-10-04T01:33:26.8775230Z,idle-inproc,inproc-threads5,recheck,30000,0.482,0.544,Answered,"The coordinator, pid 86180, took 'recheck'."
337,2026-10-04T01:33:26.9285130Z,idle-inproc,inproc-threads5,recheck,30000,0.407,0.460,Answered,"The coordinator, pid 86180, took 'recheck'."
338,2026-10-04T01:33:26.9793297Z,idle-inproc,inproc-threads5,recheck,30000,0.439,0.509,Answered,"The coordinator, pid 86180, took 'recheck'."
339,2026-10-04T01:33:27.0309407Z,idle-inproc,inproc-threads5,recheck,30000,0.343,0.390,Answered,"The coordinator, pid 86180, took 'recheck'."
340,2026-10-04T01:33:27.0826273Z,idle-inproc,inproc-threads5,recheck,30000,0.522,0.588,Answered,"The coordinator, pid 86180, took 'recheck'."
341,2026-10-04T01:33:27.1435175Z,idle-inproc,inproc-threads5,recheck,30000,0.458,0.522,Answered,"The coordinator, pid 86180, took 'recheck'."
342,2026-10-04T01:33:27.1957008Z,idle-inproc,inproc-threads5,recheck,30000,0.458,0.532,Answered,"The coordinator, pid 86180, took 'recheck'."
343,2026-10-04T01:33:27.2463400Z,idle-inproc,inproc-threads5,recheck,30000,0.412,0.461,Answered,"The coordinator, pid 86180, took 'recheck'."
344,2026-10-04T01:33:27.2971879Z,idle-inproc,inproc-threads5,recheck,30000,0.515,0.574,Answered,"The coordinator, pid 86180, took 'recheck'."
345,2026-10-04T01:33:27.3482685Z,idle-inproc,inproc-threads5,recheck,30000,0.468,0.538,Answered,"The coordinator, pid 86180, took 'recheck'."
346,2026-10-04T01:33:27.4001500Z,idle-inproc,inproc-threads5,recheck,30000,0.463,0.536,Answered,"The coordinator, pid 86180, took 'recheck'."
347,2026-10-04T01:33:27.4524029Z,idle-inproc,inproc-threads5,recheck,30000,0.515,0.579,Answered,"The coordinator, pid 86180, took 'recheck'."
348,2026-10-04T01:33:27.5181781Z,idle-inproc,inproc-threads5,recheck,30000,0.651,0.739,Answered,"The coordinator, pid 86180, took 'recheck'."
349,2026-10-04T01:33:27.5697113Z,idle-inproc,inproc-threads5,recheck,30000,0.496,0.554,Answered,"The coordinator, pid 86180, took 'recheck'."
350,2026-10-04T01:33:27.6206163Z,idle-inproc,inproc-threads5,recheck,30000,0.441,0.509,Answered,"The coordinator, pid 86180, took 'recheck'."
351,2026-10-04T01:33:27.6726506Z,idle-inproc,inproc-threads5,recheck,30000,0.495,0.549,Answered,"The coordinator, pid 86180, took 'recheck'."
352,2026-10-04T01:33:27.7237825Z,idle-inproc,inproc-threads5,recheck,30000,0.480,0.542,Answered,"The coordinator, pid 86180, took 'recheck'."
353,2026-10-04T01:33:27.7755186Z,idle-inproc,inproc-threads5,recheck,30000,0.456,0.510,Answered,"The coordinator, pid 86180, took 'recheck'."
354,2026-10-04T01:33:27.8271822Z,idle-inproc,inproc-threads5,recheck,30000,0.439,0.491,Answered,"The coordinator, pid 86180, took 'recheck'."
355,2026-10-04T01:33:27.8927078Z,idle-inproc,inproc-threads5,recheck,30000,0.593,0.662,Answered,"The coordinator, pid 86180, took 'recheck'."
356,2026-10-04T01:33:27.9437851Z,idle-inproc,inproc-threads5,recheck,30000,0.497,0.565,Answered,"The coordinator, pid 86180, took 'recheck'."
357,2026-10-04T01:33:27.9948911Z,idle-inproc,inproc-threads5,recheck,30000,0.565,0.640,Answered,"The coordinator, pid 86180, took 'recheck'."
358,2026-10-04T01:33:28.0465283Z,idle-inproc,inproc-threads5,recheck,30000,0.490,0.557,Answered,"The coordinator, pid 86180, took 'recheck'."
359,2026-10-04T01:33:28.0974621Z,idle-inproc,inproc-threads5,recheck,30000,0.487,0.546,Answered,"The coordinator, pid 86180, took 'recheck'."
360,2026-10-04T01:33:28.1490256Z,idle-inproc,inproc-threads5,recheck,30000,0.504,0.558,Answered,"The coordinator, pid 86180, took 'recheck'."
361,2026-10-04T01:33:28.2010540Z,idle-inproc,inproc-threads5,recheck,30000,0.399,0.463,Answered,"The coordinator, pid 86180, took 'recheck'."
362,2026-10-04T01:33:28.2661771Z,idle-inproc,inproc-threads5,recheck,30000,0.538,0.606,Answered,"The coordinator, pid 86180, took 'recheck'."
363,2026-10-04T01:33:28.3171501Z,idle-inproc,inproc-threads5,recheck,30000,0.455,0.510,Answered,"The coordinator, pid 86180, took 'recheck'."
364,2026-10-04T01:33:28.3681822Z,idle-inproc,inproc-threads5,recheck,30000,0.422,0.472,Answered,"The coordinator, pid 86180, took 'recheck'."
365,2026-10-04T01:33:28.4199347Z,idle-inproc,inproc-threads5,recheck,30000,0.437,0.492,Answered,"The coordinator, pid 86180, took 'recheck'."
366,2026-10-04T01:33:28.4711173Z,idle-inproc,inproc-threads5,recheck,30000,0.674,0.759,Answered,"The coordinator, pid 86180, took 'recheck'."
367,2026-10-04T01:33:28.5230954Z,idle-inproc,inproc-threads5,recheck,30000,0.522,0.587,Answered,"The coordinator, pid 86180, took 'recheck'."
368,2026-10-04T01:33:28.5742292Z,idle-inproc,inproc-threads5,recheck,30000,0.385,0.448,Answered,"The coordinator, pid 86180, took 'recheck'."
369,2026-10-04T01:33:28.6378484Z,idle-inproc,inproc-threads5,recheck,30000,0.543,0.619,Answered,"The coordinator, pid 86180, took 'recheck'."
370,2026-10-04T01:33:28.6896526Z,idle-inproc,inproc-threads5,recheck,30000,0.451,0.509,Answered,"The coordinator, pid 86180, took 'recheck'."
371,2026-10-04T01:33:28.7407660Z,idle-inproc,inproc-threads5,recheck,30000,0.445,0.490,Answered,"The coordinator, pid 86180, took 'recheck'."
372,2026-10-04T01:33:28.7922947Z,idle-inproc,inproc-threads5,recheck,30000,0.417,0.466,Answered,"The coordinator, pid 86180, took 'recheck'."
373,2026-10-04T01:33:28.8434460Z,idle-inproc,inproc-threads5,recheck,30000,0.494,0.559,Answered,"The coordinator, pid 86180, took 'recheck'."
374,2026-10-04T01:33:28.8948544Z,idle-inproc,inproc-threads5,recheck,30000,0.599,0.669,Answered,"The coordinator, pid 86180, took 'recheck'."
375,2026-10-04T01:33:28.9462741Z,idle-inproc,inproc-threads5,recheck,30000,0.460,0.528,Answered,"The coordinator, pid 86180, took 'recheck'."
376,2026-10-04T01:33:29.0114653Z,idle-inproc,inproc-threads5,recheck,30000,0.480,0.548,Answered,"The coordinator, pid 86180, took 'recheck'."
377,2026-10-04T01:33:29.0634147Z,idle-inproc,inproc-threads5,recheck,30000,0.458,0.509,Answered,"The coordinator, pid 86180, took 'recheck'."
378,2026-10-04T01:33:29.1154030Z,idle-inproc,inproc-threads5,recheck,30000,0.429,0.480,Answered,"The coordinator, pid 86180, took 'recheck'."
379,2026-10-04T01:33:29.1662272Z,idle-inproc,inproc-threads5,recheck,30000,0.452,0.515,Answered,"The coordinator, pid 86180, took 'recheck'."
380,2026-10-04T01:33:29.2170677Z,idle-inproc,inproc-threads5,recheck,30000,0.457,0.523,Answered,"The coordinator, pid 86180, took 'recheck'."
381,2026-10-04T01:33:29.2681658Z,idle-inproc,inproc-threads5,recheck,30000,0.400,0.461,Answered,"The coordinator, pid 86180, took 'recheck'."
382,2026-10-04T01:33:29.3196274Z,idle-inproc,inproc-threads5,recheck,30000,0.397,0.447,Answered,"The coordinator, pid 86180, took 'recheck'."
383,2026-10-04T01:33:29.3818436Z,idle-inproc,inproc-threads5,recheck,30000,0.461,0.557,Answered,"The coordinator, pid 86180, took 'recheck'."
384,2026-10-04T01:33:29.4333239Z,idle-inproc,inproc-threads5,recheck,30000,0.507,0.564,Answered,"The coordinator, pid 86180, took 'recheck'."
385,2026-10-04T01:33:29.4842149Z,idle-inproc,inproc-threads5,recheck,30000,0.425,0.492,Answered,"The coordinator, pid 86180, took 'recheck'."
386,2026-10-04T01:33:29.5368323Z,idle-inproc,inproc-threads5,recheck,30000,0.369,0.420,Answered,"The coordinator, pid 86180, took 'recheck'."
387,2026-10-04T01:33:29.5879394Z,idle-inproc,inproc-threads5,recheck,30000,0.396,0.452,Answered,"The coordinator, pid 86180, took 'recheck'."
388,2026-10-04T01:33:29.6398857Z,idle-inproc,inproc-threads5,recheck,30000,0.446,0.506,Answered,"The coordinator, pid 86180, took 'recheck'."
389,2026-10-04T01:33:29.6908171Z,idle-inproc,inproc-threads5,recheck,30000,0.578,0.660,Answered,"The coordinator, pid 86180, took 'recheck'."
390,2026-10-04T01:33:29.7532379Z,idle-inproc,inproc-threads5,recheck,30000,0.470,0.538,Answered,"The coordinator, pid 86180, took 'recheck'."
391,2026-10-04T01:33:29.8049931Z,idle-inproc,inproc-threads5,recheck,30000,0.505,0.572,Answered,"The coordinator, pid 86180, took 'recheck'."
392,2026-10-04T01:33:29.8558913Z,idle-inproc,inproc-threads5,recheck,30000,0.444,0.503,Answered,"The coordinator, pid 86180, took 'recheck'."
393,2026-10-04T01:33:29.9069878Z,idle-inproc,inproc-threads5,recheck,30000,0.409,0.461,Answered,"The coordinator, pid 86180, took 'recheck'."
394,2026-10-04T01:33:29.9588218Z,idle-inproc,inproc-threads5,recheck,30000,0.956,1.018,Answered,"The coordinator, pid 86180, took 'recheck'."
395,2026-10-04T01:33:30.0097497Z,idle-inproc,inproc-threads5,recheck,30000,0.420,0.502,Answered,"The coordinator, pid 86180, took 'recheck'."
396,2026-10-04T01:33:30.0607947Z,idle-inproc,inproc-threads5,recheck,30000,0.434,0.498,Answered,"The coordinator, pid 86180, took 'recheck'."
397,2026-10-04T01:33:30.1270822Z,idle-inproc,inproc-threads5,recheck,30000,0.502,0.578,Answered,"The coordinator, pid 86180, took 'recheck'."
398,2026-10-04T01:33:30.1785389Z,idle-inproc,inproc-threads5,recheck,30000,0.444,0.518,Answered,"The coordinator, pid 86180, took 'recheck'."
399,2026-10-04T01:33:30.2304850Z,idle-inproc,inproc-threads5,recheck,30000,0.448,0.514,Answered,"The coordinator, pid 86180, took 'recheck'."
400,2026-10-04T01:33:30.2811617Z,idle-inproc,inproc-threads5,recheck,30000,0.375,0.420,Answered,"The coordinator, pid 86180, took 'recheck'."
401,2026-10-04T01:33:30.3319592Z,idle-inproc,inproc-threads5,recheck,30000,0.493,0.553,Answered,"The coordinator, pid 86180, took 'recheck'."
402,2026-10-04T01:33:30.3833489Z,idle-inproc,inproc-threads5,recheck,30000,0.457,0.515,Answered,"The coordinator, pid 86180, took 'recheck'."
403,2026-10-04T01:33:30.4340729Z,idle-inproc,inproc-threads5,recheck,30000,0.449,0.515,Answered,"The coordinator, pid 86180, took 'recheck'."
404,2026-10-04T01:33:30.5000584Z,idle-inproc,inproc-threads5,recheck,30000,0.448,0.509,Answered,"The coordinator, pid 86180, took 'recheck'."
405,2026-10-04T01:33:30.5518931Z,idle-inproc,inproc-threads5,recheck,30000,0.407,0.458,Answered,"The coordinator, pid 86180, took 'recheck'."
406,2026-10-04T01:33:30.6026923Z,idle-inproc,inproc-threads5,recheck,30000,0.465,0.530,Answered,"The coordinator, pid 86180, took 'recheck'."
407,2026-10-04T01:33:30.6565190Z,idle-inproc,inproc-threads5,recheck,30000,0.489,0.560,Answered,"The coordinator, pid 86180, took 'recheck'."
408,2026-10-04T01:33:30.7078291Z,idle-inproc,inproc-threads5,recheck,30000,0.475,0.545,Answered,"The coordinator, pid 86180, took 'recheck'."
409,2026-10-04T01:33:30.7597859Z,idle-inproc,inproc-threads5,recheck,30000,0.414,0.469,Answered,"The coordinator, pid 86180, took 'recheck'."
410,2026-10-04T01:33:30.8107629Z,idle-inproc,inproc-threads5,recheck,30000,0.552,0.610,Answered,"The coordinator, pid 86180, took 'recheck'."
411,2026-10-04T01:33:30.8737510Z,idle-inproc,inproc-threads5,recheck,30000,0.485,0.554,Answered,"The coordinator, pid 86180, took 'recheck'."
412,2026-10-04T01:33:30.9248856Z,idle-inproc,inproc-threads5,recheck,30000,0.558,0.619,Answered,"The coordinator, pid 86180, took 'recheck'."
413,2026-10-04T01:33:30.9759068Z,idle-inproc,inproc-threads5,recheck,30000,0.613,0.686,Answered,"The coordinator, pid 86180, took 'recheck'."
414,2026-10-04T01:33:31.0273610Z,idle-inproc,inproc-threads5,recheck,30000,0.412,0.472,Answered,"The coordinator, pid 86180, took 'recheck'."
415,2026-10-04T01:33:31.0781706Z,idle-inproc,inproc-threads5,recheck,30000,0.477,0.544,Answered,"The coordinator, pid 86180, took 'recheck'."
416,2026-10-04T01:33:31.1290077Z,idle-inproc,inproc-threads5,recheck,30000,0.442,0.504,Answered,"The coordinator, pid 86180, took 'recheck'."
417,2026-10-04T01:33:31.1809906Z,idle-inproc,inproc-threads5,recheck,30000,0.499,0.553,Answered,"The coordinator, pid 86180, took 'recheck'."
418,2026-10-04T01:33:31.2458470Z,idle-inproc,inproc-threads5,recheck,30000,0.495,0.569,Answered,"The coordinator, pid 86180, took 'recheck'."
419,2026-10-04T01:33:31.2968971Z,idle-inproc,inproc-threads5,recheck,30000,0.466,0.535,Answered,"The coordinator, pid 86180, took 'recheck'."
420,2026-10-04T01:33:31.3481212Z,idle-inproc,inproc-threads5,recheck,30000,0.436,0.503,Answered,"The coordinator, pid 86180, took 'recheck'."
421,2026-10-04T01:33:31.4002028Z,idle-inproc,inproc-threads5,recheck,30000,0.432,0.489,Answered,"The coordinator, pid 86180, took 'recheck'."
422,2026-10-04T01:33:31.4510036Z,idle-inproc,inproc-threads5,recheck,30000,0.435,0.495,Answered,"The coordinator, pid 86180, took 'recheck'."
423,2026-10-04T01:33:31.5026585Z,idle-inproc,inproc-threads5,recheck,30000,0.392,0.446,Answered,"The coordinator, pid 86180, took 'recheck'."
424,2026-10-04T01:33:31.5536443Z,idle-inproc,inproc-threads5,recheck,30000,0.417,0.467,Answered,"The coordinator, pid 86180, took 'recheck'."
425,2026-10-04T01:33:31.6185674Z,idle-inproc,inproc-threads5,recheck,30000,0.519,0.596,Answered,"The coordinator, pid 86180, took 'recheck'."
426,2026-10-04T01:33:31.6693644Z,idle-inproc,inproc-threads5,recheck,30000,0.498,0.565,Answered,"The coordinator, pid 86180, took 'recheck'."
427,2026-10-04T01:33:31.7199733Z,idle-inproc,inproc-threads5,recheck,30000,0.395,0.450,Answered,"The coordinator, pid 86180, took 'recheck'."
428,2026-10-04T01:33:31.7709663Z,idle-inproc,inproc-threads5,recheck,30000,0.575,0.670,Answered,"The coordinator, pid 86180, took 'recheck'."
429,2026-10-04T01:33:31.8228118Z,idle-inproc,inproc-threads5,recheck,30000,0.446,0.506,Answered,"The coordinator, pid 86180, took 'recheck'."
430,2026-10-04T01:33:31.8747216Z,idle-inproc,inproc-threads5,recheck,30000,0.494,0.553,Answered,"The coordinator, pid 86180, took 'recheck'."
431,2026-10-04T01:33:31.9268962Z,idle-inproc,inproc-threads5,recheck,30000,0.407,0.476,Answered,"The coordinator, pid 86180, took 'recheck'."
432,2026-10-04T01:33:31.9905885Z,idle-inproc,inproc-threads5,recheck,30000,0.555,0.628,Answered,"The coordinator, pid 86180, took 'recheck'."
433,2026-10-04T01:33:32.0414953Z,idle-inproc,inproc-threads5,recheck,30000,0.462,0.527,Answered,"The coordinator, pid 86180, took 'recheck'."
434,2026-10-04T01:33:32.0936190Z,idle-inproc,inproc-threads5,recheck,30000,0.439,0.492,Answered,"The coordinator, pid 86180, took 'recheck'."
435,2026-10-04T01:33:32.1455058Z,idle-inproc,inproc-threads5,recheck,30000,0.443,0.504,Answered,"The coordinator, pid 86180, took 'recheck'."
436,2026-10-04T01:33:32.1965365Z,idle-inproc,inproc-threads5,recheck,30000,0.427,0.503,Answered,"The coordinator, pid 86180, took 'recheck'."
437,2026-10-04T01:33:32.2480448Z,idle-inproc,inproc-threads5,recheck,30000,0.442,0.490,Answered,"The coordinator, pid 86180, took 'recheck'."
438,2026-10-04T01:33:32.2989838Z,idle-inproc,inproc-threads5,recheck,30000,0.469,0.534,Answered,"The coordinator, pid 86180, took 'recheck'."
439,2026-10-04T01:33:32.3499357Z,idle-inproc,inproc-threads5,recheck,30000,0.424,0.478,Answered,"The coordinator, pid 86180, took 'recheck'."
440,2026-10-04T01:33:32.4011611Z,idle-inproc,inproc-threads5,recheck,30000,0.388,0.444,Answered,"The coordinator, pid 86180, took 'recheck'."
441,2026-10-04T01:33:32.4523466Z,idle-inproc,inproc-threads5,recheck,30000,0.396,0.448,Answered,"The coordinator, pid 86180, took 'recheck'."
442,2026-10-04T01:33:32.5034319Z,idle-inproc,inproc-threads5,recheck,30000,0.434,0.496,Answered,"The coordinator, pid 86180, took 'recheck'."
443,2026-10-04T01:33:32.5546316Z,idle-inproc,inproc-threads5,recheck,30000,0.527,0.598,Answered,"The coordinator, pid 86180, took 'recheck'."
444,2026-10-04T01:33:32.6158498Z,idle-inproc,inproc-threads5,recheck,30000,0.545,0.616,Answered,"The coordinator, pid 86180, took 'recheck'."
445,2026-10-04T01:33:32.6679364Z,idle-inproc,inproc-threads5,recheck,30000,0.433,0.496,Answered,"The coordinator, pid 86180, took 'recheck'."
446,2026-10-04T01:33:32.7197411Z,idle-inproc,inproc-threads5,recheck,30000,0.416,0.474,Answered,"The coordinator, pid 86180, took 'recheck'."
447,2026-10-04T01:33:32.7716777Z,idle-inproc,inproc-threads5,recheck,30000,0.421,0.480,Answered,"The coordinator, pid 86180, took 'recheck'."
448,2026-10-04T01:33:32.8232738Z,idle-inproc,inproc-threads5,recheck,30000,0.475,0.543,Answered,"The coordinator, pid 86180, took 'recheck'."
449,2026-10-04T01:33:32.8755310Z,idle-inproc,inproc-threads5,recheck,30000,0.548,0.614,Answered,"The coordinator, pid 86180, took 'recheck'."
450,2026-10-04T01:33:32.9265367Z,idle-inproc,inproc-threads5,recheck,30000,0.494,0.543,Answered,"The coordinator, pid 86180, took 'recheck'."
451,2026-10-04T01:33:32.9876289Z,idle-inproc,inproc-threads5,recheck,30000,0.663,0.744,Answered,"The coordinator, pid 86180, took 'recheck'."
452,2026-10-04T01:33:33.0398296Z,idle-inproc,inproc-threads5,recheck,30000,0.417,0.513,Answered,"The coordinator, pid 86180, took 'recheck'."
453,2026-10-04T01:33:33.0911956Z,idle-inproc,inproc-threads5,recheck,30000,0.458,0.524,Answered,"The coordinator, pid 86180, took 'recheck'."
454,2026-10-04T01:33:33.1426485Z,idle-inproc,inproc-threads5,recheck,30000,0.426,0.493,Answered,"The coordinator, pid 86180, took 'recheck'."
455,2026-10-04T01:33:33.1933056Z,idle-inproc,inproc-threads5,recheck,30000,0.437,0.500,Answered,"The coordinator, pid 86180, took 'recheck'."
456,2026-10-04T01:33:33.2441434Z,idle-inproc,inproc-threads5,recheck,30000,0.578,0.646,Answered,"The coordinator, pid 86180, took 'recheck'."
457,2026-10-04T01:33:33.2952731Z,idle-inproc,inproc-threads5,recheck,30000,0.519,0.588,Answered,"The coordinator, pid 86180, took 'recheck'."
458,2026-10-04T01:33:33.3604499Z,idle-inproc,inproc-threads5,recheck,30000,0.714,0.819,Answered,"The coordinator, pid 86180, took 'recheck'."
459,2026-10-04T01:33:33.4116891Z,idle-inproc,inproc-threads5,recheck,30000,0.479,0.557,Answered,"The coordinator, pid 86180, took 'recheck'."
460,2026-10-04T01:33:33.4632816Z,idle-inproc,inproc-threads5,recheck,30000,0.527,0.595,Answered,"The coordinator, pid 86180, took 'recheck'."
461,2026-10-04T01:33:33.5149831Z,idle-inproc,inproc-threads5,recheck,30000,0.639,0.725,Answered,"The coordinator, pid 86180, took 'recheck'."
462,2026-10-04T01:33:33.5672945Z,idle-inproc,inproc-threads5,recheck,30000,0.488,0.564,Answered,"The coordinator, pid 86180, took 'recheck'."
463,2026-10-04T01:33:33.6186304Z,idle-inproc,inproc-threads5,recheck,30000,0.484,0.550,Answered,"The coordinator, pid 86180, took 'recheck'."
464,2026-10-04T01:33:33.6703380Z,idle-inproc,inproc-threads5,recheck,30000,0.428,0.484,Answered,"The coordinator, pid 86180, took 'recheck'."
465,2026-10-04T01:33:33.7339120Z,idle-inproc,inproc-threads5,recheck,30000,0.484,0.657,Answered,"The coordinator, pid 86180, took 'recheck'."
466,2026-10-04T01:33:33.7850235Z,idle-inproc,inproc-threads5,recheck,30000,0.539,0.612,Answered,"The coordinator, pid 86180, took 'recheck'."
467,2026-10-04T01:33:33.8361243Z,idle-inproc,inproc-threads5,recheck,30000,0.482,0.550,Answered,"The coordinator, pid 86180, took 'recheck'."
468,2026-10-04T01:33:33.8873474Z,idle-inproc,inproc-threads5,recheck,30000,0.556,0.623,Answered,"The coordinator, pid 86180, took 'recheck'."
469,2026-10-04T01:33:33.9385844Z,idle-inproc,inproc-threads5,recheck,30000,0.744,0.822,Answered,"The coordinator, pid 86180, took 'recheck'."
470,2026-10-04T01:33:33.9894172Z,idle-inproc,inproc-threads5,recheck,30000,0.433,0.496,Answered,"The coordinator, pid 86180, took 'recheck'."
471,2026-10-04T01:33:34.0403984Z,idle-inproc,inproc-threads5,recheck,30000,0.422,0.484,Answered,"The coordinator, pid 86180, took 'recheck'."
472,2026-10-04T01:33:34.1055647Z,idle-inproc,inproc-threads5,recheck,30000,0.477,0.543,Answered,"The coordinator, pid 86180, took 'recheck'."
473,2026-10-04T01:33:34.1571611Z,idle-inproc,inproc-threads5,recheck,30000,0.522,0.589,Answered,"The coordinator, pid 86180, took 'recheck'."
474,2026-10-04T01:33:34.2080195Z,idle-inproc,inproc-threads5,recheck,30000,0.415,0.482,Answered,"The coordinator, pid 86180, took 'recheck'."
475,2026-10-04T01:33:34.2591868Z,idle-inproc,inproc-threads5,recheck,30000,0.480,0.541,Answered,"The coordinator, pid 86180, took 'recheck'."
476,2026-10-04T01:33:34.3101837Z,idle-inproc,inproc-threads5,recheck,30000,0.496,0.548,Answered,"The coordinator, pid 86180, took 'recheck'."
477,2026-10-04T01:33:34.3627287Z,idle-inproc,inproc-threads5,recheck,30000,0.458,0.523,Answered,"The coordinator, pid 86180, took 'recheck'."
478,2026-10-04T01:33:34.4135467Z,idle-inproc,inproc-threads5,recheck,30000,0.417,0.486,Answered,"The coordinator, pid 86180, took 'recheck'."
479,2026-10-04T01:33:34.4645039Z,idle-inproc,inproc-threads5,recheck,30000,0.560,0.631,Answered,"The coordinator, pid 86180, took 'recheck'."
480,2026-10-04T01:33:34.5156327Z,idle-inproc,inproc-threads5,recheck,30000,0.446,0.506,Answered,"The coordinator, pid 86180, took 'recheck'."
481,2026-10-04T01:33:34.5663728Z,idle-inproc,inproc-threads5,recheck,30000,0.379,0.432,Answered,"The coordinator, pid 86180, took 'recheck'."
482,2026-10-04T01:33:34.6171046Z,idle-inproc,inproc-threads5,recheck,30000,0.460,0.532,Answered,"The coordinator, pid 86180, took 'recheck'."
483,2026-10-04T01:33:34.6678136Z,idle-inproc,inproc-threads5,recheck,30000,0.480,0.531,Answered,"The coordinator, pid 86180, took 'recheck'."
484,2026-10-04T01:33:34.7332118Z,idle-inproc,inproc-threads5,recheck,30000,0.697,0.797,Answered,"The coordinator, pid 86180, took 'recheck'."
485,2026-10-04T01:33:34.7846055Z,idle-inproc,inproc-threads5,recheck,30000,0.671,0.742,Answered,"The coordinator, pid 86180, took 'recheck'."
486,2026-10-04T01:33:34.8354960Z,idle-inproc,inproc-threads5,recheck,30000,0.468,0.536,Answered,"The coordinator, pid 86180, took 'recheck'."
487,2026-10-04T01:33:34.8869497Z,idle-inproc,inproc-threads5,recheck,30000,0.501,0.560,Answered,"The coordinator, pid 86180, took 'recheck'."
488,2026-10-04T01:33:34.9387970Z,idle-inproc,inproc-threads5,recheck,30000,0.392,0.443,Answered,"The coordinator, pid 86180, took 'recheck'."
489,2026-10-04T01:33:34.9915604Z,idle-inproc,inproc-threads5,recheck,30000,0.478,0.533,Answered,"The coordinator, pid 86180, took 'recheck'."
490,2026-10-04T01:33:35.0429731Z,idle-inproc,inproc-threads5,recheck,30000,0.507,0.570,Answered,"The coordinator, pid 86180, took 'recheck'."
491,2026-10-04T01:33:35.0946572Z,idle-inproc,inproc-threads5,recheck,30000,0.750,0.917,Answered,"The coordinator, pid 86180, took 'recheck'."
492,2026-10-04T01:33:35.1455230Z,idle-inproc,inproc-threads5,recheck,30000,0.471,0.563,Answered,"The coordinator, pid 86180, took 'recheck'."
493,2026-10-04T01:33:35.1965034Z,idle-inproc,inproc-threads5,recheck,30000,0.486,0.568,Answered,"The coordinator, pid 86180, took 'recheck'."
494,2026-10-04T01:33:35.2485623Z,idle-inproc,inproc-threads5,recheck,30000,0.413,0.465,Answered,"The coordinator, pid 86180, took 'recheck'."
495,2026-10-04T01:33:35.3002078Z,idle-inproc,inproc-threads5,recheck,30000,0.427,0.482,Answered,"The coordinator, pid 86180, took 'recheck'."
496,2026-10-04T01:33:35.3571403Z,idle-inproc,inproc-threads5,recheck,30000,0.515,0.572,Answered,"The coordinator, pid 86180, took 'recheck'."
497,2026-10-04T01:33:35.4087113Z,idle-inproc,inproc-threads5,recheck,30000,0.453,0.513,Answered,"The coordinator, pid 86180, took 'recheck'."
498,2026-10-04T01:33:35.4602389Z,idle-inproc,inproc-threads5,recheck,30000,0.461,0.531,Answered,"The coordinator, pid 86180, took 'recheck'."
499,2026-10-04T01:33:35.5121958Z,idle-inproc,inproc-threads5,recheck,30000,0.499,0.567,Answered,"The coordinator, pid 86180, took 'recheck'."
500,2026-10-04T01:33:35.5631147Z,idle-inproc,inproc-threads5,recheck,30000,0.442,0.489,Answered,"The coordinator, pid 86180, took 'recheck'."
501,2026-10-04T01:33:35.6139815Z,idle-inproc,inproc-threads5,recheck,30000,0.483,0.542,Answered,"The coordinator, pid 86180, took 'recheck'."
502,2026-10-04T01:33:35.6661378Z,idle-inproc,inproc-threads5,recheck,30000,1.415,1.476,Answered,"The coordinator, pid 86180, took 'recheck'."
503,2026-10-04T01:33:35.7584242Z,idle-inproc,inproc-threads5,recheck,30000,6.865,22.384,Answered,"The coordinator, pid 86180, took 'recheck'."
504,2026-10-04T01:33:35.8488747Z,idle-inproc,inproc-threads5,recheck,30000,4.359,4.463,Answered,"The coordinator, pid 86180, took 'recheck'."
505,2026-10-04T01:33:35.9784977Z,idle-inproc,inproc-threads5,recheck,30000,22.982,36.196,Answered,"The coordinator, pid 86180, took 'recheck'."
506,2026-10-04T01:33:36.0294309Z,idle-inproc,inproc-threads5,recheck,30000,0.435,0.492,Answered,"The coordinator, pid 86180, took 'recheck'."
507,2026-10-04T01:33:36.0805490Z,idle-inproc,inproc-threads5,recheck,30000,0.472,0.532,Answered,"The coordinator, pid 86180, took 'recheck'."
508,2026-10-04T01:33:36.1323351Z,idle-inproc,inproc-threads5,recheck,30000,0.445,0.508,Answered,"The coordinator, pid 86180, took 'recheck'."
509,2026-10-04T01:33:36.1833350Z,idle-inproc,inproc-threads5,recheck,30000,0.518,0.576,Answered,"The coordinator, pid 86180, took 'recheck'."
510,2026-10-04T01:33:36.2353121Z,idle-inproc,inproc-threads5,recheck,30000,0.454,0.517,Answered,"The coordinator, pid 86180, took 'recheck'."
511,2026-10-04T01:33:36.2869801Z,idle-inproc,inproc-threads5,recheck,30000,0.399,0.455,Answered,"The coordinator, pid 86180, took 'recheck'."
512,2026-10-04T01:33:36.3528596Z,idle-inproc,inproc-threads5,recheck,30000,0.428,0.488,Answered,"The coordinator, pid 86180, took 'recheck'."
513,2026-10-04T01:33:36.4038246Z,idle-inproc,inproc-threads5,recheck,30000,0.472,0.531,Answered,"The coordinator, pid 86180, took 'recheck'."
514,2026-10-04T01:33:36.4557110Z,idle-inproc,inproc-threads5,recheck,30000,0.443,0.505,Answered,"The coordinator, pid 86180, took 'recheck'."
515,2026-10-04T01:33:36.5068060Z,idle-inproc,inproc-threads5,recheck,30000,0.504,0.559,Answered,"The coordinator, pid 86180, took 'recheck'."
516,2026-10-04T01:33:36.5576774Z,idle-inproc,inproc-threads5,recheck,30000,0.443,0.492,Answered,"The coordinator, pid 86180, took 'recheck'."
517,2026-10-04T01:33:36.6097750Z,idle-inproc,inproc-threads5,recheck,30000,0.413,0.477,Answered,"The coordinator, pid 86180, took 'recheck'."
518,2026-10-04T01:33:36.6614492Z,idle-inproc,inproc-threads5,recheck,30000,0.476,0.569,Answered,"The coordinator, pid 86180, took 'recheck'."
519,2026-10-04T01:33:36.7129664Z,idle-inproc,inproc-threads5,recheck,30000,0.471,0.545,Answered,"The coordinator, pid 86180, took 'recheck'."
520,2026-10-04T01:33:36.7638064Z,idle-inproc,inproc-threads5,recheck,30000,0.494,0.560,Answered,"The coordinator, pid 86180, took 'recheck'."
521,2026-10-04T01:33:36.8150721Z,idle-inproc,inproc-threads5,recheck,30000,0.565,0.636,Answered,"The coordinator, pid 86180, took 'recheck'."
522,2026-10-04T01:33:36.8671029Z,idle-inproc,inproc-threads5,recheck,30000,0.475,0.538,Answered,"The coordinator, pid 86180, took 'recheck'."
523,2026-10-04T01:33:36.9192602Z,idle-inproc,inproc-threads5,recheck,30000,0.409,0.469,Answered,"The coordinator, pid 86180, took 'recheck'."
524,2026-10-04T01:33:36.9835950Z,idle-inproc,inproc-threads5,recheck,30000,0.429,0.498,Answered,"The coordinator, pid 86180, took 'recheck'."
525,2026-10-04T01:33:37.0356999Z,idle-inproc,inproc-threads5,recheck,30000,0.509,0.562,Answered,"The coordinator, pid 86180, took 'recheck'."
526,2026-10-04T01:33:37.0870944Z,idle-inproc,inproc-threads5,recheck,30000,0.526,0.589,Answered,"The coordinator, pid 86180, took 'recheck'."
527,2026-10-04T01:33:37.1378959Z,idle-inproc,inproc-threads5,recheck,30000,0.454,0.500,Answered,"The coordinator, pid 86180, took 'recheck'."
528,2026-10-04T01:33:37.1889884Z,idle-inproc,inproc-threads5,recheck,30000,0.758,0.843,Answered,"The coordinator, pid 86180, took 'recheck'."
529,2026-10-04T01:33:37.2399561Z,idle-inproc,inproc-threads5,recheck,30000,0.564,0.641,Answered,"The coordinator, pid 86180, took 'recheck'."
530,2026-10-04T01:33:37.2909484Z,idle-inproc,inproc-threads5,recheck,30000,0.467,0.535,Answered,"The coordinator, pid 86180, took 'recheck'."
531,2026-10-04T01:33:37.3993578Z,idle-inproc,inproc-threads5,recheck,30000,7.011,7.212,Answered,"The coordinator, pid 86180, took 'recheck'."
532,2026-10-04T01:33:37.4522800Z,idle-inproc,inproc-threads5,recheck,30000,1.178,1.442,Answered,"The coordinator, pid 86180, took 'recheck'."
533,2026-10-04T01:33:37.5902403Z,idle-inproc,inproc-threads5,recheck,30000,32.478,56.473,Answered,"The coordinator, pid 86180, took 'recheck'."
534,2026-10-04T01:33:37.6688488Z,idle-inproc,inproc-threads5,recheck,30000,1.566,2.472,Answered,"The coordinator, pid 86180, took 'recheck'."
535,2026-10-04T01:33:37.7281124Z,idle-inproc,inproc-threads5,recheck,30000,3.149,3.254,Answered,"The coordinator, pid 86180, took 'recheck'."
536,2026-10-04T01:33:37.8261430Z,idle-inproc,inproc-threads5,recheck,30000,26.451,27.105,Answered,"The coordinator, pid 86180, took 'recheck'."
537,2026-10-04T01:33:37.8927807Z,idle-inproc,inproc-threads5,recheck,30000,12.801,15.482,Answered,"The coordinator, pid 86180, took 'recheck'."
538,2026-10-04T01:33:37.9443715Z,idle-inproc,inproc-threads5,recheck,30000,1.105,1.193,Answered,"The coordinator, pid 86180, took 'recheck'."
539,2026-10-04T01:33:37.9952918Z,idle-inproc,inproc-threads5,recheck,30000,0.494,0.558,Answered,"The coordinator, pid 86180, took 'recheck'."
540,2026-10-04T01:33:38.0466119Z,idle-inproc,inproc-threads5,recheck,30000,0.492,0.552,Answered,"The coordinator, pid 86180, took 'recheck'."
541,2026-10-04T01:33:38.0972609Z,idle-inproc,inproc-threads5,recheck,30000,0.426,0.491,Answered,"The coordinator, pid 86180, took 'recheck'."
542,2026-10-04T01:33:38.1490486Z,idle-inproc,inproc-threads5,recheck,30000,0.589,0.665,Answered,"The coordinator, pid 86180, took 'recheck'."
543,2026-10-04T01:33:38.2013946Z,idle-inproc,inproc-threads5,recheck,30000,0.635,0.722,Answered,"The coordinator, pid 86180, took 'recheck'."
544,2026-10-04T01:33:38.2524486Z,idle-inproc,inproc-threads5,recheck,30000,0.485,0.536,Answered,"The coordinator, pid 86180, took 'recheck'."
545,2026-10-04T01:33:38.3032902Z,idle-inproc,inproc-threads5,recheck,30000,0.549,0.645,Answered,"The coordinator, pid 86180, took 'recheck'."
546,2026-10-04T01:33:38.3664588Z,idle-inproc,inproc-threads5,recheck,30000,0.575,0.635,Answered,"The coordinator, pid 86180, took 'recheck'."
547,2026-10-04T01:33:38.4178156Z,idle-inproc,inproc-threads5,recheck,30000,0.559,0.632,Answered,"The coordinator, pid 86180, took 'recheck'."
548,2026-10-04T01:33:38.4688155Z,idle-inproc,inproc-threads5,recheck,30000,0.516,0.577,Answered,"The coordinator, pid 86180, took 'recheck'."
549,2026-10-04T01:33:38.5210968Z,idle-inproc,inproc-threads5,recheck,30000,0.556,0.620,Answered,"The coordinator, pid 86180, took 'recheck'."
550,2026-10-04T01:33:38.5725459Z,idle-inproc,inproc-threads5,recheck,30000,0.477,0.553,Answered,"The coordinator, pid 86180, took 'recheck'."
551,2026-10-04T01:33:38.6236470Z,idle-inproc,inproc-threads5,recheck,30000,0.483,0.549,Answered,"The coordinator, pid 86180, took 'recheck'."
552,2026-10-04T01:33:38.6745818Z,idle-inproc,inproc-threads5,recheck,30000,0.524,0.607,Answered,"The coordinator, pid 86180, took 'recheck'."
553,2026-10-04T01:33:38.7392312Z,idle-inproc,inproc-threads5,recheck,30000,0.517,0.588,Answered,"The coordinator, pid 86180, took 'recheck'."
554,2026-10-04T01:33:38.7912186Z,idle-inproc,inproc-threads5,recheck,30000,0.504,0.606,Answered,"The coordinator, pid 86180, took 'recheck'."
555,2026-10-04T01:33:38.8425950Z,idle-inproc,inproc-threads5,recheck,30000,0.492,0.550,Answered,"The coordinator, pid 86180, took 'recheck'."
556,2026-10-04T01:33:38.8937756Z,idle-inproc,inproc-threads5,recheck,30000,0.584,0.662,Answered,"The coordinator, pid 86180, took 'recheck'."
557,2026-10-04T01:33:38.9455792Z,idle-inproc,inproc-threads5,recheck,30000,0.509,0.571,Answered,"The coordinator, pid 86180, took 'recheck'."
558,2026-10-04T01:33:38.9969099Z,idle-inproc,inproc-threads5,recheck,30000,0.520,0.588,Answered,"The coordinator, pid 86180, took 'recheck'."
559,2026-10-04T01:33:39.0483207Z,idle-inproc,inproc-threads5,recheck,30000,0.627,0.706,Answered,"The coordinator, pid 86180, took 'recheck'."
560,2026-10-04T01:33:39.1093192Z,idle-inproc,inproc-threads5,recheck,30000,0.687,0.767,Answered,"The coordinator, pid 86180, took 'recheck'."
561,2026-10-04T01:33:39.1608739Z,idle-inproc,inproc-threads5,recheck,30000,0.474,0.537,Answered,"The coordinator, pid 86180, took 'recheck'."
562,2026-10-04T01:33:39.2116017Z,idle-inproc,inproc-threads5,recheck,30000,0.444,0.507,Answered,"The coordinator, pid 86180, took 'recheck'."
563,2026-10-04T01:33:39.2626832Z,idle-inproc,inproc-threads5,recheck,30000,0.394,0.445,Answered,"The coordinator, pid 86180, took 'recheck'."
564,2026-10-04T01:33:39.3136411Z,idle-inproc,inproc-threads5,recheck,30000,0.581,0.651,Answered,"The coordinator, pid 86180, took 'recheck'."
565,2026-10-04T01:33:39.3673444Z,idle-inproc,inproc-threads5,recheck,30000,0.479,0.557,Answered,"The coordinator, pid 86180, took 'recheck'."
566,2026-10-04T01:33:39.4182900Z,idle-inproc,inproc-threads5,recheck,30000,0.471,0.520,Answered,"The coordinator, pid 86180, took 'recheck'."
567,2026-10-04T01:33:39.4690623Z,idle-inproc,inproc-threads5,recheck,30000,0.482,0.542,Answered,"The coordinator, pid 86180, took 'recheck'."
568,2026-10-04T01:33:39.5198417Z,idle-inproc,inproc-threads5,recheck,30000,0.470,0.532,Answered,"The coordinator, pid 86180, took 'recheck'."
569,2026-10-04T01:33:39.5732434Z,idle-inproc,inproc-threads5,recheck,30000,1.711,1.787,Answered,"The coordinator, pid 86180, took 'recheck'."
570,2026-10-04T01:33:39.6240579Z,idle-inproc,inproc-threads5,recheck,30000,0.560,0.621,Answered,"The coordinator, pid 86180, took 'recheck'."
571,2026-10-04T01:33:39.6752872Z,idle-inproc,inproc-threads5,recheck,30000,0.454,0.525,Answered,"The coordinator, pid 86180, took 'recheck'."
572,2026-10-04T01:33:39.7311027Z,idle-inproc,inproc-threads5,recheck,30000,0.519,0.574,Answered,"The coordinator, pid 86180, took 'recheck'."
573,2026-10-04T01:33:39.7820761Z,idle-inproc,inproc-threads5,recheck,30000,0.491,0.555,Answered,"The coordinator, pid 86180, took 'recheck'."
574,2026-10-04T01:33:39.8332265Z,idle-inproc,inproc-threads5,recheck,30000,0.446,0.512,Answered,"The coordinator, pid 86180, took 'recheck'."
575,2026-10-04T01:33:39.8841213Z,idle-inproc,inproc-threads5,recheck,30000,0.530,0.601,Answered,"The coordinator, pid 86180, took 'recheck'."
576,2026-10-04T01:33:39.9360160Z,idle-inproc,inproc-threads5,recheck,30000,0.534,0.641,Answered,"The coordinator, pid 86180, took 'recheck'."
577,2026-10-04T01:33:39.9872450Z,idle-inproc,inproc-threads5,recheck,30000,0.486,0.555,Answered,"The coordinator, pid 86180, took 'recheck'."
578,2026-10-04T01:33:40.0387581Z,idle-inproc,inproc-threads5,recheck,30000,0.423,0.475,Answered,"The coordinator, pid 86180, took 'recheck'."
579,2026-10-04T01:33:40.1048808Z,idle-inproc,inproc-threads5,recheck,30000,0.555,0.622,Answered,"The coordinator, pid 86180, took 'recheck'."
580,2026-10-04T01:33:40.1560912Z,idle-inproc,inproc-threads5,recheck,30000,0.501,0.573,Answered,"The coordinator, pid 86180, took 'recheck'."
581,2026-10-04T01:33:40.2077984Z,idle-inproc,inproc-threads5,recheck,30000,0.504,0.581,Answered,"The coordinator, pid 86180, took 'recheck'."
582,2026-10-04T01:33:40.2597780Z,idle-inproc,inproc-threads5,recheck,30000,0.572,0.646,Answered,"The coordinator, pid 86180, took 'recheck'."
583,2026-10-04T01:33:40.3107174Z,idle-inproc,inproc-threads5,recheck,30000,0.433,0.497,Answered,"The coordinator, pid 86180, took 'recheck'."
584,2026-10-04T01:33:40.3622028Z,idle-inproc,inproc-threads5,recheck,30000,0.521,0.581,Answered,"The coordinator, pid 86180, took 'recheck'."
585,2026-10-04T01:33:40.4134215Z,idle-inproc,inproc-threads5,recheck,30000,0.527,0.957,Answered,"The coordinator, pid 86180, took 'recheck'."
586,2026-10-04T01:33:40.4743558Z,idle-inproc,inproc-threads5,recheck,30000,0.755,0.821,Answered,"The coordinator, pid 86180, took 'recheck'."
587,2026-10-04T01:33:40.5255458Z,idle-inproc,inproc-threads5,recheck,30000,0.478,0.542,Answered,"The coordinator, pid 86180, took 'recheck'."
588,2026-10-04T01:33:40.5766801Z,idle-inproc,inproc-threads5,recheck,30000,0.440,0.497,Answered,"The coordinator, pid 86180, took 'recheck'."
589,2026-10-04T01:33:40.6274105Z,idle-inproc,inproc-threads5,recheck,30000,0.473,0.552,Answered,"The coordinator, pid 86180, took 'recheck'."
590,2026-10-04T01:33:40.6781284Z,idle-inproc,inproc-threads5,recheck,30000,0.467,0.526,Answered,"The coordinator, pid 86180, took 'recheck'."
591,2026-10-04T01:33:40.7295693Z,idle-inproc,inproc-threads5,recheck,30000,0.731,0.830,Answered,"The coordinator, pid 86180, took 'recheck'."
592,2026-10-04T01:33:40.7806594Z,idle-inproc,inproc-threads5,recheck,30000,0.533,0.661,Answered,"The coordinator, pid 86180, took 'recheck'."
593,2026-10-04T01:33:40.8321888Z,idle-inproc,inproc-threads5,recheck,30000,0.516,0.578,Answered,"The coordinator, pid 86180, took 'recheck'."
594,2026-10-04T01:33:40.8835982Z,idle-inproc,inproc-threads5,recheck,30000,0.525,0.587,Answered,"The coordinator, pid 86180, took 'recheck'."
595,2026-10-04T01:33:40.9354211Z,idle-inproc,inproc-threads5,recheck,30000,0.484,0.545,Answered,"The coordinator, pid 86180, took 'recheck'."
596,2026-10-04T01:33:40.9863889Z,idle-inproc,inproc-threads5,recheck,30000,0.478,0.539,Answered,"The coordinator, pid 86180, took 'recheck'."
597,2026-10-04T01:33:41.0378962Z,idle-inproc,inproc-threads5,recheck,30000,0.444,0.510,Answered,"The coordinator, pid 86180, took 'recheck'."
598,2026-10-04T01:33:41.1043180Z,idle-inproc,inproc-threads5,recheck,30000,0.567,0.796,Answered,"The coordinator, pid 86180, took 'recheck'."
599,2026-10-04T01:33:41.1555638Z,idle-inproc,inproc-threads5,recheck,30000,0.445,0.505,Answered,"The coordinator, pid 86180, took 'recheck'."
600,2026-10-04T01:33:41.2067675Z,idle-inproc,inproc-threads5,recheck,30000,0.600,0.657,Answered,"The coordinator, pid 86180, took 'recheck'."
1,2026-10-04T01:33:44.3764899Z,idle-inproc-blocked32,inproc-blocked32-threads34,recheck,30000,1013.745,1016.023,Answered,"The coordinator, pid 89752, took 'recheck'."
2,2026-10-04T01:33:44.6286493Z,idle-inproc-blocked32,inproc-blocked32-threads34,recheck,30000,0.667,0.764,Answered,"The coordinator, pid 89752, took 'recheck'."
3,2026-10-04T01:33:44.8805764Z,idle-inproc-blocked32,inproc-blocked32-threads34,recheck,30000,0.655,0.783,Answered,"The coordinator, pid 89752, took 'recheck'."
4,2026-10-04T01:33:45.1319246Z,idle-inproc-blocked32,inproc-blocked32-threads34,recheck,30000,0.531,0.620,Answered,"The coordinator, pid 89752, took 'recheck'."
5,2026-10-04T01:33:45.3837618Z,idle-inproc-blocked32,inproc-blocked32-threads34,recheck,30000,0.569,0.664,Answered,"The coordinator, pid 89752, took 'recheck'."
6,2026-10-04T01:33:45.6351097Z,idle-inproc-blocked32,inproc-blocked32-threads34,recheck,30000,0.600,0.684,Answered,"The coordinator, pid 89752, took 'recheck'."
7,2026-10-04T01:33:45.8863999Z,idle-inproc-blocked32,inproc-blocked32-threads34,recheck,30000,0.701,0.800,Answered,"The coordinator, pid 89752, took 'recheck'."
8,2026-10-04T01:33:46.1386801Z,idle-inproc-blocked32,inproc-blocked32-threads34,recheck,30000,0.534,0.626,Answered,"The coordinator, pid 89752, took 'recheck'."
9,2026-10-04T01:33:46.3904469Z,idle-inproc-blocked32,inproc-blocked32-threads34,recheck,30000,0.502,0.584,Answered,"The coordinator, pid 89752, took 'recheck'."
10,2026-10-04T01:33:46.6415295Z,idle-inproc-blocked32,inproc-blocked32-threads34,recheck,30000,0.527,0.590,Answered,"The coordinator, pid 89752, took 'recheck'."
11,2026-10-04T01:33:46.8924020Z,idle-inproc-blocked32,inproc-blocked32-threads34,recheck,30000,0.534,0.606,Answered,"The coordinator, pid 89752, took 'recheck'."
12,2026-10-04T01:33:47.1433999Z,idle-inproc-blocked32,inproc-blocked32-threads34,recheck,30000,0.559,0.643,Answered,"The coordinator, pid 89752, took 'recheck'."
13,2026-10-04T01:33:47.3944653Z,idle-inproc-blocked32,inproc-blocked32-threads34,recheck,30000,0.612,0.701,Answered,"The coordinator, pid 89752, took 'recheck'."
14,2026-10-04T01:33:47.6464695Z,idle-inproc-blocked32,inproc-blocked32-threads34,recheck,30000,0.547,0.633,Answered,"The coordinator, pid 89752, took 'recheck'."
15,2026-10-04T01:33:47.8985311Z,idle-inproc-blocked32,inproc-blocked32-threads34,recheck,30000,0.494,0.585,Answered,"The coordinator, pid 89752, took 'recheck'."
16,2026-10-04T01:33:48.1498252Z,idle-inproc-blocked32,inproc-blocked32-threads34,recheck,30000,0.559,0.655,Answered,"The coordinator, pid 89752, took 'recheck'."
17,2026-10-04T01:33:48.4020620Z,idle-inproc-blocked32,inproc-blocked32-threads34,recheck,30000,0.575,0.643,Answered,"The coordinator, pid 89752, took 'recheck'."
18,2026-10-04T01:33:48.6534690Z,idle-inproc-blocked32,inproc-blocked32-threads34,recheck,30000,0.740,0.867,Answered,"The coordinator, pid 89752, took 'recheck'."
19,2026-10-04T01:33:48.9049252Z,idle-inproc-blocked32,inproc-blocked32-threads34,recheck,30000,0.680,0.784,Answered,"The coordinator, pid 89752, took 'recheck'."
20,2026-10-04T01:33:49.1562336Z,idle-inproc-blocked32,inproc-blocked32-threads34,recheck,30000,0.705,0.816,Answered,"The coordinator, pid 89752, took 'recheck'."
21,2026-10-04T01:33:49.4086562Z,idle-inproc-blocked32,inproc-blocked32-threads34,recheck,30000,0.701,0.776,Answered,"The coordinator, pid 89752, took 'recheck'."
22,2026-10-04T01:33:49.6596722Z,idle-inproc-blocked32,inproc-blocked32-threads34,recheck,30000,0.516,0.590,Answered,"The coordinator, pid 89752, took 'recheck'."
23,2026-10-04T01:33:49.9237861Z,idle-inproc-blocked32,inproc-blocked32-threads34,recheck,30000,0.543,0.640,Answered,"The coordinator, pid 89752, took 'recheck'."
24,2026-10-04T01:33:50.1767115Z,idle-inproc-blocked32,inproc-blocked32-threads34,recheck,30000,0.694,0.778,Answered,"The coordinator, pid 89752, took 'recheck'."
25,2026-10-04T01:33:50.4279554Z,idle-inproc-blocked32,inproc-blocked32-threads34,recheck,30000,0.512,0.574,Answered,"The coordinator, pid 89752, took 'recheck'."
26,2026-10-04T01:33:50.6789843Z,idle-inproc-blocked32,inproc-blocked32-threads34,recheck,30000,0.665,0.765,Answered,"The coordinator, pid 89752, took 'recheck'."
27,2026-10-04T01:33:50.9301696Z,idle-inproc-blocked32,inproc-blocked32-threads34,recheck,30000,0.575,0.661,Answered,"The coordinator, pid 89752, took 'recheck'."
28,2026-10-04T01:33:51.1816871Z,idle-inproc-blocked32,inproc-blocked32-threads34,recheck,30000,0.785,0.898,Answered,"The coordinator, pid 89752, took 'recheck'."
29,2026-10-04T01:33:51.4332471Z,idle-inproc-blocked32,inproc-blocked32-threads34,recheck,30000,0.511,0.599,Answered,"The coordinator, pid 89752, took 'recheck'."
30,2026-10-04T01:33:51.6859976Z,idle-inproc-blocked32,inproc-blocked32-threads34,recheck,30000,0.634,0.716,Answered,"The coordinator, pid 89752, took 'recheck'."
31,2026-10-04T01:33:51.9373374Z,idle-inproc-blocked32,inproc-blocked32-threads34,recheck,30000,0.619,0.759,Answered,"The coordinator, pid 89752, took 'recheck'."
32,2026-10-04T01:33:52.1884487Z,idle-inproc-blocked32,inproc-blocked32-threads34,recheck,30000,0.543,0.621,Answered,"The coordinator, pid 89752, took 'recheck'."
33,2026-10-04T01:33:52.4394000Z,idle-inproc-blocked32,inproc-blocked32-threads35,recheck,30000,0.478,0.552,Answered,"The coordinator, pid 89752, took 'recheck'."
34,2026-10-04T01:33:52.6913459Z,idle-inproc-blocked32,inproc-blocked32-threads35,recheck,30000,0.403,0.460,Answered,"The coordinator, pid 89752, took 'recheck'."
35,2026-10-04T01:33:52.9435798Z,idle-inproc-blocked32,inproc-blocked32-threads35,recheck,30000,0.563,0.629,Answered,"The coordinator, pid 89752, took 'recheck'."
36,2026-10-04T01:33:53.1962241Z,idle-inproc-blocked32,inproc-blocked32-threads35,recheck,30000,0.568,0.640,Answered,"The coordinator, pid 89752, took 'recheck'."
37,2026-10-04T01:33:53.4472177Z,idle-inproc-blocked32,inproc-blocked32-threads35,recheck,30000,0.542,0.610,Answered,"The coordinator, pid 89752, took 'recheck'."
38,2026-10-04T01:33:53.7085307Z,idle-inproc-blocked32,inproc-blocked32-threads35,recheck,30000,0.909,1.014,Answered,"The coordinator, pid 89752, took 'recheck'."
39,2026-10-04T01:33:53.9649888Z,idle-inproc-blocked32,inproc-blocked32-threads35,recheck,30000,0.743,0.825,Answered,"The coordinator, pid 89752, took 'recheck'."
40,2026-10-04T01:33:54.2159406Z,idle-inproc-blocked32,inproc-blocked32-threads35,recheck,30000,0.640,0.734,Answered,"The coordinator, pid 89752, took 'recheck'."
1,2026-10-04T01:34:29.1522607Z,idle-inproc-blocked64,inproc-blocked64-threads66,recheck,30000,1011.040,32227.156,Answered,"The coordinator, pid 75468, took 'recheck'."
2,2026-10-04T01:34:29.4056395Z,idle-inproc-blocked64,inproc-blocked64-threads66,recheck,30000,0.629,0.788,Answered,"The coordinator, pid 75468, took 'recheck'."
3,2026-10-04T01:34:29.6573117Z,idle-inproc-blocked64,inproc-blocked64-threads66,recheck,30000,0.594,0.676,Answered,"The coordinator, pid 75468, took 'recheck'."
4,2026-10-04T01:34:29.9137683Z,idle-inproc-blocked64,inproc-blocked64-threads66,recheck,30000,1.602,6.018,Answered,"The coordinator, pid 75468, took 'recheck'."
5,2026-10-04T01:34:30.1651038Z,idle-inproc-blocked64,inproc-blocked64-threads66,recheck,30000,0.594,0.683,Answered,"The coordinator, pid 75468, took 'recheck'."
6,2026-10-04T01:34:30.4251684Z,idle-inproc-blocked64,inproc-blocked64-threads66,recheck,30000,1.127,1.356,Answered,"The coordinator, pid 75468, took 'recheck'."
7,2026-10-04T01:34:30.6772800Z,idle-inproc-blocked64,inproc-blocked64-threads66,recheck,30000,0.622,0.710,Answered,"The coordinator, pid 75468, took 'recheck'."
8,2026-10-04T01:34:30.9287338Z,idle-inproc-blocked64,inproc-blocked64-threads66,recheck,30000,0.704,0.822,Answered,"The coordinator, pid 75468, took 'recheck'."
9,2026-10-04T01:34:31.1847792Z,idle-inproc-blocked64,inproc-blocked64-threads66,recheck,30000,0.782,0.895,Answered,"The coordinator, pid 75468, took 'recheck'."
10,2026-10-04T01:34:31.4373590Z,idle-inproc-blocked64,inproc-blocked64-threads66,recheck,30000,0.678,0.793,Answered,"The coordinator, pid 75468, took 'recheck'."
11,2026-10-04T01:34:31.6885434Z,idle-inproc-blocked64,inproc-blocked64-threads66,recheck,30000,0.529,0.616,Answered,"The coordinator, pid 75468, took 'recheck'."
12,2026-10-04T01:34:31.9409954Z,idle-inproc-blocked64,inproc-blocked64-threads66,recheck,30000,0.682,0.782,Answered,"The coordinator, pid 75468, took 'recheck'."
13,2026-10-04T01:34:32.2400732Z,idle-inproc-blocked64,inproc-blocked64-threads66,recheck,30000,40.579,46.000,Answered,"The coordinator, pid 75468, took 'recheck'."
14,2026-10-04T01:34:32.5319490Z,idle-inproc-blocked64,inproc-blocked64-threads66,recheck,30000,32.068,33.906,Answered,"The coordinator, pid 75468, took 'recheck'."
15,2026-10-04T01:34:32.8246257Z,idle-inproc-blocked64,inproc-blocked64-threads66,recheck,30000,32.264,35.432,Answered,"The coordinator, pid 75468, took 'recheck'."
16,2026-10-04T01:34:33.0899396Z,idle-inproc-blocked64,inproc-blocked64-threads66,recheck,30000,0.864,0.992,Answered,"The coordinator, pid 75468, took 'recheck'."
17,2026-10-04T01:34:33.3726786Z,idle-inproc-blocked64,inproc-blocked64-threads66,recheck,30000,15.882,18.205,Answered,"The coordinator, pid 75468, took 'recheck'."
18,2026-10-04T01:34:33.7001808Z,idle-inproc-blocked64,inproc-blocked64-threads66,recheck,30000,47.004,63.196,Answered,"The coordinator, pid 75468, took 'recheck'."
19,2026-10-04T01:34:33.9638678Z,idle-inproc-blocked64,inproc-blocked64-threads66,recheck,30000,0.618,0.709,Answered,"The coordinator, pid 75468, took 'recheck'."
20,2026-10-04T01:34:34.2151043Z,idle-inproc-blocked64,inproc-blocked64-threads66,recheck,30000,0.609,0.759,Answered,"The coordinator, pid 75468, took 'recheck'."
21,2026-10-04T01:34:34.4660894Z,idle-inproc-blocked64,inproc-blocked64-threads66,recheck,30000,0.517,0.608,Answered,"The coordinator, pid 75468, took 'recheck'."
22,2026-10-04T01:34:34.7178217Z,idle-inproc-blocked64,inproc-blocked64-threads66,recheck,30000,0.555,0.634,Answered,"The coordinator, pid 75468, took 'recheck'."
23,2026-10-04T01:34:34.9686440Z,idle-inproc-blocked64,inproc-blocked64-threads66,recheck,30000,0.561,0.637,Answered,"The coordinator, pid 75468, took 'recheck'."
24,2026-10-04T01:34:35.2195602Z,idle-inproc-blocked64,inproc-blocked64-threads66,recheck,30000,0.525,0.607,Answered,"The coordinator, pid 75468, took 'recheck'."
25,2026-10-04T01:34:35.4707426Z,idle-inproc-blocked64,inproc-blocked64-threads66,recheck,30000,0.714,0.808,Answered,"The coordinator, pid 75468, took 'recheck'."
26,2026-10-04T01:34:35.7223417Z,idle-inproc-blocked64,inproc-blocked64-threads66,recheck,30000,0.624,0.717,Answered,"The coordinator, pid 75468, took 'recheck'."
27,2026-10-04T01:34:35.9735592Z,idle-inproc-blocked64,inproc-blocked64-threads66,recheck,30000,0.525,0.616,Answered,"The coordinator, pid 75468, took 'recheck'."
28,2026-10-04T01:34:36.2245272Z,idle-inproc-blocked64,inproc-blocked64-threads66,recheck,30000,0.590,0.670,Answered,"The coordinator, pid 75468, took 'recheck'."
29,2026-10-04T01:34:36.4754646Z,idle-inproc-blocked64,inproc-blocked64-threads66,recheck,30000,0.497,0.584,Answered,"The coordinator, pid 75468, took 'recheck'."
30,2026-10-04T01:34:36.7270416Z,idle-inproc-blocked64,inproc-blocked64-threads66,recheck,30000,0.588,0.683,Answered,"The coordinator, pid 75468, took 'recheck'."
31,2026-10-04T01:34:36.9780753Z,idle-inproc-blocked64,inproc-blocked64-threads66,recheck,30000,0.605,0.739,Answered,"The coordinator, pid 75468, took 'recheck'."
32,2026-10-04T01:34:37.2295797Z,idle-inproc-blocked64,inproc-blocked64-threads66,recheck,30000,0.547,0.645,Answered,"The coordinator, pid 75468, took 'recheck'."
33,2026-10-04T01:34:37.4809925Z,idle-inproc-blocked64,inproc-blocked64-threads66,recheck,30000,0.507,0.606,Answered,"The coordinator, pid 75468, took 'recheck'."
34,2026-10-04T01:34:37.7322006Z,idle-inproc-blocked64,inproc-blocked64-threads66,recheck,30000,0.650,0.754,Answered,"The coordinator, pid 75468, took 'recheck'."
35,2026-10-04T01:34:37.9884719Z,idle-inproc-blocked64,inproc-blocked64-threads66,recheck,30000,2.874,3.110,Answered,"The coordinator, pid 75468, took 'recheck'."
36,2026-10-04T01:34:38.2588176Z,idle-inproc-blocked64,inproc-blocked64-threads66,recheck,30000,8.643,11.794,Answered,"The coordinator, pid 75468, took 'recheck'."
37,2026-10-04T01:34:38.5348369Z,idle-inproc-blocked64,inproc-blocked64-threads66,recheck,30000,21.477,24.927,Answered,"The coordinator, pid 75468, took 'recheck'."
38,2026-10-04T01:34:38.7873719Z,idle-inproc-blocked64,inproc-blocked64-threads66,recheck,30000,0.818,1.735,Answered,"The coordinator, pid 75468, took 'recheck'."
39,2026-10-04T01:34:39.0385800Z,idle-inproc-blocked64,inproc-blocked64-threads66,recheck,30000,0.873,0.966,Answered,"The coordinator, pid 75468, took 'recheck'."
40,2026-10-04T01:34:39.2939536Z,idle-inproc-blocked64,inproc-blocked64-threads66,recheck,30000,1.333,2.238,Answered,"The coordinator, pid 75468, took 'recheck'."
1,2026-10-04T01:36:14.9737243Z,idle-inproc-blocked128,inproc-blocked128-threads130,recheck,30000,1009.392,93222.502,Answered,"The coordinator, pid 48384, took 'recheck'."
2,2026-10-04T01:36:15.2262562Z,idle-inproc-blocked128,inproc-blocked128-threads130,recheck,30000,0.691,0.843,Answered,"The coordinator, pid 48384, took 'recheck'."
3,2026-10-04T01:36:15.4774393Z,idle-inproc-blocked128,inproc-blocked128-threads130,recheck,30000,0.596,0.676,Answered,"The coordinator, pid 48384, took 'recheck'."
4,2026-10-04T01:36:15.7294511Z,idle-inproc-blocked128,inproc-blocked128-threads130,recheck,30000,0.965,1.134,Answered,"The coordinator, pid 48384, took 'recheck'."
5,2026-10-04T01:36:15.9806023Z,idle-inproc-blocked128,inproc-blocked128-threads130,recheck,30000,0.531,0.593,Answered,"The coordinator, pid 48384, took 'recheck'."
6,2026-10-04T01:36:16.2317275Z,idle-inproc-blocked128,inproc-blocked128-threads130,recheck,30000,0.592,0.690,Answered,"The coordinator, pid 48384, took 'recheck'."
7,2026-10-04T01:36:16.4826822Z,idle-inproc-blocked128,inproc-blocked128-threads130,recheck,30000,0.579,0.671,Answered,"The coordinator, pid 48384, took 'recheck'."
8,2026-10-04T01:36:16.7337510Z,idle-inproc-blocked128,inproc-blocked128-threads130,recheck,30000,0.770,0.875,Answered,"The coordinator, pid 48384, took 'recheck'."
9,2026-10-04T01:36:16.9855381Z,idle-inproc-blocked128,inproc-blocked128-threads130,recheck,30000,0.973,1.155,Answered,"The coordinator, pid 48384, took 'recheck'."
10,2026-10-04T01:36:17.2371267Z,idle-inproc-blocked128,inproc-blocked128-threads130,recheck,30000,1.011,1.161,Answered,"The coordinator, pid 48384, took 'recheck'."
11,2026-10-04T01:36:17.4885125Z,idle-inproc-blocked128,inproc-blocked128-threads130,recheck,30000,0.598,0.669,Answered,"The coordinator, pid 48384, took 'recheck'."
12,2026-10-04T01:36:17.7414366Z,idle-inproc-blocked128,inproc-blocked128-threads130,recheck,30000,1.581,1.745,Answered,"The coordinator, pid 48384, took 'recheck'."
13,2026-10-04T01:36:17.9931740Z,idle-inproc-blocked128,inproc-blocked128-threads130,recheck,30000,1.046,1.227,Answered,"The coordinator, pid 48384, took 'recheck'."
14,2026-10-04T01:36:18.2455397Z,idle-inproc-blocked128,inproc-blocked128-threads130,recheck,30000,0.488,0.571,Answered,"The coordinator, pid 48384, took 'recheck'."
15,2026-10-04T01:36:18.4973997Z,idle-inproc-blocked128,inproc-blocked128-threads130,recheck,30000,0.540,0.630,Answered,"The coordinator, pid 48384, took 'recheck'."
16,2026-10-04T01:36:18.7490303Z,idle-inproc-blocked128,inproc-blocked128-threads130,recheck,30000,0.647,0.725,Answered,"The coordinator, pid 48384, took 'recheck'."
17,2026-10-04T01:36:18.9998844Z,idle-inproc-blocked128,inproc-blocked128-threads130,recheck,30000,0.551,0.613,Answered,"The coordinator, pid 48384, took 'recheck'."
18,2026-10-04T01:36:19.2506024Z,idle-inproc-blocked128,inproc-blocked128-threads130,recheck,30000,0.472,0.541,Answered,"The coordinator, pid 48384, took 'recheck'."
19,2026-10-04T01:36:19.5027258Z,idle-inproc-blocked128,inproc-blocked128-threads130,recheck,30000,0.549,0.635,Answered,"The coordinator, pid 48384, took 'recheck'."
20,2026-10-04T01:36:19.7539205Z,idle-inproc-blocked128,inproc-blocked128-threads130,recheck,30000,0.622,0.708,Answered,"The coordinator, pid 48384, took 'recheck'."
21,2026-10-04T01:36:20.0049027Z,idle-inproc-blocked128,inproc-blocked128-threads130,recheck,30000,0.538,0.627,Answered,"The coordinator, pid 48384, took 'recheck'."
22,2026-10-04T01:36:20.2570415Z,idle-inproc-blocked128,inproc-blocked128-threads130,recheck,30000,0.862,0.982,Answered,"The coordinator, pid 48384, took 'recheck'."
23,2026-10-04T01:36:20.5227874Z,idle-inproc-blocked128,inproc-blocked128-threads130,recheck,30000,0.491,0.561,Answered,"The coordinator, pid 48384, took 'recheck'."
24,2026-10-04T01:36:20.7743854Z,idle-inproc-blocked128,inproc-blocked128-threads130,recheck,30000,0.610,0.693,Answered,"The coordinator, pid 48384, took 'recheck'."
25,2026-10-04T01:36:21.0256228Z,idle-inproc-blocked128,inproc-blocked128-threads130,recheck,30000,0.823,0.911,Answered,"The coordinator, pid 48384, took 'recheck'."
26,2026-10-04T01:36:21.2770248Z,idle-inproc-blocked128,inproc-blocked128-threads130,recheck,30000,0.657,0.751,Answered,"The coordinator, pid 48384, took 'recheck'."
27,2026-10-04T01:36:21.5282263Z,idle-inproc-blocked128,inproc-blocked128-threads130,recheck,30000,0.428,0.484,Answered,"The coordinator, pid 48384, took 'recheck'."
28,2026-10-04T01:36:21.7793553Z,idle-inproc-blocked128,inproc-blocked128-threads130,recheck,30000,0.405,0.459,Answered,"The coordinator, pid 48384, took 'recheck'."
29,2026-10-04T01:36:22.0304760Z,idle-inproc-blocked128,inproc-blocked128-threads130,recheck,30000,0.578,0.675,Answered,"The coordinator, pid 48384, took 'recheck'."
30,2026-10-04T01:36:22.2817691Z,idle-inproc-blocked128,inproc-blocked128-threads130,recheck,30000,0.699,0.782,Answered,"The coordinator, pid 48384, took 'recheck'."
31,2026-10-04T01:36:22.5330345Z,idle-inproc-blocked128,inproc-blocked128-threads130,recheck,30000,0.625,0.777,Answered,"The coordinator, pid 48384, took 'recheck'."
32,2026-10-04T01:36:22.7843741Z,idle-inproc-blocked128,inproc-blocked128-threads130,recheck,30000,0.476,0.561,Answered,"The coordinator, pid 48384, took 'recheck'."
33,2026-10-04T01:36:23.0355614Z,idle-inproc-blocked128,inproc-blocked128-threads130,recheck,30000,0.468,0.548,Answered,"The coordinator, pid 48384, took 'recheck'."
34,2026-10-04T01:36:23.2867539Z,idle-inproc-blocked128,inproc-blocked128-threads130,recheck,30000,0.582,0.645,Answered,"The coordinator, pid 48384, took 'recheck'."
35,2026-10-04T01:36:23.5374856Z,idle-inproc-blocked128,inproc-blocked128-threads130,recheck,30000,0.481,0.544,Answered,"The coordinator, pid 48384, took 'recheck'."
36,2026-10-04T01:36:23.7881257Z,idle-inproc-blocked128,inproc-blocked128-threads130,recheck,30000,0.404,0.459,Answered,"The coordinator, pid 48384, took 'recheck'."
37,2026-10-04T01:36:24.0402635Z,idle-inproc-blocked128,inproc-blocked128-threads130,recheck,30000,0.496,0.556,Answered,"The coordinator, pid 48384, took 'recheck'."
38,2026-10-04T01:36:24.2912773Z,idle-inproc-blocked128,inproc-blocked128-threads130,recheck,30000,0.590,0.670,Answered,"The coordinator, pid 48384, took 'recheck'."
39,2026-10-04T01:36:24.5421430Z,idle-inproc-blocked128,inproc-blocked128-threads130,recheck,30000,0.503,0.570,Answered,"The coordinator, pid 48384, took 'recheck'."
40,2026-10-04T01:36:24.7937575Z,idle-inproc-blocked128,inproc-blocked128-threads130,recheck,30000,0.440,0.508,Answered,"The coordinator, pid 48384, took 'recheck'."
