2026-10-08T14:10:14.8909922Z	task-registered	BrowserAI-measure-20261008T1411-pilot
2026-10-08T14:10:14.9761834Z	process	standin:pilot1	95168	134359422149050682
2026-10-08T14:10:14.9770185Z	process	child:pilot1-child	32676	134359422149371876
2026-10-08T14:10:18.5297915Z	task-deleted	BrowserAI-measure-20261008T1411-pilot
2026-10-08T14:12:19.8901480Z	task-registered	BrowserAI-measure-20261008T1411-m4-com
2026-10-08T14:12:19.9394370Z	process	standin:m4-r01	105236	134359423399022338
2026-10-08T14:12:20.9983409Z	process	standin:m4-r01	105236	134359423399022338
2026-10-08T14:12:20.9987052Z	process	standin:m4-r02	19976	134359423409718598
2026-10-08T14:12:22.0452210Z	process	standin:m4-r01	105236	134359423399022338
2026-10-08T14:12:22.0458481Z	process	standin:m4-r02	19976	134359423409718598
2026-10-08T14:12:22.0462745Z	process	standin:m4-r03	108964	134359423420112244
2026-10-08T14:12:23.0885726Z	process	standin:m4-r01	105236	134359423399022338
2026-10-08T14:12:23.0891791Z	process	standin:m4-r02	19976	134359423409718598
2026-10-08T14:12:23.0895294Z	process	standin:m4-r03	108964	134359423420112244
2026-10-08T14:12:23.0898634Z	process	standin:m4-r04	31260	134359423430594360
2026-10-08T14:12:24.1340735Z	process	standin:m4-r01	105236	134359423399022338
2026-10-08T14:12:24.1345448Z	process	standin:m4-r02	19976	134359423409718598
2026-10-08T14:12:24.1348339Z	process	standin:m4-r03	108964	134359423420112244
2026-10-08T14:12:24.1354231Z	process	standin:m4-r04	31260	134359423430594360
2026-10-08T14:12:24.1357422Z	process	standin:m4-r05	34060	134359423441030437
2026-10-08T14:12:25.1903240Z	process	standin:m4-r01	105236	134359423399022338
2026-10-08T14:12:25.1908130Z	process	standin:m4-r02	19976	134359423409718598
2026-10-08T14:12:25.1911638Z	process	standin:m4-r03	108964	134359423420112244
2026-10-08T14:12:25.1914639Z	process	standin:m4-r04	31260	134359423430594360
2026-10-08T14:12:25.1917661Z	process	standin:m4-r05	34060	134359423441030437
2026-10-08T14:12:25.1921500Z	process	standin:m4-r06	104904	134359423451590828
2026-10-08T14:12:26.2384929Z	process	standin:m4-r01	105236	134359423399022338
2026-10-08T14:12:26.2393562Z	process	standin:m4-r02	19976	134359423409718598
2026-10-08T14:12:26.2397311Z	process	standin:m4-r03	108964	134359423420112244
2026-10-08T14:12:26.2401588Z	process	standin:m4-r04	31260	134359423430594360
2026-10-08T14:12:26.2405251Z	process	standin:m4-r05	34060	134359423441030437
2026-10-08T14:12:26.2408953Z	process	standin:m4-r06	104904	134359423451590828
2026-10-08T14:12:26.2413063Z	process	standin:m4-r07	87940	134359423462084666
2026-10-08T14:12:27.2911677Z	process	standin:m4-r01	105236	134359423399022338
2026-10-08T14:12:27.2917994Z	process	standin:m4-r02	19976	134359423409718598
2026-10-08T14:12:27.2922623Z	process	standin:m4-r03	108964	134359423420112244
2026-10-08T14:12:27.2926614Z	process	standin:m4-r04	31260	134359423430594360
2026-10-08T14:12:27.2929861Z	process	standin:m4-r05	34060	134359423441030437
2026-10-08T14:12:27.2932839Z	process	standin:m4-r06	104904	134359423451590828
2026-10-08T14:12:27.2936003Z	process	standin:m4-r07	87940	134359423462084666
2026-10-08T14:12:27.2942272Z	process	standin:m4-r08	109072	134359423472563927
2026-10-08T14:12:28.3410146Z	process	standin:m4-r01	105236	134359423399022338
2026-10-08T14:12:28.3415128Z	process	standin:m4-r02	19976	134359423409718598
2026-10-08T14:12:28.3418349Z	process	standin:m4-r03	108964	134359423420112244
2026-10-08T14:12:28.3421477Z	process	standin:m4-r04	31260	134359423430594360
2026-10-08T14:12:28.3424864Z	process	standin:m4-r05	34060	134359423441030437
2026-10-08T14:12:28.3427983Z	process	standin:m4-r06	104904	134359423451590828
2026-10-08T14:12:28.3431235Z	process	standin:m4-r07	87940	134359423462084666
2026-10-08T14:12:28.3434756Z	process	standin:m4-r08	109072	134359423472563927
2026-10-08T14:12:28.3438214Z	process	standin:m4-r09	35724	134359423483081593
2026-10-08T14:12:29.3991178Z	process	standin:m4-r01	105236	134359423399022338
2026-10-08T14:12:29.3999573Z	process	standin:m4-r02	19976	134359423409718598
2026-10-08T14:12:29.4002858Z	process	standin:m4-r03	108964	134359423420112244
2026-10-08T14:12:29.4006595Z	process	standin:m4-r04	31260	134359423430594360
2026-10-08T14:12:29.4009545Z	process	standin:m4-r05	34060	134359423441030437
2026-10-08T14:12:29.4012578Z	process	standin:m4-r06	104904	134359423451590828
2026-10-08T14:12:29.4015625Z	process	standin:m4-r07	87940	134359423462084666
2026-10-08T14:12:29.4019235Z	process	standin:m4-r08	109072	134359423472563927
2026-10-08T14:12:29.4022452Z	process	standin:m4-r09	35724	134359423483081593
2026-10-08T14:12:29.4025827Z	process	standin:m4-r10	93328	134359423493571050
2026-10-08T14:12:30.4512458Z	process	standin:m4-r01	105236	134359423399022338
2026-10-08T14:12:30.4517434Z	process	standin:m4-r02	19976	134359423409718598
2026-10-08T14:12:30.4521506Z	process	standin:m4-r03	108964	134359423420112244
2026-10-08T14:12:30.4525495Z	process	standin:m4-r04	31260	134359423430594360
2026-10-08T14:12:30.4529031Z	process	standin:m4-r05	34060	134359423441030437
2026-10-08T14:12:30.4532641Z	process	standin:m4-r06	104904	134359423451590828
2026-10-08T14:12:30.4535567Z	process	standin:m4-r07	87940	134359423462084666
2026-10-08T14:12:30.4538802Z	process	standin:m4-r08	109072	134359423472563927
2026-10-08T14:12:30.4542436Z	process	standin:m4-r09	35724	134359423483081593
2026-10-08T14:12:30.4545376Z	process	standin:m4-r10	93328	134359423493571050
2026-10-08T14:12:30.4548288Z	process	standin:m4-r11	32572	134359423504149089
2026-10-08T14:12:31.5042904Z	process	standin:m4-r01	105236	134359423399022338
2026-10-08T14:12:31.5048820Z	process	standin:m4-r02	19976	134359423409718598
2026-10-08T14:12:31.5052711Z	process	standin:m4-r03	108964	134359423420112244
2026-10-08T14:12:31.5056720Z	process	standin:m4-r04	31260	134359423430594360
2026-10-08T14:12:31.5060610Z	process	standin:m4-r05	34060	134359423441030437
2026-10-08T14:12:31.5063807Z	process	standin:m4-r06	104904	134359423451590828
2026-10-08T14:12:31.5067506Z	process	standin:m4-r07	87940	134359423462084666
2026-10-08T14:12:31.5070442Z	process	standin:m4-r08	109072	134359423472563927
2026-10-08T14:12:31.5073449Z	process	standin:m4-r09	35724	134359423483081593
2026-10-08T14:12:31.5076668Z	process	standin:m4-r10	93328	134359423493571050
2026-10-08T14:12:31.5079628Z	process	standin:m4-r11	32572	134359423504149089
2026-10-08T14:12:31.5082704Z	process	standin:m4-r12	99188	134359423514701939
2026-10-08T14:12:32.5832354Z	process	standin:m4-r01	105236	134359423399022338
2026-10-08T14:12:32.5837527Z	process	standin:m4-r02	19976	134359423409718598
2026-10-08T14:12:32.5840459Z	process	standin:m4-r03	108964	134359423420112244
2026-10-08T14:12:32.5843440Z	process	standin:m4-r04	31260	134359423430594360
2026-10-08T14:12:32.5846077Z	process	standin:m4-r05	34060	134359423441030437
2026-10-08T14:12:32.5848778Z	process	standin:m4-r06	104904	134359423451590828
2026-10-08T14:12:32.5851519Z	process	standin:m4-r07	87940	134359423462084666
2026-10-08T14:12:32.5854218Z	process	standin:m4-r08	109072	134359423472563927
2026-10-08T14:12:32.5856921Z	process	standin:m4-r09	35724	134359423483081593
2026-10-08T14:12:32.5859763Z	process	standin:m4-r10	93328	134359423493571050
2026-10-08T14:12:32.5862368Z	process	standin:m4-r11	32572	134359423504149089
2026-10-08T14:12:32.5865554Z	process	standin:m4-r12	99188	134359423514701939
2026-10-08T14:12:32.5868108Z	process	standin:m4-r13	85440	134359423525516256
2026-10-08T14:12:33.6343390Z	process	standin:m4-r01	105236	134359423399022338
2026-10-08T14:12:33.6347733Z	process	standin:m4-r02	19976	134359423409718598
2026-10-08T14:12:33.6350656Z	process	standin:m4-r03	108964	134359423420112244
2026-10-08T14:12:33.6353538Z	process	standin:m4-r04	31260	134359423430594360
2026-10-08T14:12:33.6356418Z	process	standin:m4-r05	34060	134359423441030437
2026-10-08T14:12:33.6359204Z	process	standin:m4-r06	104904	134359423451590828
2026-10-08T14:12:33.6362292Z	process	standin:m4-r07	87940	134359423462084666
2026-10-08T14:12:33.6365414Z	process	standin:m4-r08	109072	134359423472563927
2026-10-08T14:12:33.6368141Z	process	standin:m4-r09	35724	134359423483081593
2026-10-08T14:12:33.6371060Z	process	standin:m4-r10	93328	134359423493571050
2026-10-08T14:12:33.6374335Z	process	standin:m4-r11	32572	134359423504149089
2026-10-08T14:12:33.6377079Z	process	standin:m4-r12	99188	134359423514701939
2026-10-08T14:12:33.6379738Z	process	standin:m4-r13	85440	134359423525516256
2026-10-08T14:12:33.6382638Z	process	standin:m4-r14	80136	134359423536029073
2026-10-08T14:12:34.6801844Z	process	standin:m4-r01	105236	134359423399022338
2026-10-08T14:12:34.6805768Z	process	standin:m4-r02	19976	134359423409718598
2026-10-08T14:12:34.6808504Z	process	standin:m4-r03	108964	134359423420112244
2026-10-08T14:12:34.6811200Z	process	standin:m4-r04	31260	134359423430594360
2026-10-08T14:12:34.6813940Z	process	standin:m4-r05	34060	134359423441030437
2026-10-08T14:12:34.6816984Z	process	standin:m4-r06	104904	134359423451590828
2026-10-08T14:12:34.6819741Z	process	standin:m4-r07	87940	134359423462084666
2026-10-08T14:12:34.6822580Z	process	standin:m4-r08	109072	134359423472563927
2026-10-08T14:12:34.6825272Z	process	standin:m4-r09	35724	134359423483081593
2026-10-08T14:12:34.6827975Z	process	standin:m4-r10	93328	134359423493571050
2026-10-08T14:12:34.6830642Z	process	standin:m4-r11	32572	134359423504149089
2026-10-08T14:12:34.6833209Z	process	standin:m4-r12	99188	134359423514701939
2026-10-08T14:12:34.6835972Z	process	standin:m4-r13	85440	134359423525516256
2026-10-08T14:12:34.6838702Z	process	standin:m4-r14	80136	134359423536029073
2026-10-08T14:12:34.6841371Z	process	standin:m4-r15	63464	134359423546500412
2026-10-08T14:12:35.7415407Z	process	standin:m4-r01	105236	134359423399022338
2026-10-08T14:12:35.7420778Z	process	standin:m4-r02	19976	134359423409718598
2026-10-08T14:12:35.7423878Z	process	standin:m4-r03	108964	134359423420112244
2026-10-08T14:12:35.7426977Z	process	standin:m4-r04	31260	134359423430594360
2026-10-08T14:12:35.7430003Z	process	standin:m4-r05	34060	134359423441030437
2026-10-08T14:12:35.7433386Z	process	standin:m4-r06	104904	134359423451590828
2026-10-08T14:12:35.7436648Z	process	standin:m4-r07	87940	134359423462084666
2026-10-08T14:12:35.7439721Z	process	standin:m4-r08	109072	134359423472563927
2026-10-08T14:12:35.7442810Z	process	standin:m4-r09	35724	134359423483081593
2026-10-08T14:12:35.7445843Z	process	standin:m4-r10	93328	134359423493571050
2026-10-08T14:12:35.7448935Z	process	standin:m4-r11	32572	134359423504149089
2026-10-08T14:12:35.7452383Z	process	standin:m4-r12	99188	134359423514701939
2026-10-08T14:12:35.7455479Z	process	standin:m4-r13	85440	134359423525516256
2026-10-08T14:12:35.7458100Z	process	standin:m4-r14	80136	134359423536029073
2026-10-08T14:12:35.7460995Z	process	standin:m4-r15	63464	134359423546500412
2026-10-08T14:12:35.7463675Z	process	standin:m4-r16	91472	134359423557105096
2026-10-08T14:12:36.7912500Z	process	standin:m4-r01	105236	134359423399022338
2026-10-08T14:12:36.7917840Z	process	standin:m4-r02	19976	134359423409718598
2026-10-08T14:12:36.7920678Z	process	standin:m4-r03	108964	134359423420112244
2026-10-08T14:12:36.7924921Z	process	standin:m4-r04	31260	134359423430594360
2026-10-08T14:12:36.7928504Z	process	standin:m4-r05	34060	134359423441030437
2026-10-08T14:12:36.7931986Z	process	standin:m4-r06	104904	134359423451590828
2026-10-08T14:12:36.7935474Z	process	standin:m4-r07	87940	134359423462084666
2026-10-08T14:12:36.7939252Z	process	standin:m4-r08	109072	134359423472563927
2026-10-08T14:12:36.7942675Z	process	standin:m4-r09	35724	134359423483081593
2026-10-08T14:12:36.7946265Z	process	standin:m4-r10	93328	134359423493571050
2026-10-08T14:12:36.7949631Z	process	standin:m4-r11	32572	134359423504149089
2026-10-08T14:12:36.7952935Z	process	standin:m4-r12	99188	134359423514701939
2026-10-08T14:12:36.7956204Z	process	standin:m4-r13	85440	134359423525516256
2026-10-08T14:12:36.7959203Z	process	standin:m4-r14	80136	134359423536029073
2026-10-08T14:12:36.7963033Z	process	standin:m4-r15	63464	134359423546500412
2026-10-08T14:12:36.7968462Z	process	standin:m4-r16	91472	134359423557105096
2026-10-08T14:12:36.7972168Z	process	standin:m4-r17	75552	134359423567601164
2026-10-08T14:12:37.8544147Z	process	standin:m4-r01	105236	134359423399022338
2026-10-08T14:12:37.8552853Z	process	standin:m4-r02	19976	134359423409718598
2026-10-08T14:12:37.8556556Z	process	standin:m4-r03	108964	134359423420112244
2026-10-08T14:12:37.8560273Z	process	standin:m4-r04	31260	134359423430594360
2026-10-08T14:12:37.8564210Z	process	standin:m4-r05	34060	134359423441030437
2026-10-08T14:12:37.8568169Z	process	standin:m4-r06	104904	134359423451590828
2026-10-08T14:12:37.8571938Z	process	standin:m4-r07	87940	134359423462084666
2026-10-08T14:12:37.8575099Z	process	standin:m4-r08	109072	134359423472563927
2026-10-08T14:12:37.8578590Z	process	standin:m4-r09	35724	134359423483081593
2026-10-08T14:12:37.8582097Z	process	standin:m4-r10	93328	134359423493571050
2026-10-08T14:12:37.8585795Z	process	standin:m4-r11	32572	134359423504149089
2026-10-08T14:12:37.8589506Z	process	standin:m4-r12	99188	134359423514701939
2026-10-08T14:12:37.8593041Z	process	standin:m4-r13	85440	134359423525516256
2026-10-08T14:12:37.8596468Z	process	standin:m4-r14	80136	134359423536029073
2026-10-08T14:12:37.8600392Z	process	standin:m4-r15	63464	134359423546500412
2026-10-08T14:12:37.8603793Z	process	standin:m4-r16	91472	134359423557105096
2026-10-08T14:12:37.8607189Z	process	standin:m4-r17	75552	134359423567601164
2026-10-08T14:12:37.8611132Z	process	standin:m4-r18	75388	134359423578202014
2026-10-08T14:12:38.9169348Z	process	standin:m4-r01	105236	134359423399022338
2026-10-08T14:12:38.9173842Z	process	standin:m4-r02	19976	134359423409718598
2026-10-08T14:12:38.9177533Z	process	standin:m4-r03	108964	134359423420112244
2026-10-08T14:12:38.9183653Z	process	standin:m4-r04	31260	134359423430594360
2026-10-08T14:12:38.9189538Z	process	standin:m4-r05	34060	134359423441030437
2026-10-08T14:12:38.9192356Z	process	standin:m4-r06	104904	134359423451590828
2026-10-08T14:12:38.9195347Z	process	standin:m4-r07	87940	134359423462084666
2026-10-08T14:12:38.9198392Z	process	standin:m4-r08	109072	134359423472563927
2026-10-08T14:12:38.9201910Z	process	standin:m4-r09	35724	134359423483081593
2026-10-08T14:12:38.9204516Z	process	standin:m4-r10	93328	134359423493571050
2026-10-08T14:12:38.9207291Z	process	standin:m4-r11	32572	134359423504149089
2026-10-08T14:12:38.9209968Z	process	standin:m4-r12	99188	134359423514701939
2026-10-08T14:12:38.9212526Z	process	standin:m4-r13	85440	134359423525516256
2026-10-08T14:12:38.9215113Z	process	standin:m4-r14	80136	134359423536029073
2026-10-08T14:12:38.9218120Z	process	standin:m4-r15	63464	134359423546500412
2026-10-08T14:12:38.9221004Z	process	standin:m4-r16	91472	134359423557105096
2026-10-08T14:12:38.9223407Z	process	standin:m4-r17	75552	134359423567601164
2026-10-08T14:12:38.9226658Z	process	standin:m4-r18	75388	134359423578202014
2026-10-08T14:12:38.9229360Z	process	standin:m4-r19	66708	134359423588844513
2026-10-08T14:12:39.9754650Z	process	standin:m4-r01	105236	134359423399022338
2026-10-08T14:12:39.9759796Z	process	standin:m4-r02	19976	134359423409718598
2026-10-08T14:12:39.9763898Z	process	standin:m4-r03	108964	134359423420112244
2026-10-08T14:12:39.9767769Z	process	standin:m4-r04	31260	134359423430594360
2026-10-08T14:12:39.9772557Z	process	standin:m4-r05	34060	134359423441030437
2026-10-08T14:12:39.9775979Z	process	standin:m4-r06	104904	134359423451590828
2026-10-08T14:12:39.9779548Z	process	standin:m4-r07	87940	134359423462084666
2026-10-08T14:12:39.9782812Z	process	standin:m4-r08	109072	134359423472563927
2026-10-08T14:12:39.9786243Z	process	standin:m4-r09	35724	134359423483081593
2026-10-08T14:12:39.9791033Z	process	standin:m4-r10	93328	134359423493571050
2026-10-08T14:12:39.9794817Z	process	standin:m4-r11	32572	134359423504149089
2026-10-08T14:12:39.9798465Z	process	standin:m4-r12	99188	134359423514701939
2026-10-08T14:12:39.9801830Z	process	standin:m4-r13	85440	134359423525516256
2026-10-08T14:12:39.9805574Z	process	standin:m4-r14	80136	134359423536029073
2026-10-08T14:12:39.9809101Z	process	standin:m4-r15	63464	134359423546500412
2026-10-08T14:12:39.9813018Z	process	standin:m4-r16	91472	134359423557105096
2026-10-08T14:12:39.9816698Z	process	standin:m4-r17	75552	134359423567601164
2026-10-08T14:12:39.9821012Z	process	standin:m4-r18	75388	134359423578202014
2026-10-08T14:12:39.9824924Z	process	standin:m4-r19	66708	134359423588844513
2026-10-08T14:12:39.9828450Z	process	standin:m4-r20	26084	134359423599401247
2026-10-08T14:12:41.0032326Z	task-deleted	BrowserAI-measure-20261008T1411-m4-com
2026-10-08T14:12:41.2140708Z	task-registered	BrowserAI-measure-20261008T1411-m4-schtasks
2026-10-08T14:12:41.2713494Z	process	schtasks	96748	134359423612242155
2026-10-08T14:12:41.3033556Z	process	standin:$(Arg0)	30980	134359423612647325
2026-10-08T14:12:42.3860507Z	process	schtasks	18020	134359423623502887
2026-10-08T14:12:42.4184442Z	process	standin:$(Arg0)	30980	134359423612647325
2026-10-08T14:12:42.4188893Z	process	standin:$(Arg0)	100240	134359423623856546
2026-10-08T14:12:43.4970369Z	process	schtasks	42004	134359423634340291
2026-10-08T14:12:43.5241834Z	process	standin:$(Arg0)	30980	134359423612647325
2026-10-08T14:12:43.5245542Z	process	standin:$(Arg0)	100240	134359423623856546
2026-10-08T14:12:43.5248333Z	process	standin:$(Arg0)	70296	134359423634963451
2026-10-08T14:12:44.5692026Z	process	schtasks	70740	134359423645369516
2026-10-08T14:12:44.5918133Z	process	standin:$(Arg0)	30980	134359423612647325
2026-10-08T14:12:44.5923060Z	process	standin:$(Arg0)	100240	134359423623856546
2026-10-08T14:12:44.5928205Z	process	standin:$(Arg0)	70296	134359423634963451
2026-10-08T14:12:44.5931854Z	process	standin:$(Arg0)	97240	134359423645664480
2026-10-08T14:12:45.6374542Z	process	schtasks	70796	134359423656076710
2026-10-08T14:12:45.6965503Z	process	standin:$(Arg0)	30980	134359423612647325
2026-10-08T14:12:45.6969893Z	process	standin:$(Arg0)	100240	134359423623856546
2026-10-08T14:12:45.6973144Z	process	standin:$(Arg0)	70296	134359423634963451
2026-10-08T14:12:45.6977014Z	process	standin:$(Arg0)	97240	134359423645664480
2026-10-08T14:12:45.6981120Z	process	standin:$(Arg0)	38640	134359423656672299
2026-10-08T14:12:46.7431085Z	process	schtasks	24860	134359423667113782
2026-10-08T14:12:46.7754197Z	process	standin:$(Arg0)	30980	134359423612647325
2026-10-08T14:12:46.7762202Z	process	standin:$(Arg0)	100240	134359423623856546
2026-10-08T14:12:46.7766171Z	process	standin:$(Arg0)	70296	134359423634963451
2026-10-08T14:12:46.7769804Z	process	standin:$(Arg0)	97240	134359423645664480
2026-10-08T14:12:46.7773325Z	process	standin:$(Arg0)	38640	134359423656672299
2026-10-08T14:12:46.7776526Z	process	standin:$(Arg0)	31672	134359423667423686
2026-10-08T14:12:47.8495402Z	process	schtasks	90752	134359423678193453
2026-10-08T14:12:47.8877178Z	process	standin:$(Arg0)	30980	134359423612647325
2026-10-08T14:12:47.8882773Z	process	standin:$(Arg0)	100240	134359423623856546
2026-10-08T14:12:47.8887118Z	process	standin:$(Arg0)	70296	134359423634963451
2026-10-08T14:12:47.8891421Z	process	standin:$(Arg0)	97240	134359423645664480
2026-10-08T14:12:47.8894970Z	process	standin:$(Arg0)	38640	134359423656672299
2026-10-08T14:12:47.8898450Z	process	standin:$(Arg0)	31672	134359423667423686
2026-10-08T14:12:47.8901556Z	process	standin:$(Arg0)	83004	134359423678491879
2026-10-08T14:12:48.9340803Z	process	schtasks	97620	134359423689026537
2026-10-08T14:12:49.0012199Z	process	standin:$(Arg0)	30980	134359423612647325
2026-10-08T14:12:49.0020302Z	process	standin:$(Arg0)	100240	134359423623856546
2026-10-08T14:12:49.0023432Z	process	standin:$(Arg0)	70296	134359423634963451
2026-10-08T14:12:49.0026578Z	process	standin:$(Arg0)	97240	134359423645664480
2026-10-08T14:12:49.0029495Z	process	standin:$(Arg0)	38640	134359423656672299
2026-10-08T14:12:49.0032854Z	process	standin:$(Arg0)	31672	134359423667423686
2026-10-08T14:12:49.0037320Z	process	standin:$(Arg0)	83004	134359423678491879
2026-10-08T14:12:49.0040786Z	process	standin:$(Arg0)	77716	134359423689650449
2026-10-08T14:12:50.0539304Z	process	schtasks	22672	134359423700185088
2026-10-08T14:12:50.0822841Z	process	standin:$(Arg0)	30980	134359423612647325
2026-10-08T14:12:50.0827380Z	process	standin:$(Arg0)	100240	134359423623856546
2026-10-08T14:12:50.0830790Z	process	standin:$(Arg0)	70296	134359423634963451
2026-10-08T14:12:50.0835290Z	process	standin:$(Arg0)	97240	134359423645664480
2026-10-08T14:12:50.0838748Z	process	standin:$(Arg0)	38640	134359423656672299
2026-10-08T14:12:50.0842039Z	process	standin:$(Arg0)	31672	134359423667423686
2026-10-08T14:12:50.0845574Z	process	standin:$(Arg0)	83004	134359423678491879
2026-10-08T14:12:50.0848988Z	process	standin:$(Arg0)	77716	134359423689650449
2026-10-08T14:12:50.0852170Z	process	standin:$(Arg0)	10920	134359423700503962
2026-10-08T14:12:51.1352629Z	process	schtasks	43388	134359423711025811
2026-10-08T14:12:51.1591924Z	process	standin:$(Arg0)	30980	134359423612647325
2026-10-08T14:12:51.1596153Z	process	standin:$(Arg0)	100240	134359423623856546
2026-10-08T14:12:51.1599172Z	process	standin:$(Arg0)	70296	134359423634963451
2026-10-08T14:12:51.1602441Z	process	standin:$(Arg0)	97240	134359423645664480
2026-10-08T14:12:51.1605858Z	process	standin:$(Arg0)	38640	134359423656672299
2026-10-08T14:12:51.1608963Z	process	standin:$(Arg0)	31672	134359423667423686
2026-10-08T14:12:51.1612155Z	process	standin:$(Arg0)	83004	134359423678491879
2026-10-08T14:12:51.1615318Z	process	standin:$(Arg0)	77716	134359423689650449
2026-10-08T14:12:51.1618476Z	process	standin:$(Arg0)	10920	134359423700503962
2026-10-08T14:12:51.1622034Z	process	standin:$(Arg0)	14600	134359423711312485
2026-10-08T14:12:52.1791604Z	task-deleted	BrowserAI-measure-20261008T1411-m4-schtasks
2026-10-08T14:12:52.3382473Z	task-registered	BrowserAI-measure-20261008T1411-m1-com-none
2026-10-08T14:12:52.3847333Z	process	requester	65604	134359423723731394
2026-10-08T14:12:52.3900339Z	process	requester	104216	134359423723859467
2026-10-08T14:12:52.3985467Z	process	requester	6680	134359423723910547
2026-10-08T14:12:52.4038786Z	process	requester	43740	134359423724000539
2026-10-08T14:12:52.4090207Z	process	requester	26924	134359423724052274
2026-10-08T14:12:52.4409292Z	process	requester	59712	134359423724360964
2026-10-08T14:12:52.4476780Z	process	requester	83804	134359423724424311
2026-10-08T14:12:52.4537689Z	process	requester	29008	134359423724495892
2026-10-08T14:12:52.4602590Z	process	requester	87772	134359423724553097
2026-10-08T14:12:52.4660415Z	process	requester	54052	134359423724617440
2026-10-08T14:12:52.4718512Z	process	requester	17240	134359423724674064
2026-10-08T14:12:52.4778139Z	process	requester	27344	134359423724731937
2026-10-08T14:12:52.4839206Z	process	requester	37004	134359423724794496
2026-10-08T14:12:52.4930812Z	process	requester	45940	134359423724855182
2026-10-08T14:12:52.5011934Z	process	requester	76060	134359423724947533
2026-10-08T14:12:52.5070565Z	process	requester	3604	134359423725027205
2026-10-08T14:12:52.5133220Z	process	requester	81848	134359423725086730
2026-10-08T14:12:52.5207668Z	process	requester	80868	134359423725151152
2026-10-08T14:12:52.5301520Z	process	requester	91652	134359423725224009
2026-10-08T14:12:52.5372897Z	process	requester	23100	134359423725330227
2026-10-08T14:13:02.8777819Z	process	standin:req-r01-20	38012	134359423726743728
2026-10-08T14:13:05.4151758Z	task-registered	BrowserAI-measure-20261008T1411-m1-com-none
2026-10-08T14:13:05.4221761Z	process	requester	9664	134359423854175302
2026-10-08T14:13:05.4276512Z	process	requester	47608	134359423854236832
2026-10-08T14:13:05.4328350Z	process	requester	82884	134359423854290109
2026-10-08T14:13:05.4407994Z	process	requester	28892	134359423854342571
2026-10-08T14:13:05.4485867Z	process	requester	80576	134359423854424482
2026-10-08T14:13:05.4552211Z	process	requester	99776	134359423854502240
2026-10-08T14:13:05.4614314Z	process	requester	96832	134359423854566842
2026-10-08T14:13:05.4686105Z	process	requester	71140	134359423854629329
2026-10-08T14:13:05.4753279Z	process	requester	84060	134359423854703053
2026-10-08T14:13:05.4822110Z	process	requester	56980	134359423854773560
2026-10-08T14:13:05.4900877Z	process	requester	14040	134359423854839511
2026-10-08T14:13:05.5245661Z	process	requester	36492	134359423855188150
2026-10-08T14:13:05.5323326Z	process	requester	61864	134359423855270619
2026-10-08T14:13:05.5406705Z	process	requester	66756	134359423855341395
2026-10-08T14:13:05.5495564Z	process	requester	107952	134359423855429674
2026-10-08T14:13:05.5574981Z	process	requester	29676	134359423855514788
2026-10-08T14:13:05.5691974Z	process	requester	72796	134359423855602413
2026-10-08T14:13:05.5778382Z	process	requester	86356	134359423855717257
2026-10-08T14:13:05.5867107Z	process	requester	64980	134359423855804598
2026-10-08T14:13:05.5940096Z	process	requester	36916	134359423855884022
2026-10-08T14:13:15.9734289Z	process	standin:req-r02-20	70828	134359423857555018
2026-10-08T14:13:18.5164166Z	task-registered	BrowserAI-measure-20261008T1411-m1-com-none
2026-10-08T14:13:18.5227662Z	process	requester	55948	134359423985181888
2026-10-08T14:13:18.5278642Z	process	requester	74408	134359423985240956
2026-10-08T14:13:18.5336421Z	process	requester	10808	134359423985292443
2026-10-08T14:13:18.5393552Z	process	requester	50508	134359423985353034
2026-10-08T14:13:18.5459770Z	process	requester	91500	134359423985407002
2026-10-08T14:13:18.5519363Z	process	requester	94388	134359423985476431
2026-10-08T14:13:18.5577688Z	process	requester	101540	134359423985534174
2026-10-08T14:13:18.5980882Z	process	requester	38708	134359423985935373
2026-10-08T14:13:18.6046820Z	process	requester	31492	134359423985997964
2026-10-08T14:13:18.6107327Z	process	requester	81896	134359423986062877
2026-10-08T14:13:18.6178259Z	process	requester	86032	134359423986123696
2026-10-08T14:13:18.6240100Z	process	requester	97852	134359423986194318
2026-10-08T14:13:18.6316840Z	process	requester	49452	134359423986258641
2026-10-08T14:13:18.6375984Z	process	requester	62020	134359423986330549
2026-10-08T14:13:18.6438444Z	process	requester	70480	134359423986389314
2026-10-08T14:13:18.6504304Z	process	requester	42760	134359423986457393
2026-10-08T14:13:18.6575417Z	process	requester	71476	134359423986523728
2026-10-08T14:13:18.6657189Z	process	requester	40332	134359423986593499
2026-10-08T14:13:18.6734017Z	process	requester	85776	134359423986674974
2026-10-08T14:13:18.6809450Z	process	requester	74636	134359423986752808
2026-10-08T14:13:29.0448342Z	process	standin:req-r03-06	79660	134359423988319379
2026-10-08T14:13:31.5828743Z	task-registered	BrowserAI-measure-20261008T1411-m1-com-none
2026-10-08T14:13:31.5903554Z	process	requester	43512	134359424115847981
2026-10-08T14:13:31.5966283Z	process	requester	106644	134359424115919764
2026-10-08T14:13:31.6019379Z	process	requester	96468	134359424115981862
2026-10-08T14:13:31.6071747Z	process	requester	89532	134359424116032295
2026-10-08T14:13:31.6123576Z	process	requester	80196	134359424116084074
2026-10-08T14:13:31.6174278Z	process	requester	107972	134359424116135191
2026-10-08T14:13:31.6225306Z	process	requester	97900	134359424116186420
2026-10-08T14:13:31.6294116Z	process	requester	12712	134359424116240151
2026-10-08T14:13:31.6356530Z	process	requester	100808	134359424116310805
2026-10-08T14:13:31.6419108Z	process	requester	67740	134359424116375450
2026-10-08T14:13:31.6488533Z	process	requester	73620	134359424116435888
2026-10-08T14:13:31.6550869Z	process	requester	98800	134359424116504567
2026-10-08T14:13:31.6626872Z	process	requester	44328	134359424116566550
2026-10-08T14:13:31.6702505Z	process	requester	6772	134359424116649810
2026-10-08T14:13:31.6773762Z	process	requester	65396	134359424116720540
2026-10-08T14:13:31.6844053Z	process	requester	92004	134359424116790944
2026-10-08T14:13:31.6917426Z	process	requester	65432	134359424116862623
2026-10-08T14:13:31.7007569Z	process	requester	14816	134359424116942392
2026-10-08T14:13:31.7089647Z	process	requester	82032	134359424117028851
2026-10-08T14:13:31.7167817Z	process	requester	86096	134359424117107406
2026-10-08T14:13:42.0875702Z	process	standin:req-r04-19	93716	134359424118597677
2026-10-08T14:13:44.6168079Z	task-registered	BrowserAI-measure-20261008T1411-m1-com-none
2026-10-08T14:13:44.6229642Z	process	requester	104040	134359424246184593
2026-10-08T14:13:44.6289000Z	process	requester	43588	134359424246243456
2026-10-08T14:13:44.6340729Z	process	requester	14536	134359424246302533
2026-10-08T14:13:44.6398841Z	process	requester	86972	134359424246359069
2026-10-08T14:13:44.6455547Z	process	requester	70284	134359424246413649
2026-10-08T14:13:44.6506976Z	process	requester	95084	134359424246469628
2026-10-08T14:13:44.6555969Z	process	requester	53420	134359424246517662
2026-10-08T14:13:44.6607303Z	process	requester	20388	134359424246568382
2026-10-08T14:13:44.6677310Z	process	requester	104316	134359424246621634
2026-10-08T14:13:44.6742973Z	process	requester	90544	134359424246695260
2026-10-08T14:13:44.6806846Z	process	requester	39572	134359424246759419
2026-10-08T14:13:44.6875506Z	process	requester	41584	134359424246825650
2026-10-08T14:13:44.6958170Z	process	requester	65956	134359424246896865
2026-10-08T14:13:44.7036638Z	process	requester	72520	134359424246976377
2026-10-08T14:13:44.7188154Z	process	requester	78408	134359424247059019
2026-10-08T14:13:44.7270540Z	process	requester	93884	134359424247206336
2026-10-08T14:13:44.7678130Z	process	requester	54424	134359424247616656
2026-10-08T14:13:44.7760278Z	process	requester	108028	134359424247694487
2026-10-08T14:13:44.7838746Z	process	requester	78228	134359424247781399
2026-10-08T14:13:44.7913024Z	process	requester	99872	134359424247856297
2026-10-08T14:13:55.1710645Z	process	standin:req-r05-13	68976	134359424249579108
2026-10-08T14:13:57.7020839Z	task-registered	BrowserAI-measure-20261008T1411-m1-com-none
2026-10-08T14:13:57.7082385Z	process	requester	23100	134359424377037059
2026-10-08T14:13:57.7131889Z	process	requester	55384	134359424377094447
2026-10-08T14:13:57.7181236Z	process	requester	77232	134359424377142003
2026-10-08T14:13:57.7229551Z	process	requester	64032	134359424377193154
2026-10-08T14:13:57.7288791Z	process	requester	68292	134359424377246811
2026-10-08T14:13:57.7355825Z	process	requester	90848	134359424377308024
2026-10-08T14:13:57.7415440Z	process	requester	41776	134359424377369246
2026-10-08T14:13:57.7468742Z	process	requester	78320	134359424377428676
2026-10-08T14:13:57.7528077Z	process	requester	106576	134359424377483326
2026-10-08T14:13:57.7591677Z	process	requester	95088	134359424377545461
2026-10-08T14:13:57.7646243Z	process	requester	58332	134359424377604366
2026-10-08T14:13:57.7700181Z	process	requester	76152	134359424377658463
2026-10-08T14:13:57.7767136Z	process	requester	100436	134359424377713628
2026-10-08T14:13:57.7830505Z	process	requester	56616	134359424377783227
2026-10-08T14:13:57.7891355Z	process	requester	37592	134359424377848379
2026-10-08T14:13:57.7963078Z	process	requester	26820	134359424377907887
2026-10-08T14:13:57.8044606Z	process	requester	47848	134359424377985376
2026-10-08T14:13:57.8122994Z	process	requester	65360	134359424378062590
2026-10-08T14:13:57.8203378Z	process	requester	33484	134359424378140506
2026-10-08T14:13:57.8288966Z	process	requester	67048	134359424378222175
2026-10-08T14:14:08.1201245Z	process	standin:req-r06-19	692	134359424379689634
2026-10-08T14:14:10.6538461Z	task-registered	BrowserAI-measure-20261008T1411-m1-com-none
2026-10-08T14:14:10.6603865Z	process	requester	96848	134359424506560417
2026-10-08T14:14:10.6665089Z	process	requester	90028	134359424506618225
2026-10-08T14:14:10.6715256Z	process	requester	72144	134359424506677106
2026-10-08T14:14:10.7104648Z	process	requester	13188	134359424507058442
2026-10-08T14:14:10.7161012Z	process	requester	98876	134359424507121203
2026-10-08T14:14:10.7217550Z	process	requester	21228	134359424507174800
2026-10-08T14:14:10.7291296Z	process	requester	90708	134359424507231934
2026-10-08T14:14:10.7354950Z	process	requester	6088	134359424507307843
2026-10-08T14:14:10.7413960Z	process	requester	104376	134359424507370376
2026-10-08T14:14:10.7473800Z	process	requester	79776	134359424507431711
2026-10-08T14:14:10.7548445Z	process	requester	25708	134359424507487328
2026-10-08T14:14:10.7619330Z	process	requester	89540	134359424507565149
2026-10-08T14:14:10.7695206Z	process	requester	36812	134359424507643519
2026-10-08T14:14:10.7761426Z	process	requester	79720	134359424507710691
2026-10-08T14:14:10.7839541Z	process	requester	46220	134359424507778502
2026-10-08T14:14:10.7916536Z	process	requester	6348	134359424507857223
2026-10-08T14:14:10.8008979Z	process	requester	21744	134359424507936520
2026-10-08T14:14:10.8086923Z	process	requester	67104	134359424508028342
2026-10-08T14:14:10.8188098Z	process	requester	93284	134359424508123332
2026-10-08T14:14:10.8387143Z	process	requester	46252	134359424508211027
2026-10-08T14:14:21.3187024Z	process	standin:req-r07-05	37120	134359424510623190
2026-10-08T14:14:23.8483298Z	task-registered	BrowserAI-measure-20261008T1411-m1-com-none
2026-10-08T14:14:23.8543929Z	process	requester	51708	134359424638499417
2026-10-08T14:14:23.8593915Z	process	requester	19680	134359424638555061
2026-10-08T14:14:23.8650871Z	process	requester	42756	134359424638604832
2026-10-08T14:14:23.8705626Z	process	requester	20044	134359424638664335
2026-10-08T14:14:23.8756204Z	process	requester	68272	134359424638717942
2026-10-08T14:14:23.8813736Z	process	requester	4156	134359424638769875
2026-10-08T14:14:23.8868899Z	process	requester	88312	134359424638826727
2026-10-08T14:14:23.8923489Z	process	requester	66548	134359424638882722
2026-10-08T14:14:23.8984547Z	process	requester	13364	134359424638938023
2026-10-08T14:14:23.9052637Z	process	requester	81620	134359424639003358
2026-10-08T14:14:23.9121058Z	process	requester	86452	134359424639070820
2026-10-08T14:14:23.9195605Z	process	requester	103020	134359424639136618
2026-10-08T14:14:23.9277307Z	process	requester	87388	134359424639213670
2026-10-08T14:14:23.9358252Z	process	requester	62736	134359424639295792
2026-10-08T14:14:23.9448614Z	process	requester	58476	134359424639382307
2026-10-08T14:14:23.9534968Z	process	requester	68760	134359424639468774
2026-10-08T14:14:23.9614068Z	process	requester	75328	134359424639554261
2026-10-08T14:14:23.9711919Z	process	requester	85928	134359424639632838
2026-10-08T14:14:24.0133510Z	process	requester	26792	134359424640070793
2026-10-08T14:14:24.0226156Z	process	requester	93368	134359424640152188
2026-10-08T14:14:34.4414964Z	process	standin:req-r08-09	95992	134359424641922270
2026-10-08T14:14:37.0985168Z	task-registered	BrowserAI-measure-20261008T1411-m1-com-none
2026-10-08T14:14:37.1079703Z	process	requester	73408	134359424771014021
2026-10-08T14:14:37.1155332Z	process	requester	44128	134359424771101924
2026-10-08T14:14:37.1239708Z	process	requester	69104	134359424771183338
2026-10-08T14:14:37.1340131Z	process	requester	103496	134359424771264323
2026-10-08T14:14:37.1431371Z	process	requester	3176	134359424771368072
2026-10-08T14:14:37.1537192Z	process	requester	48864	134359424771457364
2026-10-08T14:14:37.1627006Z	process	requester	75392	134359424771557957
2026-10-08T14:14:37.1721891Z	process	requester	67516	134359424771651295
2026-10-08T14:14:37.1803078Z	process	requester	64460	134359424771740525
2026-10-08T14:14:37.1898720Z	process	requester	104648	134359424771822373
2026-10-08T14:14:37.2017769Z	process	requester	109000	134359424771925977
2026-10-08T14:14:37.2099847Z	process	requester	89540	134359424772036271
2026-10-08T14:14:37.2183442Z	process	requester	73488	134359424772118411
2026-10-08T14:14:37.2267084Z	process	requester	104092	134359424772198929
2026-10-08T14:14:37.2373406Z	process	requester	85528	134359424772285225
2026-10-08T14:14:37.2458526Z	process	requester	83528	134359424772391864
2026-10-08T14:14:37.2546298Z	process	requester	108028	134359424772478745
2026-10-08T14:14:37.2633878Z	process	requester	2732	134359424772564194
2026-10-08T14:14:37.2724142Z	process	requester	52184	134359424772657699
2026-10-08T14:14:37.2819877Z	process	requester	105296	134359424772747192
2026-10-08T14:14:47.7432947Z	process	standin:req-r09-20	96800	134359424775224681
2026-10-08T14:14:50.2753815Z	task-registered	BrowserAI-measure-20261008T1411-m1-com-none
2026-10-08T14:14:50.2818481Z	process	requester	33464	134359424902772081
2026-10-08T14:14:50.2877390Z	process	requester	80360	134359424902831101
2026-10-08T14:14:50.2930280Z	process	requester	105928	134359424902891533
2026-10-08T14:14:50.2990345Z	process	requester	80020	134359424902942264
2026-10-08T14:14:50.3055405Z	process	requester	83776	134359424903007365
2026-10-08T14:14:50.3119332Z	process	requester	85192	134359424903072729
2026-10-08T14:14:50.3185166Z	process	requester	10796	134359424903136577
2026-10-08T14:14:50.3246561Z	process	requester	73064	134359424903199891
2026-10-08T14:14:50.3314781Z	process	requester	82000	134359424903262727
2026-10-08T14:14:50.3387982Z	process	requester	83712	134359424903332758
2026-10-08T14:14:50.3470706Z	process	requester	65484	134359424903405260
2026-10-08T14:14:50.3568016Z	process	requester	15512	134359424903503294
2026-10-08T14:14:50.3652107Z	process	requester	36612	134359424903591410
2026-10-08T14:14:50.3734091Z	process	requester	108636	134359424903670358
2026-10-08T14:14:50.3804954Z	process	requester	41636	134359424903753158
2026-10-08T14:14:50.3888325Z	process	requester	7972	134359424903823779
2026-10-08T14:14:50.4289366Z	process	requester	6780	134359424904231050
2026-10-08T14:14:50.4399731Z	process	requester	30684	134359424904316831
2026-10-08T14:14:50.4504878Z	process	requester	81496	134359424904422528
2026-10-08T14:14:50.4613279Z	process	requester	28860	134359424904535561
2026-10-08T14:15:00.8450123Z	process	standin:req-r10-19	73576	134359424906107636
2026-10-08T14:15:03.3618643Z	task-deleted	BrowserAI-measure-20261008T1411-m1-com-none
2026-10-08T14:15:03.5700462Z	task-registered	BrowserAI-measure-20261008T1411-m1-com-running
2026-10-08T14:15:04.1245291Z	process	requester	41164	134359425041192342
2026-10-08T14:15:04.1316146Z	process	requester	31740	134359425041265029
2026-10-08T14:15:04.1381686Z	process	requester	97212	134359425041330887
2026-10-08T14:15:04.1734874Z	process	requester	89544	134359425041689232
2026-10-08T14:15:04.1789976Z	process	requester	12940	134359425041748358
2026-10-08T14:15:04.1845769Z	process	requester	84872	134359425041804844
2026-10-08T14:15:04.1903680Z	process	requester	44316	134359425041859566
2026-10-08T14:15:04.1972363Z	process	requester	53424	134359425041917753
2026-10-08T14:15:04.2037744Z	process	requester	85156	134359425041990619
2026-10-08T14:15:04.2091091Z	process	requester	26180	134359425042051142
2026-10-08T14:15:04.2153466Z	process	requester	63516	134359425042103487
2026-10-08T14:15:04.2223807Z	process	requester	85356	134359425042170103
2026-10-08T14:15:04.2288868Z	process	requester	11128	134359425042241194
2026-10-08T14:15:04.2362630Z	process	requester	88076	134359425042305275
2026-10-08T14:15:04.2424348Z	process	requester	38008	134359425042376617
2026-10-08T14:15:04.2497051Z	process	requester	35712	134359425042438346
2026-10-08T14:15:04.2583192Z	process	requester	88164	134359425042516178
2026-10-08T14:15:04.2668280Z	process	requester	59868	134359425042603349
2026-10-08T14:15:04.2761451Z	process	requester	15344	134359425042690212
2026-10-08T14:15:04.2878750Z	process	requester	27464	134359425042785204
2026-10-08T14:15:14.6891138Z	process	standin:seed-r01	66520	134359425035803932
2026-10-08T14:15:17.2313468Z	task-registered	BrowserAI-measure-20261008T1411-m1-com-running
2026-10-08T14:15:17.7782495Z	process	requester	10396	134359425177683879
2026-10-08T14:15:17.7844869Z	process	requester	57924	134359425177799660
2026-10-08T14:15:17.7906074Z	process	requester	63748	134359425177857396
2026-10-08T14:15:17.7968391Z	process	requester	76076	134359425177919201
2026-10-08T14:15:17.8029396Z	process	requester	4952	134359425177988310
2026-10-08T14:15:17.8095267Z	process	requester	21212	134359425178045727
2026-10-08T14:15:17.8157543Z	process	requester	92348	134359425178109113
2026-10-08T14:15:17.8231189Z	process	requester	59724	134359425178174504
2026-10-08T14:15:17.8333179Z	process	requester	49164	134359425178248694
2026-10-08T14:15:17.8410270Z	process	requester	78096	134359425178355856
2026-10-08T14:15:17.8488142Z	process	requester	27344	134359425178428668
2026-10-08T14:15:17.8569661Z	process	requester	88132	134359425178505516
2026-10-08T14:15:17.8651672Z	process	requester	96988	134359425178588951
2026-10-08T14:15:17.8797122Z	process	requester	104732	134359425178698928
2026-10-08T14:15:17.8894332Z	process	requester	75536	134359425178825228
2026-10-08T14:15:17.9002893Z	process	requester	63452	134359425178920876
2026-10-08T14:15:17.9086598Z	process	requester	60548	134359425179022690
2026-10-08T14:15:17.9170648Z	process	requester	94328	134359425179105040
2026-10-08T14:15:17.9253764Z	process	requester	65172	134359425179189402
2026-10-08T14:15:17.9353834Z	process	requester	24140	134359425179273145
2026-10-08T14:15:28.3700871Z	process	standin:seed-r02	109488	134359425172356265
2026-10-08T14:15:30.9039163Z	task-registered	BrowserAI-measure-20261008T1411-m1-com-running
2026-10-08T14:15:31.4377449Z	process	requester	3360	134359425314327338
2026-10-08T14:15:31.4476463Z	process	requester	76540	134359425314417367
2026-10-08T14:15:31.4541529Z	process	requester	93436	134359425314493688
2026-10-08T14:15:31.4609610Z	process	requester	34724	134359425314559690
2026-10-08T14:15:31.4680418Z	process	requester	69572	134359425314632353
2026-10-08T14:15:31.5066247Z	process	requester	40008	134359425315018445
2026-10-08T14:15:31.5129987Z	process	requester	31284	134359425315082133
2026-10-08T14:15:31.5195325Z	process	requester	79452	134359425315146117
2026-10-08T14:15:31.5264322Z	process	requester	40268	134359425315213921
2026-10-08T14:15:31.5332301Z	process	requester	74100	134359425315282384
2026-10-08T14:15:31.5397275Z	process	requester	6548	134359425315349384
2026-10-08T14:15:31.5474613Z	process	requester	104672	134359425315414467
2026-10-08T14:15:31.5552300Z	process	requester	18184	134359425315492956
2026-10-08T14:15:31.5635551Z	process	requester	84728	134359425315571856
2026-10-08T14:15:31.5729926Z	process	requester	78084	134359425315662451
2026-10-08T14:15:31.5810445Z	process	requester	91712	134359425315753335
2026-10-08T14:15:31.5889722Z	process	requester	102004	134359425315832017
2026-10-08T14:15:31.5975674Z	process	requester	68408	134359425315912524
2026-10-08T14:15:31.6070062Z	process	requester	95520	134359425316003473
2026-10-08T14:15:31.6153103Z	process	requester	103376	134359425316089294
2026-10-08T14:15:42.0160558Z	process	standin:seed-r03	101240	134359425309083301
2026-10-08T14:15:44.5487919Z	task-registered	BrowserAI-measure-20261008T1411-m1-com-running
2026-10-08T14:15:45.0951552Z	process	requester	76240	134359425450889085
2026-10-08T14:15:45.1024838Z	process	requester	76944	134359425450975630
2026-10-08T14:15:45.1092681Z	process	requester	68268	134359425451041401
2026-10-08T14:15:45.1154599Z	process	requester	22704	134359425451109944
2026-10-08T14:15:45.1217040Z	process	requester	32456	134359425451169382
2026-10-08T14:15:45.1291496Z	process	requester	49168	134359425451234824
2026-10-08T14:15:45.1365285Z	process	requester	42208	134359425451311415
2026-10-08T14:15:45.1439955Z	process	requester	49668	134359425451383484
2026-10-08T14:15:45.1502201Z	process	requester	74808	134359425451456666
2026-10-08T14:15:45.1573707Z	process	requester	40592	134359425451519150
2026-10-08T14:15:45.1663705Z	process	requester	65384	134359425451592975
2026-10-08T14:15:45.1745393Z	process	requester	88868	134359425451681439
2026-10-08T14:15:45.1828365Z	process	requester	60024	134359425451764480
2026-10-08T14:15:45.1965885Z	process	requester	33248	134359425451845316
2026-10-08T14:15:45.2053447Z	process	requester	54880	134359425451990072
2026-10-08T14:15:45.2147032Z	process	requester	61412	134359425452078002
2026-10-08T14:15:45.2257627Z	process	requester	107720	134359425452178386
2026-10-08T14:15:45.2346335Z	process	requester	41096	134359425452274939
2026-10-08T14:15:45.2431075Z	process	requester	14444	134359425452365127
2026-10-08T14:15:45.2521807Z	process	requester	39264	134359425452450306
2026-10-08T14:15:55.7049097Z	process	standin:seed-r04	40800	134359425445542968
2026-10-08T14:15:58.2376269Z	task-registered	BrowserAI-measure-20261008T1411-m1-com-running
2026-10-08T14:15:58.7840830Z	process	requester	6680	134359425587778546
2026-10-08T14:15:58.7904074Z	process	requester	106368	134359425587861141
2026-10-08T14:15:58.7966475Z	process	requester	92544	134359425587919630
2026-10-08T14:15:58.8313978Z	process	requester	25480	134359425588260010
2026-10-08T14:15:58.8382272Z	process	requester	84332	134359425588334007
2026-10-08T14:15:58.8447744Z	process	requester	16536	134359425588396488
2026-10-08T14:15:58.8509692Z	process	requester	23012	134359425588462038
2026-10-08T14:15:58.8584860Z	process	requester	76300	134359425588526276
2026-10-08T14:15:58.8664117Z	process	requester	39332	134359425588601157
2026-10-08T14:15:58.8735746Z	process	requester	11740	134359425588682897
2026-10-08T14:15:58.8818016Z	process	requester	62768	134359425588753389
2026-10-08T14:15:58.8905613Z	process	requester	106160	134359425588835105
2026-10-08T14:15:58.8999659Z	process	requester	23320	134359425588928836
2026-10-08T14:15:58.9086270Z	process	requester	78664	134359425589018211
2026-10-08T14:15:58.9205419Z	process	requester	43808	134359425589136372
2026-10-08T14:15:58.9368398Z	process	requester	78236	134359425589247765
2026-10-08T14:15:58.9470734Z	process	requester	81412	134359425589403386
2026-10-08T14:15:58.9652405Z	process	requester	93464	134359425589541704
2026-10-08T14:15:58.9776093Z	process	requester	109552	134359425589704874
2026-10-08T14:15:58.9885746Z	process	requester	84036	134359425589818145
2026-10-08T14:16:09.4873384Z	process	standin:seed-r05	75660	134359425582425261
2026-10-08T14:16:12.0440064Z	task-registered	BrowserAI-measure-20261008T1411-m1-com-running
2026-10-08T14:16:12.5887299Z	process	requester	47956	134359425725828416
2026-10-08T14:16:12.5952411Z	process	requester	69024	134359425725905852
2026-10-08T14:16:12.6016967Z	process	requester	77100	134359425725968504
2026-10-08T14:16:12.6077820Z	process	requester	104436	134359425726032981
2026-10-08T14:16:12.6134774Z	process	requester	22388	134359425726092633
2026-10-08T14:16:12.6197544Z	process	requester	32624	134359425726150272
2026-10-08T14:16:12.6262029Z	process	requester	4900	134359425726214399
2026-10-08T14:16:12.6336245Z	process	requester	100924	134359425726277365
2026-10-08T14:16:12.6807061Z	process	requester	108144	134359425726740252
2026-10-08T14:16:12.6890716Z	process	requester	70916	134359425726831724
2026-10-08T14:16:12.6962322Z	process	requester	55716	134359425726909923
2026-10-08T14:16:12.7035598Z	process	requester	104344	134359425726982603
2026-10-08T14:16:12.7116291Z	process	requester	100588	134359425727052501
2026-10-08T14:16:12.7195518Z	process	requester	63452	134359425727136030
2026-10-08T14:16:12.7278332Z	process	requester	98996	134359425727213573
2026-10-08T14:16:12.7383313Z	process	requester	82680	134359425727301391
2026-10-08T14:16:12.7556531Z	process	requester	72364	134359425727419591
2026-10-08T14:16:12.7895431Z	process	requester	106760	134359425727816381
2026-10-08T14:16:12.8006783Z	process	requester	23432	134359425727940149
2026-10-08T14:16:12.8100949Z	process	requester	78772	134359425728032228
2026-10-08T14:16:23.2150177Z	process	standin:seed-r06	80488	134359425720498521
2026-10-08T14:16:26.6169285Z	task-registered	BrowserAI-measure-20261008T1411-m1-com-running
2026-10-08T14:16:27.1946811Z	process	requester	81172	134359425871554211
2026-10-08T14:16:27.2037972Z	process	requester	9636	134359425871973528
2026-10-08T14:16:27.2551092Z	process	requester	7752	134359425872067375
2026-10-08T14:16:27.2638322Z	process	requester	54340	134359425872575820
2026-10-08T14:16:27.3308630Z	process	requester	108052	134359425872682335
2026-10-08T14:16:27.3397564Z	process	requester	24872	134359425873330176
2026-10-08T14:16:27.3501505Z	process	requester	77276	134359425873438381
2026-10-08T14:16:27.3722877Z	process	requester	96524	134359425873520798
2026-10-08T14:16:27.3820772Z	process	requester	23040	134359425873753658
2026-10-08T14:16:27.3912343Z	process	requester	42396	134359425873844001
2026-10-08T14:16:27.4009724Z	process	requester	42616	134359425873932253
2026-10-08T14:16:27.4349091Z	process	requester	45488	134359425874025566
2026-10-08T14:16:27.4462448Z	process	requester	106428	134359425874370254
2026-10-08T14:16:27.4578875Z	process	requester	72400	134359425874488499
2026-10-08T14:16:27.5264380Z	process	requester	32040	134359425874771269
2026-10-08T14:16:27.6048537Z	process	requester	81988	134359425875949608
2026-10-08T14:16:27.6188583Z	process	requester	67036	134359425876076779
2026-10-08T14:16:27.6294749Z	process	requester	93976	134359425876211134
2026-10-08T14:16:27.7855433Z	process	requester	103948	134359425876339946
2026-10-08T14:16:27.7971423Z	process	requester	42252	134359425877896126
2026-10-08T14:16:39.5334126Z	process	standin:seed-r07	104040	134359425866224388
2026-10-08T14:16:42.0656234Z	task-registered	BrowserAI-measure-20261008T1411-m1-com-running
2026-10-08T14:16:42.6061196Z	process	requester	88444	134359426026008345
2026-10-08T14:16:42.6128080Z	process	requester	66936	134359426026079378
2026-10-08T14:16:42.6186806Z	process	requester	67812	134359426026140973
2026-10-08T14:16:42.6240609Z	process	requester	67208	134359426026198554
2026-10-08T14:16:42.6641885Z	process	requester	10780	134359426026589969
2026-10-08T14:16:42.6710704Z	process	requester	13568	134359426026660966
2026-10-08T14:16:42.6790419Z	process	requester	103580	134359426026732098
2026-10-08T14:16:42.6866796Z	process	requester	109472	134359426026808744
2026-10-08T14:16:42.6942746Z	process	requester	99128	134359426026882010
2026-10-08T14:16:42.7019315Z	process	requester	43824	134359426026957729
2026-10-08T14:16:42.7092486Z	process	requester	8368	134359426027034977
2026-10-08T14:16:42.7521711Z	process	requester	17444	134359426027472277
2026-10-08T14:16:42.7877866Z	process	requester	84120	134359426027828922
2026-10-08T14:16:42.7952144Z	process	requester	86220	134359426027897259
2026-10-08T14:16:42.8029897Z	process	requester	93444	134359426027975531
2026-10-08T14:16:42.8103304Z	process	requester	84056	134359426028044710
2026-10-08T14:16:42.8172926Z	process	requester	98624	134359426028120066
2026-10-08T14:16:42.8251518Z	process	requester	66104	134359426028192972
2026-10-08T14:16:42.8331684Z	process	requester	7560	134359426028269983
2026-10-08T14:16:42.8404240Z	process	requester	2944	134359426028350747
2026-10-08T14:16:53.2021279Z	process	standin:seed-r08	105520	134359426020709481
2026-10-08T14:16:55.7328865Z	task-registered	BrowserAI-measure-20261008T1411-m1-com-running
2026-10-08T14:16:56.2698960Z	process	requester	51800	134359426162651609
2026-10-08T14:16:56.2764058Z	process	requester	89340	134359426162718839
2026-10-08T14:16:56.2824426Z	process	requester	107228	134359426162778392
2026-10-08T14:16:56.2889516Z	process	requester	32732	134359426162841695
2026-10-08T14:16:56.2953849Z	process	requester	73248	134359426162905371
2026-10-08T14:16:56.3394218Z	process	requester	19296	134359426163273650
2026-10-08T14:16:56.3464756Z	process	requester	81584	134359426163415211
2026-10-08T14:16:56.3532231Z	process	requester	94308	134359426163481748
2026-10-08T14:16:56.3623034Z	process	requester	64576	134359426163550134
2026-10-08T14:16:56.3697124Z	process	requester	33428	134359426163645551
2026-10-08T14:16:56.3772697Z	process	requester	81108	134359426163714082
2026-10-08T14:16:56.3841450Z	process	requester	31568	134359426163791179
2026-10-08T14:16:56.3917116Z	process	requester	35032	134359426163858391
2026-10-08T14:16:56.4006459Z	process	requester	97272	134359426163935820
2026-10-08T14:16:56.4084883Z	process	requester	20352	134359426164026612
2026-10-08T14:16:56.4174261Z	process	requester	28892	134359426164103490
2026-10-08T14:16:56.4263138Z	process	requester	108144	134359426164198589
2026-10-08T14:16:56.4346720Z	process	requester	36608	134359426164283236
2026-10-08T14:16:56.4457391Z	process	requester	100244	134359426164381415
2026-10-08T14:16:56.4569106Z	process	requester	26196	134359426164488427
2026-10-08T14:17:06.8928527Z	process	standin:seed-r09	13308	134359426157377084
2026-10-08T14:17:09.4233835Z	task-registered	BrowserAI-measure-20261008T1411-m1-com-running
2026-10-08T14:17:09.9647310Z	process	requester	86792	134359426299595568
2026-10-08T14:17:09.9710976Z	process	requester	35820	134359426299663294
2026-10-08T14:17:09.9768260Z	process	requester	99372	134359426299726150
2026-10-08T14:17:09.9822480Z	process	requester	67632	134359426299782419
2026-10-08T14:17:09.9883657Z	process	requester	42556	134359426299838327
2026-10-08T14:17:09.9952359Z	process	requester	65228	134359426299901095
2026-10-08T14:17:10.0026257Z	process	requester	85896	134359426299970149
2026-10-08T14:17:10.0090403Z	process	requester	32000	134359426300040551
2026-10-08T14:17:10.0164849Z	process	requester	61828	134359426300107787
2026-10-08T14:17:10.0230293Z	process	requester	73044	134359426300184594
2026-10-08T14:17:10.0298160Z	process	requester	89052	134359426300245863
2026-10-08T14:17:10.0374608Z	process	requester	82000	134359426300319565
2026-10-08T14:17:10.0451345Z	process	requester	85812	134359426300398231
2026-10-08T14:17:10.0529863Z	process	requester	17908	134359426300469052
2026-10-08T14:17:10.0606566Z	process	requester	19984	134359426300550162
2026-10-08T14:17:10.0684114Z	process	requester	18888	134359426300624827
2026-10-08T14:17:10.0774944Z	process	requester	91572	134359426300706432
2026-10-08T14:17:10.0866721Z	process	requester	54000	134359426300806079
2026-10-08T14:17:10.0946621Z	process	requester	89984	134359426300884183
2026-10-08T14:17:10.1090898Z	process	requester	11824	134359426300968483
2026-10-08T14:17:20.4761893Z	process	standin:seed-r10	22272	134359426294295095
2026-10-08T14:17:23.0011825Z	task-deleted	BrowserAI-measure-20261008T1411-m1-com-running
2026-10-08T14:17:23.2268020Z	task-registered	BrowserAI-measure-20261008T1411-m1-schtasks-none
2026-10-08T14:17:23.4686383Z	process	schtasks	94096	134359426432352299
2026-10-08T14:17:23.4693193Z	process	schtasks	106724	134359426432452357
2026-10-08T14:17:23.4699591Z	process	schtasks	92556	134359426432489685
2026-10-08T14:17:23.4703854Z	process	schtasks	94600	134359426432527109
2026-10-08T14:17:23.4708672Z	process	schtasks	89364	134359426432571651
2026-10-08T14:17:23.4713087Z	process	schtasks	9560	134359426432611456
2026-10-08T14:17:23.4717137Z	process	schtasks	67824	134359426432670494
2026-10-08T14:17:23.4720910Z	process	schtasks	32076	134359426432711987
2026-10-08T14:17:23.4730768Z	process	schtasks	76508	134359426432749461
2026-10-08T14:17:23.4754945Z	process	schtasks	3392	134359426432793558
2026-10-08T14:17:23.4765379Z	process	schtasks	40852	134359426432830523
2026-10-08T14:17:23.4774787Z	process	schtasks	103404	134359426432872015
2026-10-08T14:17:23.4786183Z	process	schtasks	33700	134359426432907347
2026-10-08T14:17:23.4793578Z	process	schtasks	75980	134359426432944538
2026-10-08T14:17:23.4800491Z	process	schtasks	6804	134359426432986378
2026-10-08T14:17:23.4813296Z	process	schtasks	103908	134359426433019851
2026-10-08T14:17:23.4820545Z	process	schtasks	71796	134359426433059165
2026-10-08T14:17:23.4830930Z	process	schtasks	18980	134359426433129530
2026-10-08T14:17:23.4838315Z	process	schtasks	93368	134359426433209119
2026-10-08T14:17:23.4846735Z	process	schtasks	97144	134359426433241996
2026-10-08T14:17:31.5102701Z	process	standin:$(Arg0)	63768	134359426433747724
2026-10-08T14:17:34.0541961Z	task-registered	BrowserAI-measure-20261008T1411-m1-schtasks-none
2026-10-08T14:17:34.2890325Z	process	schtasks	61636	134359426540575239
2026-10-08T14:17:34.2896431Z	process	schtasks	42796	134359426540625408
2026-10-08T14:17:34.2901558Z	process	schtasks	97304	134359426540670562
2026-10-08T14:17:34.2908540Z	process	schtasks	42012	134359426540719861
2026-10-08T14:17:34.2913984Z	process	schtasks	91764	134359426540762223
2026-10-08T14:17:34.2919790Z	process	schtasks	103996	134359426540805739
2026-10-08T14:17:34.2925290Z	process	schtasks	80756	134359426540850029
2026-10-08T14:17:34.2930802Z	process	schtasks	104632	134359426540890152
2026-10-08T14:17:34.2936030Z	process	schtasks	11892	134359426540929104
2026-10-08T14:17:34.2945343Z	process	schtasks	10528	134359426540968713
2026-10-08T14:17:34.2950702Z	process	schtasks	96404	134359426541019088
2026-10-08T14:17:34.2955967Z	process	schtasks	90636	134359426541062816
2026-10-08T14:17:34.2960944Z	process	schtasks	74620	134359426541101239
2026-10-08T14:17:34.2967052Z	process	schtasks	10876	134359426541142345
2026-10-08T14:17:34.2972818Z	process	schtasks	83688	134359426541191549
2026-10-08T14:17:34.2978872Z	process	schtasks	108584	134359426541233994
2026-10-08T14:17:34.2986886Z	process	schtasks	32560	134359426541270191
2026-10-08T14:17:34.2993980Z	process	schtasks	18580	134359426541318727
2026-10-08T14:17:34.2999670Z	process	schtasks	67092	134359426541364321
2026-10-08T14:17:34.3005127Z	process	schtasks	91784	134359426541403999
2026-10-08T14:17:42.3120075Z	process	standin:$(Arg0)	88436	134359426542145964
2026-10-08T14:17:44.8630587Z	task-registered	BrowserAI-measure-20261008T1411-m1-schtasks-none
2026-10-08T14:17:45.0896358Z	process	schtasks	14568	134359426648663331
2026-10-08T14:17:45.0904343Z	process	schtasks	43964	134359426648709952
2026-10-08T14:17:45.0909071Z	process	schtasks	53836	134359426648748529
2026-10-08T14:17:45.0913613Z	process	schtasks	69024	134359426648792481
2026-10-08T14:17:45.0918399Z	process	schtasks	43668	134359426648838506
2026-10-08T14:17:45.0923359Z	process	schtasks	51172	134359426648883155
2026-10-08T14:17:45.0928638Z	process	schtasks	82380	134359426648927221
2026-10-08T14:17:45.0933589Z	process	schtasks	94976	134359426648969040
2026-10-08T14:17:45.0938508Z	process	schtasks	87568	134359426649013823
2026-10-08T14:17:45.0942886Z	process	schtasks	76972	134359426649061141
2026-10-08T14:17:45.0947537Z	process	schtasks	32572	134359426649137026
2026-10-08T14:17:45.0952086Z	process	schtasks	109524	134359426649183085
2026-10-08T14:17:45.0957263Z	process	schtasks	82556	134359426649231708
2026-10-08T14:17:45.0961732Z	process	schtasks	24612	134359426649277509
2026-10-08T14:17:45.0966943Z	process	schtasks	60068	134359426649333582
2026-10-08T14:17:45.0971469Z	process	schtasks	62036	134359426649384789
2026-10-08T14:17:45.0978852Z	process	schtasks	57228	134359426649431929
2026-10-08T14:17:45.0985058Z	process	schtasks	59936	134359426649488175
2026-10-08T14:17:45.0990239Z	process	schtasks	33428	134359426649536098
2026-10-08T14:17:45.0994831Z	process	schtasks	107464	134359426649584158
2026-10-08T14:17:53.1149681Z	process	standin:$(Arg0)	81492	134359426650328259
2026-10-08T14:17:55.6486736Z	task-registered	BrowserAI-measure-20261008T1411-m1-schtasks-none
2026-10-08T14:17:55.8767961Z	process	schtasks	103020	134359426756520867
2026-10-08T14:17:55.8774191Z	process	schtasks	18476	134359426756562679
2026-10-08T14:17:55.8779793Z	process	schtasks	77616	134359426756602779
2026-10-08T14:17:55.8785527Z	process	schtasks	103784	134359426756649424
2026-10-08T14:17:55.8790222Z	process	schtasks	94140	134359426756688608
2026-10-08T14:17:55.8796279Z	process	schtasks	108196	134359426756726342
2026-10-08T14:17:55.8801927Z	process	schtasks	89356	134359426756762899
2026-10-08T14:17:55.8807918Z	process	schtasks	72484	134359426756806364
2026-10-08T14:17:55.8813962Z	process	schtasks	98368	134359426756845369
2026-10-08T14:17:55.8819722Z	process	schtasks	58520	134359426756887508
2026-10-08T14:17:55.8825604Z	process	schtasks	58296	134359426756923519
2026-10-08T14:17:55.8831818Z	process	schtasks	3428	134359426756963809
2026-10-08T14:17:55.8836821Z	process	schtasks	54884	134359426757008783
2026-10-08T14:17:55.8843041Z	process	schtasks	72104	134359426757046673
2026-10-08T14:17:55.8848513Z	process	schtasks	48704	134359426757082193
2026-10-08T14:17:55.8853351Z	process	schtasks	102944	134359426757123804
2026-10-08T14:17:55.8858434Z	process	schtasks	49460	134359426757163299
2026-10-08T14:17:55.8863453Z	process	schtasks	16976	134359426757205671
2026-10-08T14:17:55.8868167Z	process	schtasks	72152	134359426757248878
2026-10-08T14:17:55.8873611Z	process	schtasks	61616	134359426757296140
2026-10-08T14:18:03.8972520Z	process	standin:$(Arg0)	85312	134359426758061631
2026-10-08T14:18:06.4277667Z	task-registered	BrowserAI-measure-20261008T1411-m1-schtasks-none
2026-10-08T14:18:06.6407831Z	process	schtasks	88092	134359426864307565
2026-10-08T14:18:06.6412463Z	process	schtasks	54032	134359426864350667
2026-10-08T14:18:06.6416104Z	process	schtasks	77176	134359426864394293
2026-10-08T14:18:06.6421328Z	process	schtasks	92720	134359426864469669
2026-10-08T14:18:06.6428048Z	process	schtasks	106588	134359426864510566
2026-10-08T14:18:06.6433232Z	process	schtasks	17024	134359426864569250
2026-10-08T14:18:06.6438202Z	process	schtasks	60604	134359426864608565
2026-10-08T14:18:06.6444256Z	process	schtasks	70208	134359426864647233
2026-10-08T14:18:06.6453999Z	process	schtasks	46984	134359426864686616
2026-10-08T14:18:06.6458568Z	process	schtasks	66300	134359426864722260
2026-10-08T14:18:06.6462993Z	process	schtasks	72280	134359426864755080
2026-10-08T14:18:06.6469472Z	process	schtasks	45724	134359426864789815
2026-10-08T14:18:06.6474381Z	process	schtasks	102532	134359426864828129
2026-10-08T14:18:06.6478902Z	process	schtasks	32796	134359426864864673
2026-10-08T14:18:06.6484982Z	process	schtasks	33156	134359426864902538
2026-10-08T14:18:06.6490751Z	process	schtasks	18024	134359426864942810
2026-10-08T14:18:06.6495003Z	process	schtasks	64228	134359426864980473
2026-10-08T14:18:06.6499710Z	process	schtasks	100060	134359426865019193
2026-10-08T14:18:06.6504620Z	process	schtasks	102908	134359426865063088
2026-10-08T14:18:06.6509225Z	process	schtasks	66920	134359426865102612
2026-10-08T14:18:14.6617671Z	process	standin:$(Arg0)	104216	134359426865593531
2026-10-08T14:18:17.1911704Z	task-registered	BrowserAI-measure-20261008T1411-m1-schtasks-none
2026-10-08T14:18:17.3948391Z	process	schtasks	42200	134359426971942820
2026-10-08T14:18:17.3953851Z	process	schtasks	68068	134359426971991870
2026-10-08T14:18:17.3959145Z	process	schtasks	36684	134359426972031071
2026-10-08T14:18:17.3964131Z	process	schtasks	29484	134359426972067220
2026-10-08T14:18:17.3970042Z	process	schtasks	104180	134359426972105126
2026-10-08T14:18:17.3975084Z	process	schtasks	42168	134359426972146091
2026-10-08T14:18:17.3980042Z	process	schtasks	105716	134359426972181916
2026-10-08T14:18:17.3985535Z	process	schtasks	18920	134359426972220008
2026-10-08T14:18:17.3990783Z	process	schtasks	71396	134359426972259268
2026-10-08T14:18:17.3995802Z	process	schtasks	106516	134359426972313672
2026-10-08T14:18:17.4001524Z	process	schtasks	20488	134359426972356636
2026-10-08T14:18:17.4006892Z	process	schtasks	26528	134359426972399924
2026-10-08T14:18:17.4013536Z	process	schtasks	67396	134359426972440746
2026-10-08T14:18:17.4018848Z	process	schtasks	41444	134359426972481983
2026-10-08T14:18:17.4023758Z	process	schtasks	70984	134359426972524713
2026-10-08T14:18:17.4027854Z	process	schtasks	41780	134359426972564088
2026-10-08T14:18:17.4032750Z	process	schtasks	69536	134359426972604767
2026-10-08T14:18:17.4036699Z	process	schtasks	66776	134359426972657548
2026-10-08T14:18:17.4040641Z	process	schtasks	107776	134359426972695571
2026-10-08T14:18:17.4044948Z	process	schtasks	91972	134359426972738277
2026-10-08T14:18:25.4140508Z	process	standin:$(Arg0)	4592	134359426973316546
2026-10-08T14:18:27.9450150Z	task-registered	BrowserAI-measure-20261008T1411-m1-schtasks-none
2026-10-08T14:18:28.1915835Z	process	schtasks	90340	134359427079480671
2026-10-08T14:18:28.1922990Z	process	schtasks	37656	134359427079523761
2026-10-08T14:18:28.1928872Z	process	schtasks	82884	134359427079560720
2026-10-08T14:18:28.1933835Z	process	schtasks	108064	134359427079603999
2026-10-08T14:18:28.1938444Z	process	schtasks	90580	134359427079648331
2026-10-08T14:18:28.1943465Z	process	schtasks	80136	134359427079686954
2026-10-08T14:18:28.1949042Z	process	schtasks	76680	134359427079724472
2026-10-08T14:18:28.1953873Z	process	schtasks	63064	134359427079763619
2026-10-08T14:18:28.1959435Z	process	schtasks	18596	134359427079806278
2026-10-08T14:18:28.1964188Z	process	schtasks	90204	134359427079848918
2026-10-08T14:18:28.1969020Z	process	schtasks	104612	134359427079887510
2026-10-08T14:18:28.1974031Z	process	schtasks	99804	134359427079927508
2026-10-08T14:18:28.1980142Z	process	schtasks	34076	134359427080290425
2026-10-08T14:18:28.1985611Z	process	schtasks	30700	134359427080333887
2026-10-08T14:18:28.1990168Z	process	schtasks	59532	134359427080375549
2026-10-08T14:18:28.1994991Z	process	schtasks	73916	134359427080413244
2026-10-08T14:18:28.1999748Z	process	schtasks	98112	134359427080451778
2026-10-08T14:18:28.2005458Z	process	schtasks	32736	134359427080495075
2026-10-08T14:18:28.2010188Z	process	schtasks	73056	134359427080536861
2026-10-08T14:18:28.2015628Z	process	schtasks	32328	134359427080580480
2026-10-08T14:18:36.2100885Z	process	standin:$(Arg0)	86080	134359427081272507
2026-10-08T14:18:38.7518134Z	task-registered	BrowserAI-measure-20261008T1411-m1-schtasks-none
2026-10-08T14:18:38.9817086Z	process	schtasks	91516	134359427187544383
2026-10-08T14:18:38.9821987Z	process	schtasks	63740	134359427187581385
2026-10-08T14:18:38.9827519Z	process	schtasks	76384	134359427187614303
2026-10-08T14:18:38.9832931Z	process	schtasks	57976	134359427187653639
2026-10-08T14:18:38.9838747Z	process	schtasks	109260	134359427187694457
2026-10-08T14:18:38.9847193Z	process	schtasks	62240	134359427187734362
2026-10-08T14:18:38.9858336Z	process	schtasks	79368	134359427187775761
2026-10-08T14:18:38.9863299Z	process	schtasks	57064	134359427187813583
2026-10-08T14:18:38.9869199Z	process	schtasks	59944	134359427187851169
2026-10-08T14:18:38.9874581Z	process	schtasks	66148	134359427187888079
2026-10-08T14:18:38.9879196Z	process	schtasks	74712	134359427187923324
2026-10-08T14:18:38.9883946Z	process	schtasks	102092	134359427187957467
2026-10-08T14:18:38.9888688Z	process	schtasks	80820	134359427187993644
2026-10-08T14:18:38.9893358Z	process	schtasks	18456	134359427188030159
2026-10-08T14:18:38.9898530Z	process	schtasks	97260	134359427188067992
2026-10-08T14:18:38.9904563Z	process	schtasks	81700	134359427188112509
2026-10-08T14:18:38.9910670Z	process	schtasks	45344	134359427188151325
2026-10-08T14:18:38.9916454Z	process	schtasks	107204	134359427188190070
2026-10-08T14:18:38.9921678Z	process	schtasks	75508	134359427188227151
2026-10-08T14:18:38.9926694Z	process	schtasks	66936	134359427188261714
2026-10-08T14:18:47.0010727Z	process	standin:$(Arg0)	49504	134359427189260726
2026-10-08T14:18:49.5297794Z	task-registered	BrowserAI-measure-20261008T1411-m1-schtasks-none
2026-10-08T14:18:49.7467068Z	process	schtasks	38236	134359427295320442
2026-10-08T14:18:49.7471705Z	process	schtasks	70428	134359427295357249
2026-10-08T14:18:49.7476446Z	process	schtasks	72648	134359427295389005
2026-10-08T14:18:49.7481349Z	process	schtasks	105096	134359427295419587
2026-10-08T14:18:49.7485647Z	process	schtasks	88392	134359427295448562
2026-10-08T14:18:49.7490053Z	process	schtasks	109524	134359427295476310
2026-10-08T14:18:49.7494336Z	process	schtasks	33036	134359427295507520
2026-10-08T14:18:49.7498912Z	process	schtasks	57228	134359427295534881
2026-10-08T14:18:49.7503361Z	process	schtasks	26112	134359427295568037
2026-10-08T14:18:49.7507667Z	process	schtasks	25492	134359427295599459
2026-10-08T14:18:49.7511940Z	process	schtasks	9060	134359427295631588
2026-10-08T14:18:49.7517036Z	process	schtasks	56332	134359427295662128
2026-10-08T14:18:49.7522411Z	process	schtasks	14856	134359427295691531
2026-10-08T14:18:49.7526419Z	process	schtasks	85448	134359427295723198
2026-10-08T14:18:49.7530907Z	process	schtasks	88884	134359427295753239
2026-10-08T14:18:49.7535468Z	process	schtasks	54464	134359427295783115
2026-10-08T14:18:49.7539462Z	process	schtasks	43624	134359427295811010
2026-10-08T14:18:49.7543779Z	process	schtasks	8328	134359427295842738
2026-10-08T14:18:49.7547124Z	process	schtasks	62996	134359427295873752
2026-10-08T14:18:49.7551194Z	process	schtasks	56620	134359427295904057
2026-10-08T14:18:57.7644270Z	process	standin:$(Arg0)	59004	134359427296971933
2026-10-08T14:19:00.2928091Z	task-registered	BrowserAI-measure-20261008T1411-m1-schtasks-none
2026-10-08T14:19:00.4617874Z	process	schtasks	32188	134359427402958879
2026-10-08T14:19:00.4624081Z	process	schtasks	89824	134359427403000697
2026-10-08T14:19:00.4629021Z	process	schtasks	44116	134359427403034901
2026-10-08T14:19:00.4634164Z	process	schtasks	77476	134359427403068311
2026-10-08T14:19:00.4639746Z	process	schtasks	97576	134359427403098661
2026-10-08T14:19:00.4644633Z	process	schtasks	101460	134359427403131842
2026-10-08T14:19:00.4649244Z	process	schtasks	40268	134359427403164765
2026-10-08T14:19:00.4654368Z	process	schtasks	101508	134359427403194165
2026-10-08T14:19:00.4658906Z	process	schtasks	74800	134359427403227152
2026-10-08T14:19:00.4663580Z	process	schtasks	100128	134359427403257332
2026-10-08T14:19:00.4668587Z	process	schtasks	45696	134359427403290345
2026-10-08T14:19:00.4673156Z	process	schtasks	104720	134359427403323841
2026-10-08T14:19:00.4677340Z	process	schtasks	6680	134359427403362960
2026-10-08T14:19:00.4682461Z	process	schtasks	37716	134359427403394692
2026-10-08T14:19:00.4686757Z	process	schtasks	86080	134359427403428335
2026-10-08T14:19:00.4692408Z	process	schtasks	42244	134359427403463543
2026-10-08T14:19:00.4697006Z	process	schtasks	86240	134359427403499759
2026-10-08T14:19:00.4701451Z	process	schtasks	34012	134359427403532923
2026-10-08T14:19:00.4705915Z	process	schtasks	50624	134359427403571209
2026-10-08T14:19:00.4710606Z	process	schtasks	63968	134359427403609581
2026-10-08T14:19:08.4800548Z	process	standin:$(Arg0)	93272	134359427404183076
2026-10-08T14:19:10.9980674Z	task-deleted	BrowserAI-measure-20261008T1411-m1-schtasks-none
2026-10-08T14:19:11.1764410Z	task-registered	BrowserAI-measure-20261008T1411-m1-schtasks-running
2026-10-08T14:19:11.9322810Z	process	schtasks	88320	134359427517260015
2026-10-08T14:19:11.9330405Z	process	schtasks	100060	134359427517668500
2026-10-08T14:19:11.9334177Z	process	schtasks	69568	134359427517704557
2026-10-08T14:19:11.9338313Z	process	schtasks	48752	134359427517729833
2026-10-08T14:19:11.9343473Z	process	schtasks	28300	134359427517755230
2026-10-08T14:19:11.9347326Z	process	schtasks	19692	134359427517781925
2026-10-08T14:19:11.9351292Z	process	schtasks	97808	134359427517809084
2026-10-08T14:19:11.9354756Z	process	schtasks	23684	134359427517837876
2026-10-08T14:19:11.9358444Z	process	schtasks	33156	134359427517868088
2026-10-08T14:19:11.9362199Z	process	schtasks	100008	134359427517901427
2026-10-08T14:19:11.9365498Z	process	schtasks	105916	134359427517929001
2026-10-08T14:19:11.9368747Z	process	schtasks	23156	134359427517959678
2026-10-08T14:19:11.9372147Z	process	schtasks	54540	134359427517992120
2026-10-08T14:19:11.9375786Z	process	schtasks	85516	134359427518022737
2026-10-08T14:19:11.9379523Z	process	schtasks	23112	134359427518052921
2026-10-08T14:19:11.9382705Z	process	schtasks	71720	134359427518083343
2026-10-08T14:19:11.9385860Z	process	schtasks	47288	134359427518109780
2026-10-08T14:19:11.9388963Z	process	schtasks	40524	134359427518138262
2026-10-08T14:19:11.9391954Z	process	schtasks	14816	134359427518169069
2026-10-08T14:19:11.9395179Z	process	schtasks	32796	134359427518197932
2026-10-08T14:19:19.9512194Z	process	standin:seed-r01	56032	134359427511853071
2026-10-08T14:19:22.4879575Z	task-registered	BrowserAI-measure-20261008T1411-m1-schtasks-running
2026-10-08T14:19:23.2272407Z	process	schtasks	77488	134359427630226297
2026-10-08T14:19:23.2277710Z	process	schtasks	102412	134359427630270337
2026-10-08T14:19:23.2282389Z	process	schtasks	106504	134359427630306435
2026-10-08T14:19:23.2286757Z	process	schtasks	27016	134359427630344286
2026-10-08T14:19:23.2291036Z	process	schtasks	81412	134359427630377817
2026-10-08T14:19:23.2295734Z	process	schtasks	45616	134359427630721610
2026-10-08T14:19:23.2302761Z	process	schtasks	104692	134359427630759737
2026-10-08T14:19:23.2307292Z	process	schtasks	23396	134359427630793552
2026-10-08T14:19:23.2310982Z	process	schtasks	66520	134359427630825808
2026-10-08T14:19:23.2316072Z	process	schtasks	32048	134359427630858461
2026-10-08T14:19:23.2321464Z	process	schtasks	26144	134359427630895573
2026-10-08T14:19:23.2326702Z	process	schtasks	66648	134359427630930832
2026-10-08T14:19:23.2332389Z	process	schtasks	96480	134359427630971654
2026-10-08T14:19:23.2337766Z	process	schtasks	53852	134359427631013708
2026-10-08T14:19:23.2343421Z	process	schtasks	55780	134359427631051863
2026-10-08T14:19:23.2348121Z	process	schtasks	55844	134359427631086796
2026-10-08T14:19:23.2352623Z	process	schtasks	67312	134359427631125018
2026-10-08T14:19:23.2357486Z	process	schtasks	34616	134359427631163184
2026-10-08T14:19:23.2362054Z	process	schtasks	91712	134359427631195268
2026-10-08T14:19:23.2365963Z	process	schtasks	82352	134359427631231932
2026-10-08T14:19:31.2402637Z	process	standin:seed-r02	71788	134359427624923566
2026-10-08T14:19:33.7731134Z	task-registered	BrowserAI-measure-20261008T1411-m1-schtasks-running
2026-10-08T14:19:34.5396419Z	process	schtasks	6804	134359427743076973
2026-10-08T14:19:34.5401496Z	process	schtasks	66192	134359427743450218
2026-10-08T14:19:34.5407476Z	process	schtasks	88684	134359427743509210
2026-10-08T14:19:34.5413033Z	process	schtasks	105992	134359427743556082
2026-10-08T14:19:34.5418155Z	process	schtasks	84872	134359427743601463
2026-10-08T14:19:34.5423917Z	process	schtasks	54312	134359427743650125
2026-10-08T14:19:34.5429210Z	process	schtasks	73216	134359427743697858
2026-10-08T14:19:34.5434791Z	process	schtasks	82272	134359427743739201
2026-10-08T14:19:34.5440603Z	process	schtasks	94412	134359427743782278
2026-10-08T14:19:34.5445622Z	process	schtasks	44328	134359427743821766
2026-10-08T14:19:34.5450930Z	process	schtasks	63520	134359427743857154
2026-10-08T14:19:34.5456176Z	process	schtasks	82080	134359427743898047
2026-10-08T14:19:34.5461111Z	process	schtasks	106052	134359427743932186
2026-10-08T14:19:34.5466072Z	process	schtasks	70588	134359427743969357
2026-10-08T14:19:34.5470942Z	process	schtasks	96804	134359427744002943
2026-10-08T14:19:34.5475913Z	process	schtasks	9560	134359427744036682
2026-10-08T14:19:34.5480358Z	process	schtasks	101268	134359427744074635
2026-10-08T14:19:34.5485209Z	process	schtasks	63204	134359427744113547
2026-10-08T14:19:34.5490030Z	process	schtasks	95832	134359427744148524
2026-10-08T14:19:34.5497436Z	process	schtasks	76616	134359427744186208
2026-10-08T14:19:42.5535161Z	process	standin:seed-r03	75068	134359427737781877
2026-10-08T14:19:45.0883473Z	task-registered	BrowserAI-measure-20261008T1411-m1-schtasks-running
2026-10-08T14:19:45.8091195Z	process	schtasks	18296	134359427856164698
2026-10-08T14:19:45.8097365Z	process	schtasks	93992	134359427856210530
2026-10-08T14:19:45.8102269Z	process	schtasks	24948	134359427856251984
2026-10-08T14:19:45.8106438Z	process	schtasks	80524	134359427856285528
2026-10-08T14:19:45.8110847Z	process	schtasks	100340	134359427856326204
2026-10-08T14:19:45.8115105Z	process	schtasks	80376	134359427856368049
2026-10-08T14:19:45.8119334Z	process	schtasks	81452	134359427856401243
2026-10-08T14:19:45.8123375Z	process	schtasks	37412	134359427856432951
2026-10-08T14:19:45.8127285Z	process	schtasks	53668	134359427856464839
2026-10-08T14:19:45.8131634Z	process	schtasks	2784	134359427856502299
2026-10-08T14:19:45.8135291Z	process	schtasks	32068	134359427856539360
2026-10-08T14:19:45.8138774Z	process	schtasks	100012	134359427856575585
2026-10-08T14:19:45.8143489Z	process	schtasks	96032	134359427856613097
2026-10-08T14:19:45.8147140Z	process	schtasks	104160	134359427856650959
2026-10-08T14:19:45.8150500Z	process	schtasks	17404	134359427856691245
2026-10-08T14:19:45.8154345Z	process	schtasks	81100	134359427856735207
2026-10-08T14:19:45.8158502Z	process	schtasks	23884	134359427856773737
2026-10-08T14:19:45.8162386Z	process	schtasks	67156	134359427856811012
2026-10-08T14:19:45.8166362Z	process	schtasks	99188	134359427856845402
2026-10-08T14:19:45.8171346Z	process	schtasks	67060	134359427856880924
2026-10-08T14:19:53.8328021Z	process	standin:seed-r04	32272	134359427850921845
2026-10-08T14:19:56.3656398Z	task-registered	BrowserAI-measure-20261008T1411-m1-schtasks-running
2026-10-08T14:19:57.1347968Z	process	schtasks	17804	134359427969006429
2026-10-08T14:19:57.1357657Z	process	schtasks	95976	134359427969057052
2026-10-08T14:19:57.1366603Z	process	schtasks	76956	134359427969095240
2026-10-08T14:19:57.1375370Z	process	schtasks	71328	134359427969135623
2026-10-08T14:19:57.1383306Z	process	schtasks	101088	134359427969166488
2026-10-08T14:19:57.1392060Z	process	schtasks	109056	134359427969202893
2026-10-08T14:19:57.1399710Z	process	schtasks	104512	134359427969246169
2026-10-08T14:19:57.1408573Z	process	schtasks	84956	134359427969283099
2026-10-08T14:19:57.1418265Z	process	schtasks	56740	134359427969317620
2026-10-08T14:19:57.1430025Z	process	schtasks	13628	134359427969353007
2026-10-08T14:19:57.1438914Z	process	schtasks	109228	134359427969395275
2026-10-08T14:19:57.1447962Z	process	schtasks	86028	134359427969435986
2026-10-08T14:19:57.1457056Z	process	schtasks	70312	134359427969475543
2026-10-08T14:19:57.1466194Z	process	schtasks	91976	134359427969512678
2026-10-08T14:19:57.1478719Z	process	schtasks	81820	134359427969548876
2026-10-08T14:19:57.1486934Z	process	schtasks	75580	134359427969583000
2026-10-08T14:19:57.1495466Z	process	schtasks	69572	134359427969622011
2026-10-08T14:19:57.1503344Z	process	schtasks	67028	134359427969670149
2026-10-08T14:19:57.1511533Z	process	schtasks	8248	134359427969713811
2026-10-08T14:19:57.1520109Z	process	schtasks	70280	134359427969768317
2026-10-08T14:20:05.1560666Z	process	standin:seed-r05	99728	134359427963696844
2026-10-08T14:20:07.6882320Z	task-registered	BrowserAI-measure-20261008T1411-m1-schtasks-running
2026-10-08T14:20:08.4054435Z	process	schtasks	24256	134359428082182403
2026-10-08T14:20:08.4059660Z	process	schtasks	5080	134359428082219402
2026-10-08T14:20:08.4064168Z	process	schtasks	39332	134359428082253520
2026-10-08T14:20:08.4069318Z	process	schtasks	102996	134359428082290312
2026-10-08T14:20:08.4073617Z	process	schtasks	61572	134359428082323647
2026-10-08T14:20:08.4077962Z	process	schtasks	4968	134359428082352982
2026-10-08T14:20:08.4082219Z	process	schtasks	43548	134359428082381306
2026-10-08T14:20:08.4087000Z	process	schtasks	83184	134359428082408045
2026-10-08T14:20:08.4091172Z	process	schtasks	79200	134359428082439354
2026-10-08T14:20:08.4095193Z	process	schtasks	44048	134359428082470209
2026-10-08T14:20:08.4099006Z	process	schtasks	91724	134359428082500780
2026-10-08T14:20:08.4102956Z	process	schtasks	78544	134359428082530448
2026-10-08T14:20:08.4107167Z	process	schtasks	4292	134359428082559247
2026-10-08T14:20:08.4111497Z	process	schtasks	84248	134359428082592811
2026-10-08T14:20:08.4115618Z	process	schtasks	43932	134359428082627200
2026-10-08T14:20:08.4119714Z	process	schtasks	109276	134359428082666700
2026-10-08T14:20:08.4123752Z	process	schtasks	88132	134359428082705191
2026-10-08T14:20:08.4128467Z	process	schtasks	38680	134359428082744613
2026-10-08T14:20:08.4132785Z	process	schtasks	82468	134359428082779316
2026-10-08T14:20:08.4137440Z	process	schtasks	55272	134359428082810642
2026-10-08T14:20:16.4175158Z	process	standin:seed-r06	37876	134359428076922276
2026-10-08T14:20:18.9475151Z	task-registered	BrowserAI-measure-20261008T1411-m1-schtasks-running
2026-10-08T14:20:19.6604919Z	process	schtasks	62124	134359428194815917
2026-10-08T14:20:19.6610129Z	process	schtasks	46072	134359428194861198
2026-10-08T14:20:19.6614449Z	process	schtasks	85292	134359428194894042
2026-10-08T14:20:19.6620064Z	process	schtasks	13188	134359428194929377
2026-10-08T14:20:19.6624083Z	process	schtasks	82260	134359428194964525
2026-10-08T14:20:19.6628019Z	process	schtasks	36040	134359428195000239
2026-10-08T14:20:19.6632782Z	process	schtasks	64264	134359428195036824
2026-10-08T14:20:19.6639987Z	process	schtasks	43624	134359428195076586
2026-10-08T14:20:19.6643602Z	process	schtasks	71804	134359428195117609
2026-10-08T14:20:19.6648199Z	process	schtasks	2732	134359428195152180
2026-10-08T14:20:19.6653302Z	process	schtasks	88392	134359428195188252
2026-10-08T14:20:19.6658291Z	process	schtasks	101176	134359428195225951
2026-10-08T14:20:19.6668114Z	process	schtasks	84980	134359428195261454
2026-10-08T14:20:19.6671623Z	process	schtasks	18808	134359428195294912
2026-10-08T14:20:19.6676073Z	process	schtasks	60636	134359428195336800
2026-10-08T14:20:19.6684091Z	process	schtasks	40380	134359428195369667
2026-10-08T14:20:19.6687659Z	process	schtasks	39840	134359428195407829
2026-10-08T14:20:19.6691823Z	process	schtasks	39256	134359428195443176
2026-10-08T14:20:19.6695092Z	process	schtasks	90364	134359428195479234
2026-10-08T14:20:19.6699356Z	process	schtasks	94304	134359428195516010
2026-10-08T14:20:27.6740573Z	process	standin:seed-r07	34320	134359428189519190
2026-10-08T14:20:30.2024115Z	task-registered	BrowserAI-measure-20261008T1411-m1-schtasks-running
2026-10-08T14:20:30.9180078Z	process	schtasks	28360	134359428307324599
2026-10-08T14:20:30.9184609Z	process	schtasks	104168	134359428307364443
2026-10-08T14:20:30.9189011Z	process	schtasks	47356	134359428307397218
2026-10-08T14:20:30.9193083Z	process	schtasks	100860	134359428307430127
2026-10-08T14:20:30.9196831Z	process	schtasks	47308	134359428307461505
2026-10-08T14:20:30.9201221Z	process	schtasks	70092	134359428307492700
2026-10-08T14:20:30.9205434Z	process	schtasks	22904	134359428307528762
2026-10-08T14:20:30.9209301Z	process	schtasks	43820	134359428307561234
2026-10-08T14:20:30.9212747Z	process	schtasks	38000	134359428307600291
2026-10-08T14:20:30.9216685Z	process	schtasks	66348	134359428307652421
2026-10-08T14:20:30.9220642Z	process	schtasks	30908	134359428307692947
2026-10-08T14:20:30.9224861Z	process	schtasks	77264	134359428307727788
2026-10-08T14:20:30.9228420Z	process	schtasks	3396	134359428307759001
2026-10-08T14:20:30.9232224Z	process	schtasks	9396	134359428307789585
2026-10-08T14:20:30.9236141Z	process	schtasks	74820	134359428307820105
2026-10-08T14:20:30.9239916Z	process	schtasks	18368	134359428307854638
2026-10-08T14:20:30.9244472Z	process	schtasks	106116	134359428307887376
2026-10-08T14:20:30.9248602Z	process	schtasks	88296	134359428307920859
2026-10-08T14:20:30.9253153Z	process	schtasks	42056	134359428307954678
2026-10-08T14:20:30.9256878Z	process	schtasks	18132	134359428307986143
2026-10-08T14:20:38.9296149Z	process	standin:seed-r08	48912	134359428302064745
2026-10-08T14:20:41.4679614Z	task-registered	BrowserAI-measure-20261008T1411-m1-schtasks-running
2026-10-08T14:20:42.3040662Z	process	schtasks	104632	134359428420099036
2026-10-08T14:20:42.3046183Z	process	schtasks	51168	134359428420152801
2026-10-08T14:20:42.3051442Z	process	schtasks	82084	134359428420195849
2026-10-08T14:20:42.3057879Z	process	schtasks	24916	134359428420238831
2026-10-08T14:20:42.3063399Z	process	schtasks	100244	134359428420279869
2026-10-08T14:20:42.3069109Z	process	schtasks	14124	134359428420643758
2026-10-08T14:20:42.3074225Z	process	schtasks	95540	134359428420691086
2026-10-08T14:20:42.3079580Z	process	schtasks	52908	134359428420730676
2026-10-08T14:20:42.3087847Z	process	schtasks	18024	134359428420768528
2026-10-08T14:20:42.3092955Z	process	schtasks	76208	134359428421138928
2026-10-08T14:20:42.3098704Z	process	schtasks	10404	134359428421498319
2026-10-08T14:20:42.3104564Z	process	schtasks	62032	134359428421547940
2026-10-08T14:20:42.3110644Z	process	schtasks	66104	134359428421587907
2026-10-08T14:20:42.3115584Z	process	schtasks	692	134359428421627751
2026-10-08T14:20:42.3120533Z	process	schtasks	41132	134359428421667975
2026-10-08T14:20:42.3125192Z	process	schtasks	95448	134359428421704069
2026-10-08T14:20:42.3130012Z	process	schtasks	105296	134359428421736517
2026-10-08T14:20:42.3134854Z	process	schtasks	96468	134359428421781179
2026-10-08T14:20:42.3139905Z	process	schtasks	74112	134359428421824179
2026-10-08T14:20:42.3144817Z	process	schtasks	48752	134359428421861188
2026-10-08T14:20:50.3424145Z	process	standin:seed-r09	38780	134359428414738289
2026-10-08T14:20:52.8985351Z	task-registered	BrowserAI-measure-20261008T1411-m1-schtasks-running
2026-10-08T14:20:53.7448109Z	process	schtasks	77324	134359428534489948
2026-10-08T14:20:53.7455624Z	process	schtasks	43912	134359428534558921
2026-10-08T14:20:53.7462169Z	process	schtasks	85500	134359428534614537
2026-10-08T14:20:53.7467753Z	process	schtasks	104860	134359428534670283
2026-10-08T14:20:53.7477012Z	process	schtasks	92444	134359428534729914
2026-10-08T14:20:53.7488074Z	process	schtasks	67200	134359428534789834
2026-10-08T14:20:53.7494026Z	process	schtasks	40072	134359428535249685
2026-10-08T14:20:53.7500441Z	process	schtasks	90688	134359428535292614
2026-10-08T14:20:53.7506588Z	process	schtasks	30980	134359428535342435
2026-10-08T14:20:53.7512255Z	process	schtasks	85848	134359428535392443
2026-10-08T14:20:53.7518026Z	process	schtasks	100960	134359428535441361
2026-10-08T14:20:53.7522278Z	process	schtasks	11400	134359428535494159
2026-10-08T14:20:53.7526686Z	process	schtasks	5000	134359428535538706
2026-10-08T14:20:53.7530874Z	process	schtasks	81796	134359428535585600
2026-10-08T14:20:53.7537266Z	process	schtasks	72480	134359428535639512
2026-10-08T14:20:53.7542914Z	process	schtasks	37636	134359428535696163
2026-10-08T14:20:53.7547496Z	process	schtasks	72168	134359428535753548
2026-10-08T14:20:53.7558182Z	process	schtasks	39812	134359428535798524
2026-10-08T14:20:53.7567331Z	process	schtasks	89856	134359428535842665
2026-10-08T14:20:53.7575254Z	process	schtasks	15268	134359428535885793
2026-10-08T14:21:01.7619180Z	process	standin:seed-r10	76680	134359428529043655
2026-10-08T14:21:04.2816608Z	task-deleted	BrowserAI-measure-20261008T1411-m1-schtasks-running
2026-10-08T14:21:14.7635109Z	process	m5:tickbench	80248	134359428747577418
2026-10-08T14:21:15.0868716Z	process	m5:tickbench	30700	134359428750817432
2026-10-08T14:21:15.4047974Z	process	m5:tickbench	63064	134359428754002456
2026-10-08T14:21:15.7263860Z	process	m5:tickbench	77624	134359428757218417
2026-10-08T14:21:16.0385275Z	process	m5:tickbench	66060	134359428760339108
2026-10-08T14:21:16.3494972Z	process	m5:tickbench	46192	134359428763453192
2026-10-08T14:21:16.6691614Z	process	m5:ticker	84032	134359428766648283
2026-10-08T14:21:16.6771566Z	process	m5:ticker	34384	134359428766707995
2026-10-08T14:21:16.6842950Z	process	m5:ticker	81796	134359428766790006
2026-10-08T14:21:16.6924121Z	process	m5:ticker	106916	134359428766864367
2026-10-08T14:21:16.6995369Z	process	m5:ticker	73032	134359428766941084
2026-10-08T14:21:16.7068790Z	process	m5:ticker	91724	134359428767014409
2026-10-08T14:21:16.7148727Z	process	m5:ticker	91268	134359428767098335
2026-10-08T14:21:21.6568100Z	process	schtasks	65632	134359428816071635
2026-10-08T14:21:21.7119120Z	process	schtasks	52816	134359428816654054
2026-10-08T14:21:21.7563512Z	process	schtasks	95976	134359428817184024
2026-10-08T14:21:21.7995923Z	process	schtasks	73820	134359428817613521
2026-10-08T14:21:21.8405375Z	process	schtasks	63504	134359428818046496
2026-10-08T14:21:21.8900037Z	task-registered	BrowserAI-measure-20261008T1411-m2-stale
2026-10-08T14:21:21.8981892Z	task-deleted	BrowserAI-measure-20261008T1411-m2-stale
2026-10-08T14:21:21.9452095Z	task-registered	BrowserAI-measure-20261008T1411-m6-ordinary
2026-10-08T14:21:21.9617223Z	task-registered	BrowserAI-measure-20261008T1411-m6-detached
2026-10-08T14:21:21.9804226Z	task-registered	BrowserAI-measure-20261008T1411-m6-detached-breakaway
2026-10-08T14:21:22.0624693Z	process	standin:m6-ordinary-r01	94812	134359428819872072
2026-10-08T14:21:22.0630680Z	process	child:m6-ordinary-r01-child	74800	134359428820175728
2026-10-08T14:21:22.0635135Z	process	standin:m6-detached-r01	22936	134359428819868992
2026-10-08T14:21:22.0636960Z	process	standin:m6-detached-breakaway-r01	105584	134359428819918576
2026-10-08T14:21:22.0640397Z	process	child:m6-detached-r01-child	76648	134359428820166130
2026-10-08T14:21:22.0645216Z	process	child:m6-detached-breakaway-r01-child	42672	134359428820184490
2026-10-08T14:21:24.9264618Z	task-registered	BrowserAI-measure-20261008T1411-m2-stale
2026-10-08T14:21:24.9289892Z	task-deleted	BrowserAI-measure-20261008T1411-m2-stale
2026-10-08T14:21:27.9488033Z	task-registered	BrowserAI-measure-20261008T1411-m2-stale
2026-10-08T14:21:27.9511305Z	task-deleted	BrowserAI-measure-20261008T1411-m2-stale
2026-10-08T14:21:30.9679511Z	task-registered	BrowserAI-measure-20261008T1411-m2-stale
2026-10-08T14:21:30.9701425Z	task-deleted	BrowserAI-measure-20261008T1411-m2-stale
2026-10-08T14:21:33.9910694Z	task-registered	BrowserAI-measure-20261008T1411-m2-stale
2026-10-08T14:21:33.9934366Z	task-deleted	BrowserAI-measure-20261008T1411-m2-stale
2026-10-08T14:21:37.0219275Z	task-registered	BrowserAI-measure-20261008T1411-m2-disabled
2026-10-08T14:21:43.0845842Z	process	schtasks	18132	134359429030458672
2026-10-08T14:21:46.1495410Z	process	schtasks	94096	134359429060955809
2026-10-08T14:21:49.1562160Z	task-deleted	BrowserAI-measure-20261008T1411-m2-disabled
2026-10-08T14:21:49.1764234Z	task-registered	BrowserAI-measure-20261008T1411-m2-disabled
2026-10-08T14:21:55.2220604Z	process	schtasks	76160	134359429151924825
2026-10-08T14:21:58.3058789Z	process	schtasks	9872	134359429182659858
2026-10-08T14:22:01.3120070Z	task-deleted	BrowserAI-measure-20261008T1411-m2-disabled
2026-10-08T14:22:01.3282224Z	task-registered	BrowserAI-measure-20261008T1411-m2-disabled
2026-10-08T14:22:07.3688138Z	process	schtasks	103056	134359429273374457
2026-10-08T14:22:10.4432003Z	process	schtasks	81128	134359429304061708
2026-10-08T14:22:13.4487755Z	task-deleted	BrowserAI-measure-20261008T1411-m2-disabled
2026-10-08T14:22:13.4670628Z	task-registered	BrowserAI-measure-20261008T1411-m2-disabled
2026-10-08T14:22:19.5186384Z	process	schtasks	29724	134359429394880622
2026-10-08T14:22:22.5565503Z	process	schtasks	78124	134359429425239897
2026-10-08T14:22:25.5610998Z	task-deleted	BrowserAI-measure-20261008T1411-m2-disabled
2026-10-08T14:22:25.5778361Z	task-registered	BrowserAI-measure-20261008T1411-m2-disabled
2026-10-08T14:22:31.6176344Z	process	schtasks	83596	134359429515878241
2026-10-08T14:22:34.6567161Z	process	schtasks	86372	134359429546262860
2026-10-08T14:22:37.6628388Z	task-deleted	BrowserAI-measure-20261008T1411-m2-disabled
2026-10-08T14:23:55.5991204Z	task-registered	BrowserAI-measure-20261008T1411-m6-ordinary
2026-10-08T14:23:55.6983596Z	task-registered	BrowserAI-measure-20261008T1411-m6-detached-breakaway
2026-10-08T14:23:55.7441122Z	task-registered	BrowserAI-measure-20261008T1411-m6-detached
2026-10-08T14:23:55.9438691Z	process	standin:m6-ordinary-r02	24740	134359430357294112
2026-10-08T14:23:55.9445167Z	process	child:m6-ordinary-r02-child	98008	134359430358920066
2026-10-08T14:23:55.9509164Z	process	standin:m6-detached-breakaway-r02	90308	134359430357591418
2026-10-08T14:23:55.9514151Z	process	child:m6-detached-breakaway-r02-child	71160	134359430358925182
2026-10-08T14:23:55.9574576Z	process	standin:m6-detached-r02	18596	134359430358031775
2026-10-08T14:23:55.9578615Z	process	child:m6-detached-r02-child	93488	134359430358916302
2026-10-08T14:26:17.1033835Z	task-registered	BrowserAI-measure-20261008T1411-m5-task
2026-10-08T14:26:26.4380703Z	task-deleted	BrowserAI-measure-20261008T1411-m5-task
2026-10-08T14:26:28.9919858Z	task-registered	BrowserAI-measure-20261008T1411-m6-ordinary
2026-10-08T14:26:29.0073714Z	task-registered	BrowserAI-measure-20261008T1411-m6-detached-breakaway
2026-10-08T14:26:29.0302133Z	task-registered	BrowserAI-measure-20261008T1411-m6-detached
2026-10-08T14:26:29.0653248Z	process	standin:m6-detached-breakaway-r03	86960	134359431890122850
2026-10-08T14:26:29.0657048Z	process	child:m6-detached-breakaway-r03-child	104384	134359431890341811
2026-10-08T14:26:29.0658087Z	process	standin:m6-ordinary-r03	46072	134359431890106018
2026-10-08T14:26:29.0663224Z	process	child:m6-ordinary-r03-child	23500	134359431890338880
2026-10-08T14:26:29.1137795Z	process	standin:m6-detached-r03	103664	134359431890348898
2026-10-08T14:26:29.1141699Z	process	child:m6-detached-r03-child	8028	134359431890889470
2026-10-08T14:29:02.3268567Z	task-registered	BrowserAI-measure-20261008T1411-m6-detached
2026-10-08T14:29:02.3928126Z	task-registered	BrowserAI-measure-20261008T1411-m6-detached-breakaway
2026-10-08T14:29:02.4360509Z	task-registered	BrowserAI-measure-20261008T1411-m6-ordinary
2026-10-08T14:29:02.7396346Z	process	standin:m6-ordinary-r04	57056	134359433424603084
2026-10-08T14:29:02.7403492Z	process	child:m6-ordinary-r04-child	28904	134359433425281450
2026-10-08T14:29:02.7409235Z	process	standin:m6-detached-r04	13868	134359433423534876
2026-10-08T14:29:02.7414947Z	process	child:m6-detached-r04-child	14596	134359433425545031
2026-10-08T14:29:02.8321917Z	process	standin:m6-detached-breakaway-r04	29968	134359433424521550
2026-10-08T14:29:02.8327680Z	process	child:m6-detached-breakaway-r04-child	105132	134359433425548379
2026-10-08T14:31:36.4802996Z	task-registered	BrowserAI-measure-20261008T1411-m6-ordinary
2026-10-08T14:31:36.5066605Z	task-registered	BrowserAI-measure-20261008T1411-m6-detached-breakaway
2026-10-08T14:31:36.5341144Z	task-registered	BrowserAI-measure-20261008T1411-m6-detached
2026-10-08T14:31:36.6296220Z	process	standin:m6-detached-r05	105168	134359434965437155
2026-10-08T14:31:36.6304769Z	process	standin:m6-detached-breakaway-r05	72692	134359434965404614
2026-10-08T14:31:36.6314533Z	process	child:m6-detached-r05-child	26876	134359434965805245
2026-10-08T14:31:36.6322066Z	process	child:m6-detached-breakaway-r05-child	82856	134359434965767239
2026-10-08T14:31:36.6301075Z	process	standin:m6-ordinary-r05	68416	134359434965407200
2026-10-08T14:31:36.6449688Z	process	child:m6-ordinary-r05-child	42244	134359434965794185
2026-10-08T14:34:09.8230220Z	task-deleted	BrowserAI-measure-20261008T1411-m6-ordinary
2026-10-08T14:34:09.8238937Z	task-deleted	BrowserAI-measure-20261008T1411-m6-detached-breakaway
2026-10-08T14:34:10.0040537Z	task-deleted	BrowserAI-measure-20261008T1411-m6-detached
2026-10-08T14:34:49.3885584Z	task-registered	BrowserAI-measure-20261008T1411-m3-stop-first
2026-10-08T14:34:49.4542825Z	process	standin:m3-r01	6496	134359436893968527
2026-10-08T14:34:49.4548617Z	process	child:m3-r01-child	45308	134359436894187593
2026-10-08T14:34:57.7731773Z	task-deleted	BrowserAI-measure-20261008T1411-m3-stop-first
2026-10-08T14:35:21.4000215Z	task-registered	BrowserAI-measure-20261008T1411-m3-end
2026-10-08T14:35:21.4669782Z	process	standin:m3-r01	80628	134359437214085261
2026-10-08T14:35:21.4676687Z	process	child:m3-r01-child	21268	134359437214308647
2026-10-08T14:35:22.2534785Z	process	schtasks	85008	134359437221900665
2026-10-08T14:35:29.7956087Z	task-registered	BrowserAI-measure-20261008T1411-m3-end
2026-10-08T14:35:29.8527697Z	process	standin:m3-r02	7604	134359437298014604
2026-10-08T14:35:29.8532593Z	process	child:m3-r02-child	3304	134359437298214127
2026-10-08T14:35:30.6085862Z	process	schtasks	89448	134359437305711958
2026-10-08T14:35:38.1465168Z	task-registered	BrowserAI-measure-20261008T1411-m3-end
2026-10-08T14:35:38.2076183Z	process	standin:m3-r03	88360	134359437381514894
2026-10-08T14:35:38.2081751Z	process	child:m3-r03-child	52204	134359437381729674
2026-10-08T14:35:38.9866635Z	process	schtasks	49460	134359437389176228
2026-10-08T14:35:46.5300336Z	task-registered	BrowserAI-measure-20261008T1411-m3-end
2026-10-08T14:35:46.5826598Z	process	standin:m3-r04	33652	134359437465342236
2026-10-08T14:35:46.5832605Z	process	child:m3-r04-child	77572	134359437465530406
2026-10-08T14:35:47.3345853Z	process	schtasks	94872	134359437472946689
2026-10-08T14:35:54.8758997Z	task-registered	BrowserAI-measure-20261008T1411-m3-end
2026-10-08T14:35:54.9293614Z	process	standin:m3-r05	71388	134359437548804082
2026-10-08T14:35:54.9307960Z	process	child:m3-r05-child	41096	134359437548998262
2026-10-08T14:35:55.6818629Z	process	schtasks	17220	134359437556420380
2026-10-08T14:36:03.2410318Z	task-deleted	BrowserAI-measure-20261008T1411-m3-end
2026-10-08T14:36:03.5290319Z	task-registered	BrowserAI-measure-20261008T1411-m3-stop
2026-10-08T14:36:03.6182422Z	process	standin:m3-r01	48952	134359437635469566
2026-10-08T14:36:03.6190915Z	process	child:m3-r01-child	60632	134359437635749593
2026-10-08T14:36:11.9312231Z	task-registered	BrowserAI-measure-20261008T1411-m3-stop
2026-10-08T14:36:11.9883728Z	process	standin:m3-r02	80876	134359437719357247
2026-10-08T14:36:11.9890003Z	process	child:m3-r02-child	97760	134359437719561349
2026-10-08T14:36:20.2673818Z	task-registered	BrowserAI-measure-20261008T1411-m3-stop
2026-10-08T14:36:20.3322075Z	process	standin:m3-r03	65036	134359437802734364
2026-10-08T14:36:20.3329379Z	process	child:m3-r03-child	31896	134359437802959661
2026-10-08T14:36:28.6374554Z	task-registered	BrowserAI-measure-20261008T1411-m3-stop
2026-10-08T14:36:28.7150391Z	process	standin:m3-r04	47564	134359437886427027
2026-10-08T14:36:28.7156982Z	process	child:m3-r04-child	62108	134359437886647160
2026-10-08T14:36:36.9938263Z	task-registered	BrowserAI-measure-20261008T1411-m3-stop
2026-10-08T14:36:37.0555995Z	process	standin:m3-r05	5080	134359437969992978
2026-10-08T14:36:37.0563584Z	process	child:m3-r05-child	81356	134359437970200759
2026-10-08T14:36:45.3315541Z	task-deleted	BrowserAI-measure-20261008T1411-m3-stop
2026-10-08T14:36:45.5649949Z	task-registered	BrowserAI-measure-20261008T1411-m3-end-top
2026-10-08T14:36:45.6377084Z	process	standin:m3-r01	53136	134359438055734321
2026-10-08T14:36:45.6383591Z	process	child:m3-r01-child	17848	134359438056019141
2026-10-08T14:36:46.4113130Z	process	schtasks	34600	134359438063591165
2026-10-08T14:36:52.9952553Z	task-registered	BrowserAI-measure-20261008T1411-m3-end-top
2026-10-08T14:36:53.0673060Z	process	standin:m3-r02	71140	134359438130004297
2026-10-08T14:36:53.0679247Z	process	child:m3-r02-child	35300	134359438130308635
2026-10-08T14:36:53.8166883Z	process	schtasks	90192	134359438137802503
2026-10-08T14:37:00.3779441Z	task-registered	BrowserAI-measure-20261008T1411-m3-end-top
2026-10-08T14:37:00.4540786Z	process	standin:m3-r03	72092	134359438203825629
2026-10-08T14:37:00.4546238Z	process	child:m3-r03-child	66456	134359438204109324
2026-10-08T14:37:01.2041898Z	process	schtasks	37752	134359438211661488
2026-10-08T14:37:07.7743857Z	task-registered	BrowserAI-measure-20261008T1411-m3-end-top
2026-10-08T14:37:07.8515250Z	process	standin:m3-r04	105096	134359438277804654
2026-10-08T14:37:07.8520881Z	process	child:m3-r04-child	6088	134359438278134413
2026-10-08T14:37:08.6113708Z	process	schtasks	100404	134359438285701743
2026-10-08T14:37:15.1824389Z	task-registered	BrowserAI-measure-20261008T1411-m3-end-top
2026-10-08T14:37:15.2730399Z	process	standin:m3-r05	62136	134359438351878523
2026-10-08T14:37:15.2737720Z	process	child:m3-r05-child	75492	134359438352209560
2026-10-08T14:37:16.0595246Z	process	schtasks	14340	134359438359869483
2026-10-08T14:37:22.6343458Z	task-deleted	BrowserAI-measure-20261008T1411-m3-end-top
2026-10-08T14:37:23.0704350Z	task-registered	BrowserAI-measure-20261008T1411-m3-stop-top
2026-10-08T14:37:23.1517648Z	process	standin:m3-r01	680	134359438430818120
2026-10-08T14:37:23.1522869Z	process	child:m3-r01-child	30868	134359438431171139
2026-10-08T14:37:30.5007356Z	task-registered	BrowserAI-measure-20261008T1411-m3-stop-top
2026-10-08T14:37:30.5811569Z	process	standin:m3-r02	18496	134359438505056817
2026-10-08T14:37:30.5818569Z	process	child:m3-r02-child	105688	134359438505385371
2026-10-08T14:37:37.8991408Z	task-registered	BrowserAI-measure-20261008T1411-m3-stop-top
2026-10-08T14:37:38.0132344Z	process	standin:m3-r03	40508	134359438579036223
2026-10-08T14:37:38.0137438Z	process	child:m3-r03-child	6840	134359438579655164
2026-10-08T14:37:45.3258006Z	task-registered	BrowserAI-measure-20261008T1411-m3-stop-top
2026-10-08T14:37:45.4006551Z	process	standin:m3-r04	99196	134359438653318533
2026-10-08T14:37:45.4011399Z	process	child:m3-r04-child	36776	134359438653586964
2026-10-08T14:37:52.7089405Z	task-registered	BrowserAI-measure-20261008T1411-m3-stop-top
2026-10-08T14:37:52.7886966Z	process	standin:m3-r05	38580	134359438727148313
2026-10-08T14:37:52.7892564Z	process	child:m3-r05-child	67092	134359438727518507
2026-10-08T14:38:00.1123669Z	task-deleted	BrowserAI-measure-20261008T1411-m3-stop-top
2026-10-08T14:38:12.3831622Z	task-registered	BrowserAI-measure-20261008T1411-m3-end-top-ignore
2026-10-08T14:38:12.4922180Z	process	standin:m3-r01	101260	134359438923941751
2026-10-08T14:38:12.4931386Z	process	child:m3-r01-child	72868	134359438924351645
2026-10-08T14:38:13.2718774Z	process	schtasks	95984	134359438932174705
2026-10-08T14:38:20.8252952Z	task-registered	BrowserAI-measure-20261008T1411-m3-end-top-ignore
2026-10-08T14:38:20.9032578Z	process	standin:m3-r02	84084	134359439008296116
2026-10-08T14:38:20.9038866Z	process	child:m3-r02-child	108952	134359439008594653
2026-10-08T14:38:21.6589656Z	process	schtasks	24908	134359439016159335
2026-10-08T14:38:29.2054206Z	task-registered	BrowserAI-measure-20261008T1411-m3-end-top-ignore
2026-10-08T14:38:29.2895458Z	process	standin:m3-r03	88940	134359439092107386
2026-10-08T14:38:29.2901746Z	process	child:m3-r03-child	94200	134359439092447945
2026-10-08T14:38:30.0432356Z	process	schtasks	23816	134359439100030438
2026-10-08T14:38:37.5905104Z	task-registered	BrowserAI-measure-20261008T1411-m3-end-top-ignore
2026-10-08T14:38:37.6596018Z	process	standin:m3-r04	88372	134359439175956371
2026-10-08T14:38:37.6602000Z	process	child:m3-r04-child	95544	134359439176237364
2026-10-08T14:38:38.4108083Z	process	schtasks	48248	134359439183723779
2026-10-08T14:38:45.9701493Z	task-registered	BrowserAI-measure-20261008T1411-m3-end-top-ignore
2026-10-08T14:38:46.0543580Z	process	standin:m3-r05	14332	134359439259750246
2026-10-08T14:38:46.0549875Z	process	child:m3-r05-child	107972	134359439260068336
2026-10-08T14:38:46.8018395Z	process	schtasks	75660	134359439267661271
2026-10-08T14:38:54.3399128Z	task-deleted	BrowserAI-measure-20261008T1411-m3-end-top-ignore
2026-10-08T14:38:54.5205739Z	task-registered	BrowserAI-measure-20261008T1411-m3-stop-top-ignore
2026-10-08T14:38:54.5979283Z	process	standin:m3-r01	102892	134359439345289255
2026-10-08T14:38:54.5985221Z	process	child:m3-r01-child	106540	134359439345587507
2026-10-08T14:39:02.9150813Z	task-registered	BrowserAI-measure-20261008T1411-m3-stop-top-ignore
2026-10-08T14:39:02.9906091Z	process	standin:m3-r02	103120	134359439429196838
2026-10-08T14:39:02.9911554Z	process	child:m3-r02-child	92632	134359439429486597
2026-10-08T14:39:11.2826247Z	task-registered	BrowserAI-measure-20261008T1411-m3-stop-top-ignore
2026-10-08T14:39:11.3762605Z	process	standin:m3-r03	72988	134359439512881725
2026-10-08T14:39:11.3769710Z	process	child:m3-r03-child	99232	134359439513307942
2026-10-08T14:39:19.6657906Z	task-registered	BrowserAI-measure-20261008T1411-m3-stop-top-ignore
2026-10-08T14:39:19.7414747Z	process	standin:m3-r04	65776	134359439596703439
2026-10-08T14:39:19.7423510Z	process	child:m3-r04-child	66464	134359439597000317
2026-10-08T14:39:28.0413201Z	task-registered	BrowserAI-measure-20261008T1411-m3-stop-top-ignore
2026-10-08T14:39:28.1329236Z	process	standin:m3-r05	39596	134359439680469762
2026-10-08T14:39:28.1336434Z	process	child:m3-r05-child	13064	134359439680884075
2026-10-08T14:39:36.4279604Z	task-deleted	BrowserAI-measure-20261008T1411-m3-stop-top-ignore
2026-10-08T14:40:14.6336879Z	task-registered	BrowserAI-measure-20261008T1411-control
2026-10-08T14:40:16.4863876Z	task-deleted	BrowserAI-measure-20261008T1411-control
