seq,utc,label,mode,verb,bound_ms,elapsed_ms,wall_ms,outcome,why
1,2026-10-04T01:50:03.2117744Z,load-client-recheck,client,recheck,30000,25.307,26.657,Answered,"The coordinator, pid 83864, took 'recheck'."
2,2026-10-04T01:50:03.4138795Z,load-client-recheck,client,recheck,30000,0.647,0.668,Answered,"The coordinator, pid 83864, took 'recheck'."
3,2026-10-04T01:50:03.6149324Z,load-client-recheck,client,recheck,30000,0.579,0.607,Answered,"The coordinator, pid 83864, took 'recheck'."
4,2026-10-04T01:50:03.8195890Z,load-client-recheck,client,recheck,30000,0.725,0.765,Answered,"The coordinator, pid 83864, took 'recheck'."
5,2026-10-04T01:50:04.0213588Z,load-client-recheck,client,recheck,30000,0.831,0.854,Answered,"The coordinator, pid 83864, took 'recheck'."
6,2026-10-04T01:50:04.2236221Z,load-client-recheck,client,recheck,30000,0.910,0.941,Answered,"The coordinator, pid 83864, took 'recheck'."
7,2026-10-04T01:50:04.4250091Z,load-client-recheck,client,recheck,30000,0.647,0.669,Answered,"The coordinator, pid 83864, took 'recheck'."
8,2026-10-04T01:50:04.6262999Z,load-client-recheck,client,recheck,30000,0.774,0.802,Answered,"The coordinator, pid 83864, took 'recheck'."
9,2026-10-04T01:50:04.8272750Z,load-client-recheck,client,recheck,30000,0.579,0.598,Answered,"The coordinator, pid 83864, took 'recheck'."
10,2026-10-04T01:50:05.0856812Z,load-client-recheck,client,recheck,30000,45.807,50.984,Answered,"The coordinator, pid 83864, took 'recheck'."
11,2026-10-04T01:50:05.3212535Z,load-client-recheck,client,recheck,30000,22.831,30.885,Answered,"The coordinator, pid 83864, took 'recheck'."
12,2026-10-04T01:50:05.5620882Z,load-client-recheck,client,recheck,30000,22.938,34.722,Answered,"The coordinator, pid 83864, took 'recheck'."
13,2026-10-04T01:50:05.8565960Z,load-client-recheck,client,recheck,30000,47.204,57.786,Answered,"The coordinator, pid 83864, took 'recheck'."
14,2026-10-04T01:50:06.2331487Z,load-client-recheck,client,recheck,30000,28.260,66.804,Answered,"The coordinator, pid 83864, took 'recheck'."
15,2026-10-04T01:50:06.5618406Z,load-client-recheck,client,recheck,30000,8.325,65.612,Answered,"The coordinator, pid 83864, took 'recheck'."
16,2026-10-04T01:50:06.8439219Z,load-client-recheck,client,recheck,30000,7.153,47.893,Answered,"The coordinator, pid 83864, took 'recheck'."
17,2026-10-04T01:50:07.0695302Z,load-client-recheck,client,recheck,30000,22.917,22.952,Answered,"The coordinator, pid 83864, took 'recheck'."
18,2026-10-04T01:50:07.2741832Z,load-client-recheck,client,recheck,30000,1.236,1.254,Answered,"The coordinator, pid 83864, took 'recheck'."
19,2026-10-04T01:50:07.4754514Z,load-client-recheck,client,recheck,30000,0.820,0.849,Answered,"The coordinator, pid 83864, took 'recheck'."
20,2026-10-04T01:50:07.6765796Z,load-client-recheck,client,recheck,30000,0.586,0.606,Answered,"The coordinator, pid 83864, took 'recheck'."
21,2026-10-04T01:50:07.8776305Z,load-client-recheck,client,recheck,30000,0.764,0.790,Answered,"The coordinator, pid 83864, took 'recheck'."
22,2026-10-04T01:50:08.0785674Z,load-client-recheck,client,recheck,30000,0.679,0.703,Answered,"The coordinator, pid 83864, took 'recheck'."
23,2026-10-04T01:50:08.2944442Z,load-client-recheck,client,recheck,30000,1.067,1.095,Answered,"The coordinator, pid 83864, took 'recheck'."
24,2026-10-04T01:50:08.4955107Z,load-client-recheck,client,recheck,30000,0.854,0.890,Answered,"The coordinator, pid 83864, took 'recheck'."
25,2026-10-04T01:50:08.6966702Z,load-client-recheck,client,recheck,30000,0.623,0.647,Answered,"The coordinator, pid 83864, took 'recheck'."
26,2026-10-04T01:50:08.8990383Z,load-client-recheck,client,recheck,30000,0.858,0.878,Answered,"The coordinator, pid 83864, took 'recheck'."
27,2026-10-04T01:50:09.1002000Z,load-client-recheck,client,recheck,30000,0.766,0.792,Answered,"The coordinator, pid 83864, took 'recheck'."
28,2026-10-04T01:50:09.3016864Z,load-client-recheck,client,recheck,30000,0.759,0.776,Answered,"The coordinator, pid 83864, took 'recheck'."
29,2026-10-04T01:50:09.5025517Z,load-client-recheck,client,recheck,30000,0.664,0.685,Answered,"The coordinator, pid 83864, took 'recheck'."
30,2026-10-04T01:50:09.7036958Z,load-client-recheck,client,recheck,30000,0.455,0.473,Answered,"The coordinator, pid 83864, took 'recheck'."
31,2026-10-04T01:50:09.9046678Z,load-client-recheck,client,recheck,30000,0.557,0.589,Answered,"The coordinator, pid 83864, took 'recheck'."
32,2026-10-04T01:50:10.1066234Z,load-client-recheck,client,recheck,30000,0.791,0.834,Answered,"The coordinator, pid 83864, took 'recheck'."
33,2026-10-04T01:50:10.3084665Z,load-client-recheck,client,recheck,30000,0.857,0.892,Answered,"The coordinator, pid 83864, took 'recheck'."
34,2026-10-04T01:50:10.5118426Z,load-client-recheck,client,recheck,30000,1.924,2.074,Answered,"The coordinator, pid 83864, took 'recheck'."
35,2026-10-04T01:50:10.7145362Z,load-client-recheck,client,recheck,30000,1.216,1.323,Answered,"The coordinator, pid 83864, took 'recheck'."
36,2026-10-04T01:50:10.9178049Z,load-client-recheck,client,recheck,30000,0.876,0.933,Answered,"The coordinator, pid 83864, took 'recheck'."
37,2026-10-04T01:50:11.1196205Z,load-client-recheck,client,recheck,30000,0.600,0.629,Answered,"The coordinator, pid 83864, took 'recheck'."
38,2026-10-04T01:50:11.3220350Z,load-client-recheck,client,recheck,30000,0.899,0.928,Answered,"The coordinator, pid 83864, took 'recheck'."
39,2026-10-04T01:50:11.5239158Z,load-client-recheck,client,recheck,30000,0.594,0.619,Answered,"The coordinator, pid 83864, took 'recheck'."
40,2026-10-04T01:50:11.7249386Z,load-client-recheck,client,recheck,30000,0.447,0.472,Answered,"The coordinator, pid 83864, took 'recheck'."
41,2026-10-04T01:50:11.9317281Z,load-client-recheck,client,recheck,30000,0.654,0.707,Answered,"The coordinator, pid 83864, took 'recheck'."
42,2026-10-04T01:50:12.1327662Z,load-client-recheck,client,recheck,30000,0.727,0.760,Answered,"The coordinator, pid 83864, took 'recheck'."
43,2026-10-04T01:50:12.3340022Z,load-client-recheck,client,recheck,30000,0.657,0.676,Answered,"The coordinator, pid 83864, took 'recheck'."
44,2026-10-04T01:50:12.5349059Z,load-client-recheck,client,recheck,30000,0.591,0.628,Answered,"The coordinator, pid 83864, took 'recheck'."
45,2026-10-04T01:50:12.7362776Z,load-client-recheck,client,recheck,30000,0.697,0.718,Answered,"The coordinator, pid 83864, took 'recheck'."
46,2026-10-04T01:50:12.9402035Z,load-client-recheck,client,recheck,30000,0.625,0.653,Answered,"The coordinator, pid 83864, took 'recheck'."
47,2026-10-04T01:50:13.1412076Z,load-client-recheck,client,recheck,30000,0.594,0.624,Answered,"The coordinator, pid 83864, took 'recheck'."
48,2026-10-04T01:50:13.3430964Z,load-client-recheck,client,recheck,30000,0.940,0.962,Answered,"The coordinator, pid 83864, took 'recheck'."
49,2026-10-04T01:50:13.5595915Z,load-client-recheck,client,recheck,30000,1.050,1.075,Answered,"The coordinator, pid 83864, took 'recheck'."
50,2026-10-04T01:50:13.7603921Z,load-client-recheck,client,recheck,30000,0.347,0.367,Answered,"The coordinator, pid 83864, took 'recheck'."
51,2026-10-04T01:50:13.9614336Z,load-client-recheck,client,recheck,30000,0.579,0.602,Answered,"The coordinator, pid 83864, took 'recheck'."
52,2026-10-04T01:50:14.1625156Z,load-client-recheck,client,recheck,30000,0.691,0.713,Answered,"The coordinator, pid 83864, took 'recheck'."
53,2026-10-04T01:50:14.3635927Z,load-client-recheck,client,recheck,30000,0.611,0.639,Answered,"The coordinator, pid 83864, took 'recheck'."
54,2026-10-04T01:50:14.5645697Z,load-client-recheck,client,recheck,30000,0.719,0.745,Answered,"The coordinator, pid 83864, took 'recheck'."
55,2026-10-04T01:50:14.7654271Z,load-client-recheck,client,recheck,30000,0.540,0.558,Answered,"The coordinator, pid 83864, took 'recheck'."
56,2026-10-04T01:50:14.9673259Z,load-client-recheck,client,recheck,30000,0.749,0.778,Answered,"The coordinator, pid 83864, took 'recheck'."
57,2026-10-04T01:50:15.1799781Z,load-client-recheck,client,recheck,30000,0.890,0.912,Answered,"The coordinator, pid 83864, took 'recheck'."
58,2026-10-04T01:50:15.3817906Z,load-client-recheck,client,recheck,30000,0.514,0.532,Answered,"The coordinator, pid 83864, took 'recheck'."
59,2026-10-04T01:50:15.5829142Z,load-client-recheck,client,recheck,30000,0.719,0.739,Answered,"The coordinator, pid 83864, took 'recheck'."
60,2026-10-04T01:50:15.7849274Z,load-client-recheck,client,recheck,30000,0.430,0.453,Answered,"The coordinator, pid 83864, took 'recheck'."
61,2026-10-04T01:50:15.9858849Z,load-client-recheck,client,recheck,30000,0.458,0.476,Answered,"The coordinator, pid 83864, took 'recheck'."
62,2026-10-04T01:50:16.1879995Z,load-client-recheck,client,recheck,30000,0.490,0.533,Answered,"The coordinator, pid 83864, took 'recheck'."
63,2026-10-04T01:50:16.3892410Z,load-client-recheck,client,recheck,30000,0.492,0.506,Answered,"The coordinator, pid 83864, took 'recheck'."
64,2026-10-04T01:50:16.5903861Z,load-client-recheck,client,recheck,30000,0.410,0.434,Answered,"The coordinator, pid 83864, took 'recheck'."
65,2026-10-04T01:50:16.7962072Z,load-client-recheck,client,recheck,30000,0.631,0.656,Answered,"The coordinator, pid 83864, took 'recheck'."
66,2026-10-04T01:50:16.9985704Z,load-client-recheck,client,recheck,30000,0.759,0.780,Answered,"The coordinator, pid 83864, took 'recheck'."
67,2026-10-04T01:50:17.1998027Z,load-client-recheck,client,recheck,30000,0.750,0.777,Answered,"The coordinator, pid 83864, took 'recheck'."
68,2026-10-04T01:50:17.4135242Z,load-client-recheck,client,recheck,30000,0.888,1.021,Answered,"The coordinator, pid 83864, took 'recheck'."
69,2026-10-04T01:50:17.6151487Z,load-client-recheck,client,recheck,30000,0.492,0.515,Answered,"The coordinator, pid 83864, took 'recheck'."
70,2026-10-04T01:50:17.8162742Z,load-client-recheck,client,recheck,30000,0.448,0.474,Answered,"The coordinator, pid 83864, took 'recheck'."
71,2026-10-04T01:50:18.0172655Z,load-client-recheck,client,recheck,30000,0.618,0.641,Answered,"The coordinator, pid 83864, took 'recheck'."
72,2026-10-04T01:50:18.2185787Z,load-client-recheck,client,recheck,30000,0.848,0.866,Answered,"The coordinator, pid 83864, took 'recheck'."
73,2026-10-04T01:50:18.4198648Z,load-client-recheck,client,recheck,30000,0.599,0.620,Answered,"The coordinator, pid 83864, took 'recheck'."
74,2026-10-04T01:50:18.6207424Z,load-client-recheck,client,recheck,30000,0.375,0.390,Answered,"The coordinator, pid 83864, took 'recheck'."
75,2026-10-04T01:50:18.8216571Z,load-client-recheck,client,recheck,30000,0.598,0.623,Answered,"The coordinator, pid 83864, took 'recheck'."
76,2026-10-04T01:50:19.0296501Z,load-client-recheck,client,recheck,30000,0.937,0.994,Answered,"The coordinator, pid 83864, took 'recheck'."
77,2026-10-04T01:50:19.2309769Z,load-client-recheck,client,recheck,30000,0.750,0.766,Answered,"The coordinator, pid 83864, took 'recheck'."
78,2026-10-04T01:50:19.4332299Z,load-client-recheck,client,recheck,30000,0.542,0.563,Answered,"The coordinator, pid 83864, took 'recheck'."
79,2026-10-04T01:50:19.6466440Z,load-client-recheck,client,recheck,30000,1.074,1.093,Answered,"The coordinator, pid 83864, took 'recheck'."
80,2026-10-04T01:50:19.8478733Z,load-client-recheck,client,recheck,30000,0.571,0.594,Answered,"The coordinator, pid 83864, took 'recheck'."
81,2026-10-04T01:50:20.0489490Z,load-client-recheck,client,recheck,30000,0.581,0.603,Answered,"The coordinator, pid 83864, took 'recheck'."
82,2026-10-04T01:50:20.2619579Z,load-client-recheck,client,recheck,30000,0.589,0.606,Answered,"The coordinator, pid 83864, took 'recheck'."
83,2026-10-04T01:50:20.4639791Z,load-client-recheck,client,recheck,30000,0.715,0.737,Answered,"The coordinator, pid 83864, took 'recheck'."
84,2026-10-04T01:50:20.6658894Z,load-client-recheck,client,recheck,30000,0.629,0.650,Answered,"The coordinator, pid 83864, took 'recheck'."
85,2026-10-04T01:50:20.8670909Z,load-client-recheck,client,recheck,30000,0.484,0.500,Answered,"The coordinator, pid 83864, took 'recheck'."
86,2026-10-04T01:50:21.0682981Z,load-client-recheck,client,recheck,30000,0.635,0.656,Answered,"The coordinator, pid 83864, took 'recheck'."
87,2026-10-04T01:50:21.2812476Z,load-client-recheck,client,recheck,30000,11.299,11.327,Answered,"The coordinator, pid 83864, took 'recheck'."
88,2026-10-04T01:50:21.4822079Z,load-client-recheck,client,recheck,30000,0.622,0.646,Answered,"The coordinator, pid 83864, took 'recheck'."
89,2026-10-04T01:50:21.6833539Z,load-client-recheck,client,recheck,30000,0.595,0.612,Answered,"The coordinator, pid 83864, took 'recheck'."
90,2026-10-04T01:50:21.8902006Z,load-client-recheck,client,recheck,30000,0.716,0.736,Answered,"The coordinator, pid 83864, took 'recheck'."
91,2026-10-04T01:50:22.0915256Z,load-client-recheck,client,recheck,30000,0.753,0.778,Answered,"The coordinator, pid 83864, took 'recheck'."
92,2026-10-04T01:50:22.2932094Z,load-client-recheck,client,recheck,30000,0.801,0.819,Answered,"The coordinator, pid 83864, took 'recheck'."
93,2026-10-04T01:50:22.5067911Z,load-client-recheck,client,recheck,30000,0.834,0.850,Answered,"The coordinator, pid 83864, took 'recheck'."
94,2026-10-04T01:50:22.7083306Z,load-client-recheck,client,recheck,30000,1.003,1.060,Answered,"The coordinator, pid 83864, took 'recheck'."
95,2026-10-04T01:50:22.9098289Z,load-client-recheck,client,recheck,30000,0.680,0.702,Answered,"The coordinator, pid 83864, took 'recheck'."
96,2026-10-04T01:50:23.1242029Z,load-client-recheck,client,recheck,30000,1.001,1.029,Answered,"The coordinator, pid 83864, took 'recheck'."
97,2026-10-04T01:50:23.3255983Z,load-client-recheck,client,recheck,30000,0.713,0.734,Answered,"The coordinator, pid 83864, took 'recheck'."
98,2026-10-04T01:50:23.5273192Z,load-client-recheck,client,recheck,30000,0.705,0.723,Answered,"The coordinator, pid 83864, took 'recheck'."
99,2026-10-04T01:50:23.7432203Z,load-client-recheck,client,recheck,30000,1.219,1.310,Answered,"The coordinator, pid 83864, took 'recheck'."
100,2026-10-04T01:50:24.0754268Z,load-client-recheck,client,recheck,30000,129.959,131.376,Answered,"The coordinator, pid 83864, took 'recheck'."
101,2026-10-04T01:50:24.2792278Z,load-client-recheck,client,recheck,30000,3.228,3.342,Answered,"The coordinator, pid 83864, took 'recheck'."
102,2026-10-04T01:50:24.4938262Z,load-client-recheck,client,recheck,30000,1.438,1.459,Answered,"The coordinator, pid 83864, took 'recheck'."
103,2026-10-04T01:50:24.6950240Z,load-client-recheck,client,recheck,30000,0.693,0.712,Answered,"The coordinator, pid 83864, took 'recheck'."
104,2026-10-04T01:50:24.9163462Z,load-client-recheck,client,recheck,30000,4.149,12.276,Answered,"The coordinator, pid 83864, took 'recheck'."
105,2026-10-04T01:50:25.1184593Z,load-client-recheck,client,recheck,30000,1.097,1.114,Answered,"The coordinator, pid 83864, took 'recheck'."
106,2026-10-04T01:50:25.3195885Z,load-client-recheck,client,recheck,30000,0.528,0.546,Answered,"The coordinator, pid 83864, took 'recheck'."
107,2026-10-04T01:50:25.5206129Z,load-client-recheck,client,recheck,30000,0.499,0.517,Answered,"The coordinator, pid 83864, took 'recheck'."
108,2026-10-04T01:50:25.7229215Z,load-client-recheck,client,recheck,30000,0.725,0.749,Answered,"The coordinator, pid 83864, took 'recheck'."
109,2026-10-04T01:50:25.9325705Z,load-client-recheck,client,recheck,30000,0.897,5.093,Answered,"The coordinator, pid 83864, took 'recheck'."
110,2026-10-04T01:50:26.1335237Z,load-client-recheck,client,recheck,30000,0.586,0.605,Answered,"The coordinator, pid 83864, took 'recheck'."
111,2026-10-04T01:50:26.3347714Z,load-client-recheck,client,recheck,30000,0.653,0.671,Answered,"The coordinator, pid 83864, took 'recheck'."
112,2026-10-04T01:50:26.6302939Z,load-client-recheck,client,recheck,30000,30.269,34.309,Answered,"The coordinator, pid 83864, took 'recheck'."
113,2026-10-04T01:50:26.9214750Z,load-client-recheck,client,recheck,30000,34.131,42.884,Answered,"The coordinator, pid 83864, took 'recheck'."
114,2026-10-04T01:50:27.1268690Z,load-client-recheck,client,recheck,30000,1.339,2.132,Answered,"The coordinator, pid 83864, took 'recheck'."
115,2026-10-04T01:50:27.3492876Z,load-client-recheck,client,recheck,30000,1.696,3.233,Answered,"The coordinator, pid 83864, took 'recheck'."
116,2026-10-04T01:50:27.5503965Z,load-client-recheck,client,recheck,30000,0.608,0.628,Answered,"The coordinator, pid 83864, took 'recheck'."
117,2026-10-04T01:50:27.7518124Z,load-client-recheck,client,recheck,30000,0.540,0.561,Answered,"The coordinator, pid 83864, took 'recheck'."
118,2026-10-04T01:50:27.9669088Z,load-client-recheck,client,recheck,30000,0.682,0.716,Answered,"The coordinator, pid 83864, took 'recheck'."
119,2026-10-04T01:50:28.1694872Z,load-client-recheck,client,recheck,30000,1.694,1.716,Answered,"The coordinator, pid 83864, took 'recheck'."
120,2026-10-04T01:50:28.3716871Z,load-client-recheck,client,recheck,30000,0.724,0.772,Answered,"The coordinator, pid 83864, took 'recheck'."
121,2026-10-04T01:50:28.5831572Z,load-client-recheck,client,recheck,30000,0.740,0.765,Answered,"The coordinator, pid 83864, took 'recheck'."
122,2026-10-04T01:50:28.7840237Z,load-client-recheck,client,recheck,30000,0.562,0.581,Answered,"The coordinator, pid 83864, took 'recheck'."
123,2026-10-04T01:50:28.9856406Z,load-client-recheck,client,recheck,30000,0.553,0.577,Answered,"The coordinator, pid 83864, took 'recheck'."
124,2026-10-04T01:50:29.1863666Z,load-client-recheck,client,recheck,30000,0.462,0.483,Answered,"The coordinator, pid 83864, took 'recheck'."
125,2026-10-04T01:50:29.3877254Z,load-client-recheck,client,recheck,30000,0.498,0.518,Answered,"The coordinator, pid 83864, took 'recheck'."
126,2026-10-04T01:50:29.5888671Z,load-client-recheck,client,recheck,30000,0.536,0.558,Answered,"The coordinator, pid 83864, took 'recheck'."
127,2026-10-04T01:50:29.7907031Z,load-client-recheck,client,recheck,30000,0.792,0.838,Answered,"The coordinator, pid 83864, took 'recheck'."
128,2026-10-04T01:50:29.9917575Z,load-client-recheck,client,recheck,30000,0.509,0.531,Answered,"The coordinator, pid 83864, took 'recheck'."
129,2026-10-04T01:50:30.1932140Z,load-client-recheck,client,recheck,30000,0.472,0.491,Answered,"The coordinator, pid 83864, took 'recheck'."
130,2026-10-04T01:50:30.3946228Z,load-client-recheck,client,recheck,30000,0.456,0.474,Answered,"The coordinator, pid 83864, took 'recheck'."
131,2026-10-04T01:50:30.7909003Z,load-client-recheck,client,recheck,30000,30.783,122.739,Answered,"The coordinator, pid 83864, took 'recheck'."
132,2026-10-04T01:50:31.0693692Z,load-client-recheck,client,recheck,30000,42.327,48.424,Answered,"The coordinator, pid 83864, took 'recheck'."
133,2026-10-04T01:50:31.2706214Z,load-client-recheck,client,recheck,30000,0.577,0.592,Answered,"The coordinator, pid 83864, took 'recheck'."
134,2026-10-04T01:50:31.4726529Z,load-client-recheck,client,recheck,30000,0.644,0.661,Answered,"The coordinator, pid 83864, took 'recheck'."
135,2026-10-04T01:50:31.6736023Z,load-client-recheck,client,recheck,30000,0.581,0.606,Answered,"The coordinator, pid 83864, took 'recheck'."
136,2026-10-04T01:50:31.8747987Z,load-client-recheck,client,recheck,30000,0.594,0.608,Answered,"The coordinator, pid 83864, took 'recheck'."
137,2026-10-04T01:50:32.0814555Z,load-client-recheck,client,recheck,30000,0.517,0.535,Answered,"The coordinator, pid 83864, took 'recheck'."
138,2026-10-04T01:50:32.2825536Z,load-client-recheck,client,recheck,30000,0.453,0.467,Answered,"The coordinator, pid 83864, took 'recheck'."
139,2026-10-04T01:50:32.4836235Z,load-client-recheck,client,recheck,30000,0.484,0.499,Answered,"The coordinator, pid 83864, took 'recheck'."
140,2026-10-04T01:50:32.6853909Z,load-client-recheck,client,recheck,30000,0.614,0.636,Answered,"The coordinator, pid 83864, took 'recheck'."
141,2026-10-04T01:50:32.8863744Z,load-client-recheck,client,recheck,30000,0.466,0.484,Answered,"The coordinator, pid 83864, took 'recheck'."
142,2026-10-04T01:50:33.0876954Z,load-client-recheck,client,recheck,30000,0.690,0.708,Answered,"The coordinator, pid 83864, took 'recheck'."
143,2026-10-04T01:50:33.2889709Z,load-client-recheck,client,recheck,30000,0.563,0.586,Answered,"The coordinator, pid 83864, took 'recheck'."
144,2026-10-04T01:50:33.4908656Z,load-client-recheck,client,recheck,30000,0.518,0.536,Answered,"The coordinator, pid 83864, took 'recheck'."
145,2026-10-04T01:50:33.7064736Z,load-client-recheck,client,recheck,30000,0.646,0.664,Answered,"The coordinator, pid 83864, took 'recheck'."
146,2026-10-04T01:50:33.9085283Z,load-client-recheck,client,recheck,30000,0.322,0.338,Answered,"The coordinator, pid 83864, took 'recheck'."
147,2026-10-04T01:50:34.2128102Z,load-client-recheck,client,recheck,30000,44.981,68.662,Answered,"The coordinator, pid 83864, took 'recheck'."
148,2026-10-04T01:50:34.4146305Z,load-client-recheck,client,recheck,30000,0.406,0.424,Answered,"The coordinator, pid 83864, took 'recheck'."
149,2026-10-04T01:50:34.6155047Z,load-client-recheck,client,recheck,30000,0.542,0.561,Answered,"The coordinator, pid 83864, took 'recheck'."
150,2026-10-04T01:50:34.8279171Z,load-client-recheck,client,recheck,30000,0.797,0.818,Answered,"The coordinator, pid 83864, took 'recheck'."
151,2026-10-04T01:50:35.0291021Z,load-client-recheck,client,recheck,30000,0.482,0.498,Answered,"The coordinator, pid 83864, took 'recheck'."
152,2026-10-04T01:50:35.2309617Z,load-client-recheck,client,recheck,30000,0.523,0.540,Answered,"The coordinator, pid 83864, took 'recheck'."
153,2026-10-04T01:50:35.4329198Z,load-client-recheck,client,recheck,30000,0.701,0.728,Answered,"The coordinator, pid 83864, took 'recheck'."
154,2026-10-04T01:50:35.7373583Z,load-client-recheck,client,recheck,30000,49.107,77.441,Answered,"The coordinator, pid 83864, took 'recheck'."
155,2026-10-04T01:50:35.9954039Z,load-client-recheck,client,recheck,30000,46.341,46.961,Answered,"The coordinator, pid 83864, took 'recheck'."
156,2026-10-04T01:50:36.2447116Z,load-client-recheck,client,recheck,30000,23.747,38.241,Answered,"The coordinator, pid 83864, took 'recheck'."
157,2026-10-04T01:50:36.5130471Z,load-client-recheck,client,recheck,30000,50.551,57.495,Answered,"The coordinator, pid 83864, took 'recheck'."
158,2026-10-04T01:50:36.7327889Z,load-client-recheck,client,recheck,30000,18.845,18.865,Answered,"The coordinator, pid 83864, took 'recheck'."
159,2026-10-04T01:50:36.9381798Z,load-client-recheck,client,recheck,30000,0.603,0.619,Answered,"The coordinator, pid 83864, took 'recheck'."
160,2026-10-04T01:50:37.1394467Z,load-client-recheck,client,recheck,30000,0.594,0.610,Answered,"The coordinator, pid 83864, took 'recheck'."
161,2026-10-04T01:50:37.3406173Z,load-client-recheck,client,recheck,30000,0.402,0.417,Answered,"The coordinator, pid 83864, took 'recheck'."
162,2026-10-04T01:50:37.5421063Z,load-client-recheck,client,recheck,30000,0.445,0.466,Answered,"The coordinator, pid 83864, took 'recheck'."
163,2026-10-04T01:50:37.7432401Z,load-client-recheck,client,recheck,30000,0.580,0.603,Answered,"The coordinator, pid 83864, took 'recheck'."
164,2026-10-04T01:50:37.9449162Z,load-client-recheck,client,recheck,30000,0.671,0.691,Answered,"The coordinator, pid 83864, took 'recheck'."
165,2026-10-04T01:50:38.1466707Z,load-client-recheck,client,recheck,30000,0.484,0.500,Answered,"The coordinator, pid 83864, took 'recheck'."
166,2026-10-04T01:50:38.3480006Z,load-client-recheck,client,recheck,30000,0.483,0.502,Answered,"The coordinator, pid 83864, took 'recheck'."
167,2026-10-04T01:50:38.5635037Z,load-client-recheck,client,recheck,30000,0.580,0.601,Answered,"The coordinator, pid 83864, took 'recheck'."
168,2026-10-04T01:50:38.7642477Z,load-client-recheck,client,recheck,30000,0.472,0.495,Answered,"The coordinator, pid 83864, took 'recheck'."
169,2026-10-04T01:50:38.9655460Z,load-client-recheck,client,recheck,30000,0.543,0.562,Answered,"The coordinator, pid 83864, took 'recheck'."
170,2026-10-04T01:50:39.1784045Z,load-client-recheck,client,recheck,30000,0.696,0.719,Answered,"The coordinator, pid 83864, took 'recheck'."
171,2026-10-04T01:50:39.3801750Z,load-client-recheck,client,recheck,30000,0.549,0.567,Answered,"The coordinator, pid 83864, took 'recheck'."
172,2026-10-04T01:50:39.5816884Z,load-client-recheck,client,recheck,30000,0.563,0.597,Answered,"The coordinator, pid 83864, took 'recheck'."
173,2026-10-04T01:50:39.7826915Z,load-client-recheck,client,recheck,30000,0.580,0.604,Answered,"The coordinator, pid 83864, took 'recheck'."
174,2026-10-04T01:50:39.9837246Z,load-client-recheck,client,recheck,30000,0.498,0.517,Answered,"The coordinator, pid 83864, took 'recheck'."
175,2026-10-04T01:50:40.1858615Z,load-client-recheck,client,recheck,30000,0.613,0.635,Answered,"The coordinator, pid 83864, took 'recheck'."
176,2026-10-04T01:50:40.3872095Z,load-client-recheck,client,recheck,30000,0.484,0.506,Answered,"The coordinator, pid 83864, took 'recheck'."
177,2026-10-04T01:50:40.6104139Z,load-client-recheck,client,recheck,30000,10.494,13.160,Answered,"The coordinator, pid 83864, took 'recheck'."
178,2026-10-04T01:50:40.8466854Z,load-client-recheck,client,recheck,30000,1.899,2.266,Answered,"The coordinator, pid 83864, took 'recheck'."
179,2026-10-04T01:50:41.0596229Z,load-client-recheck,client,recheck,30000,1.393,1.417,Answered,"The coordinator, pid 83864, took 'recheck'."
180,2026-10-04T01:50:41.2608941Z,load-client-recheck,client,recheck,30000,0.569,0.587,Answered,"The coordinator, pid 83864, took 'recheck'."
181,2026-10-04T01:50:41.4617987Z,load-client-recheck,client,recheck,30000,0.555,0.572,Answered,"The coordinator, pid 83864, took 'recheck'."
182,2026-10-04T01:50:41.6770294Z,load-client-recheck,client,recheck,30000,0.923,0.942,Answered,"The coordinator, pid 83864, took 'recheck'."
183,2026-10-04T01:50:41.8782806Z,load-client-recheck,client,recheck,30000,0.703,0.727,Answered,"The coordinator, pid 83864, took 'recheck'."
184,2026-10-04T01:50:42.0793771Z,load-client-recheck,client,recheck,30000,0.626,0.649,Answered,"The coordinator, pid 83864, took 'recheck'."
185,2026-10-04T01:50:42.2806782Z,load-client-recheck,client,recheck,30000,0.853,0.874,Answered,"The coordinator, pid 83864, took 'recheck'."
186,2026-10-04T01:50:42.4816413Z,load-client-recheck,client,recheck,30000,0.597,0.619,Answered,"The coordinator, pid 83864, took 'recheck'."
187,2026-10-04T01:50:42.7122355Z,load-client-recheck,client,recheck,30000,15.021,30.272,Answered,"The coordinator, pid 83864, took 'recheck'."
188,2026-10-04T01:50:42.9891536Z,load-client-recheck,client,recheck,30000,1.148,1.168,Answered,"The coordinator, pid 83864, took 'recheck'."
189,2026-10-04T01:50:43.2795516Z,load-client-recheck,client,recheck,30000,24.599,29.185,Answered,"The coordinator, pid 83864, took 'recheck'."
190,2026-10-04T01:50:43.5705581Z,load-client-recheck,client,recheck,30000,12.912,17.519,Answered,"The coordinator, pid 83864, took 'recheck'."
191,2026-10-04T01:50:43.7881907Z,load-client-recheck,client,recheck,30000,1.590,2.262,Answered,"The coordinator, pid 83864, took 'recheck'."
192,2026-10-04T01:50:43.9895724Z,load-client-recheck,client,recheck,30000,0.675,0.695,Answered,"The coordinator, pid 83864, took 'recheck'."
193,2026-10-04T01:50:44.1911573Z,load-client-recheck,client,recheck,30000,1.123,1.166,Answered,"The coordinator, pid 83864, took 'recheck'."
194,2026-10-04T01:50:44.4067800Z,load-client-recheck,client,recheck,30000,0.547,0.570,Answered,"The coordinator, pid 83864, took 'recheck'."
195,2026-10-04T01:50:44.6078156Z,load-client-recheck,client,recheck,30000,0.520,0.542,Answered,"The coordinator, pid 83864, took 'recheck'."
196,2026-10-04T01:50:44.8091434Z,load-client-recheck,client,recheck,30000,0.458,0.476,Answered,"The coordinator, pid 83864, took 'recheck'."
197,2026-10-04T01:50:45.0122844Z,load-client-recheck,client,recheck,30000,0.585,0.605,Answered,"The coordinator, pid 83864, took 'recheck'."
198,2026-10-04T01:50:45.2135260Z,load-client-recheck,client,recheck,30000,0.475,0.491,Answered,"The coordinator, pid 83864, took 'recheck'."
199,2026-10-04T01:50:45.4153261Z,load-client-recheck,client,recheck,30000,0.642,0.662,Answered,"The coordinator, pid 83864, took 'recheck'."
200,2026-10-04T01:50:45.6174233Z,load-client-recheck,client,recheck,30000,0.514,0.538,Answered,"The coordinator, pid 83864, took 'recheck'."
201,2026-10-04T01:50:45.8182673Z,load-client-recheck,client,recheck,30000,0.484,0.499,Answered,"The coordinator, pid 83864, took 'recheck'."
202,2026-10-04T01:50:46.0943225Z,load-client-recheck,client,recheck,30000,41.932,43.436,Answered,"The coordinator, pid 83864, took 'recheck'."
203,2026-10-04T01:50:46.2959891Z,load-client-recheck,client,recheck,30000,0.597,0.612,Answered,"The coordinator, pid 83864, took 'recheck'."
204,2026-10-04T01:50:46.4970587Z,load-client-recheck,client,recheck,30000,0.392,0.400,Answered,"The coordinator, pid 83864, took 'recheck'."
205,2026-10-04T01:50:46.6984212Z,load-client-recheck,client,recheck,30000,0.431,0.449,Answered,"The coordinator, pid 83864, took 'recheck'."
206,2026-10-04T01:50:46.9054342Z,load-client-recheck,client,recheck,30000,0.635,0.676,Answered,"The coordinator, pid 83864, took 'recheck'."
207,2026-10-04T01:50:47.1071725Z,load-client-recheck,client,recheck,30000,0.703,0.748,Answered,"The coordinator, pid 83864, took 'recheck'."
208,2026-10-04T01:50:47.3097510Z,load-client-recheck,client,recheck,30000,0.849,0.875,Answered,"The coordinator, pid 83864, took 'recheck'."
209,2026-10-04T01:50:47.5244425Z,load-client-recheck,client,recheck,30000,0.669,0.684,Answered,"The coordinator, pid 83864, took 'recheck'."
210,2026-10-04T01:50:47.7256489Z,load-client-recheck,client,recheck,30000,0.630,0.647,Answered,"The coordinator, pid 83864, took 'recheck'."
211,2026-10-04T01:50:47.9265165Z,load-client-recheck,client,recheck,30000,0.410,0.425,Answered,"The coordinator, pid 83864, took 'recheck'."
212,2026-10-04T01:50:48.1396292Z,load-client-recheck,client,recheck,30000,0.907,0.931,Answered,"The coordinator, pid 83864, took 'recheck'."
213,2026-10-04T01:50:48.3406219Z,load-client-recheck,client,recheck,30000,0.756,0.776,Answered,"The coordinator, pid 83864, took 'recheck'."
214,2026-10-04T01:50:48.5426985Z,load-client-recheck,client,recheck,30000,0.444,0.461,Answered,"The coordinator, pid 83864, took 'recheck'."
215,2026-10-04T01:50:48.7440505Z,load-client-recheck,client,recheck,30000,1.046,1.067,Answered,"The coordinator, pid 83864, took 'recheck'."
216,2026-10-04T01:50:48.9454657Z,load-client-recheck,client,recheck,30000,0.512,0.526,Answered,"The coordinator, pid 83864, took 'recheck'."
217,2026-10-04T01:50:49.1500538Z,load-client-recheck,client,recheck,30000,0.860,0.881,Answered,"The coordinator, pid 83864, took 'recheck'."
218,2026-10-04T01:50:49.3515757Z,load-client-recheck,client,recheck,30000,0.414,0.430,Answered,"The coordinator, pid 83864, took 'recheck'."
219,2026-10-04T01:50:49.5528268Z,load-client-recheck,client,recheck,30000,0.529,0.563,Answered,"The coordinator, pid 83864, took 'recheck'."
220,2026-10-04T01:50:49.7550776Z,load-client-recheck,client,recheck,30000,0.675,0.694,Answered,"The coordinator, pid 83864, took 'recheck'."
221,2026-10-04T01:50:49.9561418Z,load-client-recheck,client,recheck,30000,0.482,0.499,Answered,"The coordinator, pid 83864, took 'recheck'."
222,2026-10-04T01:50:50.1577097Z,load-client-recheck,client,recheck,30000,0.448,0.469,Answered,"The coordinator, pid 83864, took 'recheck'."
223,2026-10-04T01:50:50.4224232Z,load-client-recheck,client,recheck,30000,56.764,60.401,Answered,"The coordinator, pid 83864, took 'recheck'."
224,2026-10-04T01:50:50.6546641Z,load-client-recheck,client,recheck,30000,11.899,21.703,Answered,"The coordinator, pid 83864, took 'recheck'."
225,2026-10-04T01:50:50.8612380Z,load-client-recheck,client,recheck,30000,0.544,1.098,Answered,"The coordinator, pid 83864, took 'recheck'."
226,2026-10-04T01:50:51.0630924Z,load-client-recheck,client,recheck,30000,1.028,1.057,Answered,"The coordinator, pid 83864, took 'recheck'."
227,2026-10-04T01:50:51.2659037Z,load-client-recheck,client,recheck,30000,0.697,0.714,Answered,"The coordinator, pid 83864, took 'recheck'."
228,2026-10-04T01:50:51.4677806Z,load-client-recheck,client,recheck,30000,0.463,0.479,Answered,"The coordinator, pid 83864, took 'recheck'."
229,2026-10-04T01:50:51.6686533Z,load-client-recheck,client,recheck,30000,0.468,0.497,Answered,"The coordinator, pid 83864, took 'recheck'."
230,2026-10-04T01:50:51.8836456Z,load-client-recheck,client,recheck,30000,0.525,0.543,Answered,"The coordinator, pid 83864, took 'recheck'."
231,2026-10-04T01:50:52.0854516Z,load-client-recheck,client,recheck,30000,0.476,0.490,Answered,"The coordinator, pid 83864, took 'recheck'."
232,2026-10-04T01:50:52.2867032Z,load-client-recheck,client,recheck,30000,0.601,0.621,Answered,"The coordinator, pid 83864, took 'recheck'."
233,2026-10-04T01:50:52.4994428Z,load-client-recheck,client,recheck,30000,0.521,0.559,Answered,"The coordinator, pid 83864, took 'recheck'."
234,2026-10-04T01:50:52.7003276Z,load-client-recheck,client,recheck,30000,0.377,0.395,Answered,"The coordinator, pid 83864, took 'recheck'."
235,2026-10-04T01:50:52.9010867Z,load-client-recheck,client,recheck,30000,0.496,0.513,Answered,"The coordinator, pid 83864, took 'recheck'."
236,2026-10-04T01:50:53.1021297Z,load-client-recheck,client,recheck,30000,0.527,0.548,Answered,"The coordinator, pid 83864, took 'recheck'."
237,2026-10-04T01:50:53.3035360Z,load-client-recheck,client,recheck,30000,0.430,0.443,Answered,"The coordinator, pid 83864, took 'recheck'."
238,2026-10-04T01:50:53.5050089Z,load-client-recheck,client,recheck,30000,0.466,0.484,Answered,"The coordinator, pid 83864, took 'recheck'."
239,2026-10-04T01:50:53.7068369Z,load-client-recheck,client,recheck,30000,0.440,0.458,Answered,"The coordinator, pid 83864, took 'recheck'."
240,2026-10-04T01:50:53.9077513Z,load-client-recheck,client,recheck,30000,0.454,0.470,Answered,"The coordinator, pid 83864, took 'recheck'."
241,2026-10-04T01:50:54.1092258Z,load-client-recheck,client,recheck,30000,0.479,0.505,Answered,"The coordinator, pid 83864, took 'recheck'."
242,2026-10-04T01:50:54.3102641Z,load-client-recheck,client,recheck,30000,0.561,0.580,Answered,"The coordinator, pid 83864, took 'recheck'."
243,2026-10-04T01:50:54.5114828Z,load-client-recheck,client,recheck,30000,0.460,0.475,Answered,"The coordinator, pid 83864, took 'recheck'."
244,2026-10-04T01:50:54.7128581Z,load-client-recheck,client,recheck,30000,0.439,0.457,Answered,"The coordinator, pid 83864, took 'recheck'."
245,2026-10-04T01:50:54.9135345Z,load-client-recheck,client,recheck,30000,0.493,0.511,Answered,"The coordinator, pid 83864, took 'recheck'."
246,2026-10-04T01:50:55.1185747Z,load-client-recheck,client,recheck,30000,0.530,0.554,Answered,"The coordinator, pid 83864, took 'recheck'."
247,2026-10-04T01:50:55.3194692Z,load-client-recheck,client,recheck,30000,0.433,0.464,Answered,"The coordinator, pid 83864, took 'recheck'."
248,2026-10-04T01:50:55.5211405Z,load-client-recheck,client,recheck,30000,0.502,0.518,Answered,"The coordinator, pid 83864, took 'recheck'."
249,2026-10-04T01:50:55.7230193Z,load-client-recheck,client,recheck,30000,0.553,0.573,Answered,"The coordinator, pid 83864, took 'recheck'."
250,2026-10-04T01:50:55.9240684Z,load-client-recheck,client,recheck,30000,0.520,0.540,Answered,"The coordinator, pid 83864, took 'recheck'."
251,2026-10-04T01:50:56.1254074Z,load-client-recheck,client,recheck,30000,0.427,0.440,Answered,"The coordinator, pid 83864, took 'recheck'."
252,2026-10-04T01:50:56.3269229Z,load-client-recheck,client,recheck,30000,0.475,0.489,Answered,"The coordinator, pid 83864, took 'recheck'."
253,2026-10-04T01:50:56.5280588Z,load-client-recheck,client,recheck,30000,0.652,0.677,Answered,"The coordinator, pid 83864, took 'recheck'."
254,2026-10-04T01:50:56.7428578Z,load-client-recheck,client,recheck,30000,0.496,0.513,Answered,"The coordinator, pid 83864, took 'recheck'."
255,2026-10-04T01:50:56.9438513Z,load-client-recheck,client,recheck,30000,0.446,0.461,Answered,"The coordinator, pid 83864, took 'recheck'."
256,2026-10-04T01:50:57.1454664Z,load-client-recheck,client,recheck,30000,0.473,0.485,Answered,"The coordinator, pid 83864, took 'recheck'."
257,2026-10-04T01:50:57.3470470Z,load-client-recheck,client,recheck,30000,0.591,0.608,Answered,"The coordinator, pid 83864, took 'recheck'."
258,2026-10-04T01:50:57.5481485Z,load-client-recheck,client,recheck,30000,0.519,0.536,Answered,"The coordinator, pid 83864, took 'recheck'."
259,2026-10-04T01:50:57.7500130Z,load-client-recheck,client,recheck,30000,0.586,0.607,Answered,"The coordinator, pid 83864, took 'recheck'."
260,2026-10-04T01:50:57.9509985Z,load-client-recheck,client,recheck,30000,0.603,0.623,Answered,"The coordinator, pid 83864, took 'recheck'."
261,2026-10-04T01:50:58.1525093Z,load-client-recheck,client,recheck,30000,0.980,1.000,Answered,"The coordinator, pid 83864, took 'recheck'."
262,2026-10-04T01:50:58.3605319Z,load-client-recheck,client,recheck,30000,1.270,1.322,Answered,"The coordinator, pid 83864, took 'recheck'."
263,2026-10-04T01:51:02.7280791Z,load-client-recheck,client,recheck,30000,24.777,24.811,Answered,"The coordinator, pid 83864, took 'recheck'."
264,2026-10-04T01:51:02.9293215Z,load-client-recheck,client,recheck,30000,0.490,0.506,Answered,"The coordinator, pid 83864, took 'recheck'."
265,2026-10-04T01:51:03.1303207Z,load-client-recheck,client,recheck,30000,0.501,0.517,Answered,"The coordinator, pid 83864, took 'recheck'."
266,2026-10-04T01:51:03.3311905Z,load-client-recheck,client,recheck,30000,0.642,0.666,Answered,"The coordinator, pid 83864, took 'recheck'."
267,2026-10-04T01:51:03.5324859Z,load-client-recheck,client,recheck,30000,0.602,0.624,Answered,"The coordinator, pid 83864, took 'recheck'."
268,2026-10-04T01:51:03.7337745Z,load-client-recheck,client,recheck,30000,0.747,0.771,Answered,"The coordinator, pid 83864, took 'recheck'."
269,2026-10-04T01:51:03.9350162Z,load-client-recheck,client,recheck,30000,0.515,0.541,Answered,"The coordinator, pid 83864, took 'recheck'."
270,2026-10-04T01:51:04.1360278Z,load-client-recheck,client,recheck,30000,0.552,0.564,Answered,"The coordinator, pid 83864, took 'recheck'."
271,2026-10-04T01:51:04.3368524Z,load-client-recheck,client,recheck,30000,0.450,0.470,Answered,"The coordinator, pid 83864, took 'recheck'."
272,2026-10-04T01:51:04.5378493Z,load-client-recheck,client,recheck,30000,0.480,0.500,Answered,"The coordinator, pid 83864, took 'recheck'."
273,2026-10-04T01:51:04.7386906Z,load-client-recheck,client,recheck,30000,0.440,0.469,Answered,"The coordinator, pid 83864, took 'recheck'."
274,2026-10-04T01:51:04.9481559Z,load-client-recheck,client,recheck,30000,0.641,0.756,Answered,"The coordinator, pid 83864, took 'recheck'."
275,2026-10-04T01:51:05.1491378Z,load-client-recheck,client,recheck,30000,0.660,0.699,Answered,"The coordinator, pid 83864, took 'recheck'."
276,2026-10-04T01:51:05.3499163Z,load-client-recheck,client,recheck,30000,0.608,0.633,Answered,"The coordinator, pid 83864, took 'recheck'."
277,2026-10-04T01:51:05.5603256Z,load-client-recheck,client,recheck,30000,0.782,0.938,Answered,"The coordinator, pid 83864, took 'recheck'."
278,2026-10-04T01:51:05.7613186Z,load-client-recheck,client,recheck,30000,0.511,0.529,Answered,"The coordinator, pid 83864, took 'recheck'."
279,2026-10-04T01:51:05.9624011Z,load-client-recheck,client,recheck,30000,0.442,0.459,Answered,"The coordinator, pid 83864, took 'recheck'."
280,2026-10-04T01:51:06.1696451Z,load-client-recheck,client,recheck,30000,0.886,0.909,Answered,"The coordinator, pid 83864, took 'recheck'."
281,2026-10-04T01:51:06.3706089Z,load-client-recheck,client,recheck,30000,0.617,0.633,Answered,"The coordinator, pid 83864, took 'recheck'."
282,2026-10-04T01:51:06.5716490Z,load-client-recheck,client,recheck,30000,0.483,0.502,Answered,"The coordinator, pid 83864, took 'recheck'."
283,2026-10-04T01:51:06.7808667Z,load-client-recheck,client,recheck,30000,0.555,0.574,Answered,"The coordinator, pid 83864, took 'recheck'."
284,2026-10-04T01:51:06.9818981Z,load-client-recheck,client,recheck,30000,0.647,0.661,Answered,"The coordinator, pid 83864, took 'recheck'."
285,2026-10-04T01:51:07.1829503Z,load-client-recheck,client,recheck,30000,0.670,0.683,Answered,"The coordinator, pid 83864, took 'recheck'."
286,2026-10-04T01:51:07.3839048Z,load-client-recheck,client,recheck,30000,0.499,0.527,Answered,"The coordinator, pid 83864, took 'recheck'."
287,2026-10-04T01:51:07.5848197Z,load-client-recheck,client,recheck,30000,0.445,0.464,Answered,"The coordinator, pid 83864, took 'recheck'."
288,2026-10-04T01:51:07.7872805Z,load-client-recheck,client,recheck,30000,0.864,0.927,Answered,"The coordinator, pid 83864, took 'recheck'."
289,2026-10-04T01:51:07.9899600Z,load-client-recheck,client,recheck,30000,1.024,1.044,Answered,"The coordinator, pid 83864, took 'recheck'."
290,2026-10-04T01:51:08.2023496Z,load-client-recheck,client,recheck,30000,0.571,0.590,Answered,"The coordinator, pid 83864, took 'recheck'."
291,2026-10-04T01:51:09.2234368Z,load-client-recheck,client,recheck,30000,1.303,1.774,Answered,"The coordinator, pid 83864, took 'recheck'."
292,2026-10-04T01:51:09.4345818Z,load-client-recheck,client,recheck,30000,7.967,9.358,Answered,"The coordinator, pid 83864, took 'recheck'."
293,2026-10-04T01:51:09.6452510Z,load-client-recheck,client,recheck,30000,1.113,1.242,Answered,"The coordinator, pid 83864, took 'recheck'."
294,2026-10-04T01:51:09.8475272Z,load-client-recheck,client,recheck,30000,1.587,1.861,Answered,"The coordinator, pid 83864, took 'recheck'."
295,2026-10-04T01:51:10.0490824Z,load-client-recheck,client,recheck,30000,0.757,0.784,Answered,"The coordinator, pid 83864, took 'recheck'."
296,2026-10-04T01:51:10.2604077Z,load-client-recheck,client,recheck,30000,0.817,0.845,Answered,"The coordinator, pid 83864, took 'recheck'."
297,2026-10-04T01:51:10.4620976Z,load-client-recheck,client,recheck,30000,1.148,1.185,Answered,"The coordinator, pid 83864, took 'recheck'."
298,2026-10-04T01:51:10.6636669Z,load-client-recheck,client,recheck,30000,1.062,1.096,Answered,"The coordinator, pid 83864, took 'recheck'."
299,2026-10-04T01:51:10.8657384Z,load-client-recheck,client,recheck,30000,0.548,0.567,Answered,"The coordinator, pid 83864, took 'recheck'."
300,2026-10-04T01:51:11.0671653Z,load-client-recheck,client,recheck,30000,0.861,0.878,Answered,"The coordinator, pid 83864, took 'recheck'."
301,2026-10-04T01:51:11.2708154Z,load-client-recheck,client,recheck,30000,0.717,0.739,Answered,"The coordinator, pid 83864, took 'recheck'."
302,2026-10-04T01:51:11.4721119Z,load-client-recheck,client,recheck,30000,0.917,0.940,Answered,"The coordinator, pid 83864, took 'recheck'."
303,2026-10-04T01:51:11.6732468Z,load-client-recheck,client,recheck,30000,0.521,0.535,Answered,"The coordinator, pid 83864, took 'recheck'."
304,2026-10-04T01:51:11.8861021Z,load-client-recheck,client,recheck,30000,0.681,0.704,Answered,"The coordinator, pid 83864, took 'recheck'."
305,2026-10-04T01:51:12.2573635Z,load-client-recheck,client,recheck,30000,0.741,0.775,Answered,"The coordinator, pid 83864, took 'recheck'."
306,2026-10-04T01:51:12.4663292Z,load-client-recheck,client,recheck,30000,7.394,7.417,Answered,"The coordinator, pid 83864, took 'recheck'."
307,2026-10-04T01:51:12.6674031Z,load-client-recheck,client,recheck,30000,0.760,0.777,Answered,"The coordinator, pid 83864, took 'recheck'."
308,2026-10-04T01:51:12.9852709Z,load-client-recheck,client,recheck,30000,12.592,24.940,Answered,"The coordinator, pid 83864, took 'recheck'."
309,2026-10-04T01:51:13.1926774Z,load-client-recheck,client,recheck,30000,3.675,3.710,Answered,"The coordinator, pid 83864, took 'recheck'."
310,2026-10-04T01:51:15.1535658Z,load-client-recheck,client,recheck,30000,4.627,56.603,Answered,"The coordinator, pid 83864, took 'recheck'."
311,2026-10-04T01:51:15.4435780Z,load-client-recheck,client,recheck,30000,81.897,81.975,Answered,"The coordinator, pid 83864, took 'recheck'."
312,2026-10-04T01:51:15.6986136Z,load-client-recheck,client,recheck,30000,28.828,29.884,Answered,"The coordinator, pid 83864, took 'recheck'."
313,2026-10-04T01:51:15.9477791Z,load-client-recheck,client,recheck,30000,29.960,29.984,Answered,"The coordinator, pid 83864, took 'recheck'."
314,2026-10-04T01:51:16.1496020Z,load-client-recheck,client,recheck,30000,0.877,0.894,Answered,"The coordinator, pid 83864, took 'recheck'."
315,2026-10-04T01:51:16.4059358Z,load-client-recheck,client,recheck,30000,30.083,30.107,Answered,"The coordinator, pid 83864, took 'recheck'."
316,2026-10-04T01:51:16.6237362Z,load-client-recheck,client,recheck,30000,6.932,6.954,Answered,"The coordinator, pid 83864, took 'recheck'."
317,2026-10-04T01:51:16.8268251Z,load-client-recheck,client,recheck,30000,2.767,2.798,Answered,"The coordinator, pid 83864, took 'recheck'."
318,2026-10-04T01:51:17.0412421Z,load-client-recheck,client,recheck,30000,1.510,2.183,Answered,"The coordinator, pid 83864, took 'recheck'."
319,2026-10-04T01:51:17.2482777Z,load-client-recheck,client,recheck,30000,4.365,5.131,Answered,"The coordinator, pid 83864, took 'recheck'."
320,2026-10-04T01:51:17.4559737Z,load-client-recheck,client,recheck,30000,3.521,6.874,Answered,"The coordinator, pid 83864, took 'recheck'."
321,2026-10-04T01:51:17.6649929Z,load-client-recheck,client,recheck,30000,1.985,2.416,Answered,"The coordinator, pid 83864, took 'recheck'."
322,2026-10-04T01:51:17.8669966Z,load-client-recheck,client,recheck,30000,0.798,0.814,Answered,"The coordinator, pid 83864, took 'recheck'."
323,2026-10-04T01:51:18.1494456Z,load-client-recheck,client,recheck,30000,8.687,66.476,Answered,"The coordinator, pid 83864, took 'recheck'."
324,2026-10-04T01:51:18.3539005Z,load-client-recheck,client,recheck,30000,2.108,2.367,Answered,"The coordinator, pid 83864, took 'recheck'."
325,2026-10-04T01:51:18.5893960Z,load-client-recheck,client,recheck,30000,8.223,12.929,Answered,"The coordinator, pid 83864, took 'recheck'."
326,2026-10-04T01:51:18.7914202Z,load-client-recheck,client,recheck,30000,1.625,1.650,Answered,"The coordinator, pid 83864, took 'recheck'."
327,2026-10-04T01:51:18.9927676Z,load-client-recheck,client,recheck,30000,0.640,0.670,Answered,"The coordinator, pid 83864, took 'recheck'."
328,2026-10-04T01:51:19.2070436Z,load-client-recheck,client,recheck,30000,2.288,2.311,Answered,"The coordinator, pid 83864, took 'recheck'."
329,2026-10-04T01:51:19.4089618Z,load-client-recheck,client,recheck,30000,1.372,1.394,Answered,"The coordinator, pid 83864, took 'recheck'."
330,2026-10-04T01:51:19.6115391Z,load-client-recheck,client,recheck,30000,1.169,1.322,Answered,"The coordinator, pid 83864, took 'recheck'."
331,2026-10-04T01:51:19.8263545Z,load-client-recheck,client,recheck,30000,1.837,2.558,Answered,"The coordinator, pid 83864, took 'recheck'."
332,2026-10-04T01:51:20.0286860Z,load-client-recheck,client,recheck,30000,1.281,1.301,Answered,"The coordinator, pid 83864, took 'recheck'."
333,2026-10-04T01:51:20.2298567Z,load-client-recheck,client,recheck,30000,0.620,0.659,Answered,"The coordinator, pid 83864, took 'recheck'."
334,2026-10-04T01:51:20.4372256Z,load-client-recheck,client,recheck,30000,0.677,0.704,Answered,"The coordinator, pid 83864, took 'recheck'."
335,2026-10-04T01:51:20.6389858Z,load-client-recheck,client,recheck,30000,0.890,0.910,Answered,"The coordinator, pid 83864, took 'recheck'."
336,2026-10-04T01:51:20.8404654Z,load-client-recheck,client,recheck,30000,0.642,0.654,Answered,"The coordinator, pid 83864, took 'recheck'."
337,2026-10-04T01:51:21.0416357Z,load-client-recheck,client,recheck,30000,0.715,0.733,Answered,"The coordinator, pid 83864, took 'recheck'."
338,2026-10-04T01:51:21.2441775Z,load-client-recheck,client,recheck,30000,1.663,1.704,Answered,"The coordinator, pid 83864, took 'recheck'."
339,2026-10-04T01:51:21.4464757Z,load-client-recheck,client,recheck,30000,1.064,1.082,Answered,"The coordinator, pid 83864, took 'recheck'."
340,2026-10-04T01:51:21.6485241Z,load-client-recheck,client,recheck,30000,0.522,0.770,Answered,"The coordinator, pid 83864, took 'recheck'."
341,2026-10-04T01:51:21.8496062Z,load-client-recheck,client,recheck,30000,0.439,0.466,Answered,"The coordinator, pid 83864, took 'recheck'."
342,2026-10-04T01:51:22.0511308Z,load-client-recheck,client,recheck,30000,0.511,0.527,Answered,"The coordinator, pid 83864, took 'recheck'."
343,2026-10-04T01:51:22.2562322Z,load-client-recheck,client,recheck,30000,1.748,1.773,Answered,"The coordinator, pid 83864, took 'recheck'."
344,2026-10-04T01:51:22.4575675Z,load-client-recheck,client,recheck,30000,0.344,0.364,Answered,"The coordinator, pid 83864, took 'recheck'."
345,2026-10-04T01:51:22.6592049Z,load-client-recheck,client,recheck,30000,0.484,0.509,Answered,"The coordinator, pid 83864, took 'recheck'."
346,2026-10-04T01:51:22.8605894Z,load-client-recheck,client,recheck,30000,0.443,0.467,Answered,"The coordinator, pid 83864, took 'recheck'."
347,2026-10-04T01:51:23.0614361Z,load-client-recheck,client,recheck,30000,0.399,0.422,Answered,"The coordinator, pid 83864, took 'recheck'."
348,2026-10-04T01:51:23.2620757Z,load-client-recheck,client,recheck,30000,0.353,0.370,Answered,"The coordinator, pid 83864, took 'recheck'."
349,2026-10-04T01:51:23.4631609Z,load-client-recheck,client,recheck,30000,0.469,0.496,Answered,"The coordinator, pid 83864, took 'recheck'."
350,2026-10-04T01:51:23.6671911Z,load-client-recheck,client,recheck,30000,1.295,1.306,Answered,"The coordinator, pid 83864, took 'recheck'."
351,2026-10-04T01:51:23.8696905Z,load-client-recheck,client,recheck,30000,0.638,0.654,Answered,"The coordinator, pid 83864, took 'recheck'."
352,2026-10-04T01:51:24.1023964Z,load-client-recheck,client,recheck,30000,0.667,21.810,Answered,"The coordinator, pid 83864, took 'recheck'."
353,2026-10-04T01:51:24.3471231Z,load-client-recheck,client,recheck,30000,3.741,16.979,Answered,"The coordinator, pid 83864, took 'recheck'."
354,2026-10-04T01:51:24.5489105Z,load-client-recheck,client,recheck,30000,0.566,0.593,Answered,"The coordinator, pid 83864, took 'recheck'."
355,2026-10-04T01:51:24.9056562Z,load-client-recheck,client,recheck,30000,0.623,0.638,Answered,"The coordinator, pid 83864, took 'recheck'."
356,2026-10-04T01:51:25.1071000Z,load-client-recheck,client,recheck,30000,0.652,0.689,Answered,"The coordinator, pid 83864, took 'recheck'."
357,2026-10-04T01:51:25.3084492Z,load-client-recheck,client,recheck,30000,0.694,0.712,Answered,"The coordinator, pid 83864, took 'recheck'."
358,2026-10-04T01:51:25.5095913Z,load-client-recheck,client,recheck,30000,0.479,0.500,Answered,"The coordinator, pid 83864, took 'recheck'."
359,2026-10-04T01:51:25.7104958Z,load-client-recheck,client,recheck,30000,0.313,0.327,Answered,"The coordinator, pid 83864, took 'recheck'."
360,2026-10-04T01:51:25.9115497Z,load-client-recheck,client,recheck,30000,0.598,0.614,Answered,"The coordinator, pid 83864, took 'recheck'."
361,2026-10-04T01:51:26.1153522Z,load-client-recheck,client,recheck,30000,0.718,0.741,Answered,"The coordinator, pid 83864, took 'recheck'."
362,2026-10-04T01:51:26.3175061Z,load-client-recheck,client,recheck,30000,0.574,0.592,Answered,"The coordinator, pid 83864, took 'recheck'."
363,2026-10-04T01:51:26.5185711Z,load-client-recheck,client,recheck,30000,0.507,0.525,Answered,"The coordinator, pid 83864, took 'recheck'."
364,2026-10-04T01:51:26.7193270Z,load-client-recheck,client,recheck,30000,0.523,0.540,Answered,"The coordinator, pid 83864, took 'recheck'."
365,2026-10-04T01:51:26.9210167Z,load-client-recheck,client,recheck,30000,0.599,0.622,Answered,"The coordinator, pid 83864, took 'recheck'."
366,2026-10-04T01:51:27.1227416Z,load-client-recheck,client,recheck,30000,0.593,0.614,Answered,"The coordinator, pid 83864, took 'recheck'."
367,2026-10-04T01:51:27.3237723Z,load-client-recheck,client,recheck,30000,0.620,0.648,Answered,"The coordinator, pid 83864, took 'recheck'."
368,2026-10-04T01:51:27.5246151Z,load-client-recheck,client,recheck,30000,0.610,0.636,Answered,"The coordinator, pid 83864, took 'recheck'."
369,2026-10-04T01:51:27.7317076Z,load-client-recheck,client,recheck,30000,0.577,0.597,Answered,"The coordinator, pid 83864, took 'recheck'."
370,2026-10-04T01:51:27.9496615Z,load-client-recheck,client,recheck,30000,11.900,11.930,Answered,"The coordinator, pid 83864, took 'recheck'."
371,2026-10-04T01:51:28.2013575Z,load-client-recheck,client,recheck,30000,6.232,22.967,Answered,"The coordinator, pid 83864, took 'recheck'."
372,2026-10-04T01:51:28.4562617Z,load-client-recheck,client,recheck,30000,36.502,38.921,Answered,"The coordinator, pid 83864, took 'recheck'."
373,2026-10-04T01:51:28.6692142Z,load-client-recheck,client,recheck,30000,4.994,5.028,Answered,"The coordinator, pid 83864, took 'recheck'."
374,2026-10-04T01:51:28.8711068Z,load-client-recheck,client,recheck,30000,0.646,0.673,Answered,"The coordinator, pid 83864, took 'recheck'."
375,2026-10-04T01:51:29.1664590Z,load-client-recheck,client,recheck,30000,85.189,85.228,Answered,"The coordinator, pid 83864, took 'recheck'."
376,2026-10-04T01:51:29.4056440Z,load-client-recheck,client,recheck,30000,7.311,18.897,Answered,"The coordinator, pid 83864, took 'recheck'."
377,2026-10-04T01:51:29.6362595Z,load-client-recheck,client,recheck,30000,8.368,22.521,Answered,"The coordinator, pid 83864, took 'recheck'."
378,2026-10-04T01:51:29.8498854Z,load-client-recheck,client,recheck,30000,1.112,1.134,Answered,"The coordinator, pid 83864, took 'recheck'."
379,2026-10-04T01:51:30.8808785Z,load-client-recheck,client,recheck,30000,33.041,58.512,Answered,"The coordinator, pid 83864, took 'recheck'."
380,2026-10-04T01:51:31.1141881Z,load-client-recheck,client,recheck,30000,8.605,14.119,Answered,"The coordinator, pid 83864, took 'recheck'."
381,2026-10-04T01:51:31.3710819Z,load-client-recheck,client,recheck,30000,53.862,53.889,Answered,"The coordinator, pid 83864, took 'recheck'."
382,2026-10-04T01:51:31.6169730Z,load-client-recheck,client,recheck,30000,31.159,31.186,Answered,"The coordinator, pid 83864, took 'recheck'."
383,2026-10-04T01:51:31.8631346Z,load-client-recheck,client,recheck,30000,22.962,34.660,Answered,"The coordinator, pid 83864, took 'recheck'."
384,2026-10-04T01:51:32.0753248Z,load-client-recheck,client,recheck,30000,9.254,9.278,Answered,"The coordinator, pid 83864, took 'recheck'."
385,2026-10-04T01:51:32.3010148Z,load-client-recheck,client,recheck,30000,4.280,20.464,Answered,"The coordinator, pid 83864, took 'recheck'."
386,2026-10-04T01:51:32.5268136Z,load-client-recheck,client,recheck,30000,11.675,11.702,Answered,"The coordinator, pid 83864, took 'recheck'."
387,2026-10-04T01:51:32.7295352Z,load-client-recheck,client,recheck,30000,1.137,1.155,Answered,"The coordinator, pid 83864, took 'recheck'."
388,2026-10-04T01:51:32.9506170Z,load-client-recheck,client,recheck,30000,3.311,3.336,Answered,"The coordinator, pid 83864, took 'recheck'."
389,2026-10-04T01:51:33.2267291Z,load-client-recheck,client,recheck,30000,46.848,65.050,Answered,"The coordinator, pid 83864, took 'recheck'."
390,2026-10-04T01:51:33.5043386Z,load-client-recheck,client,recheck,30000,70.534,70.561,Answered,"The coordinator, pid 83864, took 'recheck'."
391,2026-10-04T01:51:33.7822533Z,load-client-recheck,client,recheck,30000,69.940,72.308,Answered,"The coordinator, pid 83864, took 'recheck'."
392,2026-10-04T01:51:33.9845928Z,load-client-recheck,client,recheck,30000,1.153,1.171,Answered,"The coordinator, pid 83864, took 'recheck'."
393,2026-10-04T01:51:34.1989495Z,load-client-recheck,client,recheck,30000,3.598,3.831,Answered,"The coordinator, pid 83864, took 'recheck'."
394,2026-10-04T01:51:34.4214684Z,load-client-recheck,client,recheck,30000,15.320,20.934,Answered,"The coordinator, pid 83864, took 'recheck'."
395,2026-10-04T01:51:34.6967014Z,load-client-recheck,client,recheck,30000,53.451,54.003,Answered,"The coordinator, pid 83864, took 'recheck'."
396,2026-10-04T01:51:34.9420499Z,load-client-recheck,client,recheck,30000,33.005,35.443,Answered,"The coordinator, pid 83864, took 'recheck'."
397,2026-10-04T01:51:35.1897702Z,load-client-recheck,client,recheck,30000,17.880,18.252,Answered,"The coordinator, pid 83864, took 'recheck'."
398,2026-10-04T01:51:35.4066375Z,load-client-recheck,client,recheck,30000,10.973,11.465,Answered,"The coordinator, pid 83864, took 'recheck'."
399,2026-10-04T01:51:35.6167189Z,load-client-recheck,client,recheck,30000,6.532,6.663,Answered,"The coordinator, pid 83864, took 'recheck'."
400,2026-10-04T01:51:35.8189756Z,load-client-recheck,client,recheck,30000,0.797,0.828,Answered,"The coordinator, pid 83864, took 'recheck'."
401,2026-10-04T01:51:36.0296950Z,load-client-recheck,client,recheck,30000,8.496,8.571,Answered,"The coordinator, pid 83864, took 'recheck'."
402,2026-10-04T01:51:36.2399413Z,load-client-recheck,client,recheck,30000,8.510,8.594,Answered,"The coordinator, pid 83864, took 'recheck'."
403,2026-10-04T01:51:36.4506498Z,load-client-recheck,client,recheck,30000,8.834,8.892,Answered,"The coordinator, pid 83864, took 'recheck'."
404,2026-10-04T01:51:36.6842446Z,load-client-recheck,client,recheck,30000,22.765,22.805,Answered,"The coordinator, pid 83864, took 'recheck'."
405,2026-10-04T01:51:36.9155044Z,load-client-recheck,client,recheck,30000,19.286,19.618,Answered,"The coordinator, pid 83864, took 'recheck'."
406,2026-10-04T01:51:37.1387817Z,load-client-recheck,client,recheck,30000,22.159,22.411,Answered,"The coordinator, pid 83864, took 'recheck'."
407,2026-10-04T01:51:37.3640194Z,load-client-recheck,client,recheck,30000,18.178,18.250,Answered,"The coordinator, pid 83864, took 'recheck'."
408,2026-10-04T01:51:37.5769466Z,load-client-recheck,client,recheck,30000,3.531,3.561,Answered,"The coordinator, pid 83864, took 'recheck'."
409,2026-10-04T01:51:37.7926583Z,load-client-recheck,client,recheck,30000,5.644,6.137,Answered,"The coordinator, pid 83864, took 'recheck'."
410,2026-10-04T01:51:38.0599680Z,load-client-recheck,client,recheck,30000,11.918,20.601,Answered,"The coordinator, pid 83864, took 'recheck'."
411,2026-10-04T01:51:38.2855156Z,load-client-recheck,client,recheck,30000,4.119,23.600,Answered,"The coordinator, pid 83864, took 'recheck'."
412,2026-10-04T01:51:38.5202769Z,load-client-recheck,client,recheck,30000,26.771,31.530,Answered,"The coordinator, pid 83864, took 'recheck'."
413,2026-10-04T01:51:38.7731830Z,load-client-recheck,client,recheck,30000,48.312,48.344,Answered,"The coordinator, pid 83864, took 'recheck'."
414,2026-10-04T01:51:39.0035571Z,load-client-recheck,client,recheck,30000,11.758,11.782,Answered,"The coordinator, pid 83864, took 'recheck'."
415,2026-10-04T01:51:39.5206624Z,load-client-recheck,client,recheck,30000,135.236,159.053,Answered,"The coordinator, pid 83864, took 'recheck'."
416,2026-10-04T01:51:39.7393169Z,load-client-recheck,client,recheck,30000,6.783,11.062,Answered,"The coordinator, pid 83864, took 'recheck'."
417,2026-10-04T01:51:40.0032367Z,load-client-recheck,client,recheck,30000,28.900,29.285,Answered,"The coordinator, pid 83864, took 'recheck'."
418,2026-10-04T01:51:40.2867198Z,load-client-recheck,client,recheck,30000,55.401,55.461,Answered,"The coordinator, pid 83864, took 'recheck'."
419,2026-10-04T01:51:40.5286610Z,load-client-recheck,client,recheck,30000,20.071,25.577,Answered,"The coordinator, pid 83864, took 'recheck'."
420,2026-10-04T01:51:40.8083962Z,load-client-recheck,client,recheck,30000,46.574,46.807,Answered,"The coordinator, pid 83864, took 'recheck'."
421,2026-10-04T01:51:41.0358505Z,load-client-recheck,client,recheck,30000,10.954,11.421,Answered,"The coordinator, pid 83864, took 'recheck'."
422,2026-10-04T01:51:41.3018580Z,load-client-recheck,client,recheck,30000,65.475,65.541,Answered,"The coordinator, pid 83864, took 'recheck'."
423,2026-10-04T01:51:41.5371452Z,load-client-recheck,client,recheck,30000,28.767,28.800,Answered,"The coordinator, pid 83864, took 'recheck'."
424,2026-10-04T01:51:41.7694525Z,load-client-recheck,client,recheck,30000,8.429,8.454,Answered,"The coordinator, pid 83864, took 'recheck'."
425,2026-10-04T01:51:42.0552226Z,load-client-recheck,client,recheck,30000,23.117,42.788,Answered,"The coordinator, pid 83864, took 'recheck'."
426,2026-10-04T01:51:42.2622088Z,load-client-recheck,client,recheck,30000,1.690,1.817,Answered,"The coordinator, pid 83864, took 'recheck'."
427,2026-10-04T01:51:42.4670033Z,load-client-recheck,client,recheck,30000,0.589,0.833,Answered,"The coordinator, pid 83864, took 'recheck'."
428,2026-10-04T01:51:42.7162452Z,load-client-recheck,client,recheck,30000,48.301,48.499,Answered,"The coordinator, pid 83864, took 'recheck'."
429,2026-10-04T01:51:42.9410161Z,load-client-recheck,client,recheck,30000,21.422,21.456,Answered,"The coordinator, pid 83864, took 'recheck'."
430,2026-10-04T01:51:43.1550207Z,load-client-recheck,client,recheck,30000,11.150,11.483,Answered,"The coordinator, pid 83864, took 'recheck'."
431,2026-10-04T01:51:43.3680561Z,load-client-recheck,client,recheck,30000,0.623,0.641,Answered,"The coordinator, pid 83864, took 'recheck'."
432,2026-10-04T01:51:43.5694219Z,load-client-recheck,client,recheck,30000,0.788,0.884,Answered,"The coordinator, pid 83864, took 'recheck'."
433,2026-10-04T01:51:43.8077253Z,load-client-recheck,client,recheck,30000,33.178,33.677,Answered,"The coordinator, pid 83864, took 'recheck'."
434,2026-10-04T01:51:44.0688256Z,load-client-recheck,client,recheck,30000,42.542,58.373,Answered,"The coordinator, pid 83864, took 'recheck'."
435,2026-10-04T01:51:44.3822398Z,load-client-recheck,client,recheck,30000,29.595,29.622,Answered,"The coordinator, pid 83864, took 'recheck'."
436,2026-10-04T01:51:44.5849637Z,load-client-recheck,client,recheck,30000,0.970,1.043,Answered,"The coordinator, pid 83864, took 'recheck'."
437,2026-10-04T01:51:44.8202660Z,load-client-recheck,client,recheck,30000,22.637,25.296,Answered,"The coordinator, pid 83864, took 'recheck'."
438,2026-10-04T01:51:45.0435742Z,load-client-recheck,client,recheck,30000,2.134,9.935,Answered,"The coordinator, pid 83864, took 'recheck'."
439,2026-10-04T01:51:45.2467635Z,load-client-recheck,client,recheck,30000,2.736,2.779,Answered,"The coordinator, pid 83864, took 'recheck'."
440,2026-10-04T01:51:45.4560256Z,load-client-recheck,client,recheck,30000,7.820,8.027,Answered,"The coordinator, pid 83864, took 'recheck'."
441,2026-10-04T01:51:45.6715940Z,load-client-recheck,client,recheck,30000,12.531,13.669,Answered,"The coordinator, pid 83864, took 'recheck'."
442,2026-10-04T01:51:45.9086291Z,load-client-recheck,client,recheck,30000,13.527,14.517,Answered,"The coordinator, pid 83864, took 'recheck'."
443,2026-10-04T01:51:46.1806568Z,load-client-recheck,client,recheck,30000,51.523,51.990,Answered,"The coordinator, pid 83864, took 'recheck'."
444,2026-10-04T01:51:46.5297241Z,load-client-recheck,client,recheck,30000,130.579,130.702,Answered,"The coordinator, pid 83864, took 'recheck'."
445,2026-10-04T01:51:46.7345909Z,load-client-recheck,client,recheck,30000,0.646,1.019,Answered,"The coordinator, pid 83864, took 'recheck'."
446,2026-10-04T01:51:46.9359890Z,load-client-recheck,client,recheck,30000,0.686,0.710,Answered,"The coordinator, pid 83864, took 'recheck'."
447,2026-10-04T01:51:47.1370482Z,load-client-recheck,client,recheck,30000,0.715,0.736,Answered,"The coordinator, pid 83864, took 'recheck'."
448,2026-10-04T01:51:47.3383525Z,load-client-recheck,client,recheck,30000,0.586,0.607,Answered,"The coordinator, pid 83864, took 'recheck'."
449,2026-10-04T01:51:47.5393311Z,load-client-recheck,client,recheck,30000,0.559,0.576,Answered,"The coordinator, pid 83864, took 'recheck'."
450,2026-10-04T01:51:47.7407394Z,load-client-recheck,client,recheck,30000,0.878,0.902,Answered,"The coordinator, pid 83864, took 'recheck'."
451,2026-10-04T01:51:47.9490481Z,load-client-recheck,client,recheck,30000,0.648,0.666,Answered,"The coordinator, pid 83864, took 'recheck'."
452,2026-10-04T01:51:48.1534116Z,load-client-recheck,client,recheck,30000,1.675,2.178,Answered,"The coordinator, pid 83864, took 'recheck'."
453,2026-10-04T01:51:48.3561665Z,load-client-recheck,client,recheck,30000,0.668,0.675,Answered,"The coordinator, pid 83864, took 'recheck'."
454,2026-10-04T01:51:48.5722634Z,load-client-recheck,client,recheck,30000,0.635,0.657,Answered,"The coordinator, pid 83864, took 'recheck'."
455,2026-10-04T01:51:48.8285469Z,load-client-recheck,client,recheck,30000,40.229,40.257,Answered,"The coordinator, pid 83864, took 'recheck'."
456,2026-10-04T01:51:49.1335643Z,load-client-recheck,client,recheck,30000,100.710,101.415,Answered,"The coordinator, pid 83864, took 'recheck'."
457,2026-10-04T01:51:49.3845594Z,load-client-recheck,client,recheck,30000,27.131,32.154,Answered,"The coordinator, pid 83864, took 'recheck'."
458,2026-10-04T01:51:49.5945437Z,load-client-recheck,client,recheck,30000,6.868,6.894,Answered,"The coordinator, pid 83864, took 'recheck'."
459,2026-10-04T01:51:49.8087308Z,load-client-recheck,client,recheck,30000,0.874,0.891,Answered,"The coordinator, pid 83864, took 'recheck'."
460,2026-10-04T01:51:50.0104613Z,load-client-recheck,client,recheck,30000,0.596,0.619,Answered,"The coordinator, pid 83864, took 'recheck'."
461,2026-10-04T01:51:50.2117237Z,load-client-recheck,client,recheck,30000,0.673,0.718,Answered,"The coordinator, pid 83864, took 'recheck'."
462,2026-10-04T01:51:50.4134283Z,load-client-recheck,client,recheck,30000,0.555,0.574,Answered,"The coordinator, pid 83864, took 'recheck'."
463,2026-10-04T01:51:50.6145901Z,load-client-recheck,client,recheck,30000,0.668,0.692,Answered,"The coordinator, pid 83864, took 'recheck'."
464,2026-10-04T01:51:50.8166731Z,load-client-recheck,client,recheck,30000,0.610,0.633,Answered,"The coordinator, pid 83864, took 'recheck'."
465,2026-10-04T01:51:51.0183525Z,load-client-recheck,client,recheck,30000,0.699,0.724,Answered,"The coordinator, pid 83864, took 'recheck'."
466,2026-10-04T01:51:51.2214464Z,load-client-recheck,client,recheck,30000,1.831,1.849,Answered,"The coordinator, pid 83864, took 'recheck'."
467,2026-10-04T01:51:51.4391711Z,load-client-recheck,client,recheck,30000,4.409,4.682,Answered,"The coordinator, pid 83864, took 'recheck'."
468,2026-10-04T01:51:51.6408505Z,load-client-recheck,client,recheck,30000,1.298,1.321,Answered,"The coordinator, pid 83864, took 'recheck'."
469,2026-10-04T01:51:51.8463298Z,load-client-recheck,client,recheck,30000,4.087,4.138,Answered,"The coordinator, pid 83864, took 'recheck'."
470,2026-10-04T01:51:52.0607218Z,load-client-recheck,client,recheck,30000,5.493,5.645,Answered,"The coordinator, pid 83864, took 'recheck'."
471,2026-10-04T01:51:52.2630405Z,load-client-recheck,client,recheck,30000,1.044,1.128,Answered,"The coordinator, pid 83864, took 'recheck'."
472,2026-10-04T01:51:52.4643065Z,load-client-recheck,client,recheck,30000,0.620,0.640,Answered,"The coordinator, pid 83864, took 'recheck'."
473,2026-10-04T01:51:52.6768632Z,load-client-recheck,client,recheck,30000,0.858,0.879,Answered,"The coordinator, pid 83864, took 'recheck'."
474,2026-10-04T01:51:52.9391991Z,load-client-recheck,client,recheck,30000,6.689,6.755,Answered,"The coordinator, pid 83864, took 'recheck'."
475,2026-10-04T01:51:53.1431824Z,load-client-recheck,client,recheck,30000,1.824,2.092,Answered,"The coordinator, pid 83864, took 'recheck'."
476,2026-10-04T01:51:53.3471777Z,load-client-recheck,client,recheck,30000,1.330,1.353,Answered,"The coordinator, pid 83864, took 'recheck'."
477,2026-10-04T01:51:53.5495035Z,load-client-recheck,client,recheck,30000,1.110,1.143,Answered,"The coordinator, pid 83864, took 'recheck'."
478,2026-10-04T01:51:53.7586423Z,load-client-recheck,client,recheck,30000,2.268,2.286,Answered,"The coordinator, pid 83864, took 'recheck'."
479,2026-10-04T01:51:53.9618440Z,load-client-recheck,client,recheck,30000,0.944,0.984,Answered,"The coordinator, pid 83864, took 'recheck'."
480,2026-10-04T01:51:54.1634568Z,load-client-recheck,client,recheck,30000,0.738,0.848,Answered,"The coordinator, pid 83864, took 'recheck'."
481,2026-10-04T01:51:54.3752641Z,load-client-recheck,client,recheck,30000,2.014,2.034,Answered,"The coordinator, pid 83864, took 'recheck'."
482,2026-10-04T01:51:54.5787948Z,load-client-recheck,client,recheck,30000,1.622,1.639,Answered,"The coordinator, pid 83864, took 'recheck'."
483,2026-10-04T01:51:54.7826931Z,load-client-recheck,client,recheck,30000,0.981,0.999,Answered,"The coordinator, pid 83864, took 'recheck'."
484,2026-10-04T01:51:54.9908154Z,load-client-recheck,client,recheck,30000,3.201,3.224,Answered,"The coordinator, pid 83864, took 'recheck'."
485,2026-10-04T01:51:55.2002593Z,load-client-recheck,client,recheck,30000,6.883,7.192,Answered,"The coordinator, pid 83864, took 'recheck'."
486,2026-10-04T01:51:55.4058663Z,load-client-recheck,client,recheck,30000,1.262,1.299,Answered,"The coordinator, pid 83864, took 'recheck'."
487,2026-10-04T01:51:55.6073861Z,load-client-recheck,client,recheck,30000,0.672,0.696,Answered,"The coordinator, pid 83864, took 'recheck'."
488,2026-10-04T01:51:55.8090078Z,load-client-recheck,client,recheck,30000,0.483,0.499,Answered,"The coordinator, pid 83864, took 'recheck'."
489,2026-10-04T01:51:57.6432447Z,load-client-recheck,client,recheck,30000,0.642,0.658,Answered,"The coordinator, pid 83864, took 'recheck'."
490,2026-10-04T01:51:58.4491738Z,load-client-recheck,client,recheck,30000,32.578,32.611,Answered,"The coordinator, pid 83864, took 'recheck'."
491,2026-10-04T01:51:58.6772643Z,load-client-recheck,client,recheck,30000,5.837,20.676,Answered,"The coordinator, pid 83864, took 'recheck'."
492,2026-10-04T01:51:58.9142014Z,load-client-recheck,client,recheck,30000,26.101,27.433,Answered,"The coordinator, pid 83864, took 'recheck'."
493,2026-10-04T01:51:59.1178873Z,load-client-recheck,client,recheck,30000,0.874,0.910,Answered,"The coordinator, pid 83864, took 'recheck'."
494,2026-10-04T01:51:59.3322389Z,load-client-recheck,client,recheck,30000,2.345,9.229,Answered,"The coordinator, pid 83864, took 'recheck'."
495,2026-10-04T01:51:59.5414026Z,load-client-recheck,client,recheck,30000,2.111,2.628,Answered,"The coordinator, pid 83864, took 'recheck'."
496,2026-10-04T01:51:59.8938602Z,load-client-recheck,client,recheck,30000,130.703,131.115,Answered,"The coordinator, pid 83864, took 'recheck'."
497,2026-10-04T01:52:00.1196358Z,load-client-recheck,client,recheck,30000,9.834,10.632,Answered,"The coordinator, pid 83864, took 'recheck'."
498,2026-10-04T01:52:00.3907277Z,load-client-recheck,client,recheck,30000,40.937,43.615,Answered,"The coordinator, pid 83864, took 'recheck'."
499,2026-10-04T01:52:00.6055876Z,load-client-recheck,client,recheck,30000,12.914,12.944,Answered,"The coordinator, pid 83864, took 'recheck'."
500,2026-10-04T01:52:00.8218450Z,load-client-recheck,client,recheck,30000,11.819,12.208,Answered,"The coordinator, pid 83864, took 'recheck'."
501,2026-10-04T01:52:01.0290136Z,load-client-recheck,client,recheck,30000,4.620,4.742,Answered,"The coordinator, pid 83864, took 'recheck'."
502,2026-10-04T01:52:01.2600924Z,load-client-recheck,client,recheck,30000,2.214,10.138,Answered,"The coordinator, pid 83864, took 'recheck'."
503,2026-10-04T01:52:01.4621456Z,load-client-recheck,client,recheck,30000,0.830,0.858,Answered,"The coordinator, pid 83864, took 'recheck'."
504,2026-10-04T01:52:01.7508872Z,load-client-recheck,client,recheck,30000,73.874,85.785,Answered,"The coordinator, pid 83864, took 'recheck'."
505,2026-10-04T01:52:01.9634323Z,load-client-recheck,client,recheck,30000,11.829,12.272,Answered,"The coordinator, pid 83864, took 'recheck'."
506,2026-10-04T01:52:02.2539736Z,load-client-recheck,client,recheck,30000,27.910,38.486,Answered,"The coordinator, pid 83864, took 'recheck'."
507,2026-10-04T01:52:02.4734168Z,load-client-recheck,client,recheck,30000,7.867,10.371,Answered,"The coordinator, pid 83864, took 'recheck'."
508,2026-10-04T01:52:02.6819512Z,load-client-recheck,client,recheck,30000,2.612,6.008,Answered,"The coordinator, pid 83864, took 'recheck'."
509,2026-10-04T01:52:02.8998479Z,load-client-recheck,client,recheck,30000,5.171,5.209,Answered,"The coordinator, pid 83864, took 'recheck'."
510,2026-10-04T01:52:03.1348355Z,load-client-recheck,client,recheck,30000,24.761,24.780,Answered,"The coordinator, pid 83864, took 'recheck'."
511,2026-10-04T01:52:03.3396468Z,load-client-recheck,client,recheck,30000,1.480,4.321,Answered,"The coordinator, pid 83864, took 'recheck'."
512,2026-10-04T01:52:03.5571287Z,load-client-recheck,client,recheck,30000,1.673,16.120,Answered,"The coordinator, pid 83864, took 'recheck'."
513,2026-10-04T01:52:03.7857128Z,load-client-recheck,client,recheck,30000,15.714,16.881,Answered,"The coordinator, pid 83864, took 'recheck'."
514,2026-10-04T01:52:03.9879984Z,load-client-recheck,client,recheck,30000,1.265,1.365,Answered,"The coordinator, pid 83864, took 'recheck'."
515,2026-10-04T01:52:04.3904788Z,load-client-recheck,client,recheck,30000,19.277,19.543,Answered,"The coordinator, pid 83864, took 'recheck'."
516,2026-10-04T01:52:04.6153976Z,load-client-recheck,client,recheck,30000,7.717,8.118,Answered,"The coordinator, pid 83864, took 'recheck'."
517,2026-10-04T01:52:04.8212883Z,load-client-recheck,client,recheck,30000,4.434,4.466,Answered,"The coordinator, pid 83864, took 'recheck'."
518,2026-10-04T01:52:05.0479990Z,load-client-recheck,client,recheck,30000,12.460,12.558,Answered,"The coordinator, pid 83864, took 'recheck'."
519,2026-10-04T01:52:05.2511322Z,load-client-recheck,client,recheck,30000,2.184,2.544,Answered,"The coordinator, pid 83864, took 'recheck'."
520,2026-10-04T01:52:05.4667201Z,load-client-recheck,client,recheck,30000,2.697,2.724,Answered,"The coordinator, pid 83864, took 'recheck'."
521,2026-10-04T01:52:05.6698521Z,load-client-recheck,client,recheck,30000,1.143,1.254,Answered,"The coordinator, pid 83864, took 'recheck'."
522,2026-10-04T01:52:05.8724837Z,load-client-recheck,client,recheck,30000,0.780,0.802,Answered,"The coordinator, pid 83864, took 'recheck'."
523,2026-10-04T01:52:06.0759376Z,load-client-recheck,client,recheck,30000,1.291,1.359,Answered,"The coordinator, pid 83864, took 'recheck'."
524,2026-10-04T01:52:06.2768200Z,load-client-recheck,client,recheck,30000,0.598,0.617,Answered,"The coordinator, pid 83864, took 'recheck'."
525,2026-10-04T01:52:06.4785587Z,load-client-recheck,client,recheck,30000,0.610,0.675,Answered,"The coordinator, pid 83864, took 'recheck'."
526,2026-10-04T01:52:06.6797766Z,load-client-recheck,client,recheck,30000,0.834,0.856,Answered,"The coordinator, pid 83864, took 'recheck'."
527,2026-10-04T01:52:06.8816849Z,load-client-recheck,client,recheck,30000,1.312,1.337,Answered,"The coordinator, pid 83864, took 'recheck'."
528,2026-10-04T01:52:07.0828662Z,load-client-recheck,client,recheck,30000,0.764,0.790,Answered,"The coordinator, pid 83864, took 'recheck'."
529,2026-10-04T01:52:07.2849443Z,load-client-recheck,client,recheck,30000,0.547,0.574,Answered,"The coordinator, pid 83864, took 'recheck'."
530,2026-10-04T01:52:07.4861332Z,load-client-recheck,client,recheck,30000,0.459,0.477,Answered,"The coordinator, pid 83864, took 'recheck'."
531,2026-10-04T01:52:07.6884692Z,load-client-recheck,client,recheck,30000,0.604,0.621,Answered,"The coordinator, pid 83864, took 'recheck'."
532,2026-10-04T01:52:07.8895598Z,load-client-recheck,client,recheck,30000,0.405,0.424,Answered,"The coordinator, pid 83864, took 'recheck'."
533,2026-10-04T01:52:08.0906539Z,load-client-recheck,client,recheck,30000,0.632,0.677,Answered,"The coordinator, pid 83864, took 'recheck'."
534,2026-10-04T01:52:08.2925848Z,load-client-recheck,client,recheck,30000,0.629,0.649,Answered,"The coordinator, pid 83864, took 'recheck'."
535,2026-10-04T01:52:08.4935580Z,load-client-recheck,client,recheck,30000,0.477,0.499,Answered,"The coordinator, pid 83864, took 'recheck'."
536,2026-10-04T01:52:08.6943792Z,load-client-recheck,client,recheck,30000,0.517,0.536,Answered,"The coordinator, pid 83864, took 'recheck'."
537,2026-10-04T01:52:08.8951941Z,load-client-recheck,client,recheck,30000,0.478,0.496,Answered,"The coordinator, pid 83864, took 'recheck'."
538,2026-10-04T01:52:09.0971139Z,load-client-recheck,client,recheck,30000,0.506,0.533,Answered,"The coordinator, pid 83864, took 'recheck'."
539,2026-10-04T01:52:09.3070783Z,load-client-recheck,client,recheck,30000,0.608,0.627,Answered,"The coordinator, pid 83864, took 'recheck'."
540,2026-10-04T01:52:09.5088294Z,load-client-recheck,client,recheck,30000,0.451,0.471,Answered,"The coordinator, pid 83864, took 'recheck'."
541,2026-10-04T01:52:09.7105035Z,load-client-recheck,client,recheck,30000,0.417,0.433,Answered,"The coordinator, pid 83864, took 'recheck'."
542,2026-10-04T01:52:09.9124226Z,load-client-recheck,client,recheck,30000,0.918,0.935,Answered,"The coordinator, pid 83864, took 'recheck'."
543,2026-10-04T01:52:10.1131091Z,load-client-recheck,client,recheck,30000,0.432,0.513,Answered,"The coordinator, pid 83864, took 'recheck'."
544,2026-10-04T01:52:10.3139353Z,load-client-recheck,client,recheck,30000,0.558,0.574,Answered,"The coordinator, pid 83864, took 'recheck'."
545,2026-10-04T01:52:10.5153346Z,load-client-recheck,client,recheck,30000,0.545,0.565,Answered,"The coordinator, pid 83864, took 'recheck'."
546,2026-10-04T01:52:10.7162859Z,load-client-recheck,client,recheck,30000,0.464,0.483,Answered,"The coordinator, pid 83864, took 'recheck'."
547,2026-10-04T01:52:10.9257203Z,load-client-recheck,client,recheck,30000,0.484,0.499,Answered,"The coordinator, pid 83864, took 'recheck'."
548,2026-10-04T01:52:11.1272932Z,load-client-recheck,client,recheck,30000,0.429,0.443,Answered,"The coordinator, pid 83864, took 'recheck'."
549,2026-10-04T01:52:11.3283155Z,load-client-recheck,client,recheck,30000,0.534,0.590,Answered,"The coordinator, pid 83864, took 'recheck'."
550,2026-10-04T01:52:11.5291715Z,load-client-recheck,client,recheck,30000,0.540,0.556,Answered,"The coordinator, pid 83864, took 'recheck'."
551,2026-10-04T01:52:11.7301861Z,load-client-recheck,client,recheck,30000,0.467,0.483,Answered,"The coordinator, pid 83864, took 'recheck'."
552,2026-10-04T01:52:11.9311351Z,load-client-recheck,client,recheck,30000,0.620,0.634,Answered,"The coordinator, pid 83864, took 'recheck'."
553,2026-10-04T01:52:12.1331032Z,load-client-recheck,client,recheck,30000,0.647,0.664,Answered,"The coordinator, pid 83864, took 'recheck'."
554,2026-10-04T01:52:12.3338826Z,load-client-recheck,client,recheck,30000,0.529,0.546,Answered,"The coordinator, pid 83864, took 'recheck'."
555,2026-10-04T01:52:12.5426790Z,load-client-recheck,client,recheck,30000,0.439,0.453,Answered,"The coordinator, pid 83864, took 'recheck'."
556,2026-10-04T01:52:12.7432910Z,load-client-recheck,client,recheck,30000,0.394,0.404,Answered,"The coordinator, pid 83864, took 'recheck'."
557,2026-10-04T01:52:12.9443224Z,load-client-recheck,client,recheck,30000,0.524,0.538,Answered,"The coordinator, pid 83864, took 'recheck'."
558,2026-10-04T01:52:13.1451840Z,load-client-recheck,client,recheck,30000,0.481,0.494,Answered,"The coordinator, pid 83864, took 'recheck'."
559,2026-10-04T01:52:13.3463576Z,load-client-recheck,client,recheck,30000,0.448,0.471,Answered,"The coordinator, pid 83864, took 'recheck'."
560,2026-10-04T01:52:13.5479096Z,load-client-recheck,client,recheck,30000,1.215,1.233,Answered,"The coordinator, pid 83864, took 'recheck'."
561,2026-10-04T01:52:13.7485949Z,load-client-recheck,client,recheck,30000,0.451,0.466,Answered,"The coordinator, pid 83864, took 'recheck'."
562,2026-10-04T01:52:13.9504199Z,load-client-recheck,client,recheck,30000,0.445,0.462,Answered,"The coordinator, pid 83864, took 'recheck'."
563,2026-10-04T01:52:14.1637232Z,load-client-recheck,client,recheck,30000,0.462,0.478,Answered,"The coordinator, pid 83864, took 'recheck'."
564,2026-10-04T01:52:14.3646776Z,load-client-recheck,client,recheck,30000,0.412,0.429,Answered,"The coordinator, pid 83864, took 'recheck'."
565,2026-10-04T01:52:14.5654315Z,load-client-recheck,client,recheck,30000,0.383,0.391,Answered,"The coordinator, pid 83864, took 'recheck'."
566,2026-10-04T01:52:14.7672682Z,load-client-recheck,client,recheck,30000,0.500,0.517,Answered,"The coordinator, pid 83864, took 'recheck'."
567,2026-10-04T01:52:14.9685476Z,load-client-recheck,client,recheck,30000,0.538,0.556,Answered,"The coordinator, pid 83864, took 'recheck'."
568,2026-10-04T01:52:15.1694630Z,load-client-recheck,client,recheck,30000,0.455,0.470,Answered,"The coordinator, pid 83864, took 'recheck'."
569,2026-10-04T01:52:15.3712139Z,load-client-recheck,client,recheck,30000,0.483,0.500,Answered,"The coordinator, pid 83864, took 'recheck'."
570,2026-10-04T01:52:15.5726770Z,load-client-recheck,client,recheck,30000,0.750,0.771,Answered,"The coordinator, pid 83864, took 'recheck'."
571,2026-10-04T01:52:15.7827963Z,load-client-recheck,client,recheck,30000,0.588,0.607,Answered,"The coordinator, pid 83864, took 'recheck'."
572,2026-10-04T01:52:15.9834742Z,load-client-recheck,client,recheck,30000,0.504,0.528,Answered,"The coordinator, pid 83864, took 'recheck'."
573,2026-10-04T01:52:16.1852412Z,load-client-recheck,client,recheck,30000,0.453,0.477,Answered,"The coordinator, pid 83864, took 'recheck'."
574,2026-10-04T01:52:16.3860985Z,load-client-recheck,client,recheck,30000,0.441,0.456,Answered,"The coordinator, pid 83864, took 'recheck'."
575,2026-10-04T01:52:16.5871359Z,load-client-recheck,client,recheck,30000,0.567,0.586,Answered,"The coordinator, pid 83864, took 'recheck'."
576,2026-10-04T01:52:16.7883294Z,load-client-recheck,client,recheck,30000,0.497,0.511,Answered,"The coordinator, pid 83864, took 'recheck'."
577,2026-10-04T01:52:16.9903026Z,load-client-recheck,client,recheck,30000,0.494,0.509,Answered,"The coordinator, pid 83864, took 'recheck'."
578,2026-10-04T01:52:17.1920571Z,load-client-recheck,client,recheck,30000,0.768,0.793,Answered,"The coordinator, pid 83864, took 'recheck'."
579,2026-10-04T01:52:17.3985591Z,load-client-recheck,client,recheck,30000,0.583,0.600,Answered,"The coordinator, pid 83864, took 'recheck'."
580,2026-10-04T01:52:17.6004645Z,load-client-recheck,client,recheck,30000,0.518,0.536,Answered,"The coordinator, pid 83864, took 'recheck'."
581,2026-10-04T01:52:17.8017226Z,load-client-recheck,client,recheck,30000,0.526,0.543,Answered,"The coordinator, pid 83864, took 'recheck'."
582,2026-10-04T01:52:18.0029782Z,load-client-recheck,client,recheck,30000,0.455,0.473,Answered,"The coordinator, pid 83864, took 'recheck'."
583,2026-10-04T01:52:18.2036548Z,load-client-recheck,client,recheck,30000,0.471,0.486,Answered,"The coordinator, pid 83864, took 'recheck'."
584,2026-10-04T01:52:18.4044316Z,load-client-recheck,client,recheck,30000,0.504,0.520,Answered,"The coordinator, pid 83864, took 'recheck'."
585,2026-10-04T01:52:18.6051234Z,load-client-recheck,client,recheck,30000,0.452,0.469,Answered,"The coordinator, pid 83864, took 'recheck'."
586,2026-10-04T01:52:18.8061376Z,load-client-recheck,client,recheck,30000,0.469,0.494,Answered,"The coordinator, pid 83864, took 'recheck'."
587,2026-10-04T01:52:19.0220958Z,load-client-recheck,client,recheck,30000,1.125,1.147,Answered,"The coordinator, pid 83864, took 'recheck'."
588,2026-10-04T01:52:19.2234606Z,load-client-recheck,client,recheck,30000,0.481,0.499,Answered,"The coordinator, pid 83864, took 'recheck'."
589,2026-10-04T01:52:19.4250575Z,load-client-recheck,client,recheck,30000,0.442,0.458,Answered,"The coordinator, pid 83864, took 'recheck'."
590,2026-10-04T01:52:19.6411198Z,load-client-recheck,client,recheck,30000,0.660,0.684,Answered,"The coordinator, pid 83864, took 'recheck'."
591,2026-10-04T01:52:19.8429285Z,load-client-recheck,client,recheck,30000,0.507,0.523,Answered,"The coordinator, pid 83864, took 'recheck'."
592,2026-10-04T01:52:20.0442740Z,load-client-recheck,client,recheck,30000,0.779,0.801,Answered,"The coordinator, pid 83864, took 'recheck'."
593,2026-10-04T01:52:20.2454491Z,load-client-recheck,client,recheck,30000,0.934,0.952,Answered,"The coordinator, pid 83864, took 'recheck'."
594,2026-10-04T01:52:20.4472140Z,load-client-recheck,client,recheck,30000,0.791,0.815,Answered,"The coordinator, pid 83864, took 'recheck'."
595,2026-10-04T01:52:20.6484028Z,load-client-recheck,client,recheck,30000,0.653,0.672,Answered,"The coordinator, pid 83864, took 'recheck'."
596,2026-10-04T01:52:20.8495330Z,load-client-recheck,client,recheck,30000,0.576,0.593,Answered,"The coordinator, pid 83864, took 'recheck'."
597,2026-10-04T01:52:21.0513315Z,load-client-recheck,client,recheck,30000,0.557,0.578,Answered,"The coordinator, pid 83864, took 'recheck'."
598,2026-10-04T01:52:21.2527234Z,load-client-recheck,client,recheck,30000,0.515,0.528,Answered,"The coordinator, pid 83864, took 'recheck'."
599,2026-10-04T01:52:21.4535729Z,load-client-recheck,client,recheck,30000,0.623,0.640,Answered,"The coordinator, pid 83864, took 'recheck'."
600,2026-10-04T01:52:21.6556341Z,load-client-recheck,client,recheck,30000,0.640,0.662,Answered,"The coordinator, pid 83864, took 'recheck'."
601,2026-10-04T01:52:21.8570792Z,load-client-recheck,client,recheck,30000,0.515,0.533,Answered,"The coordinator, pid 83864, took 'recheck'."
602,2026-10-04T01:52:22.0580818Z,load-client-recheck,client,recheck,30000,0.466,0.489,Answered,"The coordinator, pid 83864, took 'recheck'."
603,2026-10-04T01:52:22.2607193Z,load-client-recheck,client,recheck,30000,0.747,0.769,Answered,"The coordinator, pid 83864, took 'recheck'."
604,2026-10-04T01:52:22.4632866Z,load-client-recheck,client,recheck,30000,1.631,1.649,Answered,"The coordinator, pid 83864, took 'recheck'."
605,2026-10-04T01:52:22.6646120Z,load-client-recheck,client,recheck,30000,0.611,0.626,Answered,"The coordinator, pid 83864, took 'recheck'."
606,2026-10-04T01:52:22.8658429Z,load-client-recheck,client,recheck,30000,0.651,0.675,Answered,"The coordinator, pid 83864, took 'recheck'."
607,2026-10-04T01:52:23.0667940Z,load-client-recheck,client,recheck,30000,0.550,0.568,Answered,"The coordinator, pid 83864, took 'recheck'."
608,2026-10-04T01:52:23.2682087Z,load-client-recheck,client,recheck,30000,0.690,0.706,Answered,"The coordinator, pid 83864, took 'recheck'."
609,2026-10-04T01:52:23.4693863Z,load-client-recheck,client,recheck,30000,0.524,0.547,Answered,"The coordinator, pid 83864, took 'recheck'."
610,2026-10-04T01:52:23.6707749Z,load-client-recheck,client,recheck,30000,0.526,0.547,Answered,"The coordinator, pid 83864, took 'recheck'."
611,2026-10-04T01:52:23.8755438Z,load-client-recheck,client,recheck,30000,0.595,0.622,Answered,"The coordinator, pid 83864, took 'recheck'."
612,2026-10-04T01:52:24.0775983Z,load-client-recheck,client,recheck,30000,0.685,0.707,Answered,"The coordinator, pid 83864, took 'recheck'."
613,2026-10-04T01:52:24.2787924Z,load-client-recheck,client,recheck,30000,0.646,0.669,Answered,"The coordinator, pid 83864, took 'recheck'."
614,2026-10-04T01:52:24.4878601Z,load-client-recheck,client,recheck,30000,0.598,0.621,Answered,"The coordinator, pid 83864, took 'recheck'."
615,2026-10-04T01:52:24.6888723Z,load-client-recheck,client,recheck,30000,0.454,0.463,Answered,"The coordinator, pid 83864, took 'recheck'."
616,2026-10-04T01:52:24.8898151Z,load-client-recheck,client,recheck,30000,0.599,0.624,Answered,"The coordinator, pid 83864, took 'recheck'."
617,2026-10-04T01:52:25.0911692Z,load-client-recheck,client,recheck,30000,0.632,0.657,Answered,"The coordinator, pid 83864, took 'recheck'."
618,2026-10-04T01:52:25.2935156Z,load-client-recheck,client,recheck,30000,0.574,0.592,Answered,"The coordinator, pid 83864, took 'recheck'."
619,2026-10-04T01:52:25.4949452Z,load-client-recheck,client,recheck,30000,0.563,0.582,Answered,"The coordinator, pid 83864, took 'recheck'."
620,2026-10-04T01:52:25.6965838Z,load-client-recheck,client,recheck,30000,0.504,0.528,Answered,"The coordinator, pid 83864, took 'recheck'."
621,2026-10-04T01:52:25.8985295Z,load-client-recheck,client,recheck,30000,0.512,0.529,Answered,"The coordinator, pid 83864, took 'recheck'."
622,2026-10-04T01:52:26.1007252Z,load-client-recheck,client,recheck,30000,0.532,0.552,Answered,"The coordinator, pid 83864, took 'recheck'."
623,2026-10-04T01:52:26.3016802Z,load-client-recheck,client,recheck,30000,0.494,0.513,Answered,"The coordinator, pid 83864, took 'recheck'."
624,2026-10-04T01:52:26.5032736Z,load-client-recheck,client,recheck,30000,0.556,0.578,Answered,"The coordinator, pid 83864, took 'recheck'."
625,2026-10-04T01:52:26.7195042Z,load-client-recheck,client,recheck,30000,0.696,0.721,Answered,"The coordinator, pid 83864, took 'recheck'."
626,2026-10-04T01:52:26.9205632Z,load-client-recheck,client,recheck,30000,0.573,0.585,Answered,"The coordinator, pid 83864, took 'recheck'."
627,2026-10-04T01:52:27.1218880Z,load-client-recheck,client,recheck,30000,0.612,0.630,Answered,"The coordinator, pid 83864, took 'recheck'."
628,2026-10-04T01:52:27.3225913Z,load-client-recheck,client,recheck,30000,0.486,0.507,Answered,"The coordinator, pid 83864, took 'recheck'."
629,2026-10-04T01:52:27.5237267Z,load-client-recheck,client,recheck,30000,0.568,0.591,Answered,"The coordinator, pid 83864, took 'recheck'."
630,2026-10-04T01:52:27.7249758Z,load-client-recheck,client,recheck,30000,0.674,0.698,Answered,"The coordinator, pid 83864, took 'recheck'."
631,2026-10-04T01:52:27.9259027Z,load-client-recheck,client,recheck,30000,0.552,0.571,Answered,"The coordinator, pid 83864, took 'recheck'."
632,2026-10-04T01:52:28.1268010Z,load-client-recheck,client,recheck,30000,0.508,0.522,Answered,"The coordinator, pid 83864, took 'recheck'."
633,2026-10-04T01:52:28.3283202Z,load-client-recheck,client,recheck,30000,0.839,0.858,Answered,"The coordinator, pid 83864, took 'recheck'."
634,2026-10-04T01:52:28.5291176Z,load-client-recheck,client,recheck,30000,0.603,0.621,Answered,"The coordinator, pid 83864, took 'recheck'."
635,2026-10-04T01:52:28.7311797Z,load-client-recheck,client,recheck,30000,0.567,0.583,Answered,"The coordinator, pid 83864, took 'recheck'."
636,2026-10-04T01:52:28.9323611Z,load-client-recheck,client,recheck,30000,0.775,0.800,Answered,"The coordinator, pid 83864, took 'recheck'."
637,2026-10-04T01:52:29.1338476Z,load-client-recheck,client,recheck,30000,0.734,0.759,Answered,"The coordinator, pid 83864, took 'recheck'."
638,2026-10-04T01:52:29.3364320Z,load-client-recheck,client,recheck,30000,0.677,0.706,Answered,"The coordinator, pid 83864, took 'recheck'."
639,2026-10-04T01:52:29.5377402Z,load-client-recheck,client,recheck,30000,0.717,0.747,Answered,"The coordinator, pid 83864, took 'recheck'."
640,2026-10-04T01:52:29.7396806Z,load-client-recheck,client,recheck,30000,0.637,0.658,Answered,"The coordinator, pid 83864, took 'recheck'."
641,2026-10-04T01:52:29.9547395Z,load-client-recheck,client,recheck,30000,0.714,0.731,Answered,"The coordinator, pid 83864, took 'recheck'."
642,2026-10-04T01:52:30.1559761Z,load-client-recheck,client,recheck,30000,0.571,0.605,Answered,"The coordinator, pid 83864, took 'recheck'."
643,2026-10-04T01:52:30.3586928Z,load-client-recheck,client,recheck,30000,1.383,1.405,Answered,"The coordinator, pid 83864, took 'recheck'."
644,2026-10-04T01:52:30.5734436Z,load-client-recheck,client,recheck,30000,0.550,0.566,Answered,"The coordinator, pid 83864, took 'recheck'."
645,2026-10-04T01:52:30.7751196Z,load-client-recheck,client,recheck,30000,0.666,0.684,Answered,"The coordinator, pid 83864, took 'recheck'."
646,2026-10-04T01:52:30.9764493Z,load-client-recheck,client,recheck,30000,0.614,0.626,Answered,"The coordinator, pid 83864, took 'recheck'."
647,2026-10-04T01:52:31.1919864Z,load-client-recheck,client,recheck,30000,0.828,0.850,Answered,"The coordinator, pid 83864, took 'recheck'."
648,2026-10-04T01:52:31.3931482Z,load-client-recheck,client,recheck,30000,0.760,0.783,Answered,"The coordinator, pid 83864, took 'recheck'."
649,2026-10-04T01:52:31.5948128Z,load-client-recheck,client,recheck,30000,0.583,0.605,Answered,"The coordinator, pid 83864, took 'recheck'."
650,2026-10-04T01:52:31.7959961Z,load-client-recheck,client,recheck,30000,0.586,0.602,Answered,"The coordinator, pid 83864, took 'recheck'."
651,2026-10-04T01:52:31.9970383Z,load-client-recheck,client,recheck,30000,0.684,0.699,Answered,"The coordinator, pid 83864, took 'recheck'."
652,2026-10-04T01:52:32.1982027Z,load-client-recheck,client,recheck,30000,0.594,0.612,Answered,"The coordinator, pid 83864, took 'recheck'."
653,2026-10-04T01:52:32.3987988Z,load-client-recheck,client,recheck,30000,0.380,0.394,Answered,"The coordinator, pid 83864, took 'recheck'."
654,2026-10-04T01:52:32.5995347Z,load-client-recheck,client,recheck,30000,0.506,0.524,Answered,"The coordinator, pid 83864, took 'recheck'."
655,2026-10-04T01:52:32.8120010Z,load-client-recheck,client,recheck,30000,3.773,3.794,Answered,"The coordinator, pid 83864, took 'recheck'."
656,2026-10-04T01:52:33.0136415Z,load-client-recheck,client,recheck,30000,0.543,0.560,Answered,"The coordinator, pid 83864, took 'recheck'."
657,2026-10-04T01:52:33.2148065Z,load-client-recheck,client,recheck,30000,0.581,0.600,Answered,"The coordinator, pid 83864, took 'recheck'."
658,2026-10-04T01:52:33.4162607Z,load-client-recheck,client,recheck,30000,0.786,0.827,Answered,"The coordinator, pid 83864, took 'recheck'."
659,2026-10-04T01:52:33.6174609Z,load-client-recheck,client,recheck,30000,0.619,0.645,Answered,"The coordinator, pid 83864, took 'recheck'."
660,2026-10-04T01:52:33.8183343Z,load-client-recheck,client,recheck,30000,0.566,0.586,Answered,"The coordinator, pid 83864, took 'recheck'."
661,2026-10-04T01:52:34.0194931Z,load-client-recheck,client,recheck,30000,0.552,0.570,Answered,"The coordinator, pid 83864, took 'recheck'."
662,2026-10-04T01:52:34.2210016Z,load-client-recheck,client,recheck,30000,0.500,0.513,Answered,"The coordinator, pid 83864, took 'recheck'."
663,2026-10-04T01:52:34.4366981Z,load-client-recheck,client,recheck,30000,0.597,0.621,Answered,"The coordinator, pid 83864, took 'recheck'."
664,2026-10-04T01:52:34.6376377Z,load-client-recheck,client,recheck,30000,0.638,0.665,Answered,"The coordinator, pid 83864, took 'recheck'."
665,2026-10-04T01:52:34.8384880Z,load-client-recheck,client,recheck,30000,0.628,0.650,Answered,"The coordinator, pid 83864, took 'recheck'."
666,2026-10-04T01:52:35.0399025Z,load-client-recheck,client,recheck,30000,0.794,0.814,Answered,"The coordinator, pid 83864, took 'recheck'."
667,2026-10-04T01:52:35.2413245Z,load-client-recheck,client,recheck,30000,0.769,0.810,Answered,"The coordinator, pid 83864, took 'recheck'."
668,2026-10-04T01:52:35.4504303Z,load-client-recheck,client,recheck,30000,1.435,7.827,Answered,"The coordinator, pid 83864, took 'recheck'."
669,2026-10-04T01:52:35.6821223Z,load-client-recheck,client,recheck,30000,15.302,21.489,Answered,"The coordinator, pid 83864, took 'recheck'."
670,2026-10-04T01:52:35.9149591Z,load-client-recheck,client,recheck,30000,3.737,11.017,Answered,"The coordinator, pid 83864, took 'recheck'."
671,2026-10-04T01:52:36.1236418Z,load-client-recheck,client,recheck,30000,0.635,0.651,Answered,"The coordinator, pid 83864, took 'recheck'."
672,2026-10-04T01:52:36.3257039Z,load-client-recheck,client,recheck,30000,0.716,0.882,Answered,"The coordinator, pid 83864, took 'recheck'."
673,2026-10-04T01:52:36.5268890Z,load-client-recheck,client,recheck,30000,0.599,0.614,Answered,"The coordinator, pid 83864, took 'recheck'."
674,2026-10-04T01:52:36.7307955Z,load-client-recheck,client,recheck,30000,1.034,2.628,Answered,"The coordinator, pid 83864, took 'recheck'."
675,2026-10-04T01:52:36.9353992Z,load-client-recheck,client,recheck,30000,0.675,0.810,Answered,"The coordinator, pid 83864, took 'recheck'."
676,2026-10-04T01:52:37.1394906Z,load-client-recheck,client,recheck,30000,1.786,2.122,Answered,"The coordinator, pid 83864, took 'recheck'."
677,2026-10-04T01:52:37.3463708Z,load-client-recheck,client,recheck,30000,1.568,1.736,Answered,"The coordinator, pid 83864, took 'recheck'."
678,2026-10-04T01:52:37.5523562Z,load-client-recheck,client,recheck,30000,0.633,0.656,Answered,"The coordinator, pid 83864, took 'recheck'."
679,2026-10-04T01:52:37.7601747Z,load-client-recheck,client,recheck,30000,0.591,0.610,Answered,"The coordinator, pid 83864, took 'recheck'."
680,2026-10-04T01:52:37.9648652Z,load-client-recheck,client,recheck,30000,2.442,2.474,Answered,"The coordinator, pid 83864, took 'recheck'."
681,2026-10-04T01:52:38.1840210Z,load-client-recheck,client,recheck,30000,1.357,1.476,Answered,"The coordinator, pid 83864, took 'recheck'."
682,2026-10-04T01:52:38.4318181Z,load-client-recheck,client,recheck,30000,46.240,46.261,Answered,"The coordinator, pid 83864, took 'recheck'."
683,2026-10-04T01:52:38.6695274Z,load-client-recheck,client,recheck,30000,26.581,26.603,Answered,"The coordinator, pid 83864, took 'recheck'."
684,2026-10-04T01:52:38.8752605Z,load-client-recheck,client,recheck,30000,4.042,4.071,Answered,"The coordinator, pid 83864, took 'recheck'."
685,2026-10-04T01:52:39.0768561Z,load-client-recheck,client,recheck,30000,1.218,1.243,Answered,"The coordinator, pid 83864, took 'recheck'."
686,2026-10-04T01:52:39.2871368Z,load-client-recheck,client,recheck,30000,0.865,0.883,Answered,"The coordinator, pid 83864, took 'recheck'."
687,2026-10-04T01:52:39.4884210Z,load-client-recheck,client,recheck,30000,0.655,0.676,Answered,"The coordinator, pid 83864, took 'recheck'."
688,2026-10-04T01:52:39.6898519Z,load-client-recheck,client,recheck,30000,0.731,0.748,Answered,"The coordinator, pid 83864, took 'recheck'."
689,2026-10-04T01:52:39.9048294Z,load-client-recheck,client,recheck,30000,0.957,0.983,Answered,"The coordinator, pid 83864, took 'recheck'."
690,2026-10-04T01:52:40.1067677Z,load-client-recheck,client,recheck,30000,0.992,1.383,Answered,"The coordinator, pid 83864, took 'recheck'."
691,2026-10-04T01:52:40.3086361Z,load-client-recheck,client,recheck,30000,0.614,0.639,Answered,"The coordinator, pid 83864, took 'recheck'."
692,2026-10-04T01:52:40.5174084Z,load-client-recheck,client,recheck,30000,8.030,8.058,Answered,"The coordinator, pid 83864, took 'recheck'."
693,2026-10-04T01:52:40.7187526Z,load-client-recheck,client,recheck,30000,0.718,0.744,Answered,"The coordinator, pid 83864, took 'recheck'."
694,2026-10-04T01:52:40.9196956Z,load-client-recheck,client,recheck,30000,0.662,0.680,Answered,"The coordinator, pid 83864, took 'recheck'."
695,2026-10-04T01:52:41.1205120Z,load-client-recheck,client,recheck,30000,0.588,0.613,Answered,"The coordinator, pid 83864, took 'recheck'."
696,2026-10-04T01:52:41.3222279Z,load-client-recheck,client,recheck,30000,1.129,1.163,Answered,"The coordinator, pid 83864, took 'recheck'."
697,2026-10-04T01:52:41.5250820Z,load-client-recheck,client,recheck,30000,0.615,0.629,Answered,"The coordinator, pid 83864, took 'recheck'."
698,2026-10-04T01:52:41.7275598Z,load-client-recheck,client,recheck,30000,1.074,1.091,Answered,"The coordinator, pid 83864, took 'recheck'."
699,2026-10-04T01:52:41.9287553Z,load-client-recheck,client,recheck,30000,0.898,0.927,Answered,"The coordinator, pid 83864, took 'recheck'."
700,2026-10-04T01:52:42.1403949Z,load-client-recheck,client,recheck,30000,1.056,1.079,Answered,"The coordinator, pid 83864, took 'recheck'."
701,2026-10-04T01:52:42.3415674Z,load-client-recheck,client,recheck,30000,0.828,0.856,Answered,"The coordinator, pid 83864, took 'recheck'."
702,2026-10-04T01:52:42.5423812Z,load-client-recheck,client,recheck,30000,0.528,0.547,Answered,"The coordinator, pid 83864, took 'recheck'."
703,2026-10-04T01:52:42.7433139Z,load-client-recheck,client,recheck,30000,0.672,0.694,Answered,"The coordinator, pid 83864, took 'recheck'."
704,2026-10-04T01:52:42.9445780Z,load-client-recheck,client,recheck,30000,0.551,0.570,Answered,"The coordinator, pid 83864, took 'recheck'."
705,2026-10-04T01:52:43.1454715Z,load-client-recheck,client,recheck,30000,0.486,0.502,Answered,"The coordinator, pid 83864, took 'recheck'."
706,2026-10-04T01:52:43.3474644Z,load-client-recheck,client,recheck,30000,0.896,0.914,Answered,"The coordinator, pid 83864, took 'recheck'."
707,2026-10-04T01:52:43.5489203Z,load-client-recheck,client,recheck,30000,0.633,0.651,Answered,"The coordinator, pid 83864, took 'recheck'."
708,2026-10-04T01:52:43.7509061Z,load-client-recheck,client,recheck,30000,0.656,0.679,Answered,"The coordinator, pid 83864, took 'recheck'."
709,2026-10-04T01:52:43.9520100Z,load-client-recheck,client,recheck,30000,0.542,0.558,Answered,"The coordinator, pid 83864, took 'recheck'."
710,2026-10-04T01:52:44.1556606Z,load-client-recheck,client,recheck,30000,0.456,0.472,Answered,"The coordinator, pid 83864, took 'recheck'."
711,2026-10-04T01:52:44.3565027Z,load-client-recheck,client,recheck,30000,0.500,0.516,Answered,"The coordinator, pid 83864, took 'recheck'."
712,2026-10-04T01:52:44.5583922Z,load-client-recheck,client,recheck,30000,0.448,0.467,Answered,"The coordinator, pid 83864, took 'recheck'."
713,2026-10-04T01:52:44.7689420Z,load-client-recheck,client,recheck,30000,0.556,0.578,Answered,"The coordinator, pid 83864, took 'recheck'."
714,2026-10-04T01:52:44.9706629Z,load-client-recheck,client,recheck,30000,0.559,0.579,Answered,"The coordinator, pid 83864, took 'recheck'."
715,2026-10-04T01:52:45.1718297Z,load-client-recheck,client,recheck,30000,0.491,0.515,Answered,"The coordinator, pid 83864, took 'recheck'."
716,2026-10-04T01:52:45.3841381Z,load-client-recheck,client,recheck,30000,0.510,0.527,Answered,"The coordinator, pid 83864, took 'recheck'."
717,2026-10-04T01:52:45.5895554Z,load-client-recheck,client,recheck,30000,3.621,3.667,Answered,"The coordinator, pid 83864, took 'recheck'."
718,2026-10-04T01:52:45.7917268Z,load-client-recheck,client,recheck,30000,0.449,0.468,Answered,"The coordinator, pid 83864, took 'recheck'."
719,2026-10-04T01:52:45.9927580Z,load-client-recheck,client,recheck,30000,0.459,0.481,Answered,"The coordinator, pid 83864, took 'recheck'."
720,2026-10-04T01:52:46.1938647Z,load-client-recheck,client,recheck,30000,0.516,0.527,Answered,"The coordinator, pid 83864, took 'recheck'."
721,2026-10-04T01:52:46.3951700Z,load-client-recheck,client,recheck,30000,0.805,0.825,Answered,"The coordinator, pid 83864, took 'recheck'."
722,2026-10-04T01:52:46.5961035Z,load-client-recheck,client,recheck,30000,0.694,0.711,Answered,"The coordinator, pid 83864, took 'recheck'."
723,2026-10-04T01:52:46.7971862Z,load-client-recheck,client,recheck,30000,0.519,0.538,Answered,"The coordinator, pid 83864, took 'recheck'."
724,2026-10-04T01:52:46.9986911Z,load-client-recheck,client,recheck,30000,0.530,0.549,Answered,"The coordinator, pid 83864, took 'recheck'."
725,2026-10-04T01:52:47.1998474Z,load-client-recheck,client,recheck,30000,0.595,0.616,Answered,"The coordinator, pid 83864, took 'recheck'."
726,2026-10-04T01:52:47.4009793Z,load-client-recheck,client,recheck,30000,0.743,0.768,Answered,"The coordinator, pid 83864, took 'recheck'."
727,2026-10-04T01:52:47.6022755Z,load-client-recheck,client,recheck,30000,0.445,0.462,Answered,"The coordinator, pid 83864, took 'recheck'."
728,2026-10-04T01:52:47.8033245Z,load-client-recheck,client,recheck,30000,0.539,0.556,Answered,"The coordinator, pid 83864, took 'recheck'."
729,2026-10-04T01:52:48.0207535Z,load-client-recheck,client,recheck,30000,2.667,2.699,Answered,"The coordinator, pid 83864, took 'recheck'."
730,2026-10-04T01:52:48.2221599Z,load-client-recheck,client,recheck,30000,0.517,0.537,Answered,"The coordinator, pid 83864, took 'recheck'."
731,2026-10-04T01:52:48.4236666Z,load-client-recheck,client,recheck,30000,0.703,0.736,Answered,"The coordinator, pid 83864, took 'recheck'."
732,2026-10-04T01:52:48.6272030Z,load-client-recheck,client,recheck,30000,1.361,1.510,Answered,"The coordinator, pid 83864, took 'recheck'."
733,2026-10-04T01:52:48.8305207Z,load-client-recheck,client,recheck,30000,2.512,2.561,Answered,"The coordinator, pid 83864, took 'recheck'."
734,2026-10-04T01:52:49.0315488Z,load-client-recheck,client,recheck,30000,0.561,0.584,Answered,"The coordinator, pid 83864, took 'recheck'."
735,2026-10-04T01:52:49.2328220Z,load-client-recheck,client,recheck,30000,0.550,0.571,Answered,"The coordinator, pid 83864, took 'recheck'."
736,2026-10-04T01:52:49.4338358Z,load-client-recheck,client,recheck,30000,0.649,0.674,Answered,"The coordinator, pid 83864, took 'recheck'."
737,2026-10-04T01:52:49.6345258Z,load-client-recheck,client,recheck,30000,0.501,0.515,Answered,"The coordinator, pid 83864, took 'recheck'."
738,2026-10-04T01:52:49.8372226Z,load-client-recheck,client,recheck,30000,1.179,1.228,Answered,"The coordinator, pid 83864, took 'recheck'."
739,2026-10-04T01:52:50.0392139Z,load-client-recheck,client,recheck,30000,0.796,0.821,Answered,"The coordinator, pid 83864, took 'recheck'."
740,2026-10-04T01:52:50.2546729Z,load-client-recheck,client,recheck,30000,0.677,0.696,Answered,"The coordinator, pid 83864, took 'recheck'."
741,2026-10-04T01:52:50.4570064Z,load-client-recheck,client,recheck,30000,0.927,0.960,Answered,"The coordinator, pid 83864, took 'recheck'."
742,2026-10-04T01:52:50.6579470Z,load-client-recheck,client,recheck,30000,0.596,0.620,Answered,"The coordinator, pid 83864, took 'recheck'."
743,2026-10-04T01:52:50.8735158Z,load-client-recheck,client,recheck,30000,0.648,0.673,Answered,"The coordinator, pid 83864, took 'recheck'."
744,2026-10-04T01:52:51.0744177Z,load-client-recheck,client,recheck,30000,0.579,0.599,Answered,"The coordinator, pid 83864, took 'recheck'."
745,2026-10-04T01:52:51.2774507Z,load-client-recheck,client,recheck,30000,0.804,0.820,Answered,"The coordinator, pid 83864, took 'recheck'."
746,2026-10-04T01:52:51.4783589Z,load-client-recheck,client,recheck,30000,0.469,0.489,Answered,"The coordinator, pid 83864, took 'recheck'."
747,2026-10-04T01:52:51.6795575Z,load-client-recheck,client,recheck,30000,0.642,0.663,Answered,"The coordinator, pid 83864, took 'recheck'."
748,2026-10-04T01:52:51.8853500Z,load-client-recheck,client,recheck,30000,0.974,1.013,Answered,"The coordinator, pid 83864, took 'recheck'."
749,2026-10-04T01:52:52.0862955Z,load-client-recheck,client,recheck,30000,0.701,0.725,Answered,"The coordinator, pid 83864, took 'recheck'."
750,2026-10-04T01:52:52.2887947Z,load-client-recheck,client,recheck,30000,0.655,0.681,Answered,"The coordinator, pid 83864, took 'recheck'."
751,2026-10-04T01:52:52.4998366Z,load-client-recheck,client,recheck,30000,0.609,0.633,Answered,"The coordinator, pid 83864, took 'recheck'."
752,2026-10-04T01:52:52.7036356Z,load-client-recheck,client,recheck,30000,2.599,3.017,Answered,"The coordinator, pid 83864, took 'recheck'."
753,2026-10-04T01:52:52.9058243Z,load-client-recheck,client,recheck,30000,0.817,0.851,Answered,"The coordinator, pid 83864, took 'recheck'."
754,2026-10-04T01:52:53.1094081Z,load-client-recheck,client,recheck,30000,1.630,1.653,Answered,"The coordinator, pid 83864, took 'recheck'."
755,2026-10-04T01:52:53.3116229Z,load-client-recheck,client,recheck,30000,0.692,0.709,Answered,"The coordinator, pid 83864, took 'recheck'."
756,2026-10-04T01:52:53.5144481Z,load-client-recheck,client,recheck,30000,0.884,0.940,Answered,"The coordinator, pid 83864, took 'recheck'."
757,2026-10-04T01:52:53.7156456Z,load-client-recheck,client,recheck,30000,0.746,0.809,Answered,"The coordinator, pid 83864, took 'recheck'."
758,2026-10-04T01:52:53.9199923Z,load-client-recheck,client,recheck,30000,2.409,2.471,Answered,"The coordinator, pid 83864, took 'recheck'."
759,2026-10-04T01:52:54.1289889Z,load-client-recheck,client,recheck,30000,7.146,7.230,Answered,"The coordinator, pid 83864, took 'recheck'."
760,2026-10-04T01:52:54.3388736Z,load-client-recheck,client,recheck,30000,2.491,6.898,Answered,"The coordinator, pid 83864, took 'recheck'."
761,2026-10-04T01:52:54.5449418Z,load-client-recheck,client,recheck,30000,3.582,3.916,Answered,"The coordinator, pid 83864, took 'recheck'."
762,2026-10-04T01:52:54.8040634Z,load-client-recheck,client,recheck,30000,30.692,31.300,Answered,"The coordinator, pid 83864, took 'recheck'."
763,2026-10-04T01:52:55.1138839Z,load-client-recheck,client,recheck,30000,28.363,68.567,Answered,"The coordinator, pid 83864, took 'recheck'."
764,2026-10-04T01:52:55.3513879Z,load-client-recheck,client,recheck,30000,10.543,11.244,Answered,"The coordinator, pid 83864, took 'recheck'."
765,2026-10-04T01:52:55.5556544Z,load-client-recheck,client,recheck,30000,3.278,3.301,Answered,"The coordinator, pid 83864, took 'recheck'."
766,2026-10-04T01:52:55.7724794Z,load-client-recheck,client,recheck,30000,12.361,12.494,Answered,"The coordinator, pid 83864, took 'recheck'."
767,2026-10-04T01:52:56.0393781Z,load-client-recheck,client,recheck,30000,43.034,58.294,Answered,"The coordinator, pid 83864, took 'recheck'."
768,2026-10-04T01:52:56.2677946Z,load-client-recheck,client,recheck,30000,16.061,24.345,Answered,"The coordinator, pid 83864, took 'recheck'."
769,2026-10-04T01:52:56.5007476Z,load-client-recheck,client,recheck,30000,10.118,10.141,Answered,"The coordinator, pid 83864, took 'recheck'."
770,2026-10-04T01:52:56.8083905Z,load-client-recheck,client,recheck,30000,102.790,102.967,Answered,"The coordinator, pid 83864, took 'recheck'."
771,2026-10-04T01:52:57.0127715Z,load-client-recheck,client,recheck,30000,3.102,3.128,Answered,"The coordinator, pid 83864, took 'recheck'."
772,2026-10-04T01:52:57.2295462Z,load-client-recheck,client,recheck,30000,1.416,1.750,Answered,"The coordinator, pid 83864, took 'recheck'."
773,2026-10-04T01:52:57.4562731Z,load-client-recheck,client,recheck,30000,11.073,11.099,Answered,"The coordinator, pid 83864, took 'recheck'."
774,2026-10-04T01:52:57.6803336Z,load-client-recheck,client,recheck,30000,9.758,22.026,Answered,"The coordinator, pid 83864, took 'recheck'."
775,2026-10-04T01:52:57.8919470Z,load-client-recheck,client,recheck,30000,5.980,7.910,Answered,"The coordinator, pid 83864, took 'recheck'."
776,2026-10-04T01:52:58.1165477Z,load-client-recheck,client,recheck,30000,12.662,12.678,Answered,"The coordinator, pid 83864, took 'recheck'."
777,2026-10-04T01:52:58.3312952Z,load-client-recheck,client,recheck,30000,11.280,11.300,Answered,"The coordinator, pid 83864, took 'recheck'."
778,2026-10-04T01:52:58.5463353Z,load-client-recheck,client,recheck,30000,12.460,13.552,Answered,"The coordinator, pid 83864, took 'recheck'."
779,2026-10-04T01:52:58.7697374Z,load-client-recheck,client,recheck,30000,21.121,21.148,Answered,"The coordinator, pid 83864, took 'recheck'."
780,2026-10-04T01:52:58.9840744Z,load-client-recheck,client,recheck,30000,5.911,12.044,Answered,"The coordinator, pid 83864, took 'recheck'."
781,2026-10-04T01:52:59.2199823Z,load-client-recheck,client,recheck,30000,29.003,29.157,Answered,"The coordinator, pid 83864, took 'recheck'."
782,2026-10-04T01:52:59.5004235Z,load-client-recheck,client,recheck,30000,72.657,72.683,Answered,"The coordinator, pid 83864, took 'recheck'."
783,2026-10-04T01:52:59.7399045Z,load-client-recheck,client,recheck,30000,26.741,26.767,Answered,"The coordinator, pid 83864, took 'recheck'."
784,2026-10-04T01:53:00.0678841Z,load-client-recheck,client,recheck,30000,107.585,107.619,Answered,"The coordinator, pid 83864, took 'recheck'."
785,2026-10-04T01:53:00.3957022Z,load-client-recheck,client,recheck,30000,127.184,127.463,Answered,"The coordinator, pid 83864, took 'recheck'."
786,2026-10-04T01:53:00.6314501Z,load-client-recheck,client,recheck,30000,1.166,1.183,Answered,"The coordinator, pid 83864, took 'recheck'."
787,2026-10-04T01:53:00.8595336Z,load-client-recheck,client,recheck,30000,10.096,14.482,Answered,"The coordinator, pid 83864, took 'recheck'."
788,2026-10-04T01:53:01.1119169Z,load-client-recheck,client,recheck,30000,38.826,38.851,Answered,"The coordinator, pid 83864, took 'recheck'."
789,2026-10-04T01:53:01.3861337Z,load-client-recheck,client,recheck,30000,37.961,38.057,Answered,"The coordinator, pid 83864, took 'recheck'."
790,2026-10-04T01:53:01.6099794Z,load-client-recheck,client,recheck,30000,22.450,22.478,Answered,"The coordinator, pid 83864, took 'recheck'."
791,2026-10-04T01:53:01.8275751Z,load-client-recheck,client,recheck,30000,1.094,3.389,Answered,"The coordinator, pid 83864, took 'recheck'."
792,2026-10-04T01:53:02.0372131Z,load-client-recheck,client,recheck,30000,7.237,7.398,Answered,"The coordinator, pid 83864, took 'recheck'."
793,2026-10-04T01:53:02.6190821Z,load-client-recheck,client,recheck,30000,206.240,235.470,Answered,"The coordinator, pid 83864, took 'recheck'."
794,2026-10-04T01:53:02.9986442Z,load-client-recheck,client,recheck,30000,165.397,165.670,Answered,"The coordinator, pid 83864, took 'recheck'."
795,2026-10-04T01:53:03.2041287Z,load-client-recheck,client,recheck,30000,3.454,3.485,Answered,"The coordinator, pid 83864, took 'recheck'."
796,2026-10-04T01:53:03.5455965Z,load-client-recheck,client,recheck,30000,65.564,65.588,Answered,"The coordinator, pid 83864, took 'recheck'."
797,2026-10-04T01:53:03.8322305Z,load-client-recheck,client,recheck,30000,38.061,38.099,Answered,"The coordinator, pid 83864, took 'recheck'."
798,2026-10-04T01:53:04.2082687Z,load-client-recheck,client,recheck,30000,46.367,65.530,Answered,"The coordinator, pid 83864, took 'recheck'."
799,2026-10-04T01:53:04.5341866Z,load-client-recheck,client,recheck,30000,49.625,67.931,Answered,"The coordinator, pid 83864, took 'recheck'."
800,2026-10-04T01:53:04.9007209Z,load-client-recheck,client,recheck,30000,42.027,77.941,Answered,"The coordinator, pid 83864, took 'recheck'."
801,2026-10-04T01:53:05.1951051Z,load-client-recheck,client,recheck,30000,60.560,60.594,Answered,"The coordinator, pid 83864, took 'recheck'."
802,2026-10-04T01:53:05.5454166Z,load-client-recheck,client,recheck,30000,21.794,22.349,Answered,"The coordinator, pid 83864, took 'recheck'."
803,2026-10-04T01:53:05.8143450Z,load-client-recheck,client,recheck,30000,50.053,50.380,Answered,"The coordinator, pid 83864, took 'recheck'."
804,2026-10-04T01:53:06.1062649Z,load-client-recheck,client,recheck,30000,13.776,23.369,Answered,"The coordinator, pid 83864, took 'recheck'."
805,2026-10-04T01:53:06.3363455Z,load-client-recheck,client,recheck,30000,4.785,4.993,Answered,"The coordinator, pid 83864, took 'recheck'."
806,2026-10-04T01:53:06.5377684Z,load-client-recheck,client,recheck,30000,0.693,0.748,Answered,"The coordinator, pid 83864, took 'recheck'."
807,2026-10-04T01:53:06.7387285Z,load-client-recheck,client,recheck,30000,0.593,0.618,Answered,"The coordinator, pid 83864, took 'recheck'."
808,2026-10-04T01:53:06.9411070Z,load-client-recheck,client,recheck,30000,0.517,0.539,Answered,"The coordinator, pid 83864, took 'recheck'."
809,2026-10-04T01:53:07.1425200Z,load-client-recheck,client,recheck,30000,0.619,0.653,Answered,"The coordinator, pid 83864, took 'recheck'."
810,2026-10-04T01:53:07.3531996Z,load-client-recheck,client,recheck,30000,5.243,5.269,Answered,"The coordinator, pid 83864, took 'recheck'."
811,2026-10-04T01:53:07.5650052Z,load-client-recheck,client,recheck,30000,3.838,3.868,Answered,"The coordinator, pid 83864, took 'recheck'."
812,2026-10-04T01:53:07.9085927Z,load-client-recheck,client,recheck,30000,42.997,109.899,Answered,"The coordinator, pid 83864, took 'recheck'."
813,2026-10-04T01:53:08.1373435Z,load-client-recheck,client,recheck,30000,5.188,19.956,Answered,"The coordinator, pid 83864, took 'recheck'."
814,2026-10-04T01:53:08.3798965Z,load-client-recheck,client,recheck,30000,0.886,11.374,Answered,"The coordinator, pid 83864, took 'recheck'."
815,2026-10-04T01:53:08.6124089Z,load-client-recheck,client,recheck,30000,4.963,5.162,Answered,"The coordinator, pid 83864, took 'recheck'."
816,2026-10-04T01:53:08.8158550Z,load-client-recheck,client,recheck,30000,2.843,2.957,Answered,"The coordinator, pid 83864, took 'recheck'."
817,2026-10-04T01:53:09.0304115Z,load-client-recheck,client,recheck,30000,11.636,11.693,Answered,"The coordinator, pid 83864, took 'recheck'."
818,2026-10-04T01:53:09.2389830Z,load-client-recheck,client,recheck,30000,7.312,7.333,Answered,"The coordinator, pid 83864, took 'recheck'."
819,2026-10-04T01:53:09.4416888Z,load-client-recheck,client,recheck,30000,1.341,1.359,Answered,"The coordinator, pid 83864, took 'recheck'."
820,2026-10-04T01:53:09.6472117Z,load-client-recheck,client,recheck,30000,4.550,5.325,Answered,"The coordinator, pid 83864, took 'recheck'."
821,2026-10-04T01:53:09.8485895Z,load-client-recheck,client,recheck,30000,0.682,0.706,Answered,"The coordinator, pid 83864, took 'recheck'."
822,2026-10-04T01:53:10.0507142Z,load-client-recheck,client,recheck,30000,0.573,0.592,Answered,"The coordinator, pid 83864, took 'recheck'."
823,2026-10-04T01:53:10.2528977Z,load-client-recheck,client,recheck,30000,0.484,0.503,Answered,"The coordinator, pid 83864, took 'recheck'."
824,2026-10-04T01:53:10.4541454Z,load-client-recheck,client,recheck,30000,0.667,0.692,Answered,"The coordinator, pid 83864, took 'recheck'."
825,2026-10-04T01:53:10.6621042Z,load-client-recheck,client,recheck,30000,0.602,0.626,Answered,"The coordinator, pid 83864, took 'recheck'."
826,2026-10-04T01:53:10.8627749Z,load-client-recheck,client,recheck,30000,0.458,0.475,Answered,"The coordinator, pid 83864, took 'recheck'."
827,2026-10-04T01:53:11.0636173Z,load-client-recheck,client,recheck,30000,0.582,0.609,Answered,"The coordinator, pid 83864, took 'recheck'."
828,2026-10-04T01:53:11.2794703Z,load-client-recheck,client,recheck,30000,0.645,0.659,Answered,"The coordinator, pid 83864, took 'recheck'."
829,2026-10-04T01:53:11.4810564Z,load-client-recheck,client,recheck,30000,0.633,0.667,Answered,"The coordinator, pid 83864, took 'recheck'."
830,2026-10-04T01:53:11.6820834Z,load-client-recheck,client,recheck,30000,0.640,0.660,Answered,"The coordinator, pid 83864, took 'recheck'."
831,2026-10-04T01:53:11.8828023Z,load-client-recheck,client,recheck,30000,0.496,0.516,Answered,"The coordinator, pid 83864, took 'recheck'."
832,2026-10-04T01:53:12.0838728Z,load-client-recheck,client,recheck,30000,0.644,0.664,Answered,"The coordinator, pid 83864, took 'recheck'."
833,2026-10-04T01:53:12.2915635Z,load-client-recheck,client,recheck,30000,0.597,0.615,Answered,"The coordinator, pid 83864, took 'recheck'."
834,2026-10-04T01:53:12.4933412Z,load-client-recheck,client,recheck,30000,0.585,0.602,Answered,"The coordinator, pid 83864, took 'recheck'."
835,2026-10-04T01:53:12.6947469Z,load-client-recheck,client,recheck,30000,0.565,0.578,Answered,"The coordinator, pid 83864, took 'recheck'."
836,2026-10-04T01:53:12.8960075Z,load-client-recheck,client,recheck,30000,0.764,0.786,Answered,"The coordinator, pid 83864, took 'recheck'."
837,2026-10-04T01:53:13.0970442Z,load-client-recheck,client,recheck,30000,0.751,0.773,Answered,"The coordinator, pid 83864, took 'recheck'."
838,2026-10-04T01:53:13.2983768Z,load-client-recheck,client,recheck,30000,0.707,0.729,Answered,"The coordinator, pid 83864, took 'recheck'."
839,2026-10-04T01:53:13.4998354Z,load-client-recheck,client,recheck,30000,0.816,0.837,Answered,"The coordinator, pid 83864, took 'recheck'."
840,2026-10-04T01:53:13.7011137Z,load-client-recheck,client,recheck,30000,0.575,0.598,Answered,"The coordinator, pid 83864, took 'recheck'."
841,2026-10-04T01:53:13.9018376Z,load-client-recheck,client,recheck,30000,0.490,0.508,Answered,"The coordinator, pid 83864, took 'recheck'."
842,2026-10-04T01:53:14.1030912Z,load-client-recheck,client,recheck,30000,0.725,0.754,Answered,"The coordinator, pid 83864, took 'recheck'."
843,2026-10-04T01:53:14.3040799Z,load-client-recheck,client,recheck,30000,0.610,0.624,Answered,"The coordinator, pid 83864, took 'recheck'."
844,2026-10-04T01:53:14.5052821Z,load-client-recheck,client,recheck,30000,0.514,0.550,Answered,"The coordinator, pid 83864, took 'recheck'."
845,2026-10-04T01:53:14.7067887Z,load-client-recheck,client,recheck,30000,0.582,0.595,Answered,"The coordinator, pid 83864, took 'recheck'."
846,2026-10-04T01:53:14.9089609Z,load-client-recheck,client,recheck,30000,0.565,0.583,Answered,"The coordinator, pid 83864, took 'recheck'."
847,2026-10-04T01:53:15.1100871Z,load-client-recheck,client,recheck,30000,0.469,0.486,Answered,"The coordinator, pid 83864, took 'recheck'."
848,2026-10-04T01:53:15.3146709Z,load-client-recheck,client,recheck,30000,0.544,0.567,Answered,"The coordinator, pid 83864, took 'recheck'."
849,2026-10-04T01:53:15.5158246Z,load-client-recheck,client,recheck,30000,0.510,0.527,Answered,"The coordinator, pid 83864, took 'recheck'."
850,2026-10-04T01:53:15.7177190Z,load-client-recheck,client,recheck,30000,0.517,0.532,Answered,"The coordinator, pid 83864, took 'recheck'."
851,2026-10-04T01:53:15.9185983Z,load-client-recheck,client,recheck,30000,0.501,0.513,Answered,"The coordinator, pid 83864, took 'recheck'."
852,2026-10-04T01:53:16.1195940Z,load-client-recheck,client,recheck,30000,0.437,0.454,Answered,"The coordinator, pid 83864, took 'recheck'."
853,2026-10-04T01:53:16.3235514Z,load-client-recheck,client,recheck,30000,0.479,0.495,Answered,"The coordinator, pid 83864, took 'recheck'."
854,2026-10-04T01:53:16.5243150Z,load-client-recheck,client,recheck,30000,0.442,0.456,Answered,"The coordinator, pid 83864, took 'recheck'."
855,2026-10-04T01:53:16.7254494Z,load-client-recheck,client,recheck,30000,0.573,0.590,Answered,"The coordinator, pid 83864, took 'recheck'."
856,2026-10-04T01:53:16.9261249Z,load-client-recheck,client,recheck,30000,0.474,0.488,Answered,"The coordinator, pid 83864, took 'recheck'."
857,2026-10-04T01:53:17.1288145Z,load-client-recheck,client,recheck,30000,0.533,0.546,Answered,"The coordinator, pid 83864, took 'recheck'."
858,2026-10-04T01:53:17.3362571Z,load-client-recheck,client,recheck,30000,0.599,0.619,Answered,"The coordinator, pid 83864, took 'recheck'."
859,2026-10-04T01:53:17.5374256Z,load-client-recheck,client,recheck,30000,0.488,0.507,Answered,"The coordinator, pid 83864, took 'recheck'."
860,2026-10-04T01:53:17.7391739Z,load-client-recheck,client,recheck,30000,0.522,0.539,Answered,"The coordinator, pid 83864, took 'recheck'."
861,2026-10-04T01:53:17.9401646Z,load-client-recheck,client,recheck,30000,0.546,0.560,Answered,"The coordinator, pid 83864, took 'recheck'."
862,2026-10-04T01:53:18.1408239Z,load-client-recheck,client,recheck,30000,0.480,0.494,Answered,"The coordinator, pid 83864, took 'recheck'."
863,2026-10-04T01:53:18.3476817Z,load-client-recheck,client,recheck,30000,0.542,0.570,Answered,"The coordinator, pid 83864, took 'recheck'."
864,2026-10-04T01:53:18.5485337Z,load-client-recheck,client,recheck,30000,0.512,0.537,Answered,"The coordinator, pid 83864, took 'recheck'."
865,2026-10-04T01:53:18.7496439Z,load-client-recheck,client,recheck,30000,0.790,0.811,Answered,"The coordinator, pid 83864, took 'recheck'."
866,2026-10-04T01:53:18.9511839Z,load-client-recheck,client,recheck,30000,0.627,0.649,Answered,"The coordinator, pid 83864, took 'recheck'."
867,2026-10-04T01:53:19.1533219Z,load-client-recheck,client,recheck,30000,0.971,1.030,Answered,"The coordinator, pid 83864, took 'recheck'."
868,2026-10-04T01:53:19.3543325Z,load-client-recheck,client,recheck,30000,0.526,0.540,Answered,"The coordinator, pid 83864, took 'recheck'."
869,2026-10-04T01:53:19.5558125Z,load-client-recheck,client,recheck,30000,0.493,0.514,Answered,"The coordinator, pid 83864, took 'recheck'."
870,2026-10-04T01:53:19.7567603Z,load-client-recheck,client,recheck,30000,0.541,0.562,Answered,"The coordinator, pid 83864, took 'recheck'."
871,2026-10-04T01:53:19.9575777Z,load-client-recheck,client,recheck,30000,0.411,0.423,Answered,"The coordinator, pid 83864, took 'recheck'."
872,2026-10-04T01:53:20.1593886Z,load-client-recheck,client,recheck,30000,0.441,0.457,Answered,"The coordinator, pid 83864, took 'recheck'."
873,2026-10-04T01:53:20.3665576Z,load-client-recheck,client,recheck,30000,0.754,0.774,Answered,"The coordinator, pid 83864, took 'recheck'."
874,2026-10-04T01:53:20.5685343Z,load-client-recheck,client,recheck,30000,0.486,0.505,Answered,"The coordinator, pid 83864, took 'recheck'."
875,2026-10-04T01:53:20.7712220Z,load-client-recheck,client,recheck,30000,0.712,0.761,Answered,"The coordinator, pid 83864, took 'recheck'."
876,2026-10-04T01:53:20.9724527Z,load-client-recheck,client,recheck,30000,0.556,0.578,Answered,"The coordinator, pid 83864, took 'recheck'."
877,2026-10-04T01:53:21.1732943Z,load-client-recheck,client,recheck,30000,0.560,0.580,Answered,"The coordinator, pid 83864, took 'recheck'."
878,2026-10-04T01:53:21.3766500Z,load-client-recheck,client,recheck,30000,0.469,0.484,Answered,"The coordinator, pid 83864, took 'recheck'."
879,2026-10-04T01:53:21.5773459Z,load-client-recheck,client,recheck,30000,0.506,0.521,Answered,"The coordinator, pid 83864, took 'recheck'."
880,2026-10-04T01:53:21.7782923Z,load-client-recheck,client,recheck,30000,0.565,0.580,Answered,"The coordinator, pid 83864, took 'recheck'."
881,2026-10-04T01:53:21.9929179Z,load-client-recheck,client,recheck,30000,1.098,1.121,Answered,"The coordinator, pid 83864, took 'recheck'."
882,2026-10-04T01:53:22.1939940Z,load-client-recheck,client,recheck,30000,0.552,0.566,Answered,"The coordinator, pid 83864, took 'recheck'."
883,2026-10-04T01:53:22.3954365Z,load-client-recheck,client,recheck,30000,0.760,0.786,Answered,"The coordinator, pid 83864, took 'recheck'."
884,2026-10-04T01:53:22.5964256Z,load-client-recheck,client,recheck,30000,0.761,0.783,Answered,"The coordinator, pid 83864, took 'recheck'."
885,2026-10-04T01:53:22.7985701Z,load-client-recheck,client,recheck,30000,0.426,0.439,Answered,"The coordinator, pid 83864, took 'recheck'."
886,2026-10-04T01:53:22.9997426Z,load-client-recheck,client,recheck,30000,0.554,0.571,Answered,"The coordinator, pid 83864, took 'recheck'."
887,2026-10-04T01:53:23.2012148Z,load-client-recheck,client,recheck,30000,0.502,0.521,Answered,"The coordinator, pid 83864, took 'recheck'."
888,2026-10-04T01:53:23.4027065Z,load-client-recheck,client,recheck,30000,0.466,0.486,Answered,"The coordinator, pid 83864, took 'recheck'."
889,2026-10-04T01:53:23.6135141Z,load-client-recheck,client,recheck,30000,0.606,0.621,Answered,"The coordinator, pid 83864, took 'recheck'."
890,2026-10-04T01:53:23.8151529Z,load-client-recheck,client,recheck,30000,0.442,0.458,Answered,"The coordinator, pid 83864, took 'recheck'."
891,2026-10-04T01:53:24.0171231Z,load-client-recheck,client,recheck,30000,0.517,0.531,Answered,"The coordinator, pid 83864, took 'recheck'."
892,2026-10-04T01:53:24.2328508Z,load-client-recheck,client,recheck,30000,0.921,1.036,Answered,"The coordinator, pid 83864, took 'recheck'."
893,2026-10-04T01:53:24.4342307Z,load-client-recheck,client,recheck,30000,0.823,0.849,Answered,"The coordinator, pid 83864, took 'recheck'."
894,2026-10-04T01:53:24.6354831Z,load-client-recheck,client,recheck,30000,0.760,0.785,Answered,"The coordinator, pid 83864, took 'recheck'."
895,2026-10-04T01:53:24.8439787Z,load-client-recheck,client,recheck,30000,3.052,3.084,Answered,"The coordinator, pid 83864, took 'recheck'."
896,2026-10-04T01:53:25.0450783Z,load-client-recheck,client,recheck,30000,0.630,0.654,Answered,"The coordinator, pid 83864, took 'recheck'."
897,2026-10-04T01:53:25.2469164Z,load-client-recheck,client,recheck,30000,0.626,0.644,Answered,"The coordinator, pid 83864, took 'recheck'."
898,2026-10-04T01:53:25.4479252Z,load-client-recheck,client,recheck,30000,0.481,0.497,Answered,"The coordinator, pid 83864, took 'recheck'."
899,2026-10-04T01:53:25.6492325Z,load-client-recheck,client,recheck,30000,0.527,0.548,Answered,"The coordinator, pid 83864, took 'recheck'."
900,2026-10-04T01:53:25.8554544Z,load-client-recheck,client,recheck,30000,0.525,0.546,Answered,"The coordinator, pid 83864, took 'recheck'."
901,2026-10-04T01:53:26.0569740Z,load-client-recheck,client,recheck,30000,0.466,0.481,Answered,"The coordinator, pid 83864, took 'recheck'."
902,2026-10-04T01:53:26.2587813Z,load-client-recheck,client,recheck,30000,0.486,0.503,Answered,"The coordinator, pid 83864, took 'recheck'."
903,2026-10-04T01:53:26.4604070Z,load-client-recheck,client,recheck,30000,0.483,0.502,Answered,"The coordinator, pid 83864, took 'recheck'."
904,2026-10-04T01:53:26.6616713Z,load-client-recheck,client,recheck,30000,0.577,0.605,Answered,"The coordinator, pid 83864, took 'recheck'."
905,2026-10-04T01:53:26.8683667Z,load-client-recheck,client,recheck,30000,0.565,0.588,Answered,"The coordinator, pid 83864, took 'recheck'."
906,2026-10-04T01:53:27.0694534Z,load-client-recheck,client,recheck,30000,0.788,0.809,Answered,"The coordinator, pid 83864, took 'recheck'."
907,2026-10-04T01:53:27.2711011Z,load-client-recheck,client,recheck,30000,0.476,0.493,Answered,"The coordinator, pid 83864, took 'recheck'."
908,2026-10-04T01:53:27.4730531Z,load-client-recheck,client,recheck,30000,0.479,0.498,Answered,"The coordinator, pid 83864, took 'recheck'."
909,2026-10-04T01:53:27.6741474Z,load-client-recheck,client,recheck,30000,0.535,0.555,Answered,"The coordinator, pid 83864, took 'recheck'."
910,2026-10-04T01:53:27.8775384Z,load-client-recheck,client,recheck,30000,0.540,0.556,Answered,"The coordinator, pid 83864, took 'recheck'."
911,2026-10-04T01:53:28.0786918Z,load-client-recheck,client,recheck,30000,0.640,0.658,Answered,"The coordinator, pid 83864, took 'recheck'."
912,2026-10-04T01:53:28.2798945Z,load-client-recheck,client,recheck,30000,0.506,0.527,Answered,"The coordinator, pid 83864, took 'recheck'."
913,2026-10-04T01:53:28.4947812Z,load-client-recheck,client,recheck,30000,0.404,0.422,Answered,"The coordinator, pid 83864, took 'recheck'."
914,2026-10-04T01:53:28.6957809Z,load-client-recheck,client,recheck,30000,0.603,0.627,Answered,"The coordinator, pid 83864, took 'recheck'."
915,2026-10-04T01:53:28.8971838Z,load-client-recheck,client,recheck,30000,0.506,0.523,Answered,"The coordinator, pid 83864, took 'recheck'."
916,2026-10-04T01:53:29.0982295Z,load-client-recheck,client,recheck,30000,0.565,0.585,Answered,"The coordinator, pid 83864, took 'recheck'."
917,2026-10-04T01:53:29.2992009Z,load-client-recheck,client,recheck,30000,0.522,0.539,Answered,"The coordinator, pid 83864, took 'recheck'."
918,2026-10-04T01:53:29.5008854Z,load-client-recheck,client,recheck,30000,0.481,0.498,Answered,"The coordinator, pid 83864, took 'recheck'."
919,2026-10-04T01:53:29.7018512Z,load-client-recheck,client,recheck,30000,0.539,0.556,Answered,"The coordinator, pid 83864, took 'recheck'."
920,2026-10-04T01:53:29.9028272Z,load-client-recheck,client,recheck,30000,0.748,0.773,Answered,"The coordinator, pid 83864, took 'recheck'."
921,2026-10-04T01:53:30.1038737Z,load-client-recheck,client,recheck,30000,0.571,0.597,Answered,"The coordinator, pid 83864, took 'recheck'."
922,2026-10-04T01:53:30.3048491Z,load-client-recheck,client,recheck,30000,0.438,0.456,Answered,"The coordinator, pid 83864, took 'recheck'."
923,2026-10-04T01:53:30.5129617Z,load-client-recheck,client,recheck,30000,0.790,0.808,Answered,"The coordinator, pid 83864, took 'recheck'."
924,2026-10-04T01:53:30.7151590Z,load-client-recheck,client,recheck,30000,0.546,0.563,Answered,"The coordinator, pid 83864, took 'recheck'."
925,2026-10-04T01:53:30.9168096Z,load-client-recheck,client,recheck,30000,0.832,0.854,Answered,"The coordinator, pid 83864, took 'recheck'."
926,2026-10-04T01:53:31.1321500Z,load-client-recheck,client,recheck,30000,0.501,0.516,Answered,"The coordinator, pid 83864, took 'recheck'."
927,2026-10-04T01:53:31.3336402Z,load-client-recheck,client,recheck,30000,0.590,0.611,Answered,"The coordinator, pid 83864, took 'recheck'."
928,2026-10-04T01:53:31.5354830Z,load-client-recheck,client,recheck,30000,0.497,0.516,Answered,"The coordinator, pid 83864, took 'recheck'."
929,2026-10-04T01:53:31.7514024Z,load-client-recheck,client,recheck,30000,0.579,0.594,Answered,"The coordinator, pid 83864, took 'recheck'."
930,2026-10-04T01:53:31.9527655Z,load-client-recheck,client,recheck,30000,0.586,0.608,Answered,"The coordinator, pid 83864, took 'recheck'."
931,2026-10-04T01:53:32.1539882Z,load-client-recheck,client,recheck,30000,0.603,0.620,Answered,"The coordinator, pid 83864, took 'recheck'."
932,2026-10-04T01:53:32.3549196Z,load-client-recheck,client,recheck,30000,0.378,0.393,Answered,"The coordinator, pid 83864, took 'recheck'."
933,2026-10-04T01:53:32.5561071Z,load-client-recheck,client,recheck,30000,0.365,0.379,Answered,"The coordinator, pid 83864, took 'recheck'."
934,2026-10-04T01:53:32.7569540Z,load-client-recheck,client,recheck,30000,0.505,0.522,Answered,"The coordinator, pid 83864, took 'recheck'."
935,2026-10-04T01:53:32.9576821Z,load-client-recheck,client,recheck,30000,0.527,0.541,Answered,"The coordinator, pid 83864, took 'recheck'."
936,2026-10-04T01:53:33.1590152Z,load-client-recheck,client,recheck,30000,0.570,0.584,Answered,"The coordinator, pid 83864, took 'recheck'."
937,2026-10-04T01:53:33.3716931Z,load-client-recheck,client,recheck,30000,0.853,0.879,Answered,"The coordinator, pid 83864, took 'recheck'."
938,2026-10-04T01:53:33.5728394Z,load-client-recheck,client,recheck,30000,0.505,0.522,Answered,"The coordinator, pid 83864, took 'recheck'."
939,2026-10-04T01:53:33.7736975Z,load-client-recheck,client,recheck,30000,0.617,0.644,Answered,"The coordinator, pid 83864, took 'recheck'."
940,2026-10-04T01:53:33.9753461Z,load-client-recheck,client,recheck,30000,0.527,0.547,Answered,"The coordinator, pid 83864, took 'recheck'."
941,2026-10-04T01:53:34.1764095Z,load-client-recheck,client,recheck,30000,0.569,0.589,Answered,"The coordinator, pid 83864, took 'recheck'."
942,2026-10-04T01:53:34.3782969Z,load-client-recheck,client,recheck,30000,0.663,1.053,Answered,"The coordinator, pid 83864, took 'recheck'."
943,2026-10-04T01:53:34.5799118Z,load-client-recheck,client,recheck,30000,0.736,0.756,Answered,"The coordinator, pid 83864, took 'recheck'."
944,2026-10-04T01:53:34.7811592Z,load-client-recheck,client,recheck,30000,0.521,0.534,Answered,"The coordinator, pid 83864, took 'recheck'."
945,2026-10-04T01:53:34.9929650Z,load-client-recheck,client,recheck,30000,0.743,0.765,Answered,"The coordinator, pid 83864, took 'recheck'."
946,2026-10-04T01:53:35.1942571Z,load-client-recheck,client,recheck,30000,0.686,0.707,Answered,"The coordinator, pid 83864, took 'recheck'."
947,2026-10-04T01:53:35.3952423Z,load-client-recheck,client,recheck,30000,0.333,0.349,Answered,"The coordinator, pid 83864, took 'recheck'."
948,2026-10-04T01:53:35.5966910Z,load-client-recheck,client,recheck,30000,0.524,0.543,Answered,"The coordinator, pid 83864, took 'recheck'."
949,2026-10-04T01:53:35.7980954Z,load-client-recheck,client,recheck,30000,0.708,0.725,Answered,"The coordinator, pid 83864, took 'recheck'."
950,2026-10-04T01:53:36.0074222Z,load-client-recheck,client,recheck,30000,0.691,0.712,Answered,"The coordinator, pid 83864, took 'recheck'."
951,2026-10-04T01:53:36.2082431Z,load-client-recheck,client,recheck,30000,0.620,0.639,Answered,"The coordinator, pid 83864, took 'recheck'."
952,2026-10-04T01:53:36.4089822Z,load-client-recheck,client,recheck,30000,0.493,0.516,Answered,"The coordinator, pid 83864, took 'recheck'."
953,2026-10-04T01:53:36.6102165Z,load-client-recheck,client,recheck,30000,0.631,0.645,Answered,"The coordinator, pid 83864, took 'recheck'."
954,2026-10-04T01:53:36.8113564Z,load-client-recheck,client,recheck,30000,0.473,0.498,Answered,"The coordinator, pid 83864, took 'recheck'."
955,2026-10-04T01:53:37.0128981Z,load-client-recheck,client,recheck,30000,0.563,0.582,Answered,"The coordinator, pid 83864, took 'recheck'."
956,2026-10-04T01:53:37.2139688Z,load-client-recheck,client,recheck,30000,0.502,0.519,Answered,"The coordinator, pid 83864, took 'recheck'."
957,2026-10-04T01:53:37.4146735Z,load-client-recheck,client,recheck,30000,0.486,0.499,Answered,"The coordinator, pid 83864, took 'recheck'."
958,2026-10-04T01:53:37.6155416Z,load-client-recheck,client,recheck,30000,0.527,0.540,Answered,"The coordinator, pid 83864, took 'recheck'."
959,2026-10-04T01:53:37.8170773Z,load-client-recheck,client,recheck,30000,0.549,0.564,Answered,"The coordinator, pid 83864, took 'recheck'."
960,2026-10-04T01:53:38.0199244Z,load-client-recheck,client,recheck,30000,0.734,0.756,Answered,"The coordinator, pid 83864, took 'recheck'."
961,2026-10-04T01:53:38.2206105Z,load-client-recheck,client,recheck,30000,0.464,0.488,Answered,"The coordinator, pid 83864, took 'recheck'."
962,2026-10-04T01:53:38.4216050Z,load-client-recheck,client,recheck,30000,0.679,0.720,Answered,"The coordinator, pid 83864, took 'recheck'."
963,2026-10-04T01:53:38.6231529Z,load-client-recheck,client,recheck,30000,0.541,0.560,Answered,"The coordinator, pid 83864, took 'recheck'."
964,2026-10-04T01:53:38.8243841Z,load-client-recheck,client,recheck,30000,0.448,0.464,Answered,"The coordinator, pid 83864, took 'recheck'."
965,2026-10-04T01:53:39.0266882Z,load-client-recheck,client,recheck,30000,0.628,0.645,Answered,"The coordinator, pid 83864, took 'recheck'."
966,2026-10-04T01:53:39.2287099Z,load-client-recheck,client,recheck,30000,0.445,0.462,Answered,"The coordinator, pid 83864, took 'recheck'."
967,2026-10-04T01:53:39.4298160Z,load-client-recheck,client,recheck,30000,0.557,0.580,Answered,"The coordinator, pid 83864, took 'recheck'."
968,2026-10-04T01:53:39.6415207Z,load-client-recheck,client,recheck,30000,0.514,0.529,Answered,"The coordinator, pid 83864, took 'recheck'."
969,2026-10-04T01:53:39.8430015Z,load-client-recheck,client,recheck,30000,0.494,0.508,Answered,"The coordinator, pid 83864, took 'recheck'."
970,2026-10-04T01:53:40.0441360Z,load-client-recheck,client,recheck,30000,0.400,0.414,Answered,"The coordinator, pid 83864, took 'recheck'."
971,2026-10-04T01:53:40.2587434Z,load-client-recheck,client,recheck,30000,0.469,0.493,Answered,"The coordinator, pid 83864, took 'recheck'."
972,2026-10-04T01:53:40.4593976Z,load-client-recheck,client,recheck,30000,0.477,0.493,Answered,"The coordinator, pid 83864, took 'recheck'."
973,2026-10-04T01:53:40.6704150Z,load-client-recheck,client,recheck,30000,8.347,8.371,Answered,"The coordinator, pid 83864, took 'recheck'."
974,2026-10-04T01:53:40.8770120Z,load-client-recheck,client,recheck,30000,0.507,0.525,Answered,"The coordinator, pid 83864, took 'recheck'."
975,2026-10-04T01:53:41.0780749Z,load-client-recheck,client,recheck,30000,0.573,0.610,Answered,"The coordinator, pid 83864, took 'recheck'."
976,2026-10-04T01:53:41.2793089Z,load-client-recheck,client,recheck,30000,0.439,0.461,Answered,"The coordinator, pid 83864, took 'recheck'."
977,2026-10-04T01:53:41.4905220Z,load-client-recheck,client,recheck,30000,0.548,0.564,Answered,"The coordinator, pid 83864, took 'recheck'."
978,2026-10-04T01:53:41.6913883Z,load-client-recheck,client,recheck,30000,0.414,0.426,Answered,"The coordinator, pid 83864, took 'recheck'."
979,2026-10-04T01:53:41.8929135Z,load-client-recheck,client,recheck,30000,0.701,0.719,Answered,"The coordinator, pid 83864, took 'recheck'."
980,2026-10-04T01:53:42.0937928Z,load-client-recheck,client,recheck,30000,0.477,0.499,Answered,"The coordinator, pid 83864, took 'recheck'."
981,2026-10-04T01:53:42.2959136Z,load-client-recheck,client,recheck,30000,0.710,0.733,Answered,"The coordinator, pid 83864, took 'recheck'."
982,2026-10-04T01:53:42.4986947Z,load-client-recheck,client,recheck,30000,2.410,2.425,Answered,"The coordinator, pid 83864, took 'recheck'."
983,2026-10-04T01:53:42.7005080Z,load-client-recheck,client,recheck,30000,0.460,0.475,Answered,"The coordinator, pid 83864, took 'recheck'."
984,2026-10-04T01:53:42.9011149Z,load-client-recheck,client,recheck,30000,0.420,0.433,Answered,"The coordinator, pid 83864, took 'recheck'."
985,2026-10-04T01:53:43.1092207Z,load-client-recheck,client,recheck,30000,0.665,0.680,Answered,"The coordinator, pid 83864, took 'recheck'."
986,2026-10-04T01:53:43.3099946Z,load-client-recheck,client,recheck,30000,0.416,0.433,Answered,"The coordinator, pid 83864, took 'recheck'."
987,2026-10-04T01:53:43.5114470Z,load-client-recheck,client,recheck,30000,0.566,0.580,Answered,"The coordinator, pid 83864, took 'recheck'."
988,2026-10-04T01:53:43.7251767Z,load-client-recheck,client,recheck,30000,0.623,0.639,Answered,"The coordinator, pid 83864, took 'recheck'."
989,2026-10-04T01:53:43.9270504Z,load-client-recheck,client,recheck,30000,0.535,0.558,Answered,"The coordinator, pid 83864, took 'recheck'."
990,2026-10-04T01:53:44.1280456Z,load-client-recheck,client,recheck,30000,0.546,0.559,Answered,"The coordinator, pid 83864, took 'recheck'."
991,2026-10-04T01:53:44.3286422Z,load-client-recheck,client,recheck,30000,0.400,0.411,Answered,"The coordinator, pid 83864, took 'recheck'."
992,2026-10-04T01:53:44.5300135Z,load-client-recheck,client,recheck,30000,0.411,0.425,Answered,"The coordinator, pid 83864, took 'recheck'."
993,2026-10-04T01:53:44.7317681Z,load-client-recheck,client,recheck,30000,0.492,0.523,Answered,"The coordinator, pid 83864, took 'recheck'."
994,2026-10-04T01:53:44.9332983Z,load-client-recheck,client,recheck,30000,0.864,0.887,Answered,"The coordinator, pid 83864, took 'recheck'."
995,2026-10-04T01:53:45.1353748Z,load-client-recheck,client,recheck,30000,0.599,0.619,Answered,"The coordinator, pid 83864, took 'recheck'."
996,2026-10-04T01:53:45.3402898Z,load-client-recheck,client,recheck,30000,0.548,0.571,Answered,"The coordinator, pid 83864, took 'recheck'."
997,2026-10-04T01:53:45.5419885Z,load-client-recheck,client,recheck,30000,0.648,0.666,Answered,"The coordinator, pid 83864, took 'recheck'."
998,2026-10-04T01:53:45.7433665Z,load-client-recheck,client,recheck,30000,0.807,0.839,Answered,"The coordinator, pid 83864, took 'recheck'."
999,2026-10-04T01:53:45.9444111Z,load-client-recheck,client,recheck,30000,0.701,0.721,Answered,"The coordinator, pid 83864, took 'recheck'."
1000,2026-10-04T01:53:46.1469048Z,load-client-recheck,client,recheck,30000,0.831,0.861,Answered,"The coordinator, pid 83864, took 'recheck'."
1001,2026-10-04T01:53:46.3480545Z,load-client-recheck,client,recheck,30000,0.705,0.722,Answered,"The coordinator, pid 83864, took 'recheck'."
1002,2026-10-04T01:53:46.5500415Z,load-client-recheck,client,recheck,30000,0.401,0.412,Answered,"The coordinator, pid 83864, took 'recheck'."
1003,2026-10-04T01:53:46.7509399Z,load-client-recheck,client,recheck,30000,0.441,0.451,Answered,"The coordinator, pid 83864, took 'recheck'."
1004,2026-10-04T01:53:46.9532952Z,load-client-recheck,client,recheck,30000,0.826,0.841,Answered,"The coordinator, pid 83864, took 'recheck'."
1005,2026-10-04T01:53:47.1557350Z,load-client-recheck,client,recheck,30000,1.333,1.377,Answered,"The coordinator, pid 83864, took 'recheck'."
1006,2026-10-04T01:53:47.3570211Z,load-client-recheck,client,recheck,30000,0.504,0.518,Answered,"The coordinator, pid 83864, took 'recheck'."
1007,2026-10-04T01:53:47.5634752Z,load-client-recheck,client,recheck,30000,0.789,0.805,Answered,"The coordinator, pid 83864, took 'recheck'."
1008,2026-10-04T01:53:47.7649958Z,load-client-recheck,client,recheck,30000,0.499,0.516,Answered,"The coordinator, pid 83864, took 'recheck'."
1009,2026-10-04T01:53:47.9657475Z,load-client-recheck,client,recheck,30000,0.510,0.530,Answered,"The coordinator, pid 83864, took 'recheck'."
1010,2026-10-04T01:53:48.1665971Z,load-client-recheck,client,recheck,30000,0.443,0.460,Answered,"The coordinator, pid 83864, took 'recheck'."
1011,2026-10-04T01:53:48.3684778Z,load-client-recheck,client,recheck,30000,0.407,0.424,Answered,"The coordinator, pid 83864, took 'recheck'."
1012,2026-10-04T01:53:48.5694793Z,load-client-recheck,client,recheck,30000,0.485,0.505,Answered,"The coordinator, pid 83864, took 'recheck'."
1013,2026-10-04T01:53:48.7715514Z,load-client-recheck,client,recheck,30000,0.418,0.430,Answered,"The coordinator, pid 83864, took 'recheck'."
1014,2026-10-04T01:53:48.9722202Z,load-client-recheck,client,recheck,30000,0.338,0.352,Answered,"The coordinator, pid 83864, took 'recheck'."
1015,2026-10-04T01:53:49.1729971Z,load-client-recheck,client,recheck,30000,0.492,0.506,Answered,"The coordinator, pid 83864, took 'recheck'."
1016,2026-10-04T01:53:49.3740888Z,load-client-recheck,client,recheck,30000,0.612,0.625,Answered,"The coordinator, pid 83864, took 'recheck'."
1017,2026-10-04T01:53:49.5751065Z,load-client-recheck,client,recheck,30000,0.604,0.622,Answered,"The coordinator, pid 83864, took 'recheck'."
1018,2026-10-04T01:53:49.7758505Z,load-client-recheck,client,recheck,30000,0.437,0.449,Answered,"The coordinator, pid 83864, took 'recheck'."
1019,2026-10-04T01:53:49.9770756Z,load-client-recheck,client,recheck,30000,0.479,0.498,Answered,"The coordinator, pid 83864, took 'recheck'."
1020,2026-10-04T01:53:50.1783977Z,load-client-recheck,client,recheck,30000,0.515,0.534,Answered,"The coordinator, pid 83864, took 'recheck'."
1021,2026-10-04T01:53:50.3796453Z,load-client-recheck,client,recheck,30000,0.603,0.620,Answered,"The coordinator, pid 83864, took 'recheck'."
1022,2026-10-04T01:53:50.5806051Z,load-client-recheck,client,recheck,30000,0.428,0.443,Answered,"The coordinator, pid 83864, took 'recheck'."
1023,2026-10-04T01:53:50.7917059Z,load-client-recheck,client,recheck,30000,0.579,0.590,Answered,"The coordinator, pid 83864, took 'recheck'."
1024,2026-10-04T01:53:50.9924574Z,load-client-recheck,client,recheck,30000,0.532,0.549,Answered,"The coordinator, pid 83864, took 'recheck'."
1025,2026-10-04T01:53:51.1932314Z,load-client-recheck,client,recheck,30000,0.523,0.542,Answered,"The coordinator, pid 83864, took 'recheck'."
1026,2026-10-04T01:53:51.3940207Z,load-client-recheck,client,recheck,30000,0.435,0.452,Answered,"The coordinator, pid 83864, took 'recheck'."
1027,2026-10-04T01:53:51.5949625Z,load-client-recheck,client,recheck,30000,0.594,0.616,Answered,"The coordinator, pid 83864, took 'recheck'."
1028,2026-10-04T01:53:51.7968007Z,load-client-recheck,client,recheck,30000,0.738,0.753,Answered,"The coordinator, pid 83864, took 'recheck'."
1029,2026-10-04T01:53:51.9984435Z,load-client-recheck,client,recheck,30000,0.441,0.455,Answered,"The coordinator, pid 83864, took 'recheck'."
1030,2026-10-04T01:53:52.1992677Z,load-client-recheck,client,recheck,30000,0.417,0.433,Answered,"The coordinator, pid 83864, took 'recheck'."
1031,2026-10-04T01:53:52.4126422Z,load-client-recheck,client,recheck,30000,0.535,0.555,Answered,"The coordinator, pid 83864, took 'recheck'."
1032,2026-10-04T01:53:52.6133146Z,load-client-recheck,client,recheck,30000,0.449,0.465,Answered,"The coordinator, pid 83864, took 'recheck'."
1033,2026-10-04T01:53:52.8151409Z,load-client-recheck,client,recheck,30000,0.799,0.812,Answered,"The coordinator, pid 83864, took 'recheck'."
1034,2026-10-04T01:53:53.0232883Z,load-client-recheck,client,recheck,30000,0.467,0.483,Answered,"The coordinator, pid 83864, took 'recheck'."
1035,2026-10-04T01:53:53.2252193Z,load-client-recheck,client,recheck,30000,0.487,0.510,Answered,"The coordinator, pid 83864, took 'recheck'."
1036,2026-10-04T01:53:53.4270821Z,load-client-recheck,client,recheck,30000,0.596,0.609,Answered,"The coordinator, pid 83864, took 'recheck'."
1037,2026-10-04T01:53:53.6288582Z,load-client-recheck,client,recheck,30000,0.405,0.422,Answered,"The coordinator, pid 83864, took 'recheck'."
1038,2026-10-04T01:53:53.8307910Z,load-client-recheck,client,recheck,30000,0.459,0.474,Answered,"The coordinator, pid 83864, took 'recheck'."
1039,2026-10-04T01:53:54.0326943Z,load-client-recheck,client,recheck,30000,0.524,0.537,Answered,"The coordinator, pid 83864, took 'recheck'."
1040,2026-10-04T01:53:54.2339457Z,load-client-recheck,client,recheck,30000,0.670,0.685,Answered,"The coordinator, pid 83864, took 'recheck'."
1041,2026-10-04T01:53:54.4353710Z,load-client-recheck,client,recheck,30000,0.771,0.785,Answered,"The coordinator, pid 83864, took 'recheck'."
1042,2026-10-04T01:53:54.6382285Z,load-client-recheck,client,recheck,30000,0.575,0.595,Answered,"The coordinator, pid 83864, took 'recheck'."
1043,2026-10-04T01:53:54.8387433Z,load-client-recheck,client,recheck,30000,0.359,0.370,Answered,"The coordinator, pid 83864, took 'recheck'."
1044,2026-10-04T01:53:55.0404912Z,load-client-recheck,client,recheck,30000,0.927,0.951,Answered,"The coordinator, pid 83864, took 'recheck'."
1045,2026-10-04T01:53:55.2532272Z,load-client-recheck,client,recheck,30000,0.550,0.566,Answered,"The coordinator, pid 83864, took 'recheck'."
1046,2026-10-04T01:53:55.4550919Z,load-client-recheck,client,recheck,30000,0.450,0.463,Answered,"The coordinator, pid 83864, took 'recheck'."
1047,2026-10-04T01:53:55.6570195Z,load-client-recheck,client,recheck,30000,0.439,0.455,Answered,"The coordinator, pid 83864, took 'recheck'."
1048,2026-10-04T01:53:55.8695217Z,load-client-recheck,client,recheck,30000,0.711,0.729,Answered,"The coordinator, pid 83864, took 'recheck'."
1049,2026-10-04T01:53:56.0703355Z,load-client-recheck,client,recheck,30000,0.475,0.496,Answered,"The coordinator, pid 83864, took 'recheck'."
1050,2026-10-04T01:53:56.2727207Z,load-client-recheck,client,recheck,30000,0.678,0.697,Answered,"The coordinator, pid 83864, took 'recheck'."
1051,2026-10-04T01:53:56.4887353Z,load-client-recheck,client,recheck,30000,0.728,0.742,Answered,"The coordinator, pid 83864, took 'recheck'."
1052,2026-10-04T01:53:56.6895931Z,load-client-recheck,client,recheck,30000,0.346,0.364,Answered,"The coordinator, pid 83864, took 'recheck'."
1053,2026-10-04T01:53:56.8914873Z,load-client-recheck,client,recheck,30000,0.294,0.310,Answered,"The coordinator, pid 83864, took 'recheck'."
1054,2026-10-04T01:53:57.1056794Z,load-client-recheck,client,recheck,30000,0.489,0.506,Answered,"The coordinator, pid 83864, took 'recheck'."
1055,2026-10-04T01:53:57.3072712Z,load-client-recheck,client,recheck,30000,0.452,0.469,Answered,"The coordinator, pid 83864, took 'recheck'."
1056,2026-10-04T01:53:57.5093772Z,load-client-recheck,client,recheck,30000,0.529,0.549,Answered,"The coordinator, pid 83864, took 'recheck'."
1057,2026-10-04T01:53:57.7108381Z,load-client-recheck,client,recheck,30000,0.596,0.839,Answered,"The coordinator, pid 83864, took 'recheck'."
1058,2026-10-04T01:53:57.9136073Z,load-client-recheck,client,recheck,30000,1.583,1.770,Answered,"The coordinator, pid 83864, took 'recheck'."
1059,2026-10-04T01:53:58.1151835Z,load-client-recheck,client,recheck,30000,0.856,0.875,Answered,"The coordinator, pid 83864, took 'recheck'."
1060,2026-10-04T01:53:58.3169822Z,load-client-recheck,client,recheck,30000,0.699,0.743,Answered,"The coordinator, pid 83864, took 'recheck'."
1061,2026-10-04T01:53:58.5179460Z,load-client-recheck,client,recheck,30000,0.730,0.748,Answered,"The coordinator, pid 83864, took 'recheck'."
1062,2026-10-04T01:53:58.7336595Z,load-client-recheck,client,recheck,30000,0.561,0.584,Answered,"The coordinator, pid 83864, took 'recheck'."
1063,2026-10-04T01:53:58.9354459Z,load-client-recheck,client,recheck,30000,1.176,1.206,Answered,"The coordinator, pid 83864, took 'recheck'."
1064,2026-10-04T01:53:59.1371749Z,load-client-recheck,client,recheck,30000,0.890,0.912,Answered,"The coordinator, pid 83864, took 'recheck'."
1065,2026-10-04T01:53:59.3392642Z,load-client-recheck,client,recheck,30000,0.507,0.524,Answered,"The coordinator, pid 83864, took 'recheck'."
1066,2026-10-04T01:53:59.5401977Z,load-client-recheck,client,recheck,30000,0.427,0.448,Answered,"The coordinator, pid 83864, took 'recheck'."
1067,2026-10-04T01:53:59.7411749Z,load-client-recheck,client,recheck,30000,0.608,0.624,Answered,"The coordinator, pid 83864, took 'recheck'."
1068,2026-10-04T01:53:59.9419845Z,load-client-recheck,client,recheck,30000,0.510,0.532,Answered,"The coordinator, pid 83864, took 'recheck'."
1069,2026-10-04T01:54:00.1433057Z,load-client-recheck,client,recheck,30000,0.490,0.510,Answered,"The coordinator, pid 83864, took 'recheck'."
1070,2026-10-04T01:54:00.3500387Z,load-client-recheck,client,recheck,30000,0.669,0.689,Answered,"The coordinator, pid 83864, took 'recheck'."
1071,2026-10-04T01:54:00.5518317Z,load-client-recheck,client,recheck,30000,0.441,0.460,Answered,"The coordinator, pid 83864, took 'recheck'."
1072,2026-10-04T01:54:00.7534318Z,load-client-recheck,client,recheck,30000,0.620,0.638,Answered,"The coordinator, pid 83864, took 'recheck'."
1073,2026-10-04T01:54:00.9548337Z,load-client-recheck,client,recheck,30000,0.628,0.643,Answered,"The coordinator, pid 83864, took 'recheck'."
1074,2026-10-04T01:54:01.1560507Z,load-client-recheck,client,recheck,30000,0.519,0.546,Answered,"The coordinator, pid 83864, took 'recheck'."
1075,2026-10-04T01:54:01.3577464Z,load-client-recheck,client,recheck,30000,1.087,1.107,Answered,"The coordinator, pid 83864, took 'recheck'."
1076,2026-10-04T01:54:01.5595216Z,load-client-recheck,client,recheck,30000,1.205,1.234,Answered,"The coordinator, pid 83864, took 'recheck'."
1077,2026-10-04T01:54:01.7616329Z,load-client-recheck,client,recheck,30000,0.569,0.588,Answered,"The coordinator, pid 83864, took 'recheck'."
1078,2026-10-04T01:54:01.9667046Z,load-client-recheck,client,recheck,30000,0.561,0.573,Answered,"The coordinator, pid 83864, took 'recheck'."
1079,2026-10-04T01:54:02.1676773Z,load-client-recheck,client,recheck,30000,0.564,0.582,Answered,"The coordinator, pid 83864, took 'recheck'."
1080,2026-10-04T01:54:02.3686977Z,load-client-recheck,client,recheck,30000,0.556,0.577,Answered,"The coordinator, pid 83864, took 'recheck'."
1081,2026-10-04T01:54:02.5696890Z,load-client-recheck,client,recheck,30000,0.630,0.646,Answered,"The coordinator, pid 83864, took 'recheck'."
1082,2026-10-04T01:54:02.7717123Z,load-client-recheck,client,recheck,30000,0.595,0.610,Answered,"The coordinator, pid 83864, took 'recheck'."
1083,2026-10-04T01:54:02.9729085Z,load-client-recheck,client,recheck,30000,0.494,0.529,Answered,"The coordinator, pid 83864, took 'recheck'."
1084,2026-10-04T01:54:03.1749276Z,load-client-recheck,client,recheck,30000,0.506,0.517,Answered,"The coordinator, pid 83864, took 'recheck'."
1085,2026-10-04T01:54:03.3763145Z,load-client-recheck,client,recheck,30000,0.637,0.653,Answered,"The coordinator, pid 83864, took 'recheck'."
1086,2026-10-04T01:54:03.5848093Z,load-client-recheck,client,recheck,30000,1.917,1.938,Answered,"The coordinator, pid 83864, took 'recheck'."
1087,2026-10-04T01:54:03.7860673Z,load-client-recheck,client,recheck,30000,0.800,0.830,Answered,"The coordinator, pid 83864, took 'recheck'."
1088,2026-10-04T01:54:03.9868806Z,load-client-recheck,client,recheck,30000,0.480,0.496,Answered,"The coordinator, pid 83864, took 'recheck'."
1089,2026-10-04T01:54:04.2030616Z,load-client-recheck,client,recheck,30000,0.782,0.798,Answered,"The coordinator, pid 83864, took 'recheck'."
1090,2026-10-04T01:54:04.4037353Z,load-client-recheck,client,recheck,30000,0.409,0.422,Answered,"The coordinator, pid 83864, took 'recheck'."
1091,2026-10-04T01:54:04.6049639Z,load-client-recheck,client,recheck,30000,0.500,0.518,Answered,"The coordinator, pid 83864, took 'recheck'."
1092,2026-10-04T01:54:04.8186406Z,load-client-recheck,client,recheck,30000,0.646,0.661,Answered,"The coordinator, pid 83864, took 'recheck'."
1093,2026-10-04T01:54:05.0203000Z,load-client-recheck,client,recheck,30000,0.549,0.567,Answered,"The coordinator, pid 83864, took 'recheck'."
1094,2026-10-04T01:54:05.2218752Z,load-client-recheck,client,recheck,30000,0.507,0.521,Answered,"The coordinator, pid 83864, took 'recheck'."
1095,2026-10-04T01:54:05.9420084Z,load-client-recheck,client,recheck,30000,0.459,0.478,Answered,"The coordinator, pid 83864, took 'recheck'."
1096,2026-10-04T01:54:06.1431758Z,load-client-recheck,client,recheck,30000,0.427,0.444,Answered,"The coordinator, pid 83864, took 'recheck'."
1097,2026-10-04T01:54:06.3448626Z,load-client-recheck,client,recheck,30000,0.998,1.016,Answered,"The coordinator, pid 83864, took 'recheck'."
1098,2026-10-04T01:54:06.5600436Z,load-client-recheck,client,recheck,30000,0.545,0.556,Answered,"The coordinator, pid 83864, took 'recheck'."
1099,2026-10-04T01:54:06.7617796Z,load-client-recheck,client,recheck,30000,0.892,0.908,Answered,"The coordinator, pid 83864, took 'recheck'."
1100,2026-10-04T01:54:06.9629288Z,load-client-recheck,client,recheck,30000,0.801,0.821,Answered,"The coordinator, pid 83864, took 'recheck'."
1101,2026-10-04T01:54:07.1726881Z,load-client-recheck,client,recheck,30000,0.664,0.679,Answered,"The coordinator, pid 83864, took 'recheck'."
1102,2026-10-04T01:54:07.3750759Z,load-client-recheck,client,recheck,30000,0.361,0.373,Answered,"The coordinator, pid 83864, took 'recheck'."
1103,2026-10-04T01:54:07.5761842Z,load-client-recheck,client,recheck,30000,0.355,0.373,Answered,"The coordinator, pid 83864, took 'recheck'."
1104,2026-10-04T01:54:07.7781632Z,load-client-recheck,client,recheck,30000,0.294,0.312,Answered,"The coordinator, pid 83864, took 'recheck'."
1105,2026-10-04T01:54:07.9797576Z,load-client-recheck,client,recheck,30000,0.452,0.471,Answered,"The coordinator, pid 83864, took 'recheck'."
1106,2026-10-04T01:54:08.1813317Z,load-client-recheck,client,recheck,30000,0.307,0.322,Answered,"The coordinator, pid 83864, took 'recheck'."
1107,2026-10-04T01:54:08.3823762Z,load-client-recheck,client,recheck,30000,0.300,0.315,Answered,"The coordinator, pid 83864, took 'recheck'."
1108,2026-10-04T01:54:08.5830509Z,load-client-recheck,client,recheck,30000,0.348,0.363,Answered,"The coordinator, pid 83864, took 'recheck'."
1109,2026-10-04T01:54:08.7867202Z,load-client-recheck,client,recheck,30000,0.561,0.578,Answered,"The coordinator, pid 83864, took 'recheck'."
1110,2026-10-04T01:54:08.9884794Z,load-client-recheck,client,recheck,30000,0.479,0.493,Answered,"The coordinator, pid 83864, took 'recheck'."
1111,2026-10-04T01:54:09.1898063Z,load-client-recheck,client,recheck,30000,0.426,0.442,Answered,"The coordinator, pid 83864, took 'recheck'."
1112,2026-10-04T01:54:09.3909915Z,load-client-recheck,client,recheck,30000,0.609,0.623,Answered,"The coordinator, pid 83864, took 'recheck'."
1113,2026-10-04T01:54:09.5934012Z,load-client-recheck,client,recheck,30000,1.002,1.060,Answered,"The coordinator, pid 83864, took 'recheck'."
1114,2026-10-04T01:54:09.7948556Z,load-client-recheck,client,recheck,30000,0.569,0.582,Answered,"The coordinator, pid 83864, took 'recheck'."
1115,2026-10-04T01:54:09.9957523Z,load-client-recheck,client,recheck,30000,0.615,0.635,Answered,"The coordinator, pid 83864, took 'recheck'."
1116,2026-10-04T01:54:10.1967830Z,load-client-recheck,client,recheck,30000,0.616,0.634,Answered,"The coordinator, pid 83864, took 'recheck'."
1117,2026-10-04T01:54:10.4002541Z,load-client-recheck,client,recheck,30000,0.564,0.577,Answered,"The coordinator, pid 83864, took 'recheck'."
1118,2026-10-04T01:54:10.6015901Z,load-client-recheck,client,recheck,30000,0.647,0.662,Answered,"The coordinator, pid 83864, took 'recheck'."
1119,2026-10-04T01:54:10.8032468Z,load-client-recheck,client,recheck,30000,0.519,0.538,Answered,"The coordinator, pid 83864, took 'recheck'."
1120,2026-10-04T01:54:11.0125572Z,load-client-recheck,client,recheck,30000,0.674,0.692,Answered,"The coordinator, pid 83864, took 'recheck'."
1121,2026-10-04T01:54:11.2134551Z,load-client-recheck,client,recheck,30000,0.508,0.521,Answered,"The coordinator, pid 83864, took 'recheck'."
1122,2026-10-04T01:54:11.4158915Z,load-client-recheck,client,recheck,30000,0.789,0.818,Answered,"The coordinator, pid 83864, took 'recheck'."
1123,2026-10-04T01:54:11.6166073Z,load-client-recheck,client,recheck,30000,0.400,0.412,Answered,"The coordinator, pid 83864, took 'recheck'."
1124,2026-10-04T01:54:11.8187624Z,load-client-recheck,client,recheck,30000,0.487,0.503,Answered,"The coordinator, pid 83864, took 'recheck'."
1125,2026-10-04T01:54:12.0202362Z,load-client-recheck,client,recheck,30000,0.451,0.470,Answered,"The coordinator, pid 83864, took 'recheck'."
1126,2026-10-04T01:54:12.2222965Z,load-client-recheck,client,recheck,30000,0.600,0.614,Answered,"The coordinator, pid 83864, took 'recheck'."
1127,2026-10-04T01:54:12.4232116Z,load-client-recheck,client,recheck,30000,0.580,0.594,Answered,"The coordinator, pid 83864, took 'recheck'."
1128,2026-10-04T01:54:12.6286303Z,load-client-recheck,client,recheck,30000,0.504,0.523,Answered,"The coordinator, pid 83864, took 'recheck'."
1129,2026-10-04T01:54:12.8295597Z,load-client-recheck,client,recheck,30000,0.591,0.606,Answered,"The coordinator, pid 83864, took 'recheck'."
1130,2026-10-04T01:54:13.0315916Z,load-client-recheck,client,recheck,30000,0.762,0.781,Answered,"The coordinator, pid 83864, took 'recheck'."
1131,2026-10-04T01:54:13.2323812Z,load-client-recheck,client,recheck,30000,0.622,0.637,Answered,"The coordinator, pid 83864, took 'recheck'."
1132,2026-10-04T01:54:13.4332624Z,load-client-recheck,client,recheck,30000,0.535,0.548,Answered,"The coordinator, pid 83864, took 'recheck'."
1133,2026-10-04T01:54:13.6350322Z,load-client-recheck,client,recheck,30000,0.643,0.666,Answered,"The coordinator, pid 83864, took 'recheck'."
1134,2026-10-04T01:54:13.8362181Z,load-client-recheck,client,recheck,30000,0.504,0.522,Answered,"The coordinator, pid 83864, took 'recheck'."
1135,2026-10-04T01:54:14.0375347Z,load-client-recheck,client,recheck,30000,0.669,0.684,Answered,"The coordinator, pid 83864, took 'recheck'."
1136,2026-10-04T01:54:14.2532484Z,load-client-recheck,client,recheck,30000,0.559,0.571,Answered,"The coordinator, pid 83864, took 'recheck'."
1137,2026-10-04T01:54:14.4540566Z,load-client-recheck,client,recheck,30000,0.489,0.504,Answered,"The coordinator, pid 83864, took 'recheck'."
1138,2026-10-04T01:54:14.6549110Z,load-client-recheck,client,recheck,30000,0.651,0.677,Answered,"The coordinator, pid 83864, took 'recheck'."
1139,2026-10-04T01:54:14.8561666Z,load-client-recheck,client,recheck,30000,0.535,0.555,Answered,"The coordinator, pid 83864, took 'recheck'."
1140,2026-10-04T01:54:15.0575635Z,load-client-recheck,client,recheck,30000,0.448,0.465,Answered,"The coordinator, pid 83864, took 'recheck'."
1141,2026-10-04T01:54:15.2584767Z,load-client-recheck,client,recheck,30000,0.471,0.486,Answered,"The coordinator, pid 83864, took 'recheck'."
1142,2026-10-04T01:54:15.4603405Z,load-client-recheck,client,recheck,30000,0.407,0.421,Answered,"The coordinator, pid 83864, took 'recheck'."
1143,2026-10-04T01:54:15.6615645Z,load-client-recheck,client,recheck,30000,0.588,0.609,Answered,"The coordinator, pid 83864, took 'recheck'."
1144,2026-10-04T01:54:15.8696530Z,load-client-recheck,client,recheck,30000,0.721,0.743,Answered,"The coordinator, pid 83864, took 'recheck'."
1145,2026-10-04T01:54:16.0716673Z,load-client-recheck,client,recheck,30000,0.683,0.693,Answered,"The coordinator, pid 83864, took 'recheck'."
1146,2026-10-04T01:54:16.2726800Z,load-client-recheck,client,recheck,30000,0.571,0.590,Answered,"The coordinator, pid 83864, took 'recheck'."
1147,2026-10-04T01:54:16.4738849Z,load-client-recheck,client,recheck,30000,0.601,0.616,Answered,"The coordinator, pid 83864, took 'recheck'."
1148,2026-10-04T01:54:16.6746829Z,load-client-recheck,client,recheck,30000,0.482,0.500,Answered,"The coordinator, pid 83864, took 'recheck'."
1149,2026-10-04T01:54:16.8756677Z,load-client-recheck,client,recheck,30000,0.612,0.624,Answered,"The coordinator, pid 83864, took 'recheck'."
1150,2026-10-04T01:54:17.0764831Z,load-client-recheck,client,recheck,30000,0.529,0.549,Answered,"The coordinator, pid 83864, took 'recheck'."
1151,2026-10-04T01:54:17.2783560Z,load-client-recheck,client,recheck,30000,0.483,0.501,Answered,"The coordinator, pid 83864, took 'recheck'."
1152,2026-10-04T01:54:17.4913862Z,load-client-recheck,client,recheck,30000,0.696,0.712,Answered,"The coordinator, pid 83864, took 'recheck'."
1153,2026-10-04T01:54:17.6935730Z,load-client-recheck,client,recheck,30000,0.452,0.473,Answered,"The coordinator, pid 83864, took 'recheck'."
1154,2026-10-04T01:54:17.8956860Z,load-client-recheck,client,recheck,30000,0.373,0.393,Answered,"The coordinator, pid 83864, took 'recheck'."
1155,2026-10-04T01:54:18.1084789Z,load-client-recheck,client,recheck,30000,0.538,0.554,Answered,"The coordinator, pid 83864, took 'recheck'."
1156,2026-10-04T01:54:18.3093476Z,load-client-recheck,client,recheck,30000,0.539,0.555,Answered,"The coordinator, pid 83864, took 'recheck'."
1157,2026-10-04T01:54:18.5109522Z,load-client-recheck,client,recheck,30000,0.559,0.577,Answered,"The coordinator, pid 83864, took 'recheck'."
1158,2026-10-04T01:54:18.7124950Z,load-client-recheck,client,recheck,30000,0.731,0.753,Answered,"The coordinator, pid 83864, took 'recheck'."
1159,2026-10-04T01:54:18.9134589Z,load-client-recheck,client,recheck,30000,0.604,0.621,Answered,"The coordinator, pid 83864, took 'recheck'."
1160,2026-10-04T01:54:19.1144179Z,load-client-recheck,client,recheck,30000,0.558,0.578,Answered,"The coordinator, pid 83864, took 'recheck'."
1161,2026-10-04T01:54:19.3160191Z,load-client-recheck,client,recheck,30000,0.826,0.845,Answered,"The coordinator, pid 83864, took 'recheck'."
1162,2026-10-04T01:54:19.5165938Z,load-client-recheck,client,recheck,30000,0.401,0.414,Answered,"The coordinator, pid 83864, took 'recheck'."
1163,2026-10-04T01:54:19.7264620Z,load-client-recheck,client,recheck,30000,0.661,0.676,Answered,"The coordinator, pid 83864, took 'recheck'."
