seq,utc,label,mode,verb,bound_ms,elapsed_ms,wall_ms,outcome,why
1,2026-10-04T01:50:03.1887987Z,load-client-host,client,host,30000,27.201,29.076,Answered,"The coordinator, pid 83864, took 'host'."
2,2026-10-04T01:50:03.3920968Z,load-client-host,client,host,30000,0.766,0.795,Answered,"The coordinator, pid 83864, took 'host'."
3,2026-10-04T01:50:03.5934400Z,load-client-host,client,host,30000,0.623,0.643,Answered,"The coordinator, pid 83864, took 'host'."
4,2026-10-04T01:50:03.7948720Z,load-client-host,client,host,30000,0.664,0.686,Answered,"The coordinator, pid 83864, took 'host'."
5,2026-10-04T01:50:03.9958104Z,load-client-host,client,host,30000,0.638,0.659,Answered,"The coordinator, pid 83864, took 'host'."
6,2026-10-04T01:50:04.1996597Z,load-client-host,client,host,30000,1.150,1.252,Answered,"The coordinator, pid 83864, took 'host'."
7,2026-10-04T01:50:04.4012163Z,load-client-host,client,host,30000,0.634,0.655,Answered,"The coordinator, pid 83864, took 'host'."
8,2026-10-04T01:50:04.6033673Z,load-client-host,client,host,30000,0.578,0.605,Answered,"The coordinator, pid 83864, took 'host'."
9,2026-10-04T01:50:04.8133649Z,load-client-host,client,host,30000,0.959,0.980,Answered,"The coordinator, pid 83864, took 'host'."
10,2026-10-04T01:50:05.0790289Z,load-client-host,client,host,30000,48.455,52.833,Answered,"The coordinator, pid 83864, took 'host'."
11,2026-10-04T01:50:05.3462981Z,load-client-host,client,host,30000,41.328,42.237,Answered,"The coordinator, pid 83864, took 'host'."
12,2026-10-04T01:50:05.6137085Z,load-client-host,client,host,30000,25.572,38.383,Answered,"The coordinator, pid 83864, took 'host'."
13,2026-10-04T01:50:05.8920075Z,load-client-host,client,host,30000,54.503,58.977,Answered,"The coordinator, pid 83864, took 'host'."
14,2026-10-04T01:50:06.1350345Z,load-client-host,client,host,30000,13.601,18.214,Answered,"The coordinator, pid 83864, took 'host'."
15,2026-10-04T01:50:06.3865541Z,load-client-host,client,host,30000,24.497,35.905,Answered,"The coordinator, pid 83864, took 'host'."
16,2026-10-04T01:50:06.5946019Z,load-client-host,client,host,30000,5.438,5.556,Answered,"The coordinator, pid 83864, took 'host'."
17,2026-10-04T01:50:06.8441229Z,load-client-host,client,host,30000,46.518,46.577,Answered,"The coordinator, pid 83864, took 'host'."
18,2026-10-04T01:50:07.0718485Z,load-client-host,client,host,30000,24.003,24.034,Answered,"The coordinator, pid 83864, took 'host'."
19,2026-10-04T01:50:07.2757027Z,load-client-host,client,host,30000,1.703,2.881,Answered,"The coordinator, pid 83864, took 'host'."
20,2026-10-04T01:50:07.4767174Z,load-client-host,client,host,30000,0.549,0.570,Answered,"The coordinator, pid 83864, took 'host'."
21,2026-10-04T01:50:07.6776474Z,load-client-host,client,host,30000,0.623,0.650,Answered,"The coordinator, pid 83864, took 'host'."
22,2026-10-04T01:50:07.8790693Z,load-client-host,client,host,30000,0.612,0.645,Answered,"The coordinator, pid 83864, took 'host'."
23,2026-10-04T01:50:08.0799235Z,load-client-host,client,host,30000,0.483,0.512,Answered,"The coordinator, pid 83864, took 'host'."
24,2026-10-04T01:50:08.2940900Z,load-client-host,client,host,30000,0.719,0.751,Answered,"The coordinator, pid 83864, took 'host'."
25,2026-10-04T01:50:08.4956032Z,load-client-host,client,host,30000,0.963,0.979,Answered,"The coordinator, pid 83864, took 'host'."
26,2026-10-04T01:50:08.6967552Z,load-client-host,client,host,30000,0.702,0.733,Answered,"The coordinator, pid 83864, took 'host'."
27,2026-10-04T01:50:08.8988484Z,load-client-host,client,host,30000,0.656,0.685,Answered,"The coordinator, pid 83864, took 'host'."
28,2026-10-04T01:50:09.1002900Z,load-client-host,client,host,30000,0.856,0.882,Answered,"The coordinator, pid 83864, took 'host'."
29,2026-10-04T01:50:09.3015408Z,load-client-host,client,host,30000,0.597,0.622,Answered,"The coordinator, pid 83864, took 'host'."
30,2026-10-04T01:50:09.5024817Z,load-client-host,client,host,30000,0.593,0.616,Answered,"The coordinator, pid 83864, took 'host'."
31,2026-10-04T01:50:09.7034567Z,load-client-host,client,host,30000,0.717,0.756,Answered,"The coordinator, pid 83864, took 'host'."
32,2026-10-04T01:50:09.9047773Z,load-client-host,client,host,30000,0.670,0.701,Answered,"The coordinator, pid 83864, took 'host'."
33,2026-10-04T01:50:10.1065111Z,load-client-host,client,host,30000,0.697,0.720,Answered,"The coordinator, pid 83864, took 'host'."
34,2026-10-04T01:50:10.3082503Z,load-client-host,client,host,30000,0.631,0.668,Answered,"The coordinator, pid 83864, took 'host'."
35,2026-10-04T01:50:10.5112550Z,load-client-host,client,host,30000,1.362,2.077,Answered,"The coordinator, pid 83864, took 'host'."
36,2026-10-04T01:50:10.7141504Z,load-client-host,client,host,30000,1.158,1.250,Answered,"The coordinator, pid 83864, took 'host'."
37,2026-10-04T01:50:10.9154863Z,load-client-host,client,host,30000,0.807,0.853,Answered,"The coordinator, pid 83864, took 'host'."
38,2026-10-04T01:50:11.1165063Z,load-client-host,client,host,30000,0.668,0.719,Answered,"The coordinator, pid 83864, took 'host'."
39,2026-10-04T01:50:11.3179957Z,load-client-host,client,host,30000,0.557,0.606,Answered,"The coordinator, pid 83864, took 'host'."
40,2026-10-04T01:50:11.5192815Z,load-client-host,client,host,30000,0.657,0.713,Answered,"The coordinator, pid 83864, took 'host'."
41,2026-10-04T01:50:11.7208896Z,load-client-host,client,host,30000,0.568,0.588,Answered,"The coordinator, pid 83864, took 'host'."
42,2026-10-04T01:50:11.9316112Z,load-client-host,client,host,30000,0.568,0.591,Answered,"The coordinator, pid 83864, took 'host'."
43,2026-10-04T01:50:12.1326593Z,load-client-host,client,host,30000,0.639,0.657,Answered,"The coordinator, pid 83864, took 'host'."
44,2026-10-04T01:50:12.3341586Z,load-client-host,client,host,30000,0.811,0.833,Answered,"The coordinator, pid 83864, took 'host'."
45,2026-10-04T01:50:12.5356817Z,load-client-host,client,host,30000,0.412,0.434,Answered,"The coordinator, pid 83864, took 'host'."
46,2026-10-04T01:50:12.7365496Z,load-client-host,client,host,30000,0.473,0.491,Answered,"The coordinator, pid 83864, took 'host'."
47,2026-10-04T01:50:12.9402494Z,load-client-host,client,host,30000,0.682,0.702,Answered,"The coordinator, pid 83864, took 'host'."
48,2026-10-04T01:50:13.1411136Z,load-client-host,client,host,30000,0.492,0.510,Answered,"The coordinator, pid 83864, took 'host'."
49,2026-10-04T01:50:13.3429543Z,load-client-host,client,host,30000,0.780,0.808,Answered,"The coordinator, pid 83864, took 'host'."
50,2026-10-04T01:50:13.5591266Z,load-client-host,client,host,30000,0.581,0.605,Answered,"The coordinator, pid 83864, took 'host'."
51,2026-10-04T01:50:13.7601324Z,load-client-host,client,host,30000,0.618,0.642,Answered,"The coordinator, pid 83864, took 'host'."
52,2026-10-04T01:50:13.9615716Z,load-client-host,client,host,30000,0.711,0.736,Answered,"The coordinator, pid 83864, took 'host'."
53,2026-10-04T01:50:14.1626127Z,load-client-host,client,host,30000,0.788,0.811,Answered,"The coordinator, pid 83864, took 'host'."
54,2026-10-04T01:50:14.3638791Z,load-client-host,client,host,30000,0.903,0.924,Answered,"The coordinator, pid 83864, took 'host'."
55,2026-10-04T01:50:14.5647654Z,load-client-host,client,host,30000,0.447,0.472,Answered,"The coordinator, pid 83864, took 'host'."
56,2026-10-04T01:50:14.7658274Z,load-client-host,client,host,30000,0.450,0.466,Answered,"The coordinator, pid 83864, took 'host'."
57,2026-10-04T01:50:14.9672256Z,load-client-host,client,host,30000,0.653,0.681,Answered,"The coordinator, pid 83864, took 'host'."
58,2026-10-04T01:50:15.1798244Z,load-client-host,client,host,30000,0.724,0.759,Answered,"The coordinator, pid 83864, took 'host'."
59,2026-10-04T01:50:15.3820102Z,load-client-host,client,host,30000,0.731,0.748,Answered,"The coordinator, pid 83864, took 'host'."
60,2026-10-04T01:50:15.5828106Z,load-client-host,client,host,30000,0.612,0.635,Answered,"The coordinator, pid 83864, took 'host'."
61,2026-10-04T01:50:15.7838928Z,load-client-host,client,host,30000,0.848,0.889,Answered,"The coordinator, pid 83864, took 'host'."
62,2026-10-04T01:50:15.9850221Z,load-client-host,client,host,30000,0.688,0.705,Answered,"The coordinator, pid 83864, took 'host'."
63,2026-10-04T01:50:16.1865460Z,load-client-host,client,host,30000,0.604,0.619,Answered,"The coordinator, pid 83864, took 'host'."
64,2026-10-04T01:50:16.3877496Z,load-client-host,client,host,30000,0.554,0.574,Answered,"The coordinator, pid 83864, took 'host'."
65,2026-10-04T01:50:16.5888163Z,load-client-host,client,host,30000,0.519,0.548,Answered,"The coordinator, pid 83864, took 'host'."
66,2026-10-04T01:50:16.7962680Z,load-client-host,client,host,30000,0.654,0.720,Answered,"The coordinator, pid 83864, took 'host'."
67,2026-10-04T01:50:16.9983904Z,load-client-host,client,host,30000,0.579,0.600,Answered,"The coordinator, pid 83864, took 'host'."
68,2026-10-04T01:50:17.1998408Z,load-client-host,client,host,30000,0.786,0.811,Answered,"The coordinator, pid 83864, took 'host'."
69,2026-10-04T01:50:17.4131787Z,load-client-host,client,host,30000,0.663,0.683,Answered,"The coordinator, pid 83864, took 'host'."
70,2026-10-04T01:50:17.6142228Z,load-client-host,client,host,30000,0.580,0.595,Answered,"The coordinator, pid 83864, took 'host'."
71,2026-10-04T01:50:17.8160236Z,load-client-host,client,host,30000,0.678,0.702,Answered,"The coordinator, pid 83864, took 'host'."
72,2026-10-04T01:50:18.0173647Z,load-client-host,client,host,30000,0.720,0.739,Answered,"The coordinator, pid 83864, took 'host'."
73,2026-10-04T01:50:18.2183720Z,load-client-host,client,host,30000,0.660,0.684,Answered,"The coordinator, pid 83864, took 'host'."
74,2026-10-04T01:50:18.4195352Z,load-client-host,client,host,30000,0.825,0.842,Answered,"The coordinator, pid 83864, took 'host'."
75,2026-10-04T01:50:18.6203853Z,load-client-host,client,host,30000,0.539,0.560,Answered,"The coordinator, pid 83864, took 'host'."
76,2026-10-04T01:50:18.8217253Z,load-client-host,client,host,30000,0.673,0.693,Answered,"The coordinator, pid 83864, took 'host'."
77,2026-10-04T01:50:19.0296928Z,load-client-host,client,host,30000,0.923,1.092,Answered,"The coordinator, pid 83864, took 'host'."
78,2026-10-04T01:50:19.2308086Z,load-client-host,client,host,30000,0.578,0.601,Answered,"The coordinator, pid 83864, took 'host'."
79,2026-10-04T01:50:19.4317686Z,load-client-host,client,host,30000,0.658,0.681,Answered,"The coordinator, pid 83864, took 'host'."
80,2026-10-04T01:50:19.6538338Z,load-client-host,client,host,30000,2.299,2.922,Answered,"The coordinator, pid 83864, took 'host'."
81,2026-10-04T01:50:19.8549187Z,load-client-host,client,host,30000,0.516,0.536,Answered,"The coordinator, pid 83864, took 'host'."
82,2026-10-04T01:50:20.0556425Z,load-client-host,client,host,30000,0.498,0.513,Answered,"The coordinator, pid 83864, took 'host'."
83,2026-10-04T01:50:20.2619232Z,load-client-host,client,host,30000,0.615,0.637,Answered,"The coordinator, pid 83864, took 'host'."
84,2026-10-04T01:50:20.4638762Z,load-client-host,client,host,30000,0.618,0.634,Answered,"The coordinator, pid 83864, took 'host'."
85,2026-10-04T01:50:20.6660503Z,load-client-host,client,host,30000,0.791,0.808,Answered,"The coordinator, pid 83864, took 'host'."
86,2026-10-04T01:50:20.8672078Z,load-client-host,client,host,30000,0.596,0.613,Answered,"The coordinator, pid 83864, took 'host'."
87,2026-10-04T01:50:21.0682169Z,load-client-host,client,host,30000,0.558,0.574,Answered,"The coordinator, pid 83864, took 'host'."
88,2026-10-04T01:50:21.2808340Z,load-client-host,client,host,30000,10.894,10.921,Answered,"The coordinator, pid 83864, took 'host'."
89,2026-10-04T01:50:21.4822806Z,load-client-host,client,host,30000,0.698,0.723,Answered,"The coordinator, pid 83864, took 'host'."
90,2026-10-04T01:50:21.6832893Z,load-client-host,client,host,30000,0.527,0.547,Answered,"The coordinator, pid 83864, took 'host'."
91,2026-10-04T01:50:21.8900968Z,load-client-host,client,host,30000,0.610,0.632,Answered,"The coordinator, pid 83864, took 'host'."
92,2026-10-04T01:50:22.0916587Z,load-client-host,client,host,30000,0.876,0.905,Answered,"The coordinator, pid 83864, took 'host'."
93,2026-10-04T01:50:22.2931465Z,load-client-host,client,host,30000,0.737,0.754,Answered,"The coordinator, pid 83864, took 'host'."
94,2026-10-04T01:50:22.5066433Z,load-client-host,client,host,30000,0.670,0.709,Answered,"The coordinator, pid 83864, took 'host'."
95,2026-10-04T01:50:22.7082251Z,load-client-host,client,host,30000,0.922,0.957,Answered,"The coordinator, pid 83864, took 'host'."
96,2026-10-04T01:50:22.9099465Z,load-client-host,client,host,30000,0.799,0.820,Answered,"The coordinator, pid 83864, took 'host'."
97,2026-10-04T01:50:23.1243514Z,load-client-host,client,host,30000,1.152,1.186,Answered,"The coordinator, pid 83864, took 'host'."
98,2026-10-04T01:50:23.3255523Z,load-client-host,client,host,30000,0.664,0.689,Answered,"The coordinator, pid 83864, took 'host'."
99,2026-10-04T01:50:23.5276088Z,load-client-host,client,host,30000,0.994,1.020,Answered,"The coordinator, pid 83864, took 'host'."
100,2026-10-04T01:50:23.7426617Z,load-client-host,client,host,30000,0.724,0.748,Answered,"The coordinator, pid 83864, took 'host'."
101,2026-10-04T01:50:24.0013375Z,load-client-host,client,host,30000,50.410,50.433,Answered,"The coordinator, pid 83864, took 'host'."
102,2026-10-04T01:50:24.2049900Z,load-client-host,client,host,30000,2.980,3.018,Answered,"The coordinator, pid 83864, took 'host'."
103,2026-10-04T01:50:24.4106503Z,load-client-host,client,host,30000,3.183,3.491,Answered,"The coordinator, pid 83864, took 'host'."
104,2026-10-04T01:50:24.6185896Z,load-client-host,client,host,30000,0.609,0.628,Answered,"The coordinator, pid 83864, took 'host'."
105,2026-10-04T01:50:24.8197231Z,load-client-host,client,host,30000,0.683,0.700,Answered,"The coordinator, pid 83864, took 'host'."
106,2026-10-04T01:50:25.0368105Z,load-client-host,client,host,30000,13.816,13.846,Answered,"The coordinator, pid 83864, took 'host'."
107,2026-10-04T01:50:25.2430541Z,load-client-host,client,host,30000,0.793,0.820,Answered,"The coordinator, pid 83864, took 'host'."
108,2026-10-04T01:50:25.4442056Z,load-client-host,client,host,30000,0.551,0.563,Answered,"The coordinator, pid 83864, took 'host'."
109,2026-10-04T01:50:25.6452605Z,load-client-host,client,host,30000,0.688,0.708,Answered,"The coordinator, pid 83864, took 'host'."
110,2026-10-04T01:50:25.8469475Z,load-client-host,client,host,30000,0.757,0.801,Answered,"The coordinator, pid 83864, took 'host'."
111,2026-10-04T01:50:26.0486897Z,load-client-host,client,host,30000,0.851,0.872,Answered,"The coordinator, pid 83864, took 'host'."
112,2026-10-04T01:50:26.2498472Z,load-client-host,client,host,30000,0.507,0.533,Answered,"The coordinator, pid 83864, took 'host'."
113,2026-10-04T01:50:26.4924655Z,load-client-host,client,host,30000,28.530,28.564,Answered,"The coordinator, pid 83864, took 'host'."
114,2026-10-04T01:50:26.7492462Z,load-client-host,client,host,30000,19.637,37.028,Answered,"The coordinator, pid 83864, took 'host'."
115,2026-10-04T01:50:27.0390712Z,load-client-host,client,host,30000,39.773,39.794,Answered,"The coordinator, pid 83864, took 'host'."
116,2026-10-04T01:50:27.2538277Z,load-client-host,client,host,30000,11.555,11.579,Answered,"The coordinator, pid 83864, took 'host'."
117,2026-10-04T01:50:27.4635979Z,load-client-host,client,host,30000,0.603,0.622,Answered,"The coordinator, pid 83864, took 'host'."
118,2026-10-04T01:50:27.6657142Z,load-client-host,client,host,30000,0.598,0.617,Answered,"The coordinator, pid 83864, took 'host'."
119,2026-10-04T01:50:27.8680531Z,load-client-host,client,host,30000,0.620,0.852,Answered,"The coordinator, pid 83864, took 'host'."
120,2026-10-04T01:50:28.0688959Z,load-client-host,client,host,30000,0.634,0.658,Answered,"The coordinator, pid 83864, took 'host'."
121,2026-10-04T01:50:28.2711356Z,load-client-host,client,host,30000,0.633,0.651,Answered,"The coordinator, pid 83864, took 'host'."
122,2026-10-04T01:50:28.4732268Z,load-client-host,client,host,30000,0.873,0.896,Answered,"The coordinator, pid 83864, took 'host'."
123,2026-10-04T01:50:28.6740872Z,load-client-host,client,host,30000,0.528,0.543,Answered,"The coordinator, pid 83864, took 'host'."
124,2026-10-04T01:50:28.8750714Z,load-client-host,client,host,30000,0.553,0.578,Answered,"The coordinator, pid 83864, took 'host'."
125,2026-10-04T01:50:29.0889670Z,load-client-host,client,host,30000,0.730,0.752,Answered,"The coordinator, pid 83864, took 'host'."
126,2026-10-04T01:50:29.2903955Z,load-client-host,client,host,30000,0.529,0.548,Answered,"The coordinator, pid 83864, took 'host'."
127,2026-10-04T01:50:29.4912865Z,load-client-host,client,host,30000,0.497,0.521,Answered,"The coordinator, pid 83864, took 'host'."
128,2026-10-04T01:50:29.6922051Z,load-client-host,client,host,30000,0.508,0.526,Answered,"The coordinator, pid 83864, took 'host'."
129,2026-10-04T01:50:29.8934324Z,load-client-host,client,host,30000,0.803,0.820,Answered,"The coordinator, pid 83864, took 'host'."
130,2026-10-04T01:50:30.0956376Z,load-client-host,client,host,30000,0.608,0.628,Answered,"The coordinator, pid 83864, took 'host'."
131,2026-10-04T01:50:30.2964473Z,load-client-host,client,host,30000,0.522,0.544,Answered,"The coordinator, pid 83864, took 'host'."
132,2026-10-04T01:50:30.4979970Z,load-client-host,client,host,30000,0.510,0.524,Answered,"The coordinator, pid 83864, took 'host'."
133,2026-10-04T01:50:30.8310729Z,load-client-host,client,host,30000,112.263,115.267,Answered,"The coordinator, pid 83864, took 'host'."
134,2026-10-04T01:50:31.0704106Z,load-client-host,client,host,30000,30.607,30.631,Answered,"The coordinator, pid 83864, took 'host'."
135,2026-10-04T01:50:31.2716081Z,load-client-host,client,host,30000,0.545,0.559,Answered,"The coordinator, pid 83864, took 'host'."
136,2026-10-04T01:50:31.4724845Z,load-client-host,client,host,30000,0.503,0.521,Answered,"The coordinator, pid 83864, took 'host'."
137,2026-10-04T01:50:31.6734905Z,load-client-host,client,host,30000,0.472,0.489,Answered,"The coordinator, pid 83864, took 'host'."
138,2026-10-04T01:50:31.8749564Z,load-client-host,client,host,30000,0.746,0.759,Answered,"The coordinator, pid 83864, took 'host'."
139,2026-10-04T01:50:32.0816723Z,load-client-host,client,host,30000,0.717,0.736,Answered,"The coordinator, pid 83864, took 'host'."
140,2026-10-04T01:50:32.2826800Z,load-client-host,client,host,30000,0.576,0.592,Answered,"The coordinator, pid 83864, took 'host'."
141,2026-10-04T01:50:32.4838157Z,load-client-host,client,host,30000,0.677,0.693,Answered,"The coordinator, pid 83864, took 'host'."
142,2026-10-04T01:50:32.6853132Z,load-client-host,client,host,30000,0.542,0.561,Answered,"The coordinator, pid 83864, took 'host'."
143,2026-10-04T01:50:32.8865289Z,load-client-host,client,host,30000,0.619,0.636,Answered,"The coordinator, pid 83864, took 'host'."
144,2026-10-04T01:50:33.0876222Z,load-client-host,client,host,30000,0.617,0.634,Answered,"The coordinator, pid 83864, took 'host'."
145,2026-10-04T01:50:33.2891091Z,load-client-host,client,host,30000,0.701,0.718,Answered,"The coordinator, pid 83864, took 'host'."
146,2026-10-04T01:50:33.4910138Z,load-client-host,client,host,30000,0.650,0.670,Answered,"The coordinator, pid 83864, took 'host'."
147,2026-10-04T01:50:33.7063589Z,load-client-host,client,host,30000,0.528,0.550,Answered,"The coordinator, pid 83864, took 'host'."
148,2026-10-04T01:50:33.9071366Z,load-client-host,client,host,30000,0.488,0.504,Answered,"The coordinator, pid 83864, took 'host'."
149,2026-10-04T01:50:34.1557691Z,load-client-host,client,host,30000,46.292,46.311,Answered,"The coordinator, pid 83864, took 'host'."
150,2026-10-04T01:50:34.3575635Z,load-client-host,client,host,30000,0.601,0.617,Answered,"The coordinator, pid 83864, took 'host'."
151,2026-10-04T01:50:34.5589076Z,load-client-host,client,host,30000,0.492,0.510,Answered,"The coordinator, pid 83864, took 'host'."
152,2026-10-04T01:50:34.7599116Z,load-client-host,client,host,30000,0.466,0.482,Answered,"The coordinator, pid 83864, took 'host'."
153,2026-10-04T01:50:34.9615711Z,load-client-host,client,host,30000,0.600,0.619,Answered,"The coordinator, pid 83864, took 'host'."
154,2026-10-04T01:50:35.1626723Z,load-client-host,client,host,30000,0.429,0.444,Answered,"The coordinator, pid 83864, took 'host'."
155,2026-10-04T01:50:35.3693268Z,load-client-host,client,host,30000,3.483,4.450,Answered,"The coordinator, pid 83864, took 'host'."
156,2026-10-04T01:50:35.6311269Z,load-client-host,client,host,30000,43.100,50.263,Answered,"The coordinator, pid 83864, took 'host'."
157,2026-10-04T01:50:35.8763918Z,load-client-host,client,host,30000,33.510,33.531,Answered,"The coordinator, pid 83864, took 'host'."
158,2026-10-04T01:50:36.1204837Z,load-client-host,client,host,30000,40.663,40.813,Answered,"The coordinator, pid 83864, took 'host'."
159,2026-10-04T01:50:36.3523291Z,load-client-host,client,host,30000,29.928,29.950,Answered,"The coordinator, pid 83864, took 'host'."
160,2026-10-04T01:50:36.5696033Z,load-client-host,client,host,30000,4.269,4.285,Answered,"The coordinator, pid 83864, took 'host'."
161,2026-10-04T01:50:36.7772584Z,load-client-host,client,host,30000,3.909,4.025,Answered,"The coordinator, pid 83864, took 'host'."
162,2026-10-04T01:50:36.9787100Z,load-client-host,client,host,30000,0.490,0.508,Answered,"The coordinator, pid 83864, took 'host'."
163,2026-10-04T01:50:37.1881884Z,load-client-host,client,host,30000,0.500,0.517,Answered,"The coordinator, pid 83864, took 'host'."
164,2026-10-04T01:50:37.3899340Z,load-client-host,client,host,30000,0.677,0.691,Answered,"The coordinator, pid 83864, took 'host'."
165,2026-10-04T01:50:37.5915283Z,load-client-host,client,host,30000,0.926,0.950,Answered,"The coordinator, pid 83864, took 'host'."
166,2026-10-04T01:50:37.7932990Z,load-client-host,client,host,30000,0.937,0.960,Answered,"The coordinator, pid 83864, took 'host'."
167,2026-10-04T01:50:37.9946535Z,load-client-host,client,host,30000,0.552,0.571,Answered,"The coordinator, pid 83864, took 'host'."
168,2026-10-04T01:50:38.1957283Z,load-client-host,client,host,30000,0.670,0.693,Answered,"The coordinator, pid 83864, took 'host'."
169,2026-10-04T01:50:38.3970186Z,load-client-host,client,host,30000,0.630,0.652,Answered,"The coordinator, pid 83864, took 'host'."
170,2026-10-04T01:50:38.5980109Z,load-client-host,client,host,30000,0.547,0.565,Answered,"The coordinator, pid 83864, took 'host'."
171,2026-10-04T01:50:38.8078522Z,load-client-host,client,host,30000,0.640,0.662,Answered,"The coordinator, pid 83864, took 'host'."
172,2026-10-04T01:50:39.0090379Z,load-client-host,client,host,30000,0.598,0.610,Answered,"The coordinator, pid 83864, took 'host'."
173,2026-10-04T01:50:39.2104590Z,load-client-host,client,host,30000,1.209,1.231,Answered,"The coordinator, pid 83864, took 'host'."
174,2026-10-04T01:50:39.4121758Z,load-client-host,client,host,30000,0.509,0.528,Answered,"The coordinator, pid 83864, took 'host'."
175,2026-10-04T01:50:39.6132014Z,load-client-host,client,host,30000,0.601,0.633,Answered,"The coordinator, pid 83864, took 'host'."
176,2026-10-04T01:50:39.8148469Z,load-client-host,client,host,30000,0.554,0.571,Answered,"The coordinator, pid 83864, took 'host'."
177,2026-10-04T01:50:40.0158500Z,load-client-host,client,host,30000,0.657,0.679,Answered,"The coordinator, pid 83864, took 'host'."
178,2026-10-04T01:50:40.2180178Z,load-client-host,client,host,30000,0.536,0.555,Answered,"The coordinator, pid 83864, took 'host'."
179,2026-10-04T01:50:40.4303455Z,load-client-host,client,host,30000,0.608,0.631,Answered,"The coordinator, pid 83864, took 'host'."
180,2026-10-04T01:50:40.6615944Z,load-client-host,client,host,30000,14.076,14.097,Answered,"The coordinator, pid 83864, took 'host'."
181,2026-10-04T01:50:40.8640571Z,load-client-host,client,host,30000,0.780,0.828,Answered,"The coordinator, pid 83864, took 'host'."
182,2026-10-04T01:50:41.0651022Z,load-client-host,client,host,30000,0.583,0.602,Answered,"The coordinator, pid 83864, took 'host'."
183,2026-10-04T01:50:41.2662277Z,load-client-host,client,host,30000,0.503,0.518,Answered,"The coordinator, pid 83864, took 'host'."
184,2026-10-04T01:50:41.4679966Z,load-client-host,client,host,30000,0.489,0.505,Answered,"The coordinator, pid 83864, took 'host'."
185,2026-10-04T01:50:41.6767728Z,load-client-host,client,host,30000,0.602,0.716,Answered,"The coordinator, pid 83864, took 'host'."
186,2026-10-04T01:50:41.8781655Z,load-client-host,client,host,30000,0.629,0.642,Answered,"The coordinator, pid 83864, took 'host'."
187,2026-10-04T01:50:42.0792824Z,load-client-host,client,host,30000,0.534,0.552,Answered,"The coordinator, pid 83864, took 'host'."
188,2026-10-04T01:50:42.2805015Z,load-client-host,client,host,30000,0.686,0.704,Answered,"The coordinator, pid 83864, took 'host'."
189,2026-10-04T01:50:42.4815426Z,load-client-host,client,host,30000,0.495,0.520,Answered,"The coordinator, pid 83864, took 'host'."
190,2026-10-04T01:50:42.7402616Z,load-client-host,client,host,30000,29.303,29.910,Answered,"The coordinator, pid 83864, took 'host'."
191,2026-10-04T01:50:42.9460780Z,load-client-host,client,host,30000,1.079,1.315,Answered,"The coordinator, pid 83864, took 'host'."
192,2026-10-04T01:50:43.1471854Z,load-client-host,client,host,30000,0.794,0.959,Answered,"The coordinator, pid 83864, took 'host'."
193,2026-10-04T01:50:43.4047007Z,load-client-host,client,host,30000,32.437,32.546,Answered,"The coordinator, pid 83864, took 'host'."
194,2026-10-04T01:50:43.6069618Z,load-client-host,client,host,30000,0.813,0.835,Answered,"The coordinator, pid 83864, took 'host'."
195,2026-10-04T01:50:43.8149725Z,load-client-host,client,host,30000,3.555,3.798,Answered,"The coordinator, pid 83864, took 'host'."
196,2026-10-04T01:50:44.0157972Z,load-client-host,client,host,30000,0.612,0.629,Answered,"The coordinator, pid 83864, took 'host'."
197,2026-10-04T01:50:44.2183258Z,load-client-host,client,host,30000,1.082,1.105,Answered,"The coordinator, pid 83864, took 'host'."
198,2026-10-04T01:50:44.4204077Z,load-client-host,client,host,30000,0.451,0.466,Answered,"The coordinator, pid 83864, took 'host'."
199,2026-10-04T01:50:44.6215757Z,load-client-host,client,host,30000,0.487,0.502,Answered,"The coordinator, pid 83864, took 'host'."
200,2026-10-04T01:50:44.8234810Z,load-client-host,client,host,30000,0.446,0.463,Answered,"The coordinator, pid 83864, took 'host'."
201,2026-10-04T01:50:45.0318069Z,load-client-host,client,host,30000,0.647,0.666,Answered,"The coordinator, pid 83864, took 'host'."
202,2026-10-04T01:50:45.2327591Z,load-client-host,client,host,30000,0.685,0.707,Answered,"The coordinator, pid 83864, took 'host'."
203,2026-10-04T01:50:45.4337022Z,load-client-host,client,host,30000,0.656,0.674,Answered,"The coordinator, pid 83864, took 'host'."
204,2026-10-04T01:50:45.6348546Z,load-client-host,client,host,30000,0.469,0.487,Answered,"The coordinator, pid 83864, took 'host'."
205,2026-10-04T01:50:45.8354926Z,load-client-host,client,host,30000,0.472,0.491,Answered,"The coordinator, pid 83864, took 'host'."
206,2026-10-04T01:50:46.0925196Z,load-client-host,client,host,30000,46.775,46.798,Answered,"The coordinator, pid 83864, took 'host'."
207,2026-10-04T01:50:46.2934326Z,load-client-host,client,host,30000,0.684,0.708,Answered,"The coordinator, pid 83864, took 'host'."
208,2026-10-04T01:50:46.4956327Z,load-client-host,client,host,30000,0.539,0.561,Answered,"The coordinator, pid 83864, took 'host'."
209,2026-10-04T01:50:46.6968452Z,load-client-host,client,host,30000,0.409,0.423,Answered,"The coordinator, pid 83864, took 'host'."
210,2026-10-04T01:50:46.9053219Z,load-client-host,client,host,30000,0.541,0.561,Answered,"The coordinator, pid 83864, took 'host'."
211,2026-10-04T01:50:47.1075908Z,load-client-host,client,host,30000,1.127,1.154,Answered,"The coordinator, pid 83864, took 'host'."
212,2026-10-04T01:50:47.3100883Z,load-client-host,client,host,30000,0.456,0.518,Answered,"The coordinator, pid 83864, took 'host'."
213,2026-10-04T01:50:47.5245224Z,load-client-host,client,host,30000,0.753,0.770,Answered,"The coordinator, pid 83864, took 'host'."
214,2026-10-04T01:50:47.7255804Z,load-client-host,client,host,30000,0.561,0.577,Answered,"The coordinator, pid 83864, took 'host'."
215,2026-10-04T01:50:47.9266886Z,load-client-host,client,host,30000,0.586,0.599,Answered,"The coordinator, pid 83864, took 'host'."
216,2026-10-04T01:50:48.1394141Z,load-client-host,client,host,30000,0.714,0.740,Answered,"The coordinator, pid 83864, took 'host'."
217,2026-10-04T01:50:48.3404378Z,load-client-host,client,host,30000,0.576,0.592,Answered,"The coordinator, pid 83864, took 'host'."
218,2026-10-04T01:50:48.5411467Z,load-client-host,client,host,30000,0.450,0.466,Answered,"The coordinator, pid 83864, took 'host'."
219,2026-10-04T01:50:48.7440501Z,load-client-host,client,host,30000,1.573,1.593,Answered,"The coordinator, pid 83864, took 'host'."
220,2026-10-04T01:50:48.9454292Z,load-client-host,client,host,30000,0.467,0.492,Answered,"The coordinator, pid 83864, took 'host'."
221,2026-10-04T01:50:49.1499288Z,load-client-host,client,host,30000,0.754,0.776,Answered,"The coordinator, pid 83864, took 'host'."
222,2026-10-04T01:50:49.3506684Z,load-client-host,client,host,30000,0.530,0.548,Answered,"The coordinator, pid 83864, took 'host'."
223,2026-10-04T01:50:49.5529296Z,load-client-host,client,host,30000,0.616,0.629,Answered,"The coordinator, pid 83864, took 'host'."
224,2026-10-04T01:50:49.7549740Z,load-client-host,client,host,30000,0.580,0.607,Answered,"The coordinator, pid 83864, took 'host'."
225,2026-10-04T01:50:49.9556960Z,load-client-host,client,host,30000,0.520,0.537,Answered,"The coordinator, pid 83864, took 'host'."
226,2026-10-04T01:50:50.1568772Z,load-client-host,client,host,30000,0.609,0.634,Answered,"The coordinator, pid 83864, took 'host'."
227,2026-10-04T01:50:50.4538999Z,load-client-host,client,host,30000,30.130,30.149,Answered,"The coordinator, pid 83864, took 'host'."
228,2026-10-04T01:50:50.7165674Z,load-client-host,client,host,30000,36.510,40.075,Answered,"The coordinator, pid 83864, took 'host'."
229,2026-10-04T01:50:50.9189592Z,load-client-host,client,host,30000,2.080,2.113,Answered,"The coordinator, pid 83864, took 'host'."
230,2026-10-04T01:50:51.1196688Z,load-client-host,client,host,30000,0.429,0.442,Answered,"The coordinator, pid 83864, took 'host'."
231,2026-10-04T01:50:51.3208771Z,load-client-host,client,host,30000,0.480,0.498,Answered,"The coordinator, pid 83864, took 'host'."
232,2026-10-04T01:50:51.5218670Z,load-client-host,client,host,30000,0.474,0.490,Answered,"The coordinator, pid 83864, took 'host'."
233,2026-10-04T01:50:51.7228554Z,load-client-host,client,host,30000,0.434,0.445,Answered,"The coordinator, pid 83864, took 'host'."
234,2026-10-04T01:50:51.9236100Z,load-client-host,client,host,30000,0.469,0.483,Answered,"The coordinator, pid 83864, took 'host'."
235,2026-10-04T01:50:52.1305511Z,load-client-host,client,host,30000,0.591,0.612,Answered,"The coordinator, pid 83864, took 'host'."
236,2026-10-04T01:50:52.3325540Z,load-client-host,client,host,30000,0.537,0.552,Answered,"The coordinator, pid 83864, took 'host'."
237,2026-10-04T01:50:52.5334963Z,load-client-host,client,host,30000,0.469,0.491,Answered,"The coordinator, pid 83864, took 'host'."
238,2026-10-04T01:50:52.7349031Z,load-client-host,client,host,30000,0.503,0.520,Answered,"The coordinator, pid 83864, took 'host'."
239,2026-10-04T01:50:52.9370866Z,load-client-host,client,host,30000,0.574,0.590,Answered,"The coordinator, pid 83864, took 'host'."
240,2026-10-04T01:50:53.1379635Z,load-client-host,client,host,30000,0.496,0.513,Answered,"The coordinator, pid 83864, took 'host'."
241,2026-10-04T01:50:53.3387237Z,load-client-host,client,host,30000,0.487,0.499,Answered,"The coordinator, pid 83864, took 'host'."
242,2026-10-04T01:50:53.5396208Z,load-client-host,client,host,30000,0.409,0.428,Answered,"The coordinator, pid 83864, took 'host'."
243,2026-10-04T01:50:53.7497279Z,load-client-host,client,host,30000,0.556,0.575,Answered,"The coordinator, pid 83864, took 'host'."
244,2026-10-04T01:50:53.9511026Z,load-client-host,client,host,30000,0.521,0.538,Answered,"The coordinator, pid 83864, took 'host'."
245,2026-10-04T01:50:54.1520170Z,load-client-host,client,host,30000,0.506,0.522,Answered,"The coordinator, pid 83864, took 'host'."
246,2026-10-04T01:50:54.3675272Z,load-client-host,client,host,30000,0.733,0.756,Answered,"The coordinator, pid 83864, took 'host'."
247,2026-10-04T01:50:54.5684340Z,load-client-host,client,host,30000,0.525,0.546,Answered,"The coordinator, pid 83864, took 'host'."
248,2026-10-04T01:50:54.7696697Z,load-client-host,client,host,30000,0.549,0.565,Answered,"The coordinator, pid 83864, took 'host'."
249,2026-10-04T01:50:54.9745827Z,load-client-host,client,host,30000,0.684,0.701,Answered,"The coordinator, pid 83864, took 'host'."
250,2026-10-04T01:50:55.1755897Z,load-client-host,client,host,30000,0.479,0.494,Answered,"The coordinator, pid 83864, took 'host'."
251,2026-10-04T01:50:55.3769559Z,load-client-host,client,host,30000,0.518,0.534,Answered,"The coordinator, pid 83864, took 'host'."
252,2026-10-04T01:50:55.5779917Z,load-client-host,client,host,30000,0.528,0.545,Answered,"The coordinator, pid 83864, took 'host'."
253,2026-10-04T01:50:55.7788260Z,load-client-host,client,host,30000,0.473,0.486,Answered,"The coordinator, pid 83864, took 'host'."
254,2026-10-04T01:50:55.9918346Z,load-client-host,client,host,30000,0.578,0.599,Answered,"The coordinator, pid 83864, took 'host'."
255,2026-10-04T01:50:56.1929662Z,load-client-host,client,host,30000,0.459,0.476,Answered,"The coordinator, pid 83864, took 'host'."
256,2026-10-04T01:50:56.3938933Z,load-client-host,client,host,30000,0.472,0.487,Answered,"The coordinator, pid 83864, took 'host'."
257,2026-10-04T01:50:56.5950927Z,load-client-host,client,host,30000,0.742,0.777,Answered,"The coordinator, pid 83864, took 'host'."
258,2026-10-04T01:50:56.7971239Z,load-client-host,client,host,30000,0.486,0.503,Answered,"The coordinator, pid 83864, took 'host'."
259,2026-10-04T01:50:56.9989762Z,load-client-host,client,host,30000,1.137,1.155,Answered,"The coordinator, pid 83864, took 'host'."
260,2026-10-04T01:50:57.1998831Z,load-client-host,client,host,30000,0.433,0.450,Answered,"The coordinator, pid 83864, took 'host'."
261,2026-10-04T01:50:57.4005628Z,load-client-host,client,host,30000,0.462,0.476,Answered,"The coordinator, pid 83864, took 'host'."
262,2026-10-04T01:50:57.6014898Z,load-client-host,client,host,30000,0.554,0.572,Answered,"The coordinator, pid 83864, took 'host'."
263,2026-10-04T01:50:57.8519874Z,load-client-host,client,host,30000,38.852,38.874,Answered,"The coordinator, pid 83864, took 'host'."
264,2026-10-04T01:50:58.1489824Z,load-client-host,client,host,30000,30.767,70.558,Answered,"The coordinator, pid 83864, took 'host'."
265,2026-10-04T01:50:58.3596739Z,load-client-host,client,host,30000,6.725,6.758,Answered,"The coordinator, pid 83864, took 'host'."
266,2026-10-04T01:51:02.7294015Z,load-client-host,client,host,30000,11.247,11.389,Answered,"The coordinator, pid 83864, took 'host'."
267,2026-10-04T01:51:02.9302798Z,load-client-host,client,host,30000,0.315,0.332,Answered,"The coordinator, pid 83864, took 'host'."
268,2026-10-04T01:51:03.1308250Z,load-client-host,client,host,30000,0.362,0.383,Answered,"The coordinator, pid 83864, took 'host'."
269,2026-10-04T01:51:03.3315166Z,load-client-host,client,host,30000,0.434,0.453,Answered,"The coordinator, pid 83864, took 'host'."
270,2026-10-04T01:51:03.5323986Z,load-client-host,client,host,30000,0.534,0.556,Answered,"The coordinator, pid 83864, took 'host'."
271,2026-10-04T01:51:03.7336494Z,load-client-host,client,host,30000,0.611,0.628,Answered,"The coordinator, pid 83864, took 'host'."
272,2026-10-04T01:51:03.9345421Z,load-client-host,client,host,30000,0.639,0.677,Answered,"The coordinator, pid 83864, took 'host'."
273,2026-10-04T01:51:04.1354711Z,load-client-host,client,host,30000,0.519,0.552,Answered,"The coordinator, pid 83864, took 'host'."
274,2026-10-04T01:51:04.3364919Z,load-client-host,client,host,30000,0.643,0.663,Answered,"The coordinator, pid 83864, took 'host'."
275,2026-10-04T01:51:04.5373089Z,load-client-host,client,host,30000,0.563,0.576,Answered,"The coordinator, pid 83864, took 'host'."
276,2026-10-04T01:51:04.7381523Z,load-client-host,client,host,30000,0.475,0.491,Answered,"The coordinator, pid 83864, took 'host'."
277,2026-10-04T01:51:04.9481234Z,load-client-host,client,host,30000,0.718,0.742,Answered,"The coordinator, pid 83864, took 'host'."
278,2026-10-04T01:51:05.1490962Z,load-client-host,client,host,30000,0.625,0.656,Answered,"The coordinator, pid 83864, took 'host'."
279,2026-10-04T01:51:05.3502726Z,load-client-host,client,host,30000,0.448,0.469,Answered,"The coordinator, pid 83864, took 'host'."
280,2026-10-04T01:51:05.5599951Z,load-client-host,client,host,30000,0.623,0.651,Answered,"The coordinator, pid 83864, took 'host'."
281,2026-10-04T01:51:05.7607800Z,load-client-host,client,host,30000,0.560,0.587,Answered,"The coordinator, pid 83864, took 'host'."
282,2026-10-04T01:51:05.9618875Z,load-client-host,client,host,30000,0.519,0.538,Answered,"The coordinator, pid 83864, took 'host'."
283,2026-10-04T01:51:06.1697539Z,load-client-host,client,host,30000,0.975,0.996,Answered,"The coordinator, pid 83864, took 'host'."
284,2026-10-04T01:51:06.3704694Z,load-client-host,client,host,30000,0.479,0.496,Answered,"The coordinator, pid 83864, took 'host'."
285,2026-10-04T01:51:06.5712151Z,load-client-host,client,host,30000,0.585,0.607,Answered,"The coordinator, pid 83864, took 'host'."
286,2026-10-04T01:51:06.7806224Z,load-client-host,client,host,30000,1.255,1.291,Answered,"The coordinator, pid 83864, took 'host'."
287,2026-10-04T01:51:06.9817377Z,load-client-host,client,host,30000,0.499,0.518,Answered,"The coordinator, pid 83864, took 'host'."
288,2026-10-04T01:51:07.1827920Z,load-client-host,client,host,30000,0.508,0.528,Answered,"The coordinator, pid 83864, took 'host'."
289,2026-10-04T01:51:07.3839846Z,load-client-host,client,host,30000,0.596,0.612,Answered,"The coordinator, pid 83864, took 'host'."
290,2026-10-04T01:51:07.5849119Z,load-client-host,client,host,30000,0.533,0.550,Answered,"The coordinator, pid 83864, took 'host'."
291,2026-10-04T01:51:07.7874499Z,load-client-host,client,host,30000,1.169,1.196,Answered,"The coordinator, pid 83864, took 'host'."
292,2026-10-04T01:51:08.0019708Z,load-client-host,client,host,30000,1.082,1.163,Answered,"The coordinator, pid 83864, took 'host'."
293,2026-10-04T01:51:08.2026557Z,load-client-host,client,host,30000,0.395,0.411,Answered,"The coordinator, pid 83864, took 'host'."
294,2026-10-04T01:51:09.2253519Z,load-client-host,client,host,30000,3.611,3.689,Answered,"The coordinator, pid 83864, took 'host'."
295,2026-10-04T01:51:09.4459087Z,load-client-host,client,host,30000,12.953,13.100,Answered,"The coordinator, pid 83864, took 'host'."
296,2026-10-04T01:51:09.6486720Z,load-client-host,client,host,30000,1.628,1.724,Answered,"The coordinator, pid 83864, took 'host'."
297,2026-10-04T01:51:09.8514793Z,load-client-host,client,host,30000,2.233,2.253,Answered,"The coordinator, pid 83864, took 'host'."
298,2026-10-04T01:51:10.0529557Z,load-client-host,client,host,30000,0.585,0.609,Answered,"The coordinator, pid 83864, took 'host'."
299,2026-10-04T01:51:10.2602951Z,load-client-host,client,host,30000,0.751,0.774,Answered,"The coordinator, pid 83864, took 'host'."
300,2026-10-04T01:51:10.4617841Z,load-client-host,client,host,30000,0.874,0.898,Answered,"The coordinator, pid 83864, took 'host'."
301,2026-10-04T01:51:10.6638004Z,load-client-host,client,host,30000,1.195,1.231,Answered,"The coordinator, pid 83864, took 'host'."
302,2026-10-04T01:51:10.8655285Z,load-client-host,client,host,30000,0.695,0.716,Answered,"The coordinator, pid 83864, took 'host'."
303,2026-10-04T01:51:11.0669977Z,load-client-host,client,host,30000,0.686,0.712,Answered,"The coordinator, pid 83864, took 'host'."
304,2026-10-04T01:51:11.2706675Z,load-client-host,client,host,30000,0.571,0.595,Answered,"The coordinator, pid 83864, took 'host'."
305,2026-10-04T01:51:11.4719439Z,load-client-host,client,host,30000,0.755,0.774,Answered,"The coordinator, pid 83864, took 'host'."
306,2026-10-04T01:51:11.6729567Z,load-client-host,client,host,30000,0.736,0.762,Answered,"The coordinator, pid 83864, took 'host'."
307,2026-10-04T01:51:11.8862178Z,load-client-host,client,host,30000,0.815,0.836,Answered,"The coordinator, pid 83864, took 'host'."
308,2026-10-04T01:51:12.2575874Z,load-client-host,client,host,30000,0.980,1.004,Answered,"The coordinator, pid 83864, took 'host'."
309,2026-10-04T01:51:12.4617583Z,load-client-host,client,host,30000,2.827,2.849,Answered,"The coordinator, pid 83864, took 'host'."
310,2026-10-04T01:51:12.6650827Z,load-client-host,client,host,30000,2.692,2.712,Answered,"The coordinator, pid 83864, took 'host'."
311,2026-10-04T01:51:12.9456509Z,load-client-host,client,host,30000,28.976,46.407,Answered,"The coordinator, pid 83864, took 'host'."
312,2026-10-04T01:51:13.1713525Z,load-client-host,client,host,30000,22.896,23.181,Answered,"The coordinator, pid 83864, took 'host'."
313,2026-10-04T01:51:15.1066011Z,load-client-host,client,host,30000,9.597,9.639,Answered,"The coordinator, pid 83864, took 'host'."
314,2026-10-04T01:51:15.3288835Z,load-client-host,client,host,30000,21.180,21.235,Answered,"The coordinator, pid 83864, took 'host'."
315,2026-10-04T01:51:15.5370704Z,load-client-host,client,host,30000,0.956,1.006,Answered,"The coordinator, pid 83864, took 'host'."
316,2026-10-04T01:51:15.8142608Z,load-client-host,client,host,30000,49.076,49.125,Answered,"The coordinator, pid 83864, took 'host'."
317,2026-10-04T01:51:16.0279712Z,load-client-host,client,host,30000,13.026,13.052,Answered,"The coordinator, pid 83864, took 'host'."
318,2026-10-04T01:51:16.2855422Z,load-client-host,client,host,30000,36.548,36.851,Answered,"The coordinator, pid 83864, took 'host'."
319,2026-10-04T01:51:16.4923075Z,load-client-host,client,host,30000,1.222,1.249,Answered,"The coordinator, pid 83864, took 'host'."
320,2026-10-04T01:51:16.6954288Z,load-client-host,client,host,30000,2.438,2.481,Answered,"The coordinator, pid 83864, took 'host'."
321,2026-10-04T01:51:16.9016224Z,load-client-host,client,host,30000,5.654,5.688,Answered,"The coordinator, pid 83864, took 'host'."
322,2026-10-04T01:51:17.1170458Z,load-client-host,client,host,30000,3.473,3.489,Answered,"The coordinator, pid 83864, took 'host'."
323,2026-10-04T01:51:17.3219099Z,load-client-host,client,host,30000,1.158,1.310,Answered,"The coordinator, pid 83864, took 'host'."
324,2026-10-04T01:51:17.5245532Z,load-client-host,client,host,30000,1.726,1.744,Answered,"The coordinator, pid 83864, took 'host'."
325,2026-10-04T01:51:17.7278029Z,load-client-host,client,host,30000,0.911,1.278,Answered,"The coordinator, pid 83864, took 'host'."
326,2026-10-04T01:51:17.9341675Z,load-client-host,client,host,30000,4.304,4.662,Answered,"The coordinator, pid 83864, took 'host'."
327,2026-10-04T01:51:18.1731478Z,load-client-host,client,host,30000,36.028,38.047,Answered,"The coordinator, pid 83864, took 'host'."
328,2026-10-04T01:51:18.3830139Z,load-client-host,client,host,30000,9.175,9.214,Answered,"The coordinator, pid 83864, took 'host'."
329,2026-10-04T01:51:18.6102949Z,load-client-host,client,host,30000,0.889,11.466,Answered,"The coordinator, pid 83864, took 'host'."
330,2026-10-04T01:51:18.8128006Z,load-client-host,client,host,30000,1.468,1.492,Answered,"The coordinator, pid 83864, took 'host'."
331,2026-10-04T01:51:19.0143430Z,load-client-host,client,host,30000,0.991,1.018,Answered,"The coordinator, pid 83864, took 'host'."
332,2026-10-04T01:51:19.2162416Z,load-client-host,client,host,30000,1.032,1.061,Answered,"The coordinator, pid 83864, took 'host'."
333,2026-10-04T01:51:19.4178662Z,load-client-host,client,host,30000,0.990,1.024,Answered,"The coordinator, pid 83864, took 'host'."
334,2026-10-04T01:51:19.6191143Z,load-client-host,client,host,30000,0.732,0.757,Answered,"The coordinator, pid 83864, took 'host'."
335,2026-10-04T01:51:19.8271055Z,load-client-host,client,host,30000,4.577,4.609,Answered,"The coordinator, pid 83864, took 'host'."
336,2026-10-04T01:51:20.0282750Z,load-client-host,client,host,30000,0.831,0.920,Answered,"The coordinator, pid 83864, took 'host'."
337,2026-10-04T01:51:20.2293325Z,load-client-host,client,host,30000,0.599,0.620,Answered,"The coordinator, pid 83864, took 'host'."
338,2026-10-04T01:51:20.4374314Z,load-client-host,client,host,30000,0.886,0.907,Answered,"The coordinator, pid 83864, took 'host'."
339,2026-10-04T01:51:20.6389889Z,load-client-host,client,host,30000,0.729,0.908,Answered,"The coordinator, pid 83864, took 'host'."
340,2026-10-04T01:51:20.8406286Z,load-client-host,client,host,30000,0.782,0.819,Answered,"The coordinator, pid 83864, took 'host'."
341,2026-10-04T01:51:21.0420396Z,load-client-host,client,host,30000,1.107,1.121,Answered,"The coordinator, pid 83864, took 'host'."
342,2026-10-04T01:51:21.2436397Z,load-client-host,client,host,30000,1.143,1.183,Answered,"The coordinator, pid 83864, took 'host'."
343,2026-10-04T01:51:21.4457142Z,load-client-host,client,host,30000,0.801,0.924,Answered,"The coordinator, pid 83864, took 'host'."
344,2026-10-04T01:51:21.6466677Z,load-client-host,client,host,30000,0.721,0.745,Answered,"The coordinator, pid 83864, took 'host'."
345,2026-10-04T01:51:21.8478313Z,load-client-host,client,host,30000,0.666,0.688,Answered,"The coordinator, pid 83864, took 'host'."
346,2026-10-04T01:51:22.0491260Z,load-client-host,client,host,30000,0.759,0.782,Answered,"The coordinator, pid 83864, took 'host'."
347,2026-10-04T01:51:22.2556633Z,load-client-host,client,host,30000,6.023,6.059,Answered,"The coordinator, pid 83864, took 'host'."
348,2026-10-04T01:51:22.4568903Z,load-client-host,client,host,30000,0.650,0.684,Answered,"The coordinator, pid 83864, took 'host'."
349,2026-10-04T01:51:22.6578523Z,load-client-host,client,host,30000,0.631,0.654,Answered,"The coordinator, pid 83864, took 'host'."
350,2026-10-04T01:51:22.8593122Z,load-client-host,client,host,30000,0.675,0.697,Answered,"The coordinator, pid 83864, took 'host'."
351,2026-10-04T01:51:23.0602561Z,load-client-host,client,host,30000,0.696,0.716,Answered,"The coordinator, pid 83864, took 'host'."
352,2026-10-04T01:51:23.2612576Z,load-client-host,client,host,30000,0.577,0.595,Answered,"The coordinator, pid 83864, took 'host'."
353,2026-10-04T01:51:23.4627808Z,load-client-host,client,host,30000,0.614,0.634,Answered,"The coordinator, pid 83864, took 'host'."
354,2026-10-04T01:51:23.6707227Z,load-client-host,client,host,30000,3.033,3.175,Answered,"The coordinator, pid 83864, took 'host'."
355,2026-10-04T01:51:23.8742141Z,load-client-host,client,host,30000,1.005,1.085,Answered,"The coordinator, pid 83864, took 'host'."
356,2026-10-04T01:51:24.1012193Z,load-client-host,client,host,30000,15.712,17.252,Answered,"The coordinator, pid 83864, took 'host'."
357,2026-10-04T01:51:24.3373864Z,load-client-host,client,host,30000,33.946,34.124,Answered,"The coordinator, pid 83864, took 'host'."
358,2026-10-04T01:51:24.5383988Z,load-client-host,client,host,30000,0.724,0.747,Answered,"The coordinator, pid 83864, took 'host'."
359,2026-10-04T01:51:24.9003122Z,load-client-host,client,host,30000,1.433,1.455,Answered,"The coordinator, pid 83864, took 'host'."
360,2026-10-04T01:51:25.1015882Z,load-client-host,client,host,30000,0.684,0.704,Answered,"The coordinator, pid 83864, took 'host'."
361,2026-10-04T01:51:25.3025384Z,load-client-host,client,host,30000,0.712,0.735,Answered,"The coordinator, pid 83864, took 'host'."
362,2026-10-04T01:51:25.5034286Z,load-client-host,client,host,30000,0.427,0.441,Answered,"The coordinator, pid 83864, took 'host'."
363,2026-10-04T01:51:25.7040862Z,load-client-host,client,host,30000,0.450,0.462,Answered,"The coordinator, pid 83864, took 'host'."
364,2026-10-04T01:51:25.9049370Z,load-client-host,client,host,30000,0.442,0.455,Answered,"The coordinator, pid 83864, took 'host'."
365,2026-10-04T01:51:26.1118783Z,load-client-host,client,host,30000,1.021,1.056,Answered,"The coordinator, pid 83864, took 'host'."
366,2026-10-04T01:51:26.3129412Z,load-client-host,client,host,30000,0.690,0.710,Answered,"The coordinator, pid 83864, took 'host'."
367,2026-10-04T01:51:26.5139010Z,load-client-host,client,host,30000,0.429,0.449,Answered,"The coordinator, pid 83864, took 'host'."
368,2026-10-04T01:51:26.7148430Z,load-client-host,client,host,30000,0.594,0.619,Answered,"The coordinator, pid 83864, took 'host'."
369,2026-10-04T01:51:26.9164625Z,load-client-host,client,host,30000,0.650,0.671,Answered,"The coordinator, pid 83864, took 'host'."
370,2026-10-04T01:51:27.1174450Z,load-client-host,client,host,30000,0.612,0.633,Answered,"The coordinator, pid 83864, took 'host'."
371,2026-10-04T01:51:27.3184472Z,load-client-host,client,host,30000,0.530,0.549,Answered,"The coordinator, pid 83864, took 'host'."
372,2026-10-04T01:51:27.5196846Z,load-client-host,client,host,30000,0.512,0.533,Answered,"The coordinator, pid 83864, took 'host'."
373,2026-10-04T01:51:27.7244266Z,load-client-host,client,host,30000,0.688,0.708,Answered,"The coordinator, pid 83864, took 'host'."
374,2026-10-04T01:51:27.9279531Z,load-client-host,client,host,30000,0.738,0.867,Answered,"The coordinator, pid 83864, took 'host'."
375,2026-10-04T01:51:28.1317060Z,load-client-host,client,host,30000,2.722,2.858,Answered,"The coordinator, pid 83864, took 'host'."
376,2026-10-04T01:51:28.3654678Z,load-client-host,client,host,30000,11.506,11.787,Answered,"The coordinator, pid 83864, took 'host'."
377,2026-10-04T01:51:28.5708558Z,load-client-host,client,host,30000,4.036,4.081,Answered,"The coordinator, pid 83864, took 'host'."
378,2026-10-04T01:51:28.7741320Z,load-client-host,client,host,30000,2.065,2.086,Answered,"The coordinator, pid 83864, took 'host'."
379,2026-10-04T01:51:28.9877632Z,load-client-host,client,host,30000,9.274,9.623,Answered,"The coordinator, pid 83864, took 'host'."
380,2026-10-04T01:51:29.3384515Z,load-client-host,client,host,30000,32.480,79.412,Answered,"The coordinator, pid 83864, took 'host'."
381,2026-10-04T01:51:29.5584698Z,load-client-host,client,host,30000,17.955,18.092,Answered,"The coordinator, pid 83864, took 'host'."
382,2026-10-04T01:51:29.7892716Z,load-client-host,client,host,30000,1.032,3.109,Answered,"The coordinator, pid 83864, took 'host'."
383,2026-10-04T01:51:29.9903923Z,load-client-host,client,host,30000,0.541,0.561,Answered,"The coordinator, pid 83864, took 'host'."
384,2026-10-04T01:51:30.8555414Z,load-client-host,client,host,30000,33.314,33.344,Answered,"The coordinator, pid 83864, took 'host'."
385,2026-10-04T01:51:31.0960695Z,load-client-host,client,host,30000,30.900,30.924,Answered,"The coordinator, pid 83864, took 'host'."
386,2026-10-04T01:51:31.3149612Z,load-client-host,client,host,30000,13.377,13.399,Answered,"The coordinator, pid 83864, took 'host'."
387,2026-10-04T01:51:31.5547660Z,load-client-host,client,host,30000,26.659,27.153,Answered,"The coordinator, pid 83864, took 'host'."
388,2026-10-04T01:51:31.7562075Z,load-client-host,client,host,30000,0.842,0.882,Answered,"The coordinator, pid 83864, took 'host'."
389,2026-10-04T01:51:31.9810705Z,load-client-host,client,host,30000,16.545,16.576,Answered,"The coordinator, pid 83864, took 'host'."
390,2026-10-04T01:51:32.1833634Z,load-client-host,client,host,30000,0.670,0.767,Answered,"The coordinator, pid 83864, took 'host'."
391,2026-10-04T01:51:32.3913954Z,load-client-host,client,host,30000,2.381,5.412,Answered,"The coordinator, pid 83864, took 'host'."
392,2026-10-04T01:51:32.5972131Z,load-client-host,client,host,30000,2.273,2.293,Answered,"The coordinator, pid 83864, took 'host'."
393,2026-10-04T01:51:32.8096427Z,load-client-host,client,host,30000,7.417,8.568,Answered,"The coordinator, pid 83864, took 'host'."
394,2026-10-04T01:51:33.1147737Z,load-client-host,client,host,30000,55.516,55.888,Answered,"The coordinator, pid 83864, took 'host'."
395,2026-10-04T01:51:33.3690646Z,load-client-host,client,host,30000,27.913,33.362,Answered,"The coordinator, pid 83864, took 'host'."
396,2026-10-04T01:51:33.6044593Z,load-client-host,client,host,30000,13.951,15.483,Answered,"The coordinator, pid 83864, took 'host'."
397,2026-10-04T01:51:33.8550480Z,load-client-host,client,host,30000,31.692,37.847,Answered,"The coordinator, pid 83864, took 'host'."
398,2026-10-04T01:51:34.1866509Z,load-client-host,client,host,30000,60.304,60.649,Answered,"The coordinator, pid 83864, took 'host'."
399,2026-10-04T01:51:34.4684326Z,load-client-host,client,host,30000,7.199,35.392,Answered,"The coordinator, pid 83864, took 'host'."
400,2026-10-04T01:51:34.7855832Z,load-client-host,client,host,30000,57.860,63.439,Answered,"The coordinator, pid 83864, took 'host'."
401,2026-10-04T01:51:35.0410547Z,load-client-host,client,host,30000,37.682,37.770,Answered,"The coordinator, pid 83864, took 'host'."
402,2026-10-04T01:51:35.2655337Z,load-client-host,client,host,30000,17.201,17.561,Answered,"The coordinator, pid 83864, took 'host'."
403,2026-10-04T01:51:35.4761522Z,load-client-host,client,host,30000,5.494,5.575,Answered,"The coordinator, pid 83864, took 'host'."
404,2026-10-04T01:51:35.6841402Z,load-client-host,client,host,30000,4.548,4.568,Answered,"The coordinator, pid 83864, took 'host'."
405,2026-10-04T01:51:35.8864405Z,load-client-host,client,host,30000,0.651,0.673,Answered,"The coordinator, pid 83864, took 'host'."
406,2026-10-04T01:51:36.1116873Z,load-client-host,client,host,30000,5.199,5.252,Answered,"The coordinator, pid 83864, took 'host'."
407,2026-10-04T01:51:36.3444914Z,load-client-host,client,host,30000,21.960,22.045,Answered,"The coordinator, pid 83864, took 'host'."
408,2026-10-04T01:51:36.6575295Z,load-client-host,client,host,30000,37.485,57.291,Answered,"The coordinator, pid 83864, took 'host'."
409,2026-10-04T01:51:36.9480420Z,load-client-host,client,host,30000,33.903,34.332,Answered,"The coordinator, pid 83864, took 'host'."
410,2026-10-04T01:51:37.2323542Z,load-client-host,client,host,30000,39.138,41.682,Answered,"The coordinator, pid 83864, took 'host'."
411,2026-10-04T01:51:37.4671300Z,load-client-host,client,host,30000,19.624,21.344,Answered,"The coordinator, pid 83864, took 'host'."
412,2026-10-04T01:51:37.6862970Z,load-client-host,client,host,30000,13.709,14.799,Answered,"The coordinator, pid 83864, took 'host'."
413,2026-10-04T01:51:37.9142391Z,load-client-host,client,host,30000,13.127,13.355,Answered,"The coordinator, pid 83864, took 'host'."
414,2026-10-04T01:51:38.1298324Z,load-client-host,client,host,30000,3.235,13.764,Answered,"The coordinator, pid 83864, took 'host'."
415,2026-10-04T01:51:38.3480253Z,load-client-host,client,host,30000,12.476,12.495,Answered,"The coordinator, pid 83864, took 'host'."
416,2026-10-04T01:51:38.6018611Z,load-client-host,client,host,30000,13.903,22.950,Answered,"The coordinator, pid 83864, took 'host'."
417,2026-10-04T01:51:38.8113460Z,load-client-host,client,host,30000,3.574,3.622,Answered,"The coordinator, pid 83864, took 'host'."
418,2026-10-04T01:51:39.0427662Z,load-client-host,client,host,30000,15.249,26.384,Answered,"The coordinator, pid 83864, took 'host'."
419,2026-10-04T01:51:39.3863762Z,load-client-host,client,host,30000,135.329,142.946,Answered,"The coordinator, pid 83864, took 'host'."
420,2026-10-04T01:51:39.6249651Z,load-client-host,client,host,30000,8.866,28.733,Answered,"The coordinator, pid 83864, took 'host'."
421,2026-10-04T01:51:39.8728759Z,load-client-host,client,host,30000,43.605,44.807,Answered,"The coordinator, pid 83864, took 'host'."
422,2026-10-04T01:51:40.1507431Z,load-client-host,client,host,30000,43.553,43.711,Answered,"The coordinator, pid 83864, took 'host'."
423,2026-10-04T01:51:40.4908831Z,load-client-host,client,host,30000,33.254,62.336,Answered,"The coordinator, pid 83864, took 'host'."
424,2026-10-04T01:51:40.7727908Z,load-client-host,client,host,30000,19.136,19.175,Answered,"The coordinator, pid 83864, took 'host'."
425,2026-10-04T01:51:41.0192280Z,load-client-host,client,host,30000,22.110,22.270,Answered,"The coordinator, pid 83864, took 'host'."
426,2026-10-04T01:51:41.3694144Z,load-client-host,client,host,30000,50.449,79.859,Answered,"The coordinator, pid 83864, took 'host'."
427,2026-10-04T01:51:41.5972545Z,load-client-host,client,host,30000,15.208,15.283,Answered,"The coordinator, pid 83864, took 'host'."
428,2026-10-04T01:51:41.8680350Z,load-client-host,client,host,30000,25.124,42.954,Answered,"The coordinator, pid 83864, took 'host'."
429,2026-10-04T01:51:42.1007914Z,load-client-host,client,host,30000,6.197,18.739,Answered,"The coordinator, pid 83864, took 'host'."
430,2026-10-04T01:51:42.3111569Z,load-client-host,client,host,30000,3.751,3.879,Answered,"The coordinator, pid 83864, took 'host'."
431,2026-10-04T01:51:42.5846464Z,load-client-host,client,host,30000,38.005,66.953,Answered,"The coordinator, pid 83864, took 'host'."
432,2026-10-04T01:51:42.8185146Z,load-client-host,client,host,30000,7.327,15.672,Answered,"The coordinator, pid 83864, took 'host'."
433,2026-10-04T01:51:43.0396988Z,load-client-host,client,host,30000,14.342,14.544,Answered,"The coordinator, pid 83864, took 'host'."
434,2026-10-04T01:51:43.2574716Z,load-client-host,client,host,30000,3.409,4.738,Answered,"The coordinator, pid 83864, took 'host'."
435,2026-10-04T01:51:43.4804345Z,load-client-host,client,host,30000,6.047,6.400,Answered,"The coordinator, pid 83864, took 'host'."
436,2026-10-04T01:51:43.6994476Z,load-client-host,client,host,30000,10.121,16.491,Answered,"The coordinator, pid 83864, took 'host'."
437,2026-10-04T01:51:43.9793842Z,load-client-host,client,host,30000,52.492,52.818,Answered,"The coordinator, pid 83864, took 'host'."
438,2026-10-04T01:51:44.2121061Z,load-client-host,client,host,30000,8.469,13.514,Answered,"The coordinator, pid 83864, took 'host'."
439,2026-10-04T01:51:44.4439513Z,load-client-host,client,host,30000,31.160,31.440,Answered,"The coordinator, pid 83864, took 'host'."
440,2026-10-04T01:51:44.6538053Z,load-client-host,client,host,30000,8.723,8.753,Answered,"The coordinator, pid 83864, took 'host'."
441,2026-10-04T01:51:44.8916985Z,load-client-host,client,host,30000,29.428,29.456,Answered,"The coordinator, pid 83864, took 'host'."
442,2026-10-04T01:51:45.1371338Z,load-client-host,client,host,30000,5.614,5.892,Answered,"The coordinator, pid 83864, took 'host'."
443,2026-10-04T01:51:45.3664800Z,load-client-host,client,host,30000,18.481,18.516,Answered,"The coordinator, pid 83864, took 'host'."
444,2026-10-04T01:51:45.6648175Z,load-client-host,client,host,30000,45.192,45.806,Answered,"The coordinator, pid 83864, took 'host'."
445,2026-10-04T01:51:45.9142833Z,load-client-host,client,host,30000,35.870,36.464,Answered,"The coordinator, pid 83864, took 'host'."
446,2026-10-04T01:51:46.2284260Z,load-client-host,client,host,30000,54.925,55.535,Answered,"The coordinator, pid 83864, took 'host'."
447,2026-10-04T01:51:46.6101118Z,load-client-host,client,host,30000,56.358,56.526,Answered,"The coordinator, pid 83864, took 'host'."
448,2026-10-04T01:51:46.8145049Z,load-client-host,client,host,30000,1.113,1.175,Answered,"The coordinator, pid 83864, took 'host'."
449,2026-10-04T01:51:47.0166287Z,load-client-host,client,host,30000,1.265,1.284,Answered,"The coordinator, pid 83864, took 'host'."
450,2026-10-04T01:51:47.2187180Z,load-client-host,client,host,30000,0.545,0.566,Answered,"The coordinator, pid 83864, took 'host'."
451,2026-10-04T01:51:47.4198845Z,load-client-host,client,host,30000,0.654,0.678,Answered,"The coordinator, pid 83864, took 'host'."
452,2026-10-04T01:51:47.6213519Z,load-client-host,client,host,30000,0.642,0.662,Answered,"The coordinator, pid 83864, took 'host'."
453,2026-10-04T01:51:47.8226939Z,load-client-host,client,host,30000,0.774,0.797,Answered,"The coordinator, pid 83864, took 'host'."
454,2026-10-04T01:51:48.0244113Z,load-client-host,client,host,30000,1.139,1.157,Answered,"The coordinator, pid 83864, took 'host'."
455,2026-10-04T01:51:48.2390416Z,load-client-host,client,host,30000,5.370,5.411,Answered,"The coordinator, pid 83864, took 'host'."
456,2026-10-04T01:51:48.4595498Z,load-client-host,client,host,30000,7.692,7.719,Answered,"The coordinator, pid 83864, took 'host'."
457,2026-10-04T01:51:48.6718509Z,load-client-host,client,host,30000,11.307,11.362,Answered,"The coordinator, pid 83864, took 'host'."
458,2026-10-04T01:51:48.9371777Z,load-client-host,client,host,30000,25.716,36.845,Answered,"The coordinator, pid 83864, took 'host'."
459,2026-10-04T01:51:49.1664438Z,load-client-host,client,host,30000,17.432,17.467,Answered,"The coordinator, pid 83864, took 'host'."
460,2026-10-04T01:51:49.3790892Z,load-client-host,client,host,30000,10.935,10.962,Answered,"The coordinator, pid 83864, took 'host'."
461,2026-10-04T01:51:49.5851792Z,load-client-host,client,host,30000,5.669,5.696,Answered,"The coordinator, pid 83864, took 'host'."
462,2026-10-04T01:51:49.7867910Z,load-client-host,client,host,30000,0.843,0.947,Answered,"The coordinator, pid 83864, took 'host'."
463,2026-10-04T01:51:49.9879086Z,load-client-host,client,host,30000,0.532,0.548,Answered,"The coordinator, pid 83864, took 'host'."
464,2026-10-04T01:51:50.1888933Z,load-client-host,client,host,30000,0.599,0.621,Answered,"The coordinator, pid 83864, took 'host'."
465,2026-10-04T01:51:50.3903727Z,load-client-host,client,host,30000,0.698,0.721,Answered,"The coordinator, pid 83864, took 'host'."
466,2026-10-04T01:51:50.5914277Z,load-client-host,client,host,30000,0.659,0.681,Answered,"The coordinator, pid 83864, took 'host'."
467,2026-10-04T01:51:50.8072274Z,load-client-host,client,host,30000,0.776,0.807,Answered,"The coordinator, pid 83864, took 'host'."
468,2026-10-04T01:51:51.0083946Z,load-client-host,client,host,30000,0.690,0.718,Answered,"The coordinator, pid 83864, took 'host'."
469,2026-10-04T01:51:51.2129911Z,load-client-host,client,host,30000,1.080,1.466,Answered,"The coordinator, pid 83864, took 'host'."
470,2026-10-04T01:51:51.4266975Z,load-client-host,client,host,30000,7.858,8.729,Answered,"The coordinator, pid 83864, took 'host'."
471,2026-10-04T01:51:51.6280716Z,load-client-host,client,host,30000,0.537,0.560,Answered,"The coordinator, pid 83864, took 'host'."
472,2026-10-04T01:51:51.8292326Z,load-client-host,client,host,30000,0.767,0.798,Answered,"The coordinator, pid 83864, took 'host'."
473,2026-10-04T01:51:52.0349591Z,load-client-host,client,host,30000,3.874,3.894,Answered,"The coordinator, pid 83864, took 'host'."
474,2026-10-04T01:51:52.2363909Z,load-client-host,client,host,30000,0.711,0.783,Answered,"The coordinator, pid 83864, took 'host'."
475,2026-10-04T01:51:52.4377580Z,load-client-host,client,host,30000,0.802,0.839,Answered,"The coordinator, pid 83864, took 'host'."
476,2026-10-04T01:51:52.6392070Z,load-client-host,client,host,30000,0.713,0.736,Answered,"The coordinator, pid 83864, took 'host'."
477,2026-10-04T01:51:52.8582736Z,load-client-host,client,host,30000,8.549,9.735,Answered,"The coordinator, pid 83864, took 'host'."
478,2026-10-04T01:51:53.1010395Z,load-client-host,client,host,30000,10.258,10.289,Answered,"The coordinator, pid 83864, took 'host'."
479,2026-10-04T01:51:53.3057560Z,load-client-host,client,host,30000,1.037,1.381,Answered,"The coordinator, pid 83864, took 'host'."
480,2026-10-04T01:51:53.5147771Z,load-client-host,client,host,30000,3.775,4.079,Answered,"The coordinator, pid 83864, took 'host'."
481,2026-10-04T01:51:53.7237290Z,load-client-host,client,host,30000,7.449,7.504,Answered,"The coordinator, pid 83864, took 'host'."
482,2026-10-04T01:51:53.9265168Z,load-client-host,client,host,30000,0.912,1.072,Answered,"The coordinator, pid 83864, took 'host'."
483,2026-10-04T01:51:54.1289524Z,load-client-host,client,host,30000,1.259,1.347,Answered,"The coordinator, pid 83864, took 'host'."
484,2026-10-04T01:51:54.3323243Z,load-client-host,client,host,30000,2.137,2.158,Answered,"The coordinator, pid 83864, took 'host'."
485,2026-10-04T01:51:54.5566381Z,load-client-host,client,host,30000,16.073,16.220,Answered,"The coordinator, pid 83864, took 'host'."
486,2026-10-04T01:51:54.7628577Z,load-client-host,client,host,30000,2.571,2.742,Answered,"The coordinator, pid 83864, took 'host'."
487,2026-10-04T01:51:54.9732921Z,load-client-host,client,host,30000,6.179,6.444,Answered,"The coordinator, pid 83864, took 'host'."
488,2026-10-04T01:51:55.1785477Z,load-client-host,client,host,30000,3.846,3.875,Answered,"The coordinator, pid 83864, took 'host'."
489,2026-10-04T01:51:55.3879033Z,load-client-host,client,host,30000,4.185,4.298,Answered,"The coordinator, pid 83864, took 'host'."
490,2026-10-04T01:51:55.5894175Z,load-client-host,client,host,30000,0.688,0.709,Answered,"The coordinator, pid 83864, took 'host'."
491,2026-10-04T01:51:55.7905140Z,load-client-host,client,host,30000,0.642,0.659,Answered,"The coordinator, pid 83864, took 'host'."
492,2026-10-04T01:51:57.6433061Z,load-client-host,client,host,30000,0.705,0.724,Answered,"The coordinator, pid 83864, took 'host'."
493,2026-10-04T01:51:58.4492364Z,load-client-host,client,host,30000,32.441,32.659,Answered,"The coordinator, pid 83864, took 'host'."
494,2026-10-04T01:51:58.6573739Z,load-client-host,client,host,30000,6.708,6.735,Answered,"The coordinator, pid 83864, took 'host'."
495,2026-10-04T01:51:58.8623794Z,load-client-host,client,host,30000,1.022,2.185,Answered,"The coordinator, pid 83864, took 'host'."
496,2026-10-04T01:51:59.0824709Z,load-client-host,client,host,30000,18.675,18.829,Answered,"The coordinator, pid 83864, took 'host'."
497,2026-10-04T01:51:59.3112056Z,load-client-host,client,host,30000,23.297,23.331,Answered,"The coordinator, pid 83864, took 'host'."
498,2026-10-04T01:51:59.5213716Z,load-client-host,client,host,30000,7.686,8.597,Answered,"The coordinator, pid 83864, took 'host'."
499,2026-10-04T01:51:59.7303464Z,load-client-host,client,host,30000,5.668,5.698,Answered,"The coordinator, pid 83864, took 'host'."
500,2026-10-04T01:51:59.9380569Z,load-client-host,client,host,30000,1.428,5.093,Answered,"The coordinator, pid 83864, took 'host'."
501,2026-10-04T01:52:00.1565641Z,load-client-host,client,host,30000,7.160,7.397,Answered,"The coordinator, pid 83864, took 'host'."
502,2026-10-04T01:52:00.4071612Z,load-client-host,client,host,30000,6.352,10.842,Answered,"The coordinator, pid 83864, took 'host'."
503,2026-10-04T01:52:00.6289383Z,load-client-host,client,host,30000,2.317,2.680,Answered,"The coordinator, pid 83864, took 'host'."
504,2026-10-04T01:52:00.8333382Z,load-client-host,client,host,30000,0.916,0.935,Answered,"The coordinator, pid 83864, took 'host'."
505,2026-10-04T01:52:01.0457298Z,load-client-host,client,host,30000,2.672,10.843,Answered,"The coordinator, pid 83864, took 'host'."
506,2026-10-04T01:52:01.2640492Z,load-client-host,client,host,30000,12.850,13.411,Answered,"The coordinator, pid 83864, took 'host'."
507,2026-10-04T01:52:01.4667838Z,load-client-host,client,host,30000,0.627,0.659,Answered,"The coordinator, pid 83864, took 'host'."
508,2026-10-04T01:52:01.7395175Z,load-client-host,client,host,30000,62.297,63.159,Answered,"The coordinator, pid 83864, took 'host'."
509,2026-10-04T01:52:01.9627172Z,load-client-host,client,host,30000,15.207,15.227,Answered,"The coordinator, pid 83864, took 'host'."
510,2026-10-04T01:52:02.1837273Z,load-client-host,client,host,30000,10.402,10.449,Answered,"The coordinator, pid 83864, took 'host'."
511,2026-10-04T01:52:02.3969984Z,load-client-host,client,host,30000,7.746,8.276,Answered,"The coordinator, pid 83864, took 'host'."
512,2026-10-04T01:52:02.6595848Z,load-client-host,client,host,30000,9.907,15.990,Answered,"The coordinator, pid 83864, took 'host'."
513,2026-10-04T01:52:02.8797654Z,load-client-host,client,host,30000,9.745,9.788,Answered,"The coordinator, pid 83864, took 'host'."
514,2026-10-04T01:52:03.1206661Z,load-client-host,client,host,30000,10.907,12.532,Answered,"The coordinator, pid 83864, took 'host'."
515,2026-10-04T01:52:03.3255759Z,load-client-host,client,host,30000,0.987,1.180,Answered,"The coordinator, pid 83864, took 'host'."
516,2026-10-04T01:52:03.5404336Z,load-client-host,client,host,30000,0.920,1.305,Answered,"The coordinator, pid 83864, took 'host'."
517,2026-10-04T01:52:03.7462774Z,load-client-host,client,host,30000,1.810,1.940,Answered,"The coordinator, pid 83864, took 'host'."
518,2026-10-04T01:52:03.9483225Z,load-client-host,client,host,30000,0.963,1.003,Answered,"The coordinator, pid 83864, took 'host'."
519,2026-10-04T01:52:04.4433575Z,load-client-host,client,host,30000,20.954,35.777,Answered,"The coordinator, pid 83864, took 'host'."
520,2026-10-04T01:52:04.6637950Z,load-client-host,client,host,30000,8.406,8.798,Answered,"The coordinator, pid 83864, took 'host'."
521,2026-10-04T01:52:04.8933300Z,load-client-host,client,host,30000,5.900,5.921,Answered,"The coordinator, pid 83864, took 'host'."
522,2026-10-04T01:52:05.0945266Z,load-client-host,client,host,30000,0.767,0.897,Answered,"The coordinator, pid 83864, took 'host'."
523,2026-10-04T01:52:05.2956578Z,load-client-host,client,host,30000,0.714,0.744,Answered,"The coordinator, pid 83864, took 'host'."
524,2026-10-04T01:52:05.5142861Z,load-client-host,client,host,30000,0.825,6.255,Answered,"The coordinator, pid 83864, took 'host'."
525,2026-10-04T01:52:05.7283329Z,load-client-host,client,host,30000,1.282,1.364,Answered,"The coordinator, pid 83864, took 'host'."
526,2026-10-04T01:52:05.9296247Z,load-client-host,client,host,30000,0.674,0.705,Answered,"The coordinator, pid 83864, took 'host'."
527,2026-10-04T01:52:06.1311638Z,load-client-host,client,host,30000,0.738,0.808,Answered,"The coordinator, pid 83864, took 'host'."
528,2026-10-04T01:52:06.3323143Z,load-client-host,client,host,30000,0.621,0.648,Answered,"The coordinator, pid 83864, took 'host'."
529,2026-10-04T01:52:06.5336004Z,load-client-host,client,host,30000,0.638,0.673,Answered,"The coordinator, pid 83864, took 'host'."
530,2026-10-04T01:52:06.7347052Z,load-client-host,client,host,30000,0.695,0.726,Answered,"The coordinator, pid 83864, took 'host'."
531,2026-10-04T01:52:06.9491912Z,load-client-host,client,host,30000,0.967,0.983,Answered,"The coordinator, pid 83864, took 'host'."
532,2026-10-04T01:52:07.1506847Z,load-client-host,client,host,30000,0.666,0.683,Answered,"The coordinator, pid 83864, took 'host'."
533,2026-10-04T01:52:07.3519067Z,load-client-host,client,host,30000,0.567,0.587,Answered,"The coordinator, pid 83864, took 'host'."
534,2026-10-04T01:52:07.5637465Z,load-client-host,client,host,30000,0.596,0.625,Answered,"The coordinator, pid 83864, took 'host'."
535,2026-10-04T01:52:07.7647878Z,load-client-host,client,host,30000,0.669,0.689,Answered,"The coordinator, pid 83864, took 'host'."
536,2026-10-04T01:52:07.9662672Z,load-client-host,client,host,30000,0.665,0.688,Answered,"The coordinator, pid 83864, took 'host'."
537,2026-10-04T01:52:08.1685257Z,load-client-host,client,host,30000,0.509,0.529,Answered,"The coordinator, pid 83864, took 'host'."
538,2026-10-04T01:52:08.3696416Z,load-client-host,client,host,30000,0.638,0.660,Answered,"The coordinator, pid 83864, took 'host'."
539,2026-10-04T01:52:08.5710106Z,load-client-host,client,host,30000,0.449,0.468,Answered,"The coordinator, pid 83864, took 'host'."
540,2026-10-04T01:52:08.7731733Z,load-client-host,client,host,30000,0.548,0.569,Answered,"The coordinator, pid 83864, took 'host'."
541,2026-10-04T01:52:08.9739756Z,load-client-host,client,host,30000,0.470,0.486,Answered,"The coordinator, pid 83864, took 'host'."
542,2026-10-04T01:52:09.1831949Z,load-client-host,client,host,30000,0.799,0.824,Answered,"The coordinator, pid 83864, took 'host'."
543,2026-10-04T01:52:09.3839898Z,load-client-host,client,host,30000,0.481,0.498,Answered,"The coordinator, pid 83864, took 'host'."
544,2026-10-04T01:52:09.5851133Z,load-client-host,client,host,30000,0.535,0.557,Answered,"The coordinator, pid 83864, took 'host'."
545,2026-10-04T01:52:09.7859245Z,load-client-host,client,host,30000,0.517,0.539,Answered,"The coordinator, pid 83864, took 'host'."
546,2026-10-04T01:52:09.9866219Z,load-client-host,client,host,30000,0.390,0.407,Answered,"The coordinator, pid 83864, took 'host'."
547,2026-10-04T01:52:10.1884491Z,load-client-host,client,host,30000,0.495,0.513,Answered,"The coordinator, pid 83864, took 'host'."
548,2026-10-04T01:52:10.3893914Z,load-client-host,client,host,30000,0.538,0.558,Answered,"The coordinator, pid 83864, took 'host'."
549,2026-10-04T01:52:10.5912450Z,load-client-host,client,host,30000,0.466,0.488,Answered,"The coordinator, pid 83864, took 'host'."
550,2026-10-04T01:52:10.8013162Z,load-client-host,client,host,30000,0.594,0.612,Answered,"The coordinator, pid 83864, took 'host'."
551,2026-10-04T01:52:11.0026203Z,load-client-host,client,host,30000,0.473,0.490,Answered,"The coordinator, pid 83864, took 'host'."
552,2026-10-04T01:52:11.2033413Z,load-client-host,client,host,30000,0.436,0.453,Answered,"The coordinator, pid 83864, took 'host'."
553,2026-10-04T01:52:11.4042509Z,load-client-host,client,host,30000,0.460,0.474,Answered,"The coordinator, pid 83864, took 'host'."
554,2026-10-04T01:52:11.6052709Z,load-client-host,client,host,30000,0.587,0.603,Answered,"The coordinator, pid 83864, took 'host'."
555,2026-10-04T01:52:11.8071716Z,load-client-host,client,host,30000,0.568,0.588,Answered,"The coordinator, pid 83864, took 'host'."
556,2026-10-04T01:52:12.0100776Z,load-client-host,client,host,30000,0.500,0.519,Answered,"The coordinator, pid 83864, took 'host'."
557,2026-10-04T01:52:12.2109807Z,load-client-host,client,host,30000,0.506,0.525,Answered,"The coordinator, pid 83864, took 'host'."
558,2026-10-04T01:52:12.4172036Z,load-client-host,client,host,30000,0.563,0.577,Answered,"The coordinator, pid 83864, took 'host'."
559,2026-10-04T01:52:12.6186292Z,load-client-host,client,host,30000,0.514,0.531,Answered,"The coordinator, pid 83864, took 'host'."
560,2026-10-04T01:52:12.8199797Z,load-client-host,client,host,30000,0.615,0.641,Answered,"The coordinator, pid 83864, took 'host'."
561,2026-10-04T01:52:13.0219561Z,load-client-host,client,host,30000,0.467,0.489,Answered,"The coordinator, pid 83864, took 'host'."
562,2026-10-04T01:52:13.2227202Z,load-client-host,client,host,30000,0.486,0.498,Answered,"The coordinator, pid 83864, took 'host'."
563,2026-10-04T01:52:13.4234509Z,load-client-host,client,host,30000,0.528,0.550,Answered,"The coordinator, pid 83864, took 'host'."
564,2026-10-04T01:52:13.6246354Z,load-client-host,client,host,30000,0.542,0.562,Answered,"The coordinator, pid 83864, took 'host'."
565,2026-10-04T01:52:13.8258443Z,load-client-host,client,host,30000,0.890,0.906,Answered,"The coordinator, pid 83864, took 'host'."
566,2026-10-04T01:52:14.0372840Z,load-client-host,client,host,30000,1.245,1.259,Answered,"The coordinator, pid 83864, took 'host'."
567,2026-10-04T01:52:14.2384085Z,load-client-host,client,host,30000,0.668,0.687,Answered,"The coordinator, pid 83864, took 'host'."
568,2026-10-04T01:52:14.4401000Z,load-client-host,client,host,30000,0.517,0.536,Answered,"The coordinator, pid 83864, took 'host'."
569,2026-10-04T01:52:14.6411319Z,load-client-host,client,host,30000,0.415,0.422,Answered,"The coordinator, pid 83864, took 'host'."
570,2026-10-04T01:52:14.8424479Z,load-client-host,client,host,30000,0.445,0.465,Answered,"The coordinator, pid 83864, took 'host'."
571,2026-10-04T01:52:15.0435805Z,load-client-host,client,host,30000,0.545,0.563,Answered,"The coordinator, pid 83864, took 'host'."
572,2026-10-04T01:52:15.2443794Z,load-client-host,client,host,30000,0.532,0.558,Answered,"The coordinator, pid 83864, took 'host'."
573,2026-10-04T01:52:15.4453346Z,load-client-host,client,host,30000,0.455,0.467,Answered,"The coordinator, pid 83864, took 'host'."
574,2026-10-04T01:52:15.6462159Z,load-client-host,client,host,30000,0.640,0.666,Answered,"The coordinator, pid 83864, took 'host'."
575,2026-10-04T01:52:15.8471777Z,load-client-host,client,host,30000,0.488,0.504,Answered,"The coordinator, pid 83864, took 'host'."
576,2026-10-04T01:52:16.0485372Z,load-client-host,client,host,30000,0.559,0.577,Answered,"The coordinator, pid 83864, took 'host'."
577,2026-10-04T01:52:16.2492528Z,load-client-host,client,host,30000,0.520,0.537,Answered,"The coordinator, pid 83864, took 'host'."
578,2026-10-04T01:52:16.4505229Z,load-client-host,client,host,30000,0.485,0.499,Answered,"The coordinator, pid 83864, took 'host'."
579,2026-10-04T01:52:16.6542517Z,load-client-host,client,host,30000,2.213,2.457,Answered,"The coordinator, pid 83864, took 'host'."
580,2026-10-04T01:52:16.8551606Z,load-client-host,client,host,30000,0.646,0.706,Answered,"The coordinator, pid 83864, took 'host'."
581,2026-10-04T01:52:17.0567441Z,load-client-host,client,host,30000,0.515,0.534,Answered,"The coordinator, pid 83864, took 'host'."
582,2026-10-04T01:52:17.2587303Z,load-client-host,client,host,30000,0.703,0.724,Answered,"The coordinator, pid 83864, took 'host'."
583,2026-10-04T01:52:17.4597287Z,load-client-host,client,host,30000,0.458,0.477,Answered,"The coordinator, pid 83864, took 'host'."
584,2026-10-04T01:52:17.6616110Z,load-client-host,client,host,30000,0.405,0.421,Answered,"The coordinator, pid 83864, took 'host'."
585,2026-10-04T01:52:17.8624780Z,load-client-host,client,host,30000,0.445,0.462,Answered,"The coordinator, pid 83864, took 'host'."
586,2026-10-04T01:52:18.0635541Z,load-client-host,client,host,30000,0.469,0.491,Answered,"The coordinator, pid 83864, took 'host'."
587,2026-10-04T01:52:18.2725763Z,load-client-host,client,host,30000,0.547,0.562,Answered,"The coordinator, pid 83864, took 'host'."
588,2026-10-04T01:52:18.4733439Z,load-client-host,client,host,30000,0.469,0.483,Answered,"The coordinator, pid 83864, took 'host'."
589,2026-10-04T01:52:18.6753695Z,load-client-host,client,host,30000,0.517,0.540,Answered,"The coordinator, pid 83864, took 'host'."
590,2026-10-04T01:52:18.8771769Z,load-client-host,client,host,30000,0.513,0.530,Answered,"The coordinator, pid 83864, took 'host'."
591,2026-10-04T01:52:19.0780658Z,load-client-host,client,host,30000,0.480,0.491,Answered,"The coordinator, pid 83864, took 'host'."
592,2026-10-04T01:52:19.2792899Z,load-client-host,client,host,30000,0.641,0.666,Answered,"The coordinator, pid 83864, took 'host'."
593,2026-10-04T01:52:19.4801838Z,load-client-host,client,host,30000,0.458,0.475,Answered,"The coordinator, pid 83864, took 'host'."
594,2026-10-04T01:52:19.6808241Z,load-client-host,client,host,30000,0.469,0.482,Answered,"The coordinator, pid 83864, took 'host'."
595,2026-10-04T01:52:19.8932067Z,load-client-host,client,host,30000,0.572,0.604,Answered,"The coordinator, pid 83864, took 'host'."
596,2026-10-04T01:52:20.0940010Z,load-client-host,client,host,30000,0.554,0.576,Answered,"The coordinator, pid 83864, took 'host'."
597,2026-10-04T01:52:20.2949810Z,load-client-host,client,host,30000,0.607,0.622,Answered,"The coordinator, pid 83864, took 'host'."
598,2026-10-04T01:52:20.4969666Z,load-client-host,client,host,30000,0.590,0.611,Answered,"The coordinator, pid 83864, took 'host'."
599,2026-10-04T01:52:20.6982982Z,load-client-host,client,host,30000,0.544,0.562,Answered,"The coordinator, pid 83864, took 'host'."
600,2026-10-04T01:52:20.9005625Z,load-client-host,client,host,30000,0.645,0.657,Answered,"The coordinator, pid 83864, took 'host'."
601,2026-10-04T01:52:21.1016968Z,load-client-host,client,host,30000,0.488,0.500,Answered,"The coordinator, pid 83864, took 'host'."
602,2026-10-04T01:52:21.3028127Z,load-client-host,client,host,30000,0.515,0.544,Answered,"The coordinator, pid 83864, took 'host'."
603,2026-10-04T01:52:21.5181902Z,load-client-host,client,host,30000,0.530,0.547,Answered,"The coordinator, pid 83864, took 'host'."
604,2026-10-04T01:52:21.7194584Z,load-client-host,client,host,30000,0.446,0.466,Answered,"The coordinator, pid 83864, took 'host'."
605,2026-10-04T01:52:21.9204196Z,load-client-host,client,host,30000,0.511,0.525,Answered,"The coordinator, pid 83864, took 'host'."
606,2026-10-04T01:52:22.1215463Z,load-client-host,client,host,30000,0.463,0.479,Answered,"The coordinator, pid 83864, took 'host'."
607,2026-10-04T01:52:22.3232064Z,load-client-host,client,host,30000,0.503,0.519,Answered,"The coordinator, pid 83864, took 'host'."
608,2026-10-04T01:52:22.5247826Z,load-client-host,client,host,30000,0.905,0.926,Answered,"The coordinator, pid 83864, took 'host'."
609,2026-10-04T01:52:22.7262752Z,load-client-host,client,host,30000,0.507,0.523,Answered,"The coordinator, pid 83864, took 'host'."
610,2026-10-04T01:52:22.9271073Z,load-client-host,client,host,30000,0.625,0.642,Answered,"The coordinator, pid 83864, took 'host'."
611,2026-10-04T01:52:23.1322518Z,load-client-host,client,host,30000,0.581,0.597,Answered,"The coordinator, pid 83864, took 'host'."
612,2026-10-04T01:52:23.3334598Z,load-client-host,client,host,30000,0.598,0.621,Answered,"The coordinator, pid 83864, took 'host'."
613,2026-10-04T01:52:23.5350730Z,load-client-host,client,host,30000,0.623,0.643,Answered,"The coordinator, pid 83864, took 'host'."
614,2026-10-04T01:52:23.7498792Z,load-client-host,client,host,30000,0.584,0.603,Answered,"The coordinator, pid 83864, took 'host'."
615,2026-10-04T01:52:23.9508207Z,load-client-host,client,host,30000,0.543,0.562,Answered,"The coordinator, pid 83864, took 'host'."
616,2026-10-04T01:52:24.1520986Z,load-client-host,client,host,30000,0.662,0.680,Answered,"The coordinator, pid 83864, took 'host'."
617,2026-10-04T01:52:24.3680725Z,load-client-host,client,host,30000,1.608,1.693,Answered,"The coordinator, pid 83864, took 'host'."
618,2026-10-04T01:52:24.5689563Z,load-client-host,client,host,30000,0.549,0.592,Answered,"The coordinator, pid 83864, took 'host'."
619,2026-10-04T01:52:24.7698704Z,load-client-host,client,host,30000,0.682,0.708,Answered,"The coordinator, pid 83864, took 'host'."
620,2026-10-04T01:52:24.9833675Z,load-client-host,client,host,30000,0.523,0.537,Answered,"The coordinator, pid 83864, took 'host'."
621,2026-10-04T01:52:25.1841326Z,load-client-host,client,host,30000,0.502,0.523,Answered,"The coordinator, pid 83864, took 'host'."
622,2026-10-04T01:52:25.3852214Z,load-client-host,client,host,30000,0.606,0.623,Answered,"The coordinator, pid 83864, took 'host'."
623,2026-10-04T01:52:25.5988644Z,load-client-host,client,host,30000,0.597,0.622,Answered,"The coordinator, pid 83864, took 'host'."
624,2026-10-04T01:52:25.8006563Z,load-client-host,client,host,30000,0.627,0.646,Answered,"The coordinator, pid 83864, took 'host'."
625,2026-10-04T01:52:26.0028260Z,load-client-host,client,host,30000,0.589,0.610,Answered,"The coordinator, pid 83864, took 'host'."
626,2026-10-04T01:52:26.2185125Z,load-client-host,client,host,30000,0.485,0.506,Answered,"The coordinator, pid 83864, took 'host'."
627,2026-10-04T01:52:26.4196884Z,load-client-host,client,host,30000,0.542,0.562,Answered,"The coordinator, pid 83864, took 'host'."
628,2026-10-04T01:52:26.6215604Z,load-client-host,client,host,30000,1.405,1.433,Answered,"The coordinator, pid 83864, took 'host'."
629,2026-10-04T01:52:26.8225853Z,load-client-host,client,host,30000,0.638,0.653,Answered,"The coordinator, pid 83864, took 'host'."
630,2026-10-04T01:52:27.0235069Z,load-client-host,client,host,30000,0.557,0.578,Answered,"The coordinator, pid 83864, took 'host'."
631,2026-10-04T01:52:27.2247503Z,load-client-host,client,host,30000,0.521,0.539,Answered,"The coordinator, pid 83864, took 'host'."
632,2026-10-04T01:52:27.4264240Z,load-client-host,client,host,30000,0.593,0.611,Answered,"The coordinator, pid 83864, took 'host'."
633,2026-10-04T01:52:27.6276251Z,load-client-host,client,host,30000,0.579,0.598,Answered,"The coordinator, pid 83864, took 'host'."
634,2026-10-04T01:52:27.8617968Z,load-client-host,client,host,30000,21.185,21.210,Answered,"The coordinator, pid 83864, took 'host'."
635,2026-10-04T01:52:28.0636426Z,load-client-host,client,host,30000,0.583,0.600,Answered,"The coordinator, pid 83864, took 'host'."
636,2026-10-04T01:52:28.2652297Z,load-client-host,client,host,30000,0.673,0.691,Answered,"The coordinator, pid 83864, took 'host'."
637,2026-10-04T01:52:28.4676667Z,load-client-host,client,host,30000,0.562,0.581,Answered,"The coordinator, pid 83864, took 'host'."
638,2026-10-04T01:52:28.6693993Z,load-client-host,client,host,30000,0.623,0.641,Answered,"The coordinator, pid 83864, took 'host'."
639,2026-10-04T01:52:28.8724210Z,load-client-host,client,host,30000,1.760,1.778,Answered,"The coordinator, pid 83864, took 'host'."
640,2026-10-04T01:52:29.0832754Z,load-client-host,client,host,30000,0.776,0.804,Answered,"The coordinator, pid 83864, took 'host'."
641,2026-10-04T01:52:29.2841800Z,load-client-host,client,host,30000,0.614,0.633,Answered,"The coordinator, pid 83864, took 'host'."
642,2026-10-04T01:52:29.4852428Z,load-client-host,client,host,30000,0.560,0.579,Answered,"The coordinator, pid 83864, took 'host'."
643,2026-10-04T01:52:29.6871799Z,load-client-host,client,host,30000,0.625,0.643,Answered,"The coordinator, pid 83864, took 'host'."
644,2026-10-04T01:52:29.8879075Z,load-client-host,client,host,30000,0.495,0.511,Answered,"The coordinator, pid 83864, took 'host'."
645,2026-10-04T01:52:30.0888832Z,load-client-host,client,host,30000,0.675,0.697,Answered,"The coordinator, pid 83864, took 'host'."
646,2026-10-04T01:52:30.2899376Z,load-client-host,client,host,30000,0.570,0.588,Answered,"The coordinator, pid 83864, took 'host'."
647,2026-10-04T01:52:30.4909450Z,load-client-host,client,host,30000,0.604,0.616,Answered,"The coordinator, pid 83864, took 'host'."
648,2026-10-04T01:52:30.6983797Z,load-client-host,client,host,30000,0.755,0.781,Answered,"The coordinator, pid 83864, took 'host'."
649,2026-10-04T01:52:30.8996949Z,load-client-host,client,host,30000,0.591,0.607,Answered,"The coordinator, pid 83864, took 'host'."
650,2026-10-04T01:52:31.1006898Z,load-client-host,client,host,30000,0.587,0.602,Answered,"The coordinator, pid 83864, took 'host'."
651,2026-10-04T01:52:31.3155309Z,load-client-host,client,host,30000,0.606,0.622,Answered,"The coordinator, pid 83864, took 'host'."
652,2026-10-04T01:52:31.5172637Z,load-client-host,client,host,30000,0.492,0.509,Answered,"The coordinator, pid 83864, took 'host'."
653,2026-10-04T01:52:31.7182917Z,load-client-host,client,host,30000,0.520,0.534,Answered,"The coordinator, pid 83864, took 'host'."
654,2026-10-04T01:52:31.9198374Z,load-client-host,client,host,30000,0.486,0.506,Answered,"The coordinator, pid 83864, took 'host'."
655,2026-10-04T01:52:32.1216007Z,load-client-host,client,host,30000,0.659,0.683,Answered,"The coordinator, pid 83864, took 'host'."
656,2026-10-04T01:52:32.3230257Z,load-client-host,client,host,30000,0.455,0.470,Answered,"The coordinator, pid 83864, took 'host'."
657,2026-10-04T01:52:32.5245424Z,load-client-host,client,host,30000,0.477,0.499,Answered,"The coordinator, pid 83864, took 'host'."
658,2026-10-04T01:52:32.7258686Z,load-client-host,client,host,30000,0.608,0.627,Answered,"The coordinator, pid 83864, took 'host'."
659,2026-10-04T01:52:32.9333073Z,load-client-host,client,host,30000,0.535,0.553,Answered,"The coordinator, pid 83864, took 'host'."
660,2026-10-04T01:52:33.1351211Z,load-client-host,client,host,30000,0.503,0.526,Answered,"The coordinator, pid 83864, took 'host'."
661,2026-10-04T01:52:33.3363552Z,load-client-host,client,host,30000,0.560,0.575,Answered,"The coordinator, pid 83864, took 'host'."
662,2026-10-04T01:52:33.5393323Z,load-client-host,client,host,30000,1.953,1.973,Answered,"The coordinator, pid 83864, took 'host'."
663,2026-10-04T01:52:33.7410997Z,load-client-host,client,host,30000,0.626,0.644,Answered,"The coordinator, pid 83864, took 'host'."
664,2026-10-04T01:52:33.9430486Z,load-client-host,client,host,30000,0.564,0.592,Answered,"The coordinator, pid 83864, took 'host'."
665,2026-10-04T01:52:34.1439415Z,load-client-host,client,host,30000,0.543,0.563,Answered,"The coordinator, pid 83864, took 'host'."
666,2026-10-04T01:52:34.3462491Z,load-client-host,client,host,30000,0.804,0.833,Answered,"The coordinator, pid 83864, took 'host'."
667,2026-10-04T01:52:34.5616506Z,load-client-host,client,host,30000,0.559,0.697,Answered,"The coordinator, pid 83864, took 'host'."
668,2026-10-04T01:52:34.7637923Z,load-client-host,client,host,30000,0.702,0.728,Answered,"The coordinator, pid 83864, took 'host'."
669,2026-10-04T01:52:34.9678420Z,load-client-host,client,host,30000,3.740,3.789,Answered,"The coordinator, pid 83864, took 'host'."
670,2026-10-04T01:52:35.1697975Z,load-client-host,client,host,30000,1.172,1.197,Answered,"The coordinator, pid 83864, took 'host'."
671,2026-10-04T01:52:35.3714050Z,load-client-host,client,host,30000,0.920,0.943,Answered,"The coordinator, pid 83864, took 'host'."
672,2026-10-04T01:52:35.5794703Z,load-client-host,client,host,30000,4.230,4.481,Answered,"The coordinator, pid 83864, took 'host'."
673,2026-10-04T01:52:35.7937981Z,load-client-host,client,host,30000,12.534,13.331,Answered,"The coordinator, pid 83864, took 'host'."
674,2026-10-04T01:52:36.0084495Z,load-client-host,client,host,30000,9.187,9.210,Answered,"The coordinator, pid 83864, took 'host'."
675,2026-10-04T01:52:36.2098348Z,load-client-host,client,host,30000,0.625,0.639,Answered,"The coordinator, pid 83864, took 'host'."
676,2026-10-04T01:52:36.4218178Z,load-client-host,client,host,30000,1.060,1.087,Answered,"The coordinator, pid 83864, took 'host'."
677,2026-10-04T01:52:36.6251656Z,load-client-host,client,host,30000,1.397,1.601,Answered,"The coordinator, pid 83864, took 'host'."
678,2026-10-04T01:52:36.8269129Z,load-client-host,client,host,30000,0.719,0.743,Answered,"The coordinator, pid 83864, took 'host'."
679,2026-10-04T01:52:37.0323456Z,load-client-host,client,host,30000,1.391,1.410,Answered,"The coordinator, pid 83864, took 'host'."
680,2026-10-04T01:52:37.2335332Z,load-client-host,client,host,30000,0.695,0.723,Answered,"The coordinator, pid 83864, took 'host'."
681,2026-10-04T01:52:37.4354264Z,load-client-host,client,host,30000,0.563,0.581,Answered,"The coordinator, pid 83864, took 'host'."
682,2026-10-04T01:52:37.6366255Z,load-client-host,client,host,30000,0.598,0.610,Answered,"The coordinator, pid 83864, took 'host'."
683,2026-10-04T01:52:37.8395528Z,load-client-host,client,host,30000,1.310,2.134,Answered,"The coordinator, pid 83864, took 'host'."
684,2026-10-04T01:52:38.1162274Z,load-client-host,client,host,30000,23.255,39.483,Answered,"The coordinator, pid 83864, took 'host'."
685,2026-10-04T01:52:38.3310335Z,load-client-host,client,host,30000,0.846,12.997,Answered,"The coordinator, pid 83864, took 'host'."
686,2026-10-04T01:52:38.5461230Z,load-client-host,client,host,30000,1.843,2.097,Answered,"The coordinator, pid 83864, took 'host'."
687,2026-10-04T01:52:38.8114785Z,load-client-host,client,host,30000,42.137,42.159,Answered,"The coordinator, pid 83864, took 'host'."
688,2026-10-04T01:52:39.0195623Z,load-client-host,client,host,30000,6.689,7.802,Answered,"The coordinator, pid 83864, took 'host'."
689,2026-10-04T01:52:39.2209107Z,load-client-host,client,host,30000,0.625,0.648,Answered,"The coordinator, pid 83864, took 'host'."
690,2026-10-04T01:52:39.4229315Z,load-client-host,client,host,30000,0.859,0.881,Answered,"The coordinator, pid 83864, took 'host'."
691,2026-10-04T01:52:39.6257154Z,load-client-host,client,host,30000,1.912,1.934,Answered,"The coordinator, pid 83864, took 'host'."
692,2026-10-04T01:52:39.8283773Z,load-client-host,client,host,30000,0.805,0.823,Answered,"The coordinator, pid 83864, took 'host'."
693,2026-10-04T01:52:40.0351868Z,load-client-host,client,host,30000,0.616,0.643,Answered,"The coordinator, pid 83864, took 'host'."
694,2026-10-04T01:52:40.2376500Z,load-client-host,client,host,30000,1.626,1.741,Answered,"The coordinator, pid 83864, took 'host'."
695,2026-10-04T01:52:40.4395091Z,load-client-host,client,host,30000,0.951,0.988,Answered,"The coordinator, pid 83864, took 'host'."
696,2026-10-04T01:52:40.6511678Z,load-client-host,client,host,30000,0.708,0.726,Answered,"The coordinator, pid 83864, took 'host'."
697,2026-10-04T01:52:40.8522099Z,load-client-host,client,host,30000,0.618,0.638,Answered,"The coordinator, pid 83864, took 'host'."
698,2026-10-04T01:52:41.0534842Z,load-client-host,client,host,30000,0.853,0.874,Answered,"The coordinator, pid 83864, took 'host'."
699,2026-10-04T01:52:41.2546336Z,load-client-host,client,host,30000,0.652,0.669,Answered,"The coordinator, pid 83864, took 'host'."
700,2026-10-04T01:52:41.4557880Z,load-client-host,client,host,30000,0.841,0.862,Answered,"The coordinator, pid 83864, took 'host'."
701,2026-10-04T01:52:41.6574573Z,load-client-host,client,host,30000,0.749,0.778,Answered,"The coordinator, pid 83864, took 'host'."
702,2026-10-04T01:52:41.8591229Z,load-client-host,client,host,30000,0.622,0.643,Answered,"The coordinator, pid 83864, took 'host'."
703,2026-10-04T01:52:42.0610906Z,load-client-host,client,host,30000,1.255,1.276,Answered,"The coordinator, pid 83864, took 'host'."
704,2026-10-04T01:52:42.2665107Z,load-client-host,client,host,30000,0.832,0.851,Answered,"The coordinator, pid 83864, took 'host'."
705,2026-10-04T01:52:42.4682946Z,load-client-host,client,host,30000,0.621,0.648,Answered,"The coordinator, pid 83864, took 'host'."
706,2026-10-04T01:52:42.6695909Z,load-client-host,client,host,30000,0.596,0.617,Answered,"The coordinator, pid 83864, took 'host'."
707,2026-10-04T01:52:42.8711177Z,load-client-host,client,host,30000,0.689,0.712,Answered,"The coordinator, pid 83864, took 'host'."
708,2026-10-04T01:52:43.0720020Z,load-client-host,client,host,30000,0.600,0.622,Answered,"The coordinator, pid 83864, took 'host'."
709,2026-10-04T01:52:43.2728997Z,load-client-host,client,host,30000,0.534,0.554,Answered,"The coordinator, pid 83864, took 'host'."
710,2026-10-04T01:52:43.4738748Z,load-client-host,client,host,30000,0.504,0.522,Answered,"The coordinator, pid 83864, took 'host'."
711,2026-10-04T01:52:43.6749593Z,load-client-host,client,host,30000,0.571,0.588,Answered,"The coordinator, pid 83864, took 'host'."
712,2026-10-04T01:52:43.8772822Z,load-client-host,client,host,30000,0.786,0.815,Answered,"The coordinator, pid 83864, took 'host'."
713,2026-10-04T01:52:44.0788761Z,load-client-host,client,host,30000,0.570,0.592,Answered,"The coordinator, pid 83864, took 'host'."
714,2026-10-04T01:52:44.2814311Z,load-client-host,client,host,30000,0.504,0.523,Answered,"The coordinator, pid 83864, took 'host'."
715,2026-10-04T01:52:44.4823574Z,load-client-host,client,host,30000,0.478,0.505,Answered,"The coordinator, pid 83864, took 'host'."
716,2026-10-04T01:52:44.6832714Z,load-client-host,client,host,30000,0.488,0.501,Answered,"The coordinator, pid 83864, took 'host'."
717,2026-10-04T01:52:44.8934716Z,load-client-host,client,host,30000,0.515,0.532,Answered,"The coordinator, pid 83864, took 'host'."
718,2026-10-04T01:52:45.0950821Z,load-client-host,client,host,30000,0.891,0.914,Answered,"The coordinator, pid 83864, took 'host'."
719,2026-10-04T01:52:45.2963368Z,load-client-host,client,host,30000,0.568,0.588,Answered,"The coordinator, pid 83864, took 'host'."
720,2026-10-04T01:52:45.5088162Z,load-client-host,client,host,30000,0.603,0.624,Answered,"The coordinator, pid 83864, took 'host'."
721,2026-10-04T01:52:45.7096131Z,load-client-host,client,host,30000,0.492,0.511,Answered,"The coordinator, pid 83864, took 'host'."
722,2026-10-04T01:52:45.9103791Z,load-client-host,client,host,30000,0.497,0.517,Answered,"The coordinator, pid 83864, took 'host'."
723,2026-10-04T01:52:46.1117353Z,load-client-host,client,host,30000,0.475,0.490,Answered,"The coordinator, pid 83864, took 'host'."
724,2026-10-04T01:52:46.3131253Z,load-client-host,client,host,30000,0.702,0.729,Answered,"The coordinator, pid 83864, took 'host'."
725,2026-10-04T01:52:46.5206460Z,load-client-host,client,host,30000,0.552,0.573,Answered,"The coordinator, pid 83864, took 'host'."
726,2026-10-04T01:52:46.7215609Z,load-client-host,client,host,30000,0.468,0.487,Answered,"The coordinator, pid 83864, took 'host'."
727,2026-10-04T01:52:46.9225998Z,load-client-host,client,host,30000,0.468,0.487,Answered,"The coordinator, pid 83864, took 'host'."
728,2026-10-04T01:52:47.1232624Z,load-client-host,client,host,30000,0.459,0.473,Answered,"The coordinator, pid 83864, took 'host'."
729,2026-10-04T01:52:47.3243638Z,load-client-host,client,host,30000,0.777,0.797,Answered,"The coordinator, pid 83864, took 'host'."
730,2026-10-04T01:52:47.5254055Z,load-client-host,client,host,30000,0.635,0.654,Answered,"The coordinator, pid 83864, took 'host'."
731,2026-10-04T01:52:47.7265734Z,load-client-host,client,host,30000,0.490,0.510,Answered,"The coordinator, pid 83864, took 'host'."
732,2026-10-04T01:52:47.9281255Z,load-client-host,client,host,30000,0.570,0.582,Answered,"The coordinator, pid 83864, took 'host'."
733,2026-10-04T01:52:48.1426143Z,load-client-host,client,host,30000,0.674,0.694,Answered,"The coordinator, pid 83864, took 'host'."
734,2026-10-04T01:52:48.3434075Z,load-client-host,client,host,30000,0.541,0.569,Answered,"The coordinator, pid 83864, took 'host'."
735,2026-10-04T01:52:48.5445405Z,load-client-host,client,host,30000,0.539,0.557,Answered,"The coordinator, pid 83864, took 'host'."
736,2026-10-04T01:52:48.7455130Z,load-client-host,client,host,30000,0.619,0.630,Answered,"The coordinator, pid 83864, took 'host'."
737,2026-10-04T01:52:48.9466759Z,load-client-host,client,host,30000,0.527,0.547,Answered,"The coordinator, pid 83864, took 'host'."
738,2026-10-04T01:52:49.1475292Z,load-client-host,client,host,30000,0.526,0.545,Answered,"The coordinator, pid 83864, took 'host'."
739,2026-10-04T01:52:49.3495024Z,load-client-host,client,host,30000,1.488,1.518,Answered,"The coordinator, pid 83864, took 'host'."
740,2026-10-04T01:52:49.5506403Z,load-client-host,client,host,30000,0.657,0.742,Answered,"The coordinator, pid 83864, took 'host'."
741,2026-10-04T01:52:49.7556931Z,load-client-host,client,host,30000,2.124,2.664,Answered,"The coordinator, pid 83864, took 'host'."
742,2026-10-04T01:52:49.9575308Z,load-client-host,client,host,30000,0.611,0.795,Answered,"The coordinator, pid 83864, took 'host'."
743,2026-10-04T01:52:50.1588201Z,load-client-host,client,host,30000,0.951,0.973,Answered,"The coordinator, pid 83864, took 'host'."
744,2026-10-04T01:52:50.3599008Z,load-client-host,client,host,30000,0.542,0.562,Answered,"The coordinator, pid 83864, took 'host'."
745,2026-10-04T01:52:50.5607526Z,load-client-host,client,host,30000,0.590,0.613,Answered,"The coordinator, pid 83864, took 'host'."
746,2026-10-04T01:52:50.7615195Z,load-client-host,client,host,30000,0.518,0.537,Answered,"The coordinator, pid 83864, took 'host'."
747,2026-10-04T01:52:50.9636032Z,load-client-host,client,host,30000,0.645,0.668,Answered,"The coordinator, pid 83864, took 'host'."
748,2026-10-04T01:52:51.1648607Z,load-client-host,client,host,30000,0.598,0.615,Answered,"The coordinator, pid 83864, took 'host'."
749,2026-10-04T01:52:51.3784623Z,load-client-host,client,host,30000,0.664,0.696,Answered,"The coordinator, pid 83864, took 'host'."
750,2026-10-04T01:52:51.5801086Z,load-client-host,client,host,30000,0.637,0.660,Answered,"The coordinator, pid 83864, took 'host'."
751,2026-10-04T01:52:51.7824467Z,load-client-host,client,host,30000,0.540,0.558,Answered,"The coordinator, pid 83864, took 'host'."
752,2026-10-04T01:52:51.9835410Z,load-client-host,client,host,30000,0.596,0.614,Answered,"The coordinator, pid 83864, took 'host'."
753,2026-10-04T01:52:52.1850666Z,load-client-host,client,host,30000,0.533,0.552,Answered,"The coordinator, pid 83864, took 'host'."
754,2026-10-04T01:52:52.3860447Z,load-client-host,client,host,30000,0.647,0.667,Answered,"The coordinator, pid 83864, took 'host'."
755,2026-10-04T01:52:52.5901578Z,load-client-host,client,host,30000,1.795,1.874,Answered,"The coordinator, pid 83864, took 'host'."
756,2026-10-04T01:52:52.7914379Z,load-client-host,client,host,30000,0.687,0.712,Answered,"The coordinator, pid 83864, took 'host'."
757,2026-10-04T01:52:53.0020983Z,load-client-host,client,host,30000,1.180,1.198,Answered,"The coordinator, pid 83864, took 'host'."
758,2026-10-04T01:52:53.2134709Z,load-client-host,client,host,30000,6.185,6.328,Answered,"The coordinator, pid 83864, took 'host'."
759,2026-10-04T01:52:53.4210983Z,load-client-host,client,host,30000,4.459,5.353,Answered,"The coordinator, pid 83864, took 'host'."
760,2026-10-04T01:52:53.6430158Z,load-client-host,client,host,30000,1.914,5.991,Answered,"The coordinator, pid 83864, took 'host'."
761,2026-10-04T01:52:53.8445595Z,load-client-host,client,host,30000,1.341,1.355,Answered,"The coordinator, pid 83864, took 'host'."
762,2026-10-04T01:52:54.0506786Z,load-client-host,client,host,30000,5.054,5.880,Answered,"The coordinator, pid 83864, took 'host'."
763,2026-10-04T01:52:54.2661764Z,load-client-host,client,host,30000,14.413,14.619,Answered,"The coordinator, pid 83864, took 'host'."
764,2026-10-04T01:52:54.4742654Z,load-client-host,client,host,30000,1.713,3.295,Answered,"The coordinator, pid 83864, took 'host'."
765,2026-10-04T01:52:54.6841452Z,load-client-host,client,host,30000,1.311,1.494,Answered,"The coordinator, pid 83864, took 'host'."
766,2026-10-04T01:52:54.8930459Z,load-client-host,client,host,30000,1.431,1.453,Answered,"The coordinator, pid 83864, took 'host'."
767,2026-10-04T01:52:55.1298898Z,load-client-host,client,host,30000,25.793,26.968,Answered,"The coordinator, pid 83864, took 'host'."
768,2026-10-04T01:52:55.3432270Z,load-client-host,client,host,30000,10.345,11.578,Answered,"The coordinator, pid 83864, took 'host'."
769,2026-10-04T01:52:55.5504415Z,load-client-host,client,host,30000,1.246,6.119,Answered,"The coordinator, pid 83864, took 'host'."
770,2026-10-04T01:52:55.7723508Z,load-client-host,client,host,30000,13.422,13.719,Answered,"The coordinator, pid 83864, took 'host'."
771,2026-10-04T01:52:55.9888194Z,load-client-host,client,host,30000,6.985,7.037,Answered,"The coordinator, pid 83864, took 'host'."
772,2026-10-04T01:52:56.1980252Z,load-client-host,client,host,30000,2.177,2.293,Answered,"The coordinator, pid 83864, took 'host'."
773,2026-10-04T01:52:56.4094389Z,load-client-host,client,host,30000,7.547,7.901,Answered,"The coordinator, pid 83864, took 'host'."
774,2026-10-04T01:52:56.6587300Z,load-client-host,client,host,30000,17.087,30.978,Answered,"The coordinator, pid 83864, took 'host'."
775,2026-10-04T01:52:56.8948012Z,load-client-host,client,host,30000,4.600,6.972,Answered,"The coordinator, pid 83864, took 'host'."
776,2026-10-04T01:52:57.1102292Z,load-client-host,client,host,30000,0.782,2.732,Answered,"The coordinator, pid 83864, took 'host'."
777,2026-10-04T01:52:57.3356352Z,load-client-host,client,host,30000,1.516,18.299,Answered,"The coordinator, pid 83864, took 'host'."
778,2026-10-04T01:52:57.5385205Z,load-client-host,client,host,30000,1.299,1.509,Answered,"The coordinator, pid 83864, took 'host'."
779,2026-10-04T01:52:57.7476443Z,load-client-host,client,host,30000,6.224,6.340,Answered,"The coordinator, pid 83864, took 'host'."
780,2026-10-04T01:52:57.9691192Z,load-client-host,client,host,30000,13.790,14.064,Answered,"The coordinator, pid 83864, took 'host'."
781,2026-10-04T01:52:58.1846392Z,load-client-host,client,host,30000,7.930,8.969,Answered,"The coordinator, pid 83864, took 'host'."
782,2026-10-04T01:52:58.3969565Z,load-client-host,client,host,30000,5.124,5.181,Answered,"The coordinator, pid 83864, took 'host'."
783,2026-10-04T01:52:58.6085207Z,load-client-host,client,host,30000,4.430,9.716,Answered,"The coordinator, pid 83864, took 'host'."
784,2026-10-04T01:52:58.8393206Z,load-client-host,client,host,30000,1.347,15.471,Answered,"The coordinator, pid 83864, took 'host'."
785,2026-10-04T01:52:59.0678386Z,load-client-host,client,host,30000,8.411,9.111,Answered,"The coordinator, pid 83864, took 'host'."
786,2026-10-04T01:52:59.2973032Z,load-client-host,client,host,30000,3.961,7.539,Answered,"The coordinator, pid 83864, took 'host'."
787,2026-10-04T01:52:59.6219750Z,load-client-host,client,host,30000,9.023,50.200,Answered,"The coordinator, pid 83864, took 'host'."
788,2026-10-04T01:52:59.8570850Z,load-client-host,client,host,30000,19.899,20.138,Answered,"The coordinator, pid 83864, took 'host'."
789,2026-10-04T01:53:00.1003024Z,load-client-host,client,host,30000,0.966,0.995,Answered,"The coordinator, pid 83864, took 'host'."
790,2026-10-04T01:53:00.3955377Z,load-client-host,client,host,30000,27.312,58.637,Answered,"The coordinator, pid 83864, took 'host'."
791,2026-10-04T01:53:00.6327550Z,load-client-host,client,host,30000,7.292,8.409,Answered,"The coordinator, pid 83864, took 'host'."
792,2026-10-04T01:53:00.8972513Z,load-client-host,client,host,30000,6.221,6.409,Answered,"The coordinator, pid 83864, took 'host'."
793,2026-10-04T01:53:01.1128995Z,load-client-host,client,host,30000,0.885,0.911,Answered,"The coordinator, pid 83864, took 'host'."
794,2026-10-04T01:53:01.3863408Z,load-client-host,client,host,30000,2.795,2.811,Answered,"The coordinator, pid 83864, took 'host'."
795,2026-10-04T01:53:01.6082940Z,load-client-host,client,host,30000,0.978,18.193,Answered,"The coordinator, pid 83864, took 'host'."
796,2026-10-04T01:53:01.8279572Z,load-client-host,client,host,30000,3.870,3.902,Answered,"The coordinator, pid 83864, took 'host'."
797,2026-10-04T01:53:02.0379416Z,load-client-host,client,host,30000,3.364,3.506,Answered,"The coordinator, pid 83864, took 'host'."
798,2026-10-04T01:53:02.6407935Z,load-client-host,client,host,30000,155.634,255.985,Answered,"The coordinator, pid 83864, took 'host'."
799,2026-10-04T01:53:03.0443538Z,load-client-host,client,host,30000,9.971,10.071,Answered,"The coordinator, pid 83864, took 'host'."
800,2026-10-04T01:53:03.3327648Z,load-client-host,client,host,30000,18.353,38.524,Answered,"The coordinator, pid 83864, took 'host'."
801,2026-10-04T01:53:03.5782438Z,load-client-host,client,host,30000,22.490,22.781,Answered,"The coordinator, pid 83864, took 'host'."
802,2026-10-04T01:53:03.8331781Z,load-client-host,client,host,30000,15.547,16.463,Answered,"The coordinator, pid 83864, took 'host'."
803,2026-10-04T01:53:04.1847600Z,load-client-host,client,host,30000,83.240,83.283,Answered,"The coordinator, pid 83864, took 'host'."
804,2026-10-04T01:53:04.5156548Z,load-client-host,client,host,30000,47.581,48.688,Answered,"The coordinator, pid 83864, took 'host'."
805,2026-10-04T01:53:04.9486859Z,load-client-host,client,host,30000,28.488,98.846,Answered,"The coordinator, pid 83864, took 'host'."
806,2026-10-04T01:53:05.2440341Z,load-client-host,client,host,30000,34.489,65.671,Answered,"The coordinator, pid 83864, took 'host'."
807,2026-10-04T01:53:05.5593992Z,load-client-host,client,host,30000,61.436,72.251,Answered,"The coordinator, pid 83864, took 'host'."
808,2026-10-04T01:53:05.9259704Z,load-client-host,client,host,30000,118.076,118.099,Answered,"The coordinator, pid 83864, took 'host'."
809,2026-10-04T01:53:06.1436065Z,load-client-host,client,host,30000,9.794,10.483,Answered,"The coordinator, pid 83864, took 'host'."
810,2026-10-04T01:53:06.3449723Z,load-client-host,client,host,30000,0.693,0.774,Answered,"The coordinator, pid 83864, took 'host'."
811,2026-10-04T01:53:06.5557098Z,load-client-host,client,host,30000,0.771,0.795,Answered,"The coordinator, pid 83864, took 'host'."
812,2026-10-04T01:53:06.7574038Z,load-client-host,client,host,30000,0.624,0.650,Answered,"The coordinator, pid 83864, took 'host'."
813,2026-10-04T01:53:06.9583954Z,load-client-host,client,host,30000,0.612,0.630,Answered,"The coordinator, pid 83864, took 'host'."
814,2026-10-04T01:53:07.1591649Z,load-client-host,client,host,30000,0.565,0.577,Answered,"The coordinator, pid 83864, took 'host'."
815,2026-10-04T01:53:07.3617558Z,load-client-host,client,host,30000,0.791,0.807,Answered,"The coordinator, pid 83864, took 'host'."
816,2026-10-04T01:53:07.5699826Z,load-client-host,client,host,30000,2.518,2.558,Answered,"The coordinator, pid 83864, took 'host'."
817,2026-10-04T01:53:07.8123483Z,load-client-host,client,host,30000,26.456,30.146,Answered,"The coordinator, pid 83864, took 'host'."
818,2026-10-04T01:53:08.0328968Z,load-client-host,client,host,30000,7.356,7.938,Answered,"The coordinator, pid 83864, took 'host'."
819,2026-10-04T01:53:08.2672387Z,load-client-host,client,host,30000,28.583,29.700,Answered,"The coordinator, pid 83864, took 'host'."
820,2026-10-04T01:53:08.4980367Z,load-client-host,client,host,30000,30.116,30.143,Answered,"The coordinator, pid 83864, took 'host'."
821,2026-10-04T01:53:08.7023830Z,load-client-host,client,host,30000,4.102,4.130,Answered,"The coordinator, pid 83864, took 'host'."
822,2026-10-04T01:53:08.9039135Z,load-client-host,client,host,30000,1.078,1.139,Answered,"The coordinator, pid 83864, took 'host'."
823,2026-10-04T01:53:09.1066478Z,load-client-host,client,host,30000,0.828,1.135,Answered,"The coordinator, pid 83864, took 'host'."
824,2026-10-04T01:53:09.3084007Z,load-client-host,client,host,30000,0.785,0.807,Answered,"The coordinator, pid 83864, took 'host'."
825,2026-10-04T01:53:09.5095998Z,load-client-host,client,host,30000,0.654,0.674,Answered,"The coordinator, pid 83864, took 'host'."
826,2026-10-04T01:53:09.7107019Z,load-client-host,client,host,30000,0.629,0.651,Answered,"The coordinator, pid 83864, took 'host'."
827,2026-10-04T01:53:09.9117321Z,load-client-host,client,host,30000,0.439,0.452,Answered,"The coordinator, pid 83864, took 'host'."
828,2026-10-04T01:53:10.1132862Z,load-client-host,client,host,30000,0.531,0.550,Answered,"The coordinator, pid 83864, took 'host'."
829,2026-10-04T01:53:10.3141286Z,load-client-host,client,host,30000,0.488,0.505,Answered,"The coordinator, pid 83864, took 'host'."
830,2026-10-04T01:53:10.5148790Z,load-client-host,client,host,30000,0.478,0.496,Answered,"The coordinator, pid 83864, took 'host'."
831,2026-10-04T01:53:10.7156865Z,load-client-host,client,host,30000,0.627,0.643,Answered,"The coordinator, pid 83864, took 'host'."
832,2026-10-04T01:53:10.9164291Z,load-client-host,client,host,30000,0.488,0.502,Answered,"The coordinator, pid 83864, took 'host'."
833,2026-10-04T01:53:11.1179281Z,load-client-host,client,host,30000,1.006,1.306,Answered,"The coordinator, pid 83864, took 'host'."
834,2026-10-04T01:53:11.3198371Z,load-client-host,client,host,30000,0.623,0.642,Answered,"The coordinator, pid 83864, took 'host'."
835,2026-10-04T01:53:11.5296085Z,load-client-host,client,host,30000,0.690,0.714,Answered,"The coordinator, pid 83864, took 'host'."
836,2026-10-04T01:53:11.7306267Z,load-client-host,client,host,30000,0.451,0.468,Answered,"The coordinator, pid 83864, took 'host'."
837,2026-10-04T01:53:11.9321275Z,load-client-host,client,host,30000,0.608,0.628,Answered,"The coordinator, pid 83864, took 'host'."
838,2026-10-04T01:53:12.1332912Z,load-client-host,client,host,30000,0.521,0.537,Answered,"The coordinator, pid 83864, took 'host'."
839,2026-10-04T01:53:12.3341869Z,load-client-host,client,host,30000,0.501,0.521,Answered,"The coordinator, pid 83864, took 'host'."
840,2026-10-04T01:53:12.5425158Z,load-client-host,client,host,30000,0.708,0.729,Answered,"The coordinator, pid 83864, took 'host'."
841,2026-10-04T01:53:12.7435452Z,load-client-host,client,host,30000,0.740,0.762,Answered,"The coordinator, pid 83864, took 'host'."
842,2026-10-04T01:53:12.9448584Z,load-client-host,client,host,30000,0.948,0.970,Answered,"The coordinator, pid 83864, took 'host'."
843,2026-10-04T01:53:13.1461105Z,load-client-host,client,host,30000,0.633,0.737,Answered,"The coordinator, pid 83864, took 'host'."
844,2026-10-04T01:53:13.3473767Z,load-client-host,client,host,30000,0.614,0.632,Answered,"The coordinator, pid 83864, took 'host'."
845,2026-10-04T01:53:13.5493517Z,load-client-host,client,host,30000,0.635,0.658,Answered,"The coordinator, pid 83864, took 'host'."
846,2026-10-04T01:53:13.7509983Z,load-client-host,client,host,30000,0.494,0.510,Answered,"The coordinator, pid 83864, took 'host'."
847,2026-10-04T01:53:13.9518343Z,load-client-host,client,host,30000,0.436,0.449,Answered,"The coordinator, pid 83864, took 'host'."
848,2026-10-04T01:53:14.1526204Z,load-client-host,client,host,30000,0.493,0.512,Answered,"The coordinator, pid 83864, took 'host'."
849,2026-10-04T01:53:14.3535985Z,load-client-host,client,host,30000,0.537,0.577,Answered,"The coordinator, pid 83864, took 'host'."
850,2026-10-04T01:53:14.5556658Z,load-client-host,client,host,30000,0.424,0.441,Answered,"The coordinator, pid 83864, took 'host'."
851,2026-10-04T01:53:14.7571662Z,load-client-host,client,host,30000,0.512,0.531,Answered,"The coordinator, pid 83864, took 'host'."
852,2026-10-04T01:53:14.9586417Z,load-client-host,client,host,30000,0.569,0.593,Answered,"The coordinator, pid 83864, took 'host'."
853,2026-10-04T01:53:15.1605757Z,load-client-host,client,host,30000,0.613,0.632,Answered,"The coordinator, pid 83864, took 'host'."
854,2026-10-04T01:53:15.3619019Z,load-client-host,client,host,30000,0.698,0.718,Answered,"The coordinator, pid 83864, took 'host'."
855,2026-10-04T01:53:15.5631926Z,load-client-host,client,host,30000,0.499,0.517,Answered,"The coordinator, pid 83864, took 'host'."
856,2026-10-04T01:53:15.7642144Z,load-client-host,client,host,30000,0.585,0.605,Answered,"The coordinator, pid 83864, took 'host'."
857,2026-10-04T01:53:15.9655814Z,load-client-host,client,host,30000,0.496,0.512,Answered,"The coordinator, pid 83864, took 'host'."
858,2026-10-04T01:53:16.1667836Z,load-client-host,client,host,30000,0.381,0.396,Answered,"The coordinator, pid 83864, took 'host'."
859,2026-10-04T01:53:16.3673762Z,load-client-host,client,host,30000,0.400,0.416,Answered,"The coordinator, pid 83864, took 'host'."
860,2026-10-04T01:53:16.5828767Z,load-client-host,client,host,30000,0.528,0.546,Answered,"The coordinator, pid 83864, took 'host'."
861,2026-10-04T01:53:16.7841345Z,load-client-host,client,host,30000,0.671,0.694,Answered,"The coordinator, pid 83864, took 'host'."
862,2026-10-04T01:53:16.9855208Z,load-client-host,client,host,30000,0.467,0.484,Answered,"The coordinator, pid 83864, took 'host'."
863,2026-10-04T01:53:17.1872873Z,load-client-host,client,host,30000,0.416,0.432,Answered,"The coordinator, pid 83864, took 'host'."
864,2026-10-04T01:53:17.3888076Z,load-client-host,client,host,30000,0.503,0.524,Answered,"The coordinator, pid 83864, took 'host'."
865,2026-10-04T01:53:17.5919835Z,load-client-host,client,host,30000,0.654,0.678,Answered,"The coordinator, pid 83864, took 'host'."
866,2026-10-04T01:53:17.7928733Z,load-client-host,client,host,30000,0.636,0.658,Answered,"The coordinator, pid 83864, took 'host'."
867,2026-10-04T01:53:17.9938671Z,load-client-host,client,host,30000,0.634,0.657,Answered,"The coordinator, pid 83864, took 'host'."
868,2026-10-04T01:53:18.1957615Z,load-client-host,client,host,30000,0.490,0.511,Answered,"The coordinator, pid 83864, took 'host'."
869,2026-10-04T01:53:18.3978271Z,load-client-host,client,host,30000,0.475,0.499,Answered,"The coordinator, pid 83864, took 'host'."
870,2026-10-04T01:53:18.5994844Z,load-client-host,client,host,30000,0.486,0.513,Answered,"The coordinator, pid 83864, took 'host'."
871,2026-10-04T01:53:18.8011598Z,load-client-host,client,host,30000,0.632,0.653,Answered,"The coordinator, pid 83864, took 'host'."
872,2026-10-04T01:53:19.0024408Z,load-client-host,client,host,30000,0.521,0.539,Answered,"The coordinator, pid 83864, took 'host'."
873,2026-10-04T01:53:19.2034417Z,load-client-host,client,host,30000,0.487,0.510,Answered,"The coordinator, pid 83864, took 'host'."
874,2026-10-04T01:53:19.4054078Z,load-client-host,client,host,30000,0.479,0.497,Answered,"The coordinator, pid 83864, took 'host'."
875,2026-10-04T01:53:19.6063365Z,load-client-host,client,host,30000,0.502,0.520,Answered,"The coordinator, pid 83864, took 'host'."
876,2026-10-04T01:53:19.8075012Z,load-client-host,client,host,30000,0.472,0.489,Answered,"The coordinator, pid 83864, took 'host'."
877,2026-10-04T01:53:20.0081643Z,load-client-host,client,host,30000,0.475,0.490,Answered,"The coordinator, pid 83864, took 'host'."
878,2026-10-04T01:53:20.2091694Z,load-client-host,client,host,30000,0.522,0.541,Answered,"The coordinator, pid 83864, took 'host'."
879,2026-10-04T01:53:20.4102013Z,load-client-host,client,host,30000,0.418,0.434,Answered,"The coordinator, pid 83864, took 'host'."
880,2026-10-04T01:53:20.6132364Z,load-client-host,client,host,30000,0.528,0.545,Answered,"The coordinator, pid 83864, took 'host'."
881,2026-10-04T01:53:20.8141882Z,load-client-host,client,host,30000,0.585,0.606,Answered,"The coordinator, pid 83864, took 'host'."
882,2026-10-04T01:53:21.0151302Z,load-client-host,client,host,30000,0.625,0.647,Answered,"The coordinator, pid 83864, took 'host'."
883,2026-10-04T01:53:21.2172225Z,load-client-host,client,host,30000,0.458,0.476,Answered,"The coordinator, pid 83864, took 'host'."
884,2026-10-04T01:53:21.4182384Z,load-client-host,client,host,30000,0.593,0.625,Answered,"The coordinator, pid 83864, took 'host'."
885,2026-10-04T01:53:21.6224709Z,load-client-host,client,host,30000,0.701,0.728,Answered,"The coordinator, pid 83864, took 'host'."
886,2026-10-04T01:53:21.8233038Z,load-client-host,client,host,30000,0.595,0.615,Answered,"The coordinator, pid 83864, took 'host'."
887,2026-10-04T01:53:22.0379915Z,load-client-host,client,host,30000,4.760,7.464,Answered,"The coordinator, pid 83864, took 'host'."
888,2026-10-04T01:53:22.2439358Z,load-client-host,client,host,30000,0.769,0.788,Answered,"The coordinator, pid 83864, took 'host'."
889,2026-10-04T01:53:22.4461144Z,load-client-host,client,host,30000,0.661,0.684,Answered,"The coordinator, pid 83864, took 'host'."
890,2026-10-04T01:53:22.6474695Z,load-client-host,client,host,30000,0.711,0.736,Answered,"The coordinator, pid 83864, took 'host'."
891,2026-10-04T01:53:22.8497397Z,load-client-host,client,host,30000,0.613,0.629,Answered,"The coordinator, pid 83864, took 'host'."
892,2026-10-04T01:53:23.0508194Z,load-client-host,client,host,30000,0.490,0.510,Answered,"The coordinator, pid 83864, took 'host'."
893,2026-10-04T01:53:23.2530172Z,load-client-host,client,host,30000,0.566,0.581,Answered,"The coordinator, pid 83864, took 'host'."
894,2026-10-04T01:53:23.4540338Z,load-client-host,client,host,30000,0.477,0.496,Answered,"The coordinator, pid 83864, took 'host'."
895,2026-10-04T01:53:23.6552258Z,load-client-host,client,host,30000,0.494,0.512,Answered,"The coordinator, pid 83864, took 'host'."
896,2026-10-04T01:53:23.8631518Z,load-client-host,client,host,30000,0.700,0.719,Answered,"The coordinator, pid 83864, took 'host'."
897,2026-10-04T01:53:24.0641152Z,load-client-host,client,host,30000,0.708,0.728,Answered,"The coordinator, pid 83864, took 'host'."
898,2026-10-04T01:53:24.2673514Z,load-client-host,client,host,30000,2.410,2.546,Answered,"The coordinator, pid 83864, took 'host'."
899,2026-10-04T01:53:24.4800528Z,load-client-host,client,host,30000,0.717,0.785,Answered,"The coordinator, pid 83864, took 'host'."
900,2026-10-04T01:53:24.6814570Z,load-client-host,client,host,30000,0.799,0.820,Answered,"The coordinator, pid 83864, took 'host'."
901,2026-10-04T01:53:24.8828132Z,load-client-host,client,host,30000,0.859,0.891,Answered,"The coordinator, pid 83864, took 'host'."
902,2026-10-04T01:53:25.0838542Z,load-client-host,client,host,30000,0.708,0.732,Answered,"The coordinator, pid 83864, took 'host'."
903,2026-10-04T01:53:25.2849486Z,load-client-host,client,host,30000,0.363,0.376,Answered,"The coordinator, pid 83864, took 'host'."
904,2026-10-04T01:53:25.4857021Z,load-client-host,client,host,30000,0.484,0.501,Answered,"The coordinator, pid 83864, took 'host'."
905,2026-10-04T01:53:25.6867287Z,load-client-host,client,host,30000,0.557,0.579,Answered,"The coordinator, pid 83864, took 'host'."
906,2026-10-04T01:53:25.8874001Z,load-client-host,client,host,30000,0.462,0.478,Answered,"The coordinator, pid 83864, took 'host'."
907,2026-10-04T01:53:26.0893948Z,load-client-host,client,host,30000,0.436,0.452,Answered,"The coordinator, pid 83864, took 'host'."
908,2026-10-04T01:53:26.2901465Z,load-client-host,client,host,30000,0.401,0.415,Answered,"The coordinator, pid 83864, took 'host'."
909,2026-10-04T01:53:26.4914278Z,load-client-host,client,host,30000,0.533,0.561,Answered,"The coordinator, pid 83864, took 'host'."
910,2026-10-04T01:53:26.6922475Z,load-client-host,client,host,30000,0.428,0.444,Answered,"The coordinator, pid 83864, took 'host'."
911,2026-10-04T01:53:26.8932192Z,load-client-host,client,host,30000,0.475,0.497,Answered,"The coordinator, pid 83864, took 'host'."
912,2026-10-04T01:53:27.0958861Z,load-client-host,client,host,30000,2.263,2.309,Answered,"The coordinator, pid 83864, took 'host'."
913,2026-10-04T01:53:27.2970354Z,load-client-host,client,host,30000,0.539,0.556,Answered,"The coordinator, pid 83864, took 'host'."
914,2026-10-04T01:53:27.4989843Z,load-client-host,client,host,30000,0.669,0.691,Answered,"The coordinator, pid 83864, took 'host'."
915,2026-10-04T01:53:27.7001750Z,load-client-host,client,host,30000,0.509,0.526,Answered,"The coordinator, pid 83864, took 'host'."
916,2026-10-04T01:53:27.9009279Z,load-client-host,client,host,30000,0.523,0.544,Answered,"The coordinator, pid 83864, took 'host'."
917,2026-10-04T01:53:28.1023205Z,load-client-host,client,host,30000,0.484,0.504,Answered,"The coordinator, pid 83864, took 'host'."
918,2026-10-04T01:53:28.3034109Z,load-client-host,client,host,30000,0.649,0.666,Answered,"The coordinator, pid 83864, took 'host'."
919,2026-10-04T01:53:28.5044946Z,load-client-host,client,host,30000,0.492,0.512,Answered,"The coordinator, pid 83864, took 'host'."
920,2026-10-04T01:53:28.7058878Z,load-client-host,client,host,30000,0.998,1.024,Answered,"The coordinator, pid 83864, took 'host'."
921,2026-10-04T01:53:28.9070087Z,load-client-host,client,host,30000,0.476,0.492,Answered,"The coordinator, pid 83864, took 'host'."
922,2026-10-04T01:53:29.1223576Z,load-client-host,client,host,30000,0.627,0.646,Answered,"The coordinator, pid 83864, took 'host'."
923,2026-10-04T01:53:29.3234351Z,load-client-host,client,host,30000,0.567,0.586,Answered,"The coordinator, pid 83864, took 'host'."
924,2026-10-04T01:53:29.5254864Z,load-client-host,client,host,30000,0.478,0.491,Answered,"The coordinator, pid 83864, took 'host'."
925,2026-10-04T01:53:29.7275047Z,load-client-host,client,host,30000,0.637,0.655,Answered,"The coordinator, pid 83864, took 'host'."
926,2026-10-04T01:53:29.9324899Z,load-client-host,client,host,30000,4.683,4.772,Answered,"The coordinator, pid 83864, took 'host'."
927,2026-10-04T01:53:30.1356733Z,load-client-host,client,host,30000,0.490,0.499,Answered,"The coordinator, pid 83864, took 'host'."
928,2026-10-04T01:53:30.3373220Z,load-client-host,client,host,30000,0.630,0.650,Answered,"The coordinator, pid 83864, took 'host'."
929,2026-10-04T01:53:30.5382101Z,load-client-host,client,host,30000,0.485,0.503,Answered,"The coordinator, pid 83864, took 'host'."
930,2026-10-04T01:53:30.7402101Z,load-client-host,client,host,30000,0.446,0.465,Answered,"The coordinator, pid 83864, took 'host'."
931,2026-10-04T01:53:30.9412389Z,load-client-host,client,host,30000,0.491,0.508,Answered,"The coordinator, pid 83864, took 'host'."
932,2026-10-04T01:53:31.1427929Z,load-client-host,client,host,30000,0.466,0.483,Answered,"The coordinator, pid 83864, took 'host'."
933,2026-10-04T01:53:31.3453925Z,load-client-host,client,host,30000,0.528,0.548,Answered,"The coordinator, pid 83864, took 'host'."
934,2026-10-04T01:53:31.5462511Z,load-client-host,client,host,30000,0.463,0.477,Answered,"The coordinator, pid 83864, took 'host'."
935,2026-10-04T01:53:31.7513044Z,load-client-host,client,host,30000,0.586,0.603,Answered,"The coordinator, pid 83864, took 'host'."
936,2026-10-04T01:53:31.9526722Z,load-client-host,client,host,30000,0.483,0.499,Answered,"The coordinator, pid 83864, took 'host'."
937,2026-10-04T01:53:32.1534677Z,load-client-host,client,host,30000,0.601,0.625,Answered,"The coordinator, pid 83864, took 'host'."
938,2026-10-04T01:53:32.3544849Z,load-client-host,client,host,30000,0.594,0.612,Answered,"The coordinator, pid 83864, took 'host'."
939,2026-10-04T01:53:32.5552367Z,load-client-host,client,host,30000,0.501,0.516,Answered,"The coordinator, pid 83864, took 'host'."
940,2026-10-04T01:53:32.7570757Z,load-client-host,client,host,30000,0.625,0.641,Answered,"The coordinator, pid 83864, took 'host'."
941,2026-10-04T01:53:32.9581145Z,load-client-host,client,host,30000,0.379,0.394,Answered,"The coordinator, pid 83864, took 'host'."
942,2026-10-04T01:53:33.1589303Z,load-client-host,client,host,30000,0.485,0.500,Answered,"The coordinator, pid 83864, took 'host'."
943,2026-10-04T01:53:33.3715023Z,load-client-host,client,host,30000,0.669,0.691,Answered,"The coordinator, pid 83864, took 'host'."
944,2026-10-04T01:53:33.5729791Z,load-client-host,client,host,30000,0.637,0.661,Answered,"The coordinator, pid 83864, took 'host'."
945,2026-10-04T01:53:33.7740344Z,load-client-host,client,host,30000,0.473,0.489,Answered,"The coordinator, pid 83864, took 'host'."
946,2026-10-04T01:53:33.9754128Z,load-client-host,client,host,30000,0.599,0.614,Answered,"The coordinator, pid 83864, took 'host'."
947,2026-10-04T01:53:34.1765137Z,load-client-host,client,host,30000,0.673,0.692,Answered,"The coordinator, pid 83864, took 'host'."
948,2026-10-04T01:53:34.3780370Z,load-client-host,client,host,30000,0.761,0.779,Answered,"The coordinator, pid 83864, took 'host'."
949,2026-10-04T01:53:34.5797929Z,load-client-host,client,host,30000,0.615,0.634,Answered,"The coordinator, pid 83864, took 'host'."
950,2026-10-04T01:53:34.7812411Z,load-client-host,client,host,30000,0.597,0.613,Answered,"The coordinator, pid 83864, took 'host'."
951,2026-10-04T01:53:34.9928853Z,load-client-host,client,host,30000,0.663,0.685,Answered,"The coordinator, pid 83864, took 'host'."
952,2026-10-04T01:53:35.1941734Z,load-client-host,client,host,30000,0.605,0.623,Answered,"The coordinator, pid 83864, took 'host'."
953,2026-10-04T01:53:35.3948789Z,load-client-host,client,host,30000,0.470,0.487,Answered,"The coordinator, pid 83864, took 'host'."
954,2026-10-04T01:53:35.5968419Z,load-client-host,client,host,30000,0.680,0.694,Answered,"The coordinator, pid 83864, took 'host'."
955,2026-10-04T01:53:35.7981002Z,load-client-host,client,host,30000,0.712,0.731,Answered,"The coordinator, pid 83864, took 'host'."
956,2026-10-04T01:53:36.0073513Z,load-client-host,client,host,30000,0.630,0.648,Answered,"The coordinator, pid 83864, took 'host'."
957,2026-10-04T01:53:36.2081053Z,load-client-host,client,host,30000,0.478,0.501,Answered,"The coordinator, pid 83864, took 'host'."
958,2026-10-04T01:53:36.4091317Z,load-client-host,client,host,30000,0.645,0.661,Answered,"The coordinator, pid 83864, took 'host'."
959,2026-10-04T01:53:36.6100654Z,load-client-host,client,host,30000,0.476,0.494,Answered,"The coordinator, pid 83864, took 'host'."
960,2026-10-04T01:53:36.8114696Z,load-client-host,client,host,30000,0.598,0.612,Answered,"The coordinator, pid 83864, took 'host'."
961,2026-10-04T01:53:37.0128126Z,load-client-host,client,host,30000,0.488,0.507,Answered,"The coordinator, pid 83864, took 'host'."
962,2026-10-04T01:53:37.2140837Z,load-client-host,client,host,30000,0.613,0.631,Answered,"The coordinator, pid 83864, took 'host'."
963,2026-10-04T01:53:37.4150196Z,load-client-host,client,host,30000,0.300,0.315,Answered,"The coordinator, pid 83864, took 'host'."
964,2026-10-04T01:53:37.6159119Z,load-client-host,client,host,30000,0.366,0.380,Answered,"The coordinator, pid 83864, took 'host'."
965,2026-10-04T01:53:37.8171193Z,load-client-host,client,host,30000,0.579,0.595,Answered,"The coordinator, pid 83864, took 'host'."
966,2026-10-04T01:53:38.0198726Z,load-client-host,client,host,30000,0.713,0.728,Answered,"The coordinator, pid 83864, took 'host'."
967,2026-10-04T01:53:38.2206719Z,load-client-host,client,host,30000,0.537,0.553,Answered,"The coordinator, pid 83864, took 'host'."
968,2026-10-04T01:53:38.4216988Z,load-client-host,client,host,30000,0.793,0.810,Answered,"The coordinator, pid 83864, took 'host'."
969,2026-10-04T01:53:38.6231035Z,load-client-host,client,host,30000,0.495,0.515,Answered,"The coordinator, pid 83864, took 'host'."
970,2026-10-04T01:53:38.8244997Z,load-client-host,client,host,30000,0.570,0.582,Answered,"The coordinator, pid 83864, took 'host'."
971,2026-10-04T01:53:39.0265441Z,load-client-host,client,host,30000,0.487,0.501,Answered,"The coordinator, pid 83864, took 'host'."
972,2026-10-04T01:53:39.2288415Z,load-client-host,client,host,30000,0.575,0.589,Answered,"The coordinator, pid 83864, took 'host'."
973,2026-10-04T01:53:39.4299844Z,load-client-host,client,host,30000,0.728,0.741,Answered,"The coordinator, pid 83864, took 'host'."
974,2026-10-04T01:53:39.6414792Z,load-client-host,client,host,30000,0.490,0.511,Answered,"The coordinator, pid 83864, took 'host'."
975,2026-10-04T01:53:39.8429614Z,load-client-host,client,host,30000,0.449,0.468,Answered,"The coordinator, pid 83864, took 'host'."
976,2026-10-04T01:53:40.0444041Z,load-client-host,client,host,30000,0.667,0.682,Answered,"The coordinator, pid 83864, took 'host'."
977,2026-10-04T01:53:40.2588802Z,load-client-host,client,host,30000,0.613,0.623,Answered,"The coordinator, pid 83864, took 'host'."
978,2026-10-04T01:53:40.4597597Z,load-client-host,client,host,30000,0.320,0.333,Answered,"The coordinator, pid 83864, took 'host'."
979,2026-10-04T01:53:40.6710326Z,load-client-host,client,host,30000,2.655,2.677,Answered,"The coordinator, pid 83864, took 'host'."
980,2026-10-04T01:53:40.8771061Z,load-client-host,client,host,30000,0.600,0.615,Answered,"The coordinator, pid 83864, took 'host'."
981,2026-10-04T01:53:41.0781112Z,load-client-host,client,host,30000,0.627,0.647,Answered,"The coordinator, pid 83864, took 'host'."
982,2026-10-04T01:53:41.2794901Z,load-client-host,client,host,30000,0.626,0.640,Answered,"The coordinator, pid 83864, took 'host'."
983,2026-10-04T01:53:41.4906478Z,load-client-host,client,host,30000,0.672,0.689,Answered,"The coordinator, pid 83864, took 'host'."
984,2026-10-04T01:53:41.6915248Z,load-client-host,client,host,30000,0.547,0.561,Answered,"The coordinator, pid 83864, took 'host'."
985,2026-10-04T01:53:41.8928583Z,load-client-host,client,host,30000,0.647,0.665,Answered,"The coordinator, pid 83864, took 'host'."
986,2026-10-04T01:53:42.0939333Z,load-client-host,client,host,30000,0.615,0.637,Answered,"The coordinator, pid 83864, took 'host'."
987,2026-10-04T01:53:42.2959948Z,load-client-host,client,host,30000,0.792,0.812,Answered,"The coordinator, pid 83864, took 'host'."
988,2026-10-04T01:53:42.4984099Z,load-client-host,client,host,30000,1.977,2.125,Answered,"The coordinator, pid 83864, took 'host'."
989,2026-10-04T01:53:42.7006286Z,load-client-host,client,host,30000,0.535,0.552,Answered,"The coordinator, pid 83864, took 'host'."
990,2026-10-04T01:53:42.9025836Z,load-client-host,client,host,30000,0.341,0.356,Answered,"The coordinator, pid 83864, took 'host'."
991,2026-10-04T01:53:43.1090870Z,load-client-host,client,host,30000,0.534,0.555,Answered,"The coordinator, pid 83864, took 'host'."
992,2026-10-04T01:53:43.3100746Z,load-client-host,client,host,30000,0.492,0.512,Answered,"The coordinator, pid 83864, took 'host'."
993,2026-10-04T01:53:43.5113717Z,load-client-host,client,host,30000,0.494,0.504,Answered,"The coordinator, pid 83864, took 'host'."
994,2026-10-04T01:53:43.7250670Z,load-client-host,client,host,30000,0.516,0.531,Answered,"The coordinator, pid 83864, took 'host'."
995,2026-10-04T01:53:43.9269539Z,load-client-host,client,host,30000,0.440,0.457,Answered,"The coordinator, pid 83864, took 'host'."
996,2026-10-04T01:53:44.1282003Z,load-client-host,client,host,30000,0.696,0.714,Answered,"The coordinator, pid 83864, took 'host'."
997,2026-10-04T01:53:44.3300813Z,load-client-host,client,host,30000,0.296,0.313,Answered,"The coordinator, pid 83864, took 'host'."
998,2026-10-04T01:53:44.5314666Z,load-client-host,client,host,30000,0.316,0.331,Answered,"The coordinator, pid 83864, took 'host'."
999,2026-10-04T01:53:44.7331273Z,load-client-host,client,host,30000,0.324,0.337,Answered,"The coordinator, pid 83864, took 'host'."
1000,2026-10-04T01:53:44.9339728Z,load-client-host,client,host,30000,0.450,0.482,Answered,"The coordinator, pid 83864, took 'host'."
1001,2026-10-04T01:53:45.1352390Z,load-client-host,client,host,30000,0.455,0.480,Answered,"The coordinator, pid 83864, took 'host'."
1002,2026-10-04T01:53:45.3404436Z,load-client-host,client,host,30000,0.709,0.724,Answered,"The coordinator, pid 83864, took 'host'."
1003,2026-10-04T01:53:45.5418600Z,load-client-host,client,host,30000,0.514,0.536,Answered,"The coordinator, pid 83864, took 'host'."
1004,2026-10-04T01:53:45.7433327Z,load-client-host,client,host,30000,0.760,0.804,Answered,"The coordinator, pid 83864, took 'host'."
1005,2026-10-04T01:53:45.9443200Z,load-client-host,client,host,30000,0.602,0.633,Answered,"The coordinator, pid 83864, took 'host'."
1006,2026-10-04T01:53:46.1467420Z,load-client-host,client,host,30000,0.698,0.720,Answered,"The coordinator, pid 83864, took 'host'."
1007,2026-10-04T01:53:46.3482548Z,load-client-host,client,host,30000,0.908,0.921,Answered,"The coordinator, pid 83864, took 'host'."
1008,2026-10-04T01:53:46.5499846Z,load-client-host,client,host,30000,0.346,0.359,Answered,"The coordinator, pid 83864, took 'host'."
1009,2026-10-04T01:53:46.7508757Z,load-client-host,client,host,30000,0.371,0.386,Answered,"The coordinator, pid 83864, took 'host'."
1010,2026-10-04T01:53:46.9531571Z,load-client-host,client,host,30000,0.687,0.703,Answered,"The coordinator, pid 83864, took 'host'."
1011,2026-10-04T01:53:47.1560745Z,load-client-host,client,host,30000,1.695,1.716,Answered,"The coordinator, pid 83864, took 'host'."
1012,2026-10-04T01:53:47.3569826Z,load-client-host,client,host,30000,0.462,0.481,Answered,"The coordinator, pid 83864, took 'host'."
1013,2026-10-04T01:53:47.5632784Z,load-client-host,client,host,30000,0.585,0.607,Answered,"The coordinator, pid 83864, took 'host'."
1014,2026-10-04T01:53:47.7651401Z,load-client-host,client,host,30000,0.637,0.653,Answered,"The coordinator, pid 83864, took 'host'."
1015,2026-10-04T01:53:47.9661373Z,load-client-host,client,host,30000,0.377,0.391,Answered,"The coordinator, pid 83864, took 'host'."
1016,2026-10-04T01:53:48.1670936Z,load-client-host,client,host,30000,0.407,0.420,Answered,"The coordinator, pid 83864, took 'host'."
1017,2026-10-04T01:53:48.3686227Z,load-client-host,client,host,30000,0.551,0.569,Answered,"The coordinator, pid 83864, took 'host'."
1018,2026-10-04T01:53:48.5695583Z,load-client-host,client,host,30000,0.563,0.577,Answered,"The coordinator, pid 83864, took 'host'."
1019,2026-10-04T01:53:48.7714802Z,load-client-host,client,host,30000,0.347,0.358,Answered,"The coordinator, pid 83864, took 'host'."
1020,2026-10-04T01:53:48.9723012Z,load-client-host,client,host,30000,0.392,0.402,Answered,"The coordinator, pid 83864, took 'host'."
1021,2026-10-04T01:53:49.1731713Z,load-client-host,client,host,30000,0.650,0.663,Answered,"The coordinator, pid 83864, took 'host'."
1022,2026-10-04T01:53:49.3739412Z,load-client-host,client,host,30000,0.461,0.478,Answered,"The coordinator, pid 83864, took 'host'."
1023,2026-10-04T01:53:49.5749908Z,load-client-host,client,host,30000,0.488,0.506,Answered,"The coordinator, pid 83864, took 'host'."
1024,2026-10-04T01:53:49.7758035Z,load-client-host,client,host,30000,0.378,0.399,Answered,"The coordinator, pid 83864, took 'host'."
1025,2026-10-04T01:53:49.9771352Z,load-client-host,client,host,30000,0.546,0.556,Answered,"The coordinator, pid 83864, took 'host'."
1026,2026-10-04T01:53:50.1784769Z,load-client-host,client,host,30000,0.577,0.591,Answered,"The coordinator, pid 83864, took 'host'."
1027,2026-10-04T01:53:50.3795139Z,load-client-host,client,host,30000,0.475,0.490,Answered,"The coordinator, pid 83864, took 'host'."
1028,2026-10-04T01:53:50.5807131Z,load-client-host,client,host,30000,0.529,0.544,Answered,"The coordinator, pid 83864, took 'host'."
1029,2026-10-04T01:53:50.7916361Z,load-client-host,client,host,30000,0.503,0.518,Answered,"The coordinator, pid 83864, took 'host'."
1030,2026-10-04T01:53:50.9923834Z,load-client-host,client,host,30000,0.455,0.475,Answered,"The coordinator, pid 83864, took 'host'."
1031,2026-10-04T01:53:51.1933230Z,load-client-host,client,host,30000,0.610,0.625,Answered,"The coordinator, pid 83864, took 'host'."
1032,2026-10-04T01:53:51.3940595Z,load-client-host,client,host,30000,0.470,0.485,Answered,"The coordinator, pid 83864, took 'host'."
1033,2026-10-04T01:53:51.5949894Z,load-client-host,client,host,30000,0.612,0.625,Answered,"The coordinator, pid 83864, took 'host'."
1034,2026-10-04T01:53:51.7967273Z,load-client-host,client,host,30000,0.647,0.664,Answered,"The coordinator, pid 83864, took 'host'."
1035,2026-10-04T01:53:51.9984941Z,load-client-host,client,host,30000,0.473,0.496,Answered,"The coordinator, pid 83864, took 'host'."
1036,2026-10-04T01:53:52.1993142Z,load-client-host,client,host,30000,0.469,0.480,Answered,"The coordinator, pid 83864, took 'host'."
1037,2026-10-04T01:53:52.4125701Z,load-client-host,client,host,30000,0.500,0.511,Answered,"The coordinator, pid 83864, took 'host'."
1038,2026-10-04T01:53:52.6133699Z,load-client-host,client,host,30000,0.507,0.522,Answered,"The coordinator, pid 83864, took 'host'."
1039,2026-10-04T01:53:52.8151586Z,load-client-host,client,host,30000,0.815,0.832,Answered,"The coordinator, pid 83864, took 'host'."
1040,2026-10-04T01:53:53.0233698Z,load-client-host,client,host,30000,0.542,0.562,Answered,"The coordinator, pid 83864, took 'host'."
1041,2026-10-04T01:53:53.2253075Z,load-client-host,client,host,30000,0.580,0.600,Answered,"The coordinator, pid 83864, took 'host'."
1042,2026-10-04T01:53:53.4269359Z,load-client-host,client,host,30000,0.448,0.463,Answered,"The coordinator, pid 83864, took 'host'."
1043,2026-10-04T01:53:53.6289988Z,load-client-host,client,host,30000,0.552,0.565,Answered,"The coordinator, pid 83864, took 'host'."
1044,2026-10-04T01:53:53.8308939Z,load-client-host,client,host,30000,0.565,0.579,Answered,"The coordinator, pid 83864, took 'host'."
1045,2026-10-04T01:53:54.0325599Z,load-client-host,client,host,30000,0.386,0.401,Answered,"The coordinator, pid 83864, took 'host'."
1046,2026-10-04T01:53:54.2338015Z,load-client-host,client,host,30000,0.534,0.543,Answered,"The coordinator, pid 83864, took 'host'."
1047,2026-10-04T01:53:54.4354420Z,load-client-host,client,host,30000,0.827,0.850,Answered,"The coordinator, pid 83864, took 'host'."
1048,2026-10-04T01:53:54.6383212Z,load-client-host,client,host,30000,0.647,0.667,Answered,"The coordinator, pid 83864, took 'host'."
1049,2026-10-04T01:53:54.8392614Z,load-client-host,client,host,30000,0.334,0.351,Answered,"The coordinator, pid 83864, took 'host'."
1050,2026-10-04T01:53:55.0403228Z,load-client-host,client,host,30000,0.765,0.784,Answered,"The coordinator, pid 83864, took 'host'."
1051,2026-10-04T01:53:55.2531678Z,load-client-host,client,host,30000,0.493,0.502,Answered,"The coordinator, pid 83864, took 'host'."
1052,2026-10-04T01:53:55.4551763Z,load-client-host,client,host,30000,0.516,0.549,Answered,"The coordinator, pid 83864, took 'host'."
1053,2026-10-04T01:53:55.6569862Z,load-client-host,client,host,30000,0.412,0.422,Answered,"The coordinator, pid 83864, took 'host'."
1054,2026-10-04T01:53:55.8692888Z,load-client-host,client,host,30000,0.471,0.494,Answered,"The coordinator, pid 83864, took 'host'."
1055,2026-10-04T01:53:56.0704997Z,load-client-host,client,host,30000,0.642,0.659,Answered,"The coordinator, pid 83864, took 'host'."
1056,2026-10-04T01:53:56.2726157Z,load-client-host,client,host,30000,0.581,0.600,Answered,"The coordinator, pid 83864, took 'host'."
1057,2026-10-04T01:53:56.4885698Z,load-client-host,client,host,30000,0.562,0.577,Answered,"The coordinator, pid 83864, took 'host'."
1058,2026-10-04T01:53:56.6891874Z,load-client-host,client,host,30000,0.467,0.483,Answered,"The coordinator, pid 83864, took 'host'."
1059,2026-10-04T01:53:56.8901811Z,load-client-host,client,host,30000,0.533,0.549,Answered,"The coordinator, pid 83864, took 'host'."
1060,2026-10-04T01:53:57.0910107Z,load-client-host,client,host,30000,0.556,0.575,Answered,"The coordinator, pid 83864, took 'host'."
1061,2026-10-04T01:53:57.2925119Z,load-client-host,client,host,30000,0.548,0.568,Answered,"The coordinator, pid 83864, took 'host'."
1062,2026-10-04T01:53:57.4932557Z,load-client-host,client,host,30000,0.437,0.456,Answered,"The coordinator, pid 83864, took 'host'."
1063,2026-10-04T01:53:57.6940246Z,load-client-host,client,host,30000,0.594,0.614,Answered,"The coordinator, pid 83864, took 'host'."
1064,2026-10-04T01:53:57.8976352Z,load-client-host,client,host,30000,1.957,1.974,Answered,"The coordinator, pid 83864, took 'host'."
1065,2026-10-04T01:53:58.1062529Z,load-client-host,client,host,30000,0.657,0.673,Answered,"The coordinator, pid 83864, took 'host'."
1066,2026-10-04T01:53:58.3075301Z,load-client-host,client,host,30000,0.556,0.583,Answered,"The coordinator, pid 83864, took 'host'."
1067,2026-10-04T01:53:58.5093596Z,load-client-host,client,host,30000,0.848,0.868,Answered,"The coordinator, pid 83864, took 'host'."
1068,2026-10-04T01:53:58.7110671Z,load-client-host,client,host,30000,0.540,0.564,Answered,"The coordinator, pid 83864, took 'host'."
1069,2026-10-04T01:53:58.9120077Z,load-client-host,client,host,30000,0.468,0.488,Answered,"The coordinator, pid 83864, took 'host'."
1070,2026-10-04T01:53:59.1175067Z,load-client-host,client,host,30000,0.698,0.725,Answered,"The coordinator, pid 83864, took 'host'."
1071,2026-10-04T01:53:59.3193348Z,load-client-host,client,host,30000,0.579,0.602,Answered,"The coordinator, pid 83864, took 'host'."
1072,2026-10-04T01:53:59.5206938Z,load-client-host,client,host,30000,0.539,0.560,Answered,"The coordinator, pid 83864, took 'host'."
1073,2026-10-04T01:53:59.7305083Z,load-client-host,client,host,30000,0.693,0.718,Answered,"The coordinator, pid 83864, took 'host'."
1074,2026-10-04T01:53:59.9324792Z,load-client-host,client,host,30000,0.530,0.547,Answered,"The coordinator, pid 83864, took 'host'."
1075,2026-10-04T01:54:00.1337293Z,load-client-host,client,host,30000,0.617,0.643,Answered,"The coordinator, pid 83864, took 'host'."
1076,2026-10-04T01:54:00.3498721Z,load-client-host,client,host,30000,0.570,0.587,Answered,"The coordinator, pid 83864, took 'host'."
1077,2026-10-04T01:54:00.5520094Z,load-client-host,client,host,30000,0.616,0.638,Answered,"The coordinator, pid 83864, took 'host'."
1078,2026-10-04T01:54:00.7535013Z,load-client-host,client,host,30000,0.687,0.709,Answered,"The coordinator, pid 83864, took 'host'."
1079,2026-10-04T01:54:00.9547938Z,load-client-host,client,host,30000,0.588,0.602,Answered,"The coordinator, pid 83864, took 'host'."
1080,2026-10-04T01:54:01.1560987Z,load-client-host,client,host,30000,0.574,0.597,Answered,"The coordinator, pid 83864, took 'host'."
1081,2026-10-04T01:54:01.3578393Z,load-client-host,client,host,30000,1.170,1.194,Answered,"The coordinator, pid 83864, took 'host'."
1082,2026-10-04T01:54:01.5592710Z,load-client-host,client,host,30000,0.943,0.979,Answered,"The coordinator, pid 83864, took 'host'."
1083,2026-10-04T01:54:01.7616218Z,load-client-host,client,host,30000,0.561,0.577,Answered,"The coordinator, pid 83864, took 'host'."
1084,2026-10-04T01:54:01.9666639Z,load-client-host,client,host,30000,0.539,0.553,Answered,"The coordinator, pid 83864, took 'host'."
1085,2026-10-04T01:54:02.1676014Z,load-client-host,client,host,30000,0.482,0.503,Answered,"The coordinator, pid 83864, took 'host'."
1086,2026-10-04T01:54:02.3687714Z,load-client-host,client,host,30000,0.632,0.650,Answered,"The coordinator, pid 83864, took 'host'."
1087,2026-10-04T01:54:02.5695960Z,load-client-host,client,host,30000,0.542,0.558,Answered,"The coordinator, pid 83864, took 'host'."
1088,2026-10-04T01:54:02.7716323Z,load-client-host,client,host,30000,0.526,0.542,Answered,"The coordinator, pid 83864, took 'host'."
1089,2026-10-04T01:54:02.9730132Z,load-client-host,client,host,30000,0.611,0.629,Answered,"The coordinator, pid 83864, took 'host'."
1090,2026-10-04T01:54:03.1750091Z,load-client-host,client,host,30000,0.585,0.600,Answered,"The coordinator, pid 83864, took 'host'."
1091,2026-10-04T01:54:03.3761916Z,load-client-host,client,host,30000,0.509,0.529,Answered,"The coordinator, pid 83864, took 'host'."
1092,2026-10-04T01:54:03.5846936Z,load-client-host,client,host,30000,1.828,1.883,Answered,"The coordinator, pid 83864, took 'host'."
1093,2026-10-04T01:54:03.7857922Z,load-client-host,client,host,30000,0.526,0.554,Answered,"The coordinator, pid 83864, took 'host'."
1094,2026-10-04T01:54:03.9870109Z,load-client-host,client,host,30000,0.625,0.641,Answered,"The coordinator, pid 83864, took 'host'."
1095,2026-10-04T01:54:04.2027872Z,load-client-host,client,host,30000,0.527,0.545,Answered,"The coordinator, pid 83864, took 'host'."
1096,2026-10-04T01:54:04.4038144Z,load-client-host,client,host,30000,0.494,0.502,Answered,"The coordinator, pid 83864, took 'host'."
1097,2026-10-04T01:54:04.6051466Z,load-client-host,client,host,30000,0.679,0.697,Answered,"The coordinator, pid 83864, took 'host'."
1098,2026-10-04T01:54:04.8187281Z,load-client-host,client,host,30000,0.736,0.750,Answered,"The coordinator, pid 83864, took 'host'."
1099,2026-10-04T01:54:05.0203256Z,load-client-host,client,host,30000,0.567,0.590,Answered,"The coordinator, pid 83864, took 'host'."
1100,2026-10-04T01:54:05.2220021Z,load-client-host,client,host,30000,0.584,0.597,Answered,"The coordinator, pid 83864, took 'host'."
1101,2026-10-04T01:54:05.9420834Z,load-client-host,client,host,30000,0.536,0.553,Answered,"The coordinator, pid 83864, took 'host'."
1102,2026-10-04T01:54:06.1433451Z,load-client-host,client,host,30000,0.599,0.612,Answered,"The coordinator, pid 83864, took 'host'."
1103,2026-10-04T01:54:06.3444915Z,load-client-host,client,host,30000,0.631,0.650,Answered,"The coordinator, pid 83864, took 'host'."
1104,2026-10-04T01:54:06.5601404Z,load-client-host,client,host,30000,0.634,0.653,Answered,"The coordinator, pid 83864, took 'host'."
1105,2026-10-04T01:54:06.7613914Z,load-client-host,client,host,30000,0.501,0.523,Answered,"The coordinator, pid 83864, took 'host'."
1106,2026-10-04T01:54:06.9627230Z,load-client-host,client,host,30000,0.596,0.616,Answered,"The coordinator, pid 83864, took 'host'."
1107,2026-10-04T01:54:07.1725875Z,load-client-host,client,host,30000,0.563,0.578,Answered,"The coordinator, pid 83864, took 'host'."
1108,2026-10-04T01:54:07.3733034Z,load-client-host,client,host,30000,0.461,0.480,Answered,"The coordinator, pid 83864, took 'host'."
1109,2026-10-04T01:54:07.5742993Z,load-client-host,client,host,30000,0.501,0.522,Answered,"The coordinator, pid 83864, took 'host'."
1110,2026-10-04T01:54:07.7758208Z,load-client-host,client,host,30000,0.717,0.733,Answered,"The coordinator, pid 83864, took 'host'."
1111,2026-10-04T01:54:07.9767406Z,load-client-host,client,host,30000,0.503,0.523,Answered,"The coordinator, pid 83864, took 'host'."
1112,2026-10-04T01:54:08.1784747Z,load-client-host,client,host,30000,0.505,0.519,Answered,"The coordinator, pid 83864, took 'host'."
1113,2026-10-04T01:54:08.3794531Z,load-client-host,client,host,30000,0.437,0.452,Answered,"The coordinator, pid 83864, took 'host'."
1114,2026-10-04T01:54:08.5810765Z,load-client-host,client,host,30000,0.448,0.464,Answered,"The coordinator, pid 83864, took 'host'."
1115,2026-10-04T01:54:08.7867935Z,load-client-host,client,host,30000,0.636,0.654,Answered,"The coordinator, pid 83864, took 'host'."
1116,2026-10-04T01:54:08.9884136Z,load-client-host,client,host,30000,0.415,0.432,Answered,"The coordinator, pid 83864, took 'host'."
1117,2026-10-04T01:54:09.1898963Z,load-client-host,client,host,30000,0.517,0.533,Answered,"The coordinator, pid 83864, took 'host'."
1118,2026-10-04T01:54:09.3908687Z,load-client-host,client,host,30000,0.487,0.503,Answered,"The coordinator, pid 83864, took 'host'."
1119,2026-10-04T01:54:09.5932025Z,load-client-host,client,host,30000,0.843,0.864,Answered,"The coordinator, pid 83864, took 'host'."
1120,2026-10-04T01:54:09.7947660Z,load-client-host,client,host,30000,0.474,0.493,Answered,"The coordinator, pid 83864, took 'host'."
1121,2026-10-04T01:54:09.9956135Z,load-client-host,client,host,30000,0.480,0.496,Answered,"The coordinator, pid 83864, took 'host'."
1122,2026-10-04T01:54:10.1969499Z,load-client-host,client,host,30000,0.783,0.800,Answered,"The coordinator, pid 83864, took 'host'."
1123,2026-10-04T01:54:10.4001638Z,load-client-host,client,host,30000,0.472,0.489,Answered,"The coordinator, pid 83864, took 'host'."
1124,2026-10-04T01:54:10.6015748Z,load-client-host,client,host,30000,0.632,0.647,Answered,"The coordinator, pid 83864, took 'host'."
1125,2026-10-04T01:54:10.8031698Z,load-client-host,client,host,30000,0.447,0.462,Answered,"The coordinator, pid 83864, took 'host'."
1126,2026-10-04T01:54:11.0124055Z,load-client-host,client,host,30000,0.511,0.536,Answered,"The coordinator, pid 83864, took 'host'."
1127,2026-10-04T01:54:11.2135600Z,load-client-host,client,host,30000,0.612,0.626,Answered,"The coordinator, pid 83864, took 'host'."
1128,2026-10-04T01:54:11.4155529Z,load-client-host,client,host,30000,0.463,0.477,Answered,"The coordinator, pid 83864, took 'host'."
1129,2026-10-04T01:54:11.6167012Z,load-client-host,client,host,30000,0.491,0.505,Answered,"The coordinator, pid 83864, took 'host'."
1130,2026-10-04T01:54:11.8187018Z,load-client-host,client,host,30000,0.437,0.453,Answered,"The coordinator, pid 83864, took 'host'."
1131,2026-10-04T01:54:12.0203412Z,load-client-host,client,host,30000,0.560,0.575,Answered,"The coordinator, pid 83864, took 'host'."
1132,2026-10-04T01:54:12.2221450Z,load-client-host,client,host,30000,0.461,0.479,Answered,"The coordinator, pid 83864, took 'host'."
1133,2026-10-04T01:54:12.4231287Z,load-client-host,client,host,30000,0.496,0.511,Answered,"The coordinator, pid 83864, took 'host'."
1134,2026-10-04T01:54:12.6287290Z,load-client-host,client,host,30000,0.599,0.618,Answered,"The coordinator, pid 83864, took 'host'."
1135,2026-10-04T01:54:12.8294750Z,load-client-host,client,host,30000,0.503,0.521,Answered,"The coordinator, pid 83864, took 'host'."
1136,2026-10-04T01:54:13.0313916Z,load-client-host,client,host,30000,0.562,0.582,Answered,"The coordinator, pid 83864, took 'host'."
1137,2026-10-04T01:54:13.2322117Z,load-client-host,client,host,30000,0.449,0.467,Answered,"The coordinator, pid 83864, took 'host'."
1138,2026-10-04T01:54:13.4331668Z,load-client-host,client,host,30000,0.433,0.453,Answered,"The coordinator, pid 83864, took 'host'."
1139,2026-10-04T01:54:13.6349499Z,load-client-host,client,host,30000,0.560,0.580,Answered,"The coordinator, pid 83864, took 'host'."
1140,2026-10-04T01:54:13.8363658Z,load-client-host,client,host,30000,0.634,0.654,Answered,"The coordinator, pid 83864, took 'host'."
1141,2026-10-04T01:54:14.0374255Z,load-client-host,client,host,30000,0.558,0.575,Answered,"The coordinator, pid 83864, took 'host'."
1142,2026-10-04T01:54:14.2531669Z,load-client-host,client,host,30000,0.470,0.489,Answered,"The coordinator, pid 83864, took 'host'."
1143,2026-10-04T01:54:14.4541999Z,load-client-host,client,host,30000,0.624,0.642,Answered,"The coordinator, pid 83864, took 'host'."
1144,2026-10-04T01:54:14.6564427Z,load-client-host,client,host,30000,0.660,0.679,Answered,"The coordinator, pid 83864, took 'host'."
1145,2026-10-04T01:54:14.8575112Z,load-client-host,client,host,30000,0.357,0.373,Answered,"The coordinator, pid 83864, took 'host'."
1146,2026-10-04T01:54:15.0595498Z,load-client-host,client,host,30000,0.417,0.432,Answered,"The coordinator, pid 83864, took 'host'."
1147,2026-10-04T01:54:15.2603820Z,load-client-host,client,host,30000,0.309,0.322,Answered,"The coordinator, pid 83864, took 'host'."
1148,2026-10-04T01:54:15.4611886Z,load-client-host,client,host,30000,0.308,0.322,Answered,"The coordinator, pid 83864, took 'host'."
1149,2026-10-04T01:54:15.6619278Z,load-client-host,client,host,30000,0.430,0.447,Answered,"The coordinator, pid 83864, took 'host'."
1150,2026-10-04T01:54:15.8695833Z,load-client-host,client,host,30000,0.667,0.685,Answered,"The coordinator, pid 83864, took 'host'."
1151,2026-10-04T01:54:16.0715207Z,load-client-host,client,host,30000,0.525,0.546,Answered,"The coordinator, pid 83864, took 'host'."
1152,2026-10-04T01:54:16.2726109Z,load-client-host,client,host,30000,0.499,0.520,Answered,"The coordinator, pid 83864, took 'host'."
1153,2026-10-04T01:54:16.4738285Z,load-client-host,client,host,30000,0.542,0.560,Answered,"The coordinator, pid 83864, took 'host'."
1154,2026-10-04T01:54:16.6748607Z,load-client-host,client,host,30000,0.659,0.679,Answered,"The coordinator, pid 83864, took 'host'."
1155,2026-10-04T01:54:16.8754930Z,load-client-host,client,host,30000,0.449,0.473,Answered,"The coordinator, pid 83864, took 'host'."
1156,2026-10-04T01:54:17.0765734Z,load-client-host,client,host,30000,0.620,0.640,Answered,"The coordinator, pid 83864, took 'host'."
1157,2026-10-04T01:54:17.2785129Z,load-client-host,client,host,30000,0.640,0.657,Answered,"The coordinator, pid 83864, took 'host'."
1158,2026-10-04T01:54:17.4912920Z,load-client-host,client,host,30000,0.594,0.617,Answered,"The coordinator, pid 83864, took 'host'."
1159,2026-10-04T01:54:17.6919714Z,load-client-host,client,host,30000,0.470,0.489,Answered,"The coordinator, pid 83864, took 'host'."
1160,2026-10-04T01:54:17.8931863Z,load-client-host,client,host,30000,0.559,0.582,Answered,"The coordinator, pid 83864, took 'host'."
1161,2026-10-04T01:54:18.1084066Z,load-client-host,client,host,30000,0.611,0.621,Answered,"The coordinator, pid 83864, took 'host'."
1162,2026-10-04T01:54:18.3092331Z,load-client-host,client,host,30000,0.427,0.439,Answered,"The coordinator, pid 83864, took 'host'."
1163,2026-10-04T01:54:18.5111096Z,load-client-host,client,host,30000,0.715,0.733,Answered,"The coordinator, pid 83864, took 'host'."
1164,2026-10-04T01:54:18.7125631Z,load-client-host,client,host,30000,0.801,0.823,Answered,"The coordinator, pid 83864, took 'host'."
1165,2026-10-04T01:54:18.9133272Z,load-client-host,client,host,30000,0.465,0.488,Answered,"The coordinator, pid 83864, took 'host'."
1166,2026-10-04T01:54:19.1143407Z,load-client-host,client,host,30000,0.486,0.502,Answered,"The coordinator, pid 83864, took 'host'."
1167,2026-10-04T01:54:19.3158975Z,load-client-host,client,host,30000,0.691,0.713,Answered,"The coordinator, pid 83864, took 'host'."
1168,2026-10-04T01:54:19.5166760Z,load-client-host,client,host,30000,0.484,0.497,Answered,"The coordinator, pid 83864, took 'host'."
1169,2026-10-04T01:54:19.7263367Z,load-client-host,client,host,30000,0.541,0.559,Answered,"The coordinator, pid 83864, took 'host'."
