seq,utc,label,mode,verb,bound_ms,elapsed_ms,wall_ms,outcome,why
1,2026-10-04T01:50:03.2091950Z,load-inproc,inproc-threads4,recheck,30000,22.477,25.652,Answered,"The coordinator, pid 78456, took 'recheck'."
2,2026-10-04T01:50:03.4122876Z,load-inproc,inproc-threads4,recheck,30000,0.706,0.838,Answered,"The coordinator, pid 78456, took 'recheck'."
3,2026-10-04T01:50:03.6134320Z,load-inproc,inproc-threads4,recheck,30000,0.562,0.660,Answered,"The coordinator, pid 78456, took 'recheck'."
4,2026-10-04T01:50:03.8151204Z,load-inproc,inproc-threads4,recheck,30000,0.721,0.846,Answered,"The coordinator, pid 78456, took 'recheck'."
5,2026-10-04T01:50:04.0165232Z,load-inproc,inproc-threads4,recheck,30000,0.800,0.901,Answered,"The coordinator, pid 78456, took 'recheck'."
6,2026-10-04T01:50:04.2191319Z,load-inproc,inproc-threads4,recheck,30000,0.592,0.684,Answered,"The coordinator, pid 78456, took 'recheck'."
7,2026-10-04T01:50:04.4207949Z,load-inproc,inproc-threads4,recheck,30000,0.555,0.648,Answered,"The coordinator, pid 78456, took 'recheck'."
8,2026-10-04T01:50:04.6225535Z,load-inproc,inproc-threads4,recheck,30000,0.555,0.672,Answered,"The coordinator, pid 78456, took 'recheck'."
9,2026-10-04T01:50:04.8237498Z,load-inproc,inproc-threads4,recheck,30000,0.579,0.666,Answered,"The coordinator, pid 78456, took 'recheck'."
10,2026-10-04T01:50:05.0820451Z,load-inproc,inproc-threads4,recheck,30000,19.333,47.414,Answered,"The coordinator, pid 78456, took 'recheck'."
11,2026-10-04T01:50:05.3981536Z,load-inproc,inproc-threads5,recheck,30000,44.728,108.230,Answered,"The coordinator, pid 78456, took 'recheck'."
12,2026-10-04T01:50:05.7478857Z,load-inproc,inproc-threads5,recheck,30000,133.535,141.344,Answered,"The coordinator, pid 78456, took 'recheck'."
13,2026-10-04T01:50:06.1680699Z,load-inproc,inproc-threads5,recheck,30000,69.928,156.303,Answered,"The coordinator, pid 78456, took 'recheck'."
14,2026-10-04T01:50:06.5574861Z,load-inproc,inproc-threads5,recheck,30000,24.204,76.722,Answered,"The coordinator, pid 78456, took 'recheck'."
15,2026-10-04T01:50:06.8367153Z,load-inproc,inproc-threads5,recheck,30000,26.459,50.422,Answered,"The coordinator, pid 78456, took 'recheck'."
16,2026-10-04T01:50:07.0808690Z,load-inproc,inproc-threads5,recheck,30000,25.174,34.375,Answered,"The coordinator, pid 78456, took 'recheck'."
17,2026-10-04T01:50:07.2949555Z,load-inproc,inproc-threads5,recheck,30000,1.826,2.201,Answered,"The coordinator, pid 78456, took 'recheck'."
18,2026-10-04T01:50:07.4975727Z,load-inproc,inproc-threads5,recheck,30000,0.779,0.888,Answered,"The coordinator, pid 78456, took 'recheck'."
19,2026-10-04T01:50:07.6995009Z,load-inproc,inproc-threads5,recheck,30000,0.782,0.890,Answered,"The coordinator, pid 78456, took 'recheck'."
20,2026-10-04T01:50:07.9012912Z,load-inproc,inproc-threads5,recheck,30000,0.693,0.802,Answered,"The coordinator, pid 78456, took 'recheck'."
21,2026-10-04T01:50:08.1038455Z,load-inproc,inproc-threads5,recheck,30000,0.720,0.823,Answered,"The coordinator, pid 78456, took 'recheck'."
22,2026-10-04T01:50:08.3049478Z,load-inproc,inproc-threads5,recheck,30000,0.630,0.736,Answered,"The coordinator, pid 78456, took 'recheck'."
23,2026-10-04T01:50:08.5068586Z,load-inproc,inproc-threads5,recheck,30000,0.649,0.733,Answered,"The coordinator, pid 78456, took 'recheck'."
24,2026-10-04T01:50:08.7084893Z,load-inproc,inproc-threads5,recheck,30000,0.636,0.767,Answered,"The coordinator, pid 78456, took 'recheck'."
25,2026-10-04T01:50:08.9098160Z,load-inproc,inproc-threads5,recheck,30000,0.679,0.773,Answered,"The coordinator, pid 78456, took 'recheck'."
26,2026-10-04T01:50:09.1108946Z,load-inproc,inproc-threads5,recheck,30000,0.692,0.792,Answered,"The coordinator, pid 78456, took 'recheck'."
27,2026-10-04T01:50:09.3125175Z,load-inproc,inproc-threads5,recheck,30000,0.580,0.671,Answered,"The coordinator, pid 78456, took 'recheck'."
28,2026-10-04T01:50:09.5149399Z,load-inproc,inproc-threads5,recheck,30000,0.575,0.653,Answered,"The coordinator, pid 78456, took 'recheck'."
29,2026-10-04T01:50:09.7157962Z,load-inproc,inproc-threads5,recheck,30000,0.569,0.673,Answered,"The coordinator, pid 78456, took 'recheck'."
30,2026-10-04T01:50:09.9219112Z,load-inproc,inproc-threads5,recheck,30000,0.731,0.838,Answered,"The coordinator, pid 78456, took 'recheck'."
31,2026-10-04T01:50:10.1236112Z,load-inproc,inproc-threads5,recheck,30000,0.783,0.927,Answered,"The coordinator, pid 78456, took 'recheck'."
32,2026-10-04T01:50:10.3248980Z,load-inproc,inproc-threads5,recheck,30000,0.675,0.777,Answered,"The coordinator, pid 78456, took 'recheck'."
33,2026-10-04T01:50:10.5269529Z,load-inproc,inproc-threads5,recheck,30000,1.010,1.116,Answered,"The coordinator, pid 78456, took 'recheck'."
34,2026-10-04T01:50:10.7286901Z,load-inproc,inproc-threads5,recheck,30000,0.768,0.866,Answered,"The coordinator, pid 78456, took 'recheck'."
35,2026-10-04T01:50:10.9330502Z,load-inproc,inproc-threads5,recheck,30000,0.771,0.872,Answered,"The coordinator, pid 78456, took 'recheck'."
36,2026-10-04T01:50:11.1347948Z,load-inproc,inproc-threads5,recheck,30000,0.529,0.637,Answered,"The coordinator, pid 78456, took 'recheck'."
37,2026-10-04T01:50:11.3357746Z,load-inproc,inproc-threads5,recheck,30000,0.546,0.635,Answered,"The coordinator, pid 78456, took 'recheck'."
38,2026-10-04T01:50:11.5369945Z,load-inproc,inproc-threads5,recheck,30000,0.615,0.753,Answered,"The coordinator, pid 78456, took 'recheck'."
39,2026-10-04T01:50:11.7387543Z,load-inproc,inproc-threads5,recheck,30000,0.537,0.618,Answered,"The coordinator, pid 78456, took 'recheck'."
40,2026-10-04T01:50:11.9404133Z,load-inproc,inproc-threads5,recheck,30000,0.534,0.711,Answered,"The coordinator, pid 78456, took 'recheck'."
41,2026-10-04T01:50:12.1424239Z,load-inproc,inproc-threads5,recheck,30000,0.546,0.625,Answered,"The coordinator, pid 78456, took 'recheck'."
42,2026-10-04T01:50:12.3434021Z,load-inproc,inproc-threads5,recheck,30000,0.538,0.613,Answered,"The coordinator, pid 78456, took 'recheck'."
43,2026-10-04T01:50:12.5550027Z,load-inproc,inproc-threads5,recheck,30000,0.618,0.712,Answered,"The coordinator, pid 78456, took 'recheck'."
44,2026-10-04T01:50:12.7558800Z,load-inproc,inproc-threads5,recheck,30000,0.550,0.624,Answered,"The coordinator, pid 78456, took 'recheck'."
45,2026-10-04T01:50:12.9578668Z,load-inproc,inproc-threads5,recheck,30000,0.654,0.988,Answered,"The coordinator, pid 78456, took 'recheck'."
46,2026-10-04T01:50:13.1586494Z,load-inproc,inproc-threads5,recheck,30000,0.493,0.562,Answered,"The coordinator, pid 78456, took 'recheck'."
47,2026-10-04T01:50:13.3598185Z,load-inproc,inproc-threads5,recheck,30000,0.570,0.653,Answered,"The coordinator, pid 78456, took 'recheck'."
48,2026-10-04T01:50:13.5622649Z,load-inproc,inproc-threads5,recheck,30000,0.448,0.524,Answered,"The coordinator, pid 78456, took 'recheck'."
49,2026-10-04T01:50:13.7632831Z,load-inproc,inproc-threads5,recheck,30000,0.512,0.598,Answered,"The coordinator, pid 78456, took 'recheck'."
50,2026-10-04T01:50:13.9640403Z,load-inproc,inproc-threads5,recheck,30000,0.444,0.505,Answered,"The coordinator, pid 78456, took 'recheck'."
51,2026-10-04T01:50:14.1655913Z,load-inproc,inproc-threads5,recheck,30000,0.925,1.002,Answered,"The coordinator, pid 78456, took 'recheck'."
52,2026-10-04T01:50:14.3665562Z,load-inproc,inproc-threads5,recheck,30000,0.506,0.577,Answered,"The coordinator, pid 78456, took 'recheck'."
53,2026-10-04T01:50:14.5674025Z,load-inproc,inproc-threads5,recheck,30000,0.505,0.578,Answered,"The coordinator, pid 78456, took 'recheck'."
54,2026-10-04T01:50:14.7690246Z,load-inproc,inproc-threads5,recheck,30000,0.524,0.600,Answered,"The coordinator, pid 78456, took 'recheck'."
55,2026-10-04T01:50:14.9702845Z,load-inproc,inproc-threads5,recheck,30000,0.497,0.568,Answered,"The coordinator, pid 78456, took 'recheck'."
56,2026-10-04T01:50:15.1797786Z,load-inproc,inproc-threads5,recheck,30000,0.619,0.713,Answered,"The coordinator, pid 78456, took 'recheck'."
57,2026-10-04T01:50:15.3818839Z,load-inproc,inproc-threads5,recheck,30000,0.534,0.621,Answered,"The coordinator, pid 78456, took 'recheck'."
58,2026-10-04T01:50:15.5827644Z,load-inproc,inproc-threads5,recheck,30000,0.513,0.588,Answered,"The coordinator, pid 78456, took 'recheck'."
59,2026-10-04T01:50:15.7837185Z,load-inproc,inproc-threads5,recheck,30000,0.622,0.713,Answered,"The coordinator, pid 78456, took 'recheck'."
60,2026-10-04T01:50:15.9848721Z,load-inproc,inproc-threads5,recheck,30000,0.484,0.554,Answered,"The coordinator, pid 78456, took 'recheck'."
61,2026-10-04T01:50:16.1865739Z,load-inproc,inproc-threads5,recheck,30000,0.531,0.637,Answered,"The coordinator, pid 78456, took 'recheck'."
62,2026-10-04T01:50:16.3881201Z,load-inproc,inproc-threads5,recheck,30000,0.890,0.952,Answered,"The coordinator, pid 78456, took 'recheck'."
63,2026-10-04T01:50:16.5893321Z,load-inproc,inproc-threads5,recheck,30000,0.444,0.515,Answered,"The coordinator, pid 78456, took 'recheck'."
64,2026-10-04T01:50:16.7962030Z,load-inproc,inproc-threads5,recheck,30000,0.560,0.652,Answered,"The coordinator, pid 78456, took 'recheck'."
65,2026-10-04T01:50:16.9983624Z,load-inproc,inproc-threads5,recheck,30000,0.491,0.569,Answered,"The coordinator, pid 78456, took 'recheck'."
66,2026-10-04T01:50:17.1997237Z,load-inproc,inproc-threads5,recheck,30000,0.613,0.697,Answered,"The coordinator, pid 78456, took 'recheck'."
67,2026-10-04T01:50:17.4133912Z,load-inproc,inproc-threads5,recheck,30000,0.797,0.871,Answered,"The coordinator, pid 78456, took 'recheck'."
68,2026-10-04T01:50:17.6142192Z,load-inproc,inproc-threads5,recheck,30000,0.502,0.581,Answered,"The coordinator, pid 78456, took 'recheck'."
69,2026-10-04T01:50:17.8160013Z,load-inproc,inproc-threads5,recheck,30000,0.605,0.679,Answered,"The coordinator, pid 78456, took 'recheck'."
70,2026-10-04T01:50:18.0172824Z,load-inproc,inproc-threads5,recheck,30000,0.589,0.661,Answered,"The coordinator, pid 78456, took 'recheck'."
71,2026-10-04T01:50:18.2183819Z,load-inproc,inproc-threads5,recheck,30000,0.582,0.669,Answered,"The coordinator, pid 78456, took 'recheck'."
72,2026-10-04T01:50:18.4200152Z,load-inproc,inproc-threads5,recheck,30000,1.202,1.320,Answered,"The coordinator, pid 78456, took 'recheck'."
73,2026-10-04T01:50:18.6208228Z,load-inproc,inproc-threads5,recheck,30000,0.419,0.475,Answered,"The coordinator, pid 78456, took 'recheck'."
74,2026-10-04T01:50:18.8216988Z,load-inproc,inproc-threads5,recheck,30000,0.567,0.664,Answered,"The coordinator, pid 78456, took 'recheck'."
75,2026-10-04T01:50:19.0296069Z,load-inproc,inproc-threads5,recheck,30000,0.885,0.952,Answered,"The coordinator, pid 78456, took 'recheck'."
76,2026-10-04T01:50:19.2307962Z,load-inproc,inproc-threads5,recheck,30000,0.518,0.585,Answered,"The coordinator, pid 78456, took 'recheck'."
77,2026-10-04T01:50:19.4316627Z,load-inproc,inproc-threads5,recheck,30000,0.505,0.575,Answered,"The coordinator, pid 78456, took 'recheck'."
78,2026-10-04T01:50:19.6495173Z,load-inproc,inproc-threads5,recheck,30000,1.044,3.779,Answered,"The coordinator, pid 78456, took 'recheck'."
79,2026-10-04T01:50:19.8518367Z,load-inproc,inproc-threads5,recheck,30000,0.515,0.579,Answered,"The coordinator, pid 78456, took 'recheck'."
80,2026-10-04T01:50:20.0530113Z,load-inproc,inproc-threads5,recheck,30000,0.477,0.549,Answered,"The coordinator, pid 78456, took 'recheck'."
81,2026-10-04T01:50:20.2619369Z,load-inproc,inproc-threads5,recheck,30000,0.506,0.585,Answered,"The coordinator, pid 78456, took 'recheck'."
82,2026-10-04T01:50:20.4638269Z,load-inproc,inproc-threads5,recheck,30000,0.509,0.583,Answered,"The coordinator, pid 78456, took 'recheck'."
83,2026-10-04T01:50:20.6658778Z,load-inproc,inproc-threads5,recheck,30000,0.565,0.637,Answered,"The coordinator, pid 78456, took 'recheck'."
84,2026-10-04T01:50:20.8670621Z,load-inproc,inproc-threads5,recheck,30000,0.406,0.469,Answered,"The coordinator, pid 78456, took 'recheck'."
85,2026-10-04T01:50:21.0681911Z,load-inproc,inproc-threads5,recheck,30000,0.471,0.545,Answered,"The coordinator, pid 78456, took 'recheck'."
86,2026-10-04T01:50:21.2807792Z,load-inproc,inproc-threads5,recheck,30000,10.622,10.845,Answered,"The coordinator, pid 78456, took 'recheck'."
87,2026-10-04T01:50:21.4821478Z,load-inproc,inproc-threads5,recheck,30000,0.513,0.590,Answered,"The coordinator, pid 78456, took 'recheck'."
88,2026-10-04T01:50:21.6832696Z,load-inproc,inproc-threads5,recheck,30000,0.474,0.528,Answered,"The coordinator, pid 78456, took 'recheck'."
89,2026-10-04T01:50:21.8900350Z,load-inproc,inproc-threads5,recheck,30000,0.498,0.569,Answered,"The coordinator, pid 78456, took 'recheck'."
90,2026-10-04T01:50:22.0914678Z,load-inproc,inproc-threads5,recheck,30000,0.629,0.720,Answered,"The coordinator, pid 78456, took 'recheck'."
91,2026-10-04T01:50:22.2931105Z,load-inproc,inproc-threads5,recheck,30000,0.635,0.709,Answered,"The coordinator, pid 78456, took 'recheck'."
92,2026-10-04T01:50:22.5068339Z,load-inproc,inproc-threads5,recheck,30000,0.721,0.779,Answered,"The coordinator, pid 78456, took 'recheck'."
93,2026-10-04T01:50:22.7080123Z,load-inproc,inproc-threads5,recheck,30000,0.682,0.752,Answered,"The coordinator, pid 78456, took 'recheck'."
94,2026-10-04T01:50:22.9097559Z,load-inproc,inproc-threads5,recheck,30000,0.553,0.632,Answered,"The coordinator, pid 78456, took 'recheck'."
95,2026-10-04T01:50:23.1241555Z,load-inproc,inproc-threads5,recheck,30000,0.912,1.020,Answered,"The coordinator, pid 78456, took 'recheck'."
96,2026-10-04T01:50:23.3255283Z,load-inproc,inproc-threads5,recheck,30000,0.585,0.663,Answered,"The coordinator, pid 78456, took 'recheck'."
97,2026-10-04T01:50:23.5273527Z,load-inproc,inproc-threads5,recheck,30000,0.681,0.751,Answered,"The coordinator, pid 78456, took 'recheck'."
98,2026-10-04T01:50:23.7426902Z,load-inproc,inproc-threads5,recheck,30000,0.695,0.784,Answered,"The coordinator, pid 78456, took 'recheck'."
99,2026-10-04T01:50:24.1112929Z,load-inproc,inproc-threads5,recheck,30000,29.320,119.129,Answered,"The coordinator, pid 78456, took 'recheck'."
100,2026-10-04T01:50:24.3171569Z,load-inproc,inproc-threads5,recheck,30000,5.135,5.557,Answered,"The coordinator, pid 78456, took 'recheck'."
101,2026-10-04T01:50:24.5202175Z,load-inproc,inproc-threads5,recheck,30000,1.496,1.728,Answered,"The coordinator, pid 78456, took 'recheck'."
102,2026-10-04T01:50:24.7218784Z,load-inproc,inproc-threads5,recheck,30000,0.943,1.001,Answered,"The coordinator, pid 78456, took 'recheck'."
103,2026-10-04T01:50:24.9262995Z,load-inproc,inproc-threads5,recheck,30000,1.435,1.546,Answered,"The coordinator, pid 78456, took 'recheck'."
104,2026-10-04T01:50:25.1277825Z,load-inproc,inproc-threads5,recheck,30000,0.809,0.973,Answered,"The coordinator, pid 78456, took 'recheck'."
105,2026-10-04T01:50:25.3291995Z,load-inproc,inproc-threads5,recheck,30000,0.638,0.712,Answered,"The coordinator, pid 78456, took 'recheck'."
106,2026-10-04T01:50:25.5302926Z,load-inproc,inproc-threads5,recheck,30000,0.679,0.767,Answered,"The coordinator, pid 78456, took 'recheck'."
107,2026-10-04T01:50:25.7415520Z,load-inproc,inproc-threads5,recheck,30000,0.618,0.700,Answered,"The coordinator, pid 78456, took 'recheck'."
108,2026-10-04T01:50:25.9680516Z,load-inproc,inproc-threads5,recheck,30000,0.807,2.783,Answered,"The coordinator, pid 78456, took 'recheck'."
109,2026-10-04T01:50:26.1689667Z,load-inproc,inproc-threads5,recheck,30000,0.430,0.486,Answered,"The coordinator, pid 78456, took 'recheck'."
110,2026-10-04T01:50:26.3702058Z,load-inproc,inproc-threads5,recheck,30000,0.658,0.728,Answered,"The coordinator, pid 78456, took 'recheck'."
111,2026-10-04T01:50:26.7014008Z,load-inproc,inproc-threads5,recheck,30000,56.593,74.919,Answered,"The coordinator, pid 78456, took 'recheck'."
112,2026-10-04T01:50:27.0566936Z,load-inproc,inproc-threads5,recheck,30000,91.285,129.840,Answered,"The coordinator, pid 78456, took 'recheck'."
113,2026-10-04T01:50:27.2927896Z,load-inproc,inproc-threads5,recheck,30000,17.549,17.634,Answered,"The coordinator, pid 78456, took 'recheck'."
114,2026-10-04T01:50:27.4935931Z,load-inproc,inproc-threads5,recheck,30000,0.461,0.515,Answered,"The coordinator, pid 78456, took 'recheck'."
115,2026-10-04T01:50:27.6945026Z,load-inproc,inproc-threads5,recheck,30000,0.483,0.550,Answered,"The coordinator, pid 78456, took 'recheck'."
116,2026-10-04T01:50:27.8971914Z,load-inproc,inproc-threads5,recheck,30000,1.320,1.526,Answered,"The coordinator, pid 78456, took 'recheck'."
117,2026-10-04T01:50:28.0984431Z,load-inproc,inproc-threads5,recheck,30000,0.702,0.778,Answered,"The coordinator, pid 78456, took 'recheck'."
118,2026-10-04T01:50:28.3001108Z,load-inproc,inproc-threads5,recheck,30000,0.657,0.781,Answered,"The coordinator, pid 78456, took 'recheck'."
119,2026-10-04T01:50:28.5026253Z,load-inproc,inproc-threads5,recheck,30000,0.578,0.655,Answered,"The coordinator, pid 78456, took 'recheck'."
120,2026-10-04T01:50:28.7072283Z,load-inproc,inproc-threads5,recheck,30000,0.667,0.746,Answered,"The coordinator, pid 78456, took 'recheck'."
121,2026-10-04T01:50:28.9087831Z,load-inproc,inproc-threads5,recheck,30000,0.576,0.643,Answered,"The coordinator, pid 78456, took 'recheck'."
122,2026-10-04T01:50:29.1108483Z,load-inproc,inproc-threads5,recheck,30000,0.549,0.607,Answered,"The coordinator, pid 78456, took 'recheck'."
123,2026-10-04T01:50:29.3117671Z,load-inproc,inproc-threads5,recheck,30000,0.486,0.536,Answered,"The coordinator, pid 78456, took 'recheck'."
124,2026-10-04T01:50:29.5126362Z,load-inproc,inproc-threads5,recheck,30000,0.412,0.462,Answered,"The coordinator, pid 78456, took 'recheck'."
125,2026-10-04T01:50:29.7163676Z,load-inproc,inproc-threads5,recheck,30000,0.479,0.541,Answered,"The coordinator, pid 78456, took 'recheck'."
126,2026-10-04T01:50:29.9177796Z,load-inproc,inproc-threads5,recheck,30000,0.785,0.880,Answered,"The coordinator, pid 78456, took 'recheck'."
127,2026-10-04T01:50:30.1195892Z,load-inproc,inproc-threads5,recheck,30000,0.477,0.547,Answered,"The coordinator, pid 78456, took 'recheck'."
128,2026-10-04T01:50:30.3208084Z,load-inproc,inproc-threads5,recheck,30000,0.505,0.574,Answered,"The coordinator, pid 78456, took 'recheck'."
129,2026-10-04T01:50:30.5229925Z,load-inproc,inproc-threads5,recheck,30000,0.504,0.602,Answered,"The coordinator, pid 78456, took 'recheck'."
130,2026-10-04T01:50:30.8931251Z,load-inproc,inproc-threads5,recheck,30000,18.481,71.570,Answered,"The coordinator, pid 78456, took 'recheck'."
131,2026-10-04T01:50:31.0977203Z,load-inproc,inproc-threads5,recheck,30000,0.580,1.860,Answered,"The coordinator, pid 78456, took 'recheck'."
132,2026-10-04T01:50:31.2986851Z,load-inproc,inproc-threads5,recheck,30000,0.507,0.575,Answered,"The coordinator, pid 78456, took 'recheck'."
133,2026-10-04T01:50:31.4997446Z,load-inproc,inproc-threads5,recheck,30000,0.628,0.691,Answered,"The coordinator, pid 78456, took 'recheck'."
134,2026-10-04T01:50:31.7101044Z,load-inproc,inproc-threads5,recheck,30000,0.517,0.578,Answered,"The coordinator, pid 78456, took 'recheck'."
135,2026-10-04T01:50:31.9122204Z,load-inproc,inproc-threads5,recheck,30000,0.414,0.476,Answered,"The coordinator, pid 78456, took 'recheck'."
136,2026-10-04T01:50:32.1136818Z,load-inproc,inproc-threads5,recheck,30000,0.454,0.511,Answered,"The coordinator, pid 78456, took 'recheck'."
137,2026-10-04T01:50:32.3282150Z,load-inproc,inproc-threads5,recheck,30000,0.451,0.520,Answered,"The coordinator, pid 78456, took 'recheck'."
138,2026-10-04T01:50:32.5290616Z,load-inproc,inproc-threads5,recheck,30000,0.417,0.474,Answered,"The coordinator, pid 78456, took 'recheck'."
139,2026-10-04T01:50:32.7307652Z,load-inproc,inproc-threads5,recheck,30000,0.395,0.449,Answered,"The coordinator, pid 78456, took 'recheck'."
140,2026-10-04T01:50:32.9328519Z,load-inproc,inproc-threads5,recheck,30000,0.699,0.773,Answered,"The coordinator, pid 78456, took 'recheck'."
141,2026-10-04T01:50:33.1336952Z,load-inproc,inproc-threads5,recheck,30000,0.449,0.517,Answered,"The coordinator, pid 78456, took 'recheck'."
142,2026-10-04T01:50:33.3347168Z,load-inproc,inproc-threads5,recheck,30000,0.566,0.628,Answered,"The coordinator, pid 78456, took 'recheck'."
143,2026-10-04T01:50:33.5360176Z,load-inproc,inproc-threads5,recheck,30000,0.510,0.581,Answered,"The coordinator, pid 78456, took 'recheck'."
144,2026-10-04T01:50:33.7371085Z,load-inproc,inproc-threads5,recheck,30000,0.432,0.492,Answered,"The coordinator, pid 78456, took 'recheck'."
145,2026-10-04T01:50:33.9526856Z,load-inproc,inproc-threads5,recheck,30000,0.528,0.591,Answered,"The coordinator, pid 78456, took 'recheck'."
146,2026-10-04T01:50:34.2177449Z,load-inproc,inproc-threads5,recheck,30000,24.361,27.867,Answered,"The coordinator, pid 78456, took 'recheck'."
147,2026-10-04T01:50:34.4187657Z,load-inproc,inproc-threads5,recheck,30000,0.420,0.480,Answered,"The coordinator, pid 78456, took 'recheck'."
148,2026-10-04T01:50:34.6195030Z,load-inproc,inproc-threads5,recheck,30000,0.407,0.467,Answered,"The coordinator, pid 78456, took 'recheck'."
149,2026-10-04T01:50:34.8280820Z,load-inproc,inproc-threads5,recheck,30000,0.951,1.057,Answered,"The coordinator, pid 78456, took 'recheck'."
150,2026-10-04T01:50:35.0291151Z,load-inproc,inproc-threads5,recheck,30000,0.452,0.512,Answered,"The coordinator, pid 78456, took 'recheck'."
151,2026-10-04T01:50:35.2309531Z,load-inproc,inproc-threads5,recheck,30000,0.461,0.527,Answered,"The coordinator, pid 78456, took 'recheck'."
152,2026-10-04T01:50:35.4328906Z,load-inproc,inproc-threads5,recheck,30000,0.599,0.699,Answered,"The coordinator, pid 78456, took 'recheck'."
153,2026-10-04T01:50:35.7374903Z,load-inproc,inproc-threads5,recheck,30000,17.890,77.315,Answered,"The coordinator, pid 78456, took 'recheck'."
154,2026-10-04T01:50:36.0478966Z,load-inproc,inproc-threads5,recheck,30000,73.522,99.469,Answered,"The coordinator, pid 78456, took 'recheck'."
155,2026-10-04T01:50:36.3319961Z,load-inproc,inproc-threads5,recheck,30000,15.371,77.057,Answered,"The coordinator, pid 78456, took 'recheck'."
156,2026-10-04T01:50:36.5609269Z,load-inproc,inproc-threads5,recheck,30000,6.494,24.043,Answered,"The coordinator, pid 78456, took 'recheck'."
157,2026-10-04T01:50:36.7789180Z,load-inproc,inproc-threads5,recheck,30000,12.430,14.872,Answered,"The coordinator, pid 78456, took 'recheck'."
158,2026-10-04T01:50:36.9804180Z,load-inproc,inproc-threads5,recheck,30000,0.584,0.660,Answered,"The coordinator, pid 78456, took 'recheck'."
159,2026-10-04T01:50:37.1881411Z,load-inproc,inproc-threads5,recheck,30000,0.414,0.476,Answered,"The coordinator, pid 78456, took 'recheck'."
160,2026-10-04T01:50:37.3897496Z,load-inproc,inproc-threads5,recheck,30000,0.428,0.490,Answered,"The coordinator, pid 78456, took 'recheck'."
161,2026-10-04T01:50:37.5913234Z,load-inproc,inproc-threads5,recheck,30000,0.645,0.736,Answered,"The coordinator, pid 78456, took 'recheck'."
162,2026-10-04T01:50:37.7929802Z,load-inproc,inproc-threads5,recheck,30000,0.566,0.642,Answered,"The coordinator, pid 78456, took 'recheck'."
163,2026-10-04T01:50:37.9946105Z,load-inproc,inproc-threads5,recheck,30000,0.472,0.531,Answered,"The coordinator, pid 78456, took 'recheck'."
164,2026-10-04T01:50:38.1963994Z,load-inproc,inproc-threads5,recheck,30000,0.647,0.733,Answered,"The coordinator, pid 78456, took 'recheck'."
165,2026-10-04T01:50:38.3974728Z,load-inproc,inproc-threads5,recheck,30000,0.468,0.536,Answered,"The coordinator, pid 78456, took 'recheck'."
166,2026-10-04T01:50:38.5995175Z,load-inproc,inproc-threads5,recheck,30000,0.453,0.508,Answered,"The coordinator, pid 78456, took 'recheck'."
167,2026-10-04T01:50:38.8078259Z,load-inproc,inproc-threads5,recheck,30000,0.545,0.618,Answered,"The coordinator, pid 78456, took 'recheck'."
168,2026-10-04T01:50:39.0091339Z,load-inproc,inproc-threads5,recheck,30000,0.555,0.694,Answered,"The coordinator, pid 78456, took 'recheck'."
169,2026-10-04T01:50:39.2114287Z,load-inproc,inproc-threads5,recheck,30000,1.000,1.073,Answered,"The coordinator, pid 78456, took 'recheck'."
170,2026-10-04T01:50:39.4121977Z,load-inproc,inproc-threads5,recheck,30000,0.482,0.557,Answered,"The coordinator, pid 78456, took 'recheck'."
171,2026-10-04T01:50:39.6131254Z,load-inproc,inproc-threads5,recheck,30000,0.486,0.557,Answered,"The coordinator, pid 78456, took 'recheck'."
172,2026-10-04T01:50:39.8148063Z,load-inproc,inproc-threads5,recheck,30000,0.453,0.527,Answered,"The coordinator, pid 78456, took 'recheck'."
173,2026-10-04T01:50:40.0158072Z,load-inproc,inproc-threads5,recheck,30000,0.547,0.643,Answered,"The coordinator, pid 78456, took 'recheck'."
174,2026-10-04T01:50:40.2180390Z,load-inproc,inproc-threads5,recheck,30000,0.492,0.575,Answered,"The coordinator, pid 78456, took 'recheck'."
175,2026-10-04T01:50:40.4303604Z,load-inproc,inproc-threads5,recheck,30000,0.524,0.659,Answered,"The coordinator, pid 78456, took 'recheck'."
176,2026-10-04T01:50:40.6702474Z,load-inproc,inproc-threads5,recheck,30000,1.285,9.952,Answered,"The coordinator, pid 78456, took 'recheck'."
177,2026-10-04T01:50:40.8724256Z,load-inproc,inproc-threads5,recheck,30000,0.644,0.721,Answered,"The coordinator, pid 78456, took 'recheck'."
178,2026-10-04T01:50:41.0735334Z,load-inproc,inproc-threads5,recheck,30000,0.661,0.795,Answered,"The coordinator, pid 78456, took 'recheck'."
179,2026-10-04T01:50:41.2745401Z,load-inproc,inproc-threads5,recheck,30000,0.490,0.570,Answered,"The coordinator, pid 78456, took 'recheck'."
180,2026-10-04T01:50:41.4754083Z,load-inproc,inproc-threads5,recheck,30000,0.487,0.557,Answered,"The coordinator, pid 78456, took 'recheck'."
181,2026-10-04T01:50:41.6768213Z,load-inproc,inproc-threads5,recheck,30000,0.735,0.803,Answered,"The coordinator, pid 78456, took 'recheck'."
182,2026-10-04T01:50:41.8782807Z,load-inproc,inproc-threads5,recheck,30000,0.629,0.692,Answered,"The coordinator, pid 78456, took 'recheck'."
183,2026-10-04T01:50:42.0792700Z,load-inproc,inproc-threads5,recheck,30000,0.469,0.538,Answered,"The coordinator, pid 78456, took 'recheck'."
184,2026-10-04T01:50:42.2803981Z,load-inproc,inproc-threads5,recheck,30000,0.534,0.602,Answered,"The coordinator, pid 78456, took 'recheck'."
185,2026-10-04T01:50:42.4816037Z,load-inproc,inproc-threads5,recheck,30000,0.477,0.577,Answered,"The coordinator, pid 78456, took 'recheck'."
186,2026-10-04T01:50:42.7501007Z,load-inproc,inproc-threads5,recheck,30000,5.722,37.887,Answered,"The coordinator, pid 78456, took 'recheck'."
187,2026-10-04T01:50:42.9891975Z,load-inproc,inproc-threads5,recheck,30000,1.061,1.137,Answered,"The coordinator, pid 78456, took 'recheck'."
188,2026-10-04T01:50:43.2806608Z,load-inproc,inproc-threads5,recheck,30000,29.474,30.354,Answered,"The coordinator, pid 78456, took 'recheck'."
189,2026-10-04T01:50:43.5707039Z,load-inproc,inproc-threads5,recheck,30000,0.770,17.449,Answered,"The coordinator, pid 78456, took 'recheck'."
190,2026-10-04T01:50:43.7935704Z,load-inproc,inproc-threads5,recheck,30000,7.436,7.665,Answered,"The coordinator, pid 78456, took 'recheck'."
191,2026-10-04T01:50:43.9952798Z,load-inproc,inproc-threads5,recheck,30000,0.565,0.655,Answered,"The coordinator, pid 78456, took 'recheck'."
192,2026-10-04T01:50:44.1973778Z,load-inproc,inproc-threads5,recheck,30000,0.509,0.578,Answered,"The coordinator, pid 78456, took 'recheck'."
193,2026-10-04T01:50:44.4067986Z,load-inproc,inproc-threads5,recheck,30000,0.538,0.628,Answered,"The coordinator, pid 78456, took 'recheck'."
194,2026-10-04T01:50:44.6077526Z,load-inproc,inproc-threads5,recheck,30000,0.424,0.479,Answered,"The coordinator, pid 78456, took 'recheck'."
195,2026-10-04T01:50:44.8091063Z,load-inproc,inproc-threads5,recheck,30000,0.380,0.435,Answered,"The coordinator, pid 78456, took 'recheck'."
196,2026-10-04T01:50:45.0122492Z,load-inproc,inproc-threads5,recheck,30000,0.508,0.595,Answered,"The coordinator, pid 78456, took 'recheck'."
197,2026-10-04T01:50:45.2134922Z,load-inproc,inproc-threads5,recheck,30000,0.409,0.458,Answered,"The coordinator, pid 78456, took 'recheck'."
198,2026-10-04T01:50:45.4152810Z,load-inproc,inproc-threads5,recheck,30000,0.554,0.616,Answered,"The coordinator, pid 78456, took 'recheck'."
199,2026-10-04T01:50:45.6174013Z,load-inproc,inproc-threads5,recheck,30000,0.453,0.515,Answered,"The coordinator, pid 78456, took 'recheck'."
200,2026-10-04T01:50:45.8182318Z,load-inproc,inproc-threads5,recheck,30000,0.418,0.470,Answered,"The coordinator, pid 78456, took 'recheck'."
201,2026-10-04T01:50:46.1340346Z,load-inproc,inproc-threads5,recheck,30000,20.103,82.865,Answered,"The coordinator, pid 78456, took 'recheck'."
202,2026-10-04T01:50:46.3351499Z,load-inproc,inproc-threads5,recheck,30000,0.523,0.590,Answered,"The coordinator, pid 78456, took 'recheck'."
203,2026-10-04T01:50:46.5368969Z,load-inproc,inproc-threads5,recheck,30000,0.467,0.528,Answered,"The coordinator, pid 78456, took 'recheck'."
204,2026-10-04T01:50:46.7378800Z,load-inproc,inproc-threads5,recheck,30000,0.388,0.445,Answered,"The coordinator, pid 78456, took 'recheck'."
205,2026-10-04T01:50:46.9388427Z,load-inproc,inproc-threads5,recheck,30000,0.635,0.731,Answered,"The coordinator, pid 78456, took 'recheck'."
206,2026-10-04T01:50:47.1489493Z,load-inproc,inproc-threads5,recheck,30000,0.633,0.700,Answered,"The coordinator, pid 78456, took 'recheck'."
207,2026-10-04T01:50:47.3500279Z,load-inproc,inproc-threads5,recheck,30000,0.480,0.564,Answered,"The coordinator, pid 78456, took 'recheck'."
208,2026-10-04T01:50:47.5517836Z,load-inproc,inproc-threads5,recheck,30000,0.421,0.480,Answered,"The coordinator, pid 78456, took 'recheck'."
209,2026-10-04T01:50:47.7526261Z,load-inproc,inproc-threads5,recheck,30000,0.474,0.532,Answered,"The coordinator, pid 78456, took 'recheck'."
210,2026-10-04T01:50:47.9535549Z,load-inproc,inproc-threads5,recheck,30000,0.380,0.430,Answered,"The coordinator, pid 78456, took 'recheck'."
211,2026-10-04T01:50:48.1543214Z,load-inproc,inproc-threads5,recheck,30000,0.454,0.521,Answered,"The coordinator, pid 78456, took 'recheck'."
212,2026-10-04T01:50:48.3555075Z,load-inproc,inproc-threads5,recheck,30000,0.435,0.487,Answered,"The coordinator, pid 78456, took 'recheck'."
213,2026-10-04T01:50:48.5573479Z,load-inproc,inproc-threads5,recheck,30000,0.449,0.506,Answered,"The coordinator, pid 78456, took 'recheck'."
214,2026-10-04T01:50:48.7718935Z,load-inproc,inproc-threads5,recheck,30000,0.415,0.503,Answered,"The coordinator, pid 78456, took 'recheck'."
215,2026-10-04T01:50:48.9727043Z,load-inproc,inproc-threads5,recheck,30000,0.448,0.508,Answered,"The coordinator, pid 78456, took 'recheck'."
216,2026-10-04T01:50:49.1736549Z,load-inproc,inproc-threads5,recheck,30000,0.492,0.553,Answered,"The coordinator, pid 78456, took 'recheck'."
217,2026-10-04T01:50:49.3748523Z,load-inproc,inproc-threads5,recheck,30000,0.531,0.594,Answered,"The coordinator, pid 78456, took 'recheck'."
218,2026-10-04T01:50:49.5764687Z,load-inproc,inproc-threads5,recheck,30000,0.384,0.453,Answered,"The coordinator, pid 78456, took 'recheck'."
219,2026-10-04T01:50:49.7774345Z,load-inproc,inproc-threads5,recheck,30000,0.388,0.446,Answered,"The coordinator, pid 78456, took 'recheck'."
220,2026-10-04T01:50:49.9784712Z,load-inproc,inproc-threads5,recheck,30000,0.483,0.545,Answered,"The coordinator, pid 78456, took 'recheck'."
221,2026-10-04T01:50:50.1800904Z,load-inproc,inproc-threads5,recheck,30000,0.639,0.718,Answered,"The coordinator, pid 78456, took 'recheck'."
222,2026-10-04T01:50:50.4412543Z,load-inproc,inproc-threads5,recheck,30000,15.100,41.813,Answered,"The coordinator, pid 78456, took 'recheck'."
223,2026-10-04T01:50:50.7109186Z,load-inproc,inproc-threads5,recheck,30000,35.855,55.640,Answered,"The coordinator, pid 78456, took 'recheck'."
224,2026-10-04T01:50:50.9134716Z,load-inproc,inproc-threads5,recheck,30000,1.197,1.256,Answered,"The coordinator, pid 78456, took 'recheck'."
225,2026-10-04T01:50:51.1145086Z,load-inproc,inproc-threads5,recheck,30000,0.392,0.449,Answered,"The coordinator, pid 78456, took 'recheck'."
226,2026-10-04T01:50:51.3152958Z,load-inproc,inproc-threads5,recheck,30000,0.525,0.590,Answered,"The coordinator, pid 78456, took 'recheck'."
227,2026-10-04T01:50:51.5162998Z,load-inproc,inproc-threads5,recheck,30000,0.415,0.469,Answered,"The coordinator, pid 78456, took 'recheck'."
228,2026-10-04T01:50:51.7177597Z,load-inproc,inproc-threads5,recheck,30000,0.394,0.453,Answered,"The coordinator, pid 78456, took 'recheck'."
229,2026-10-04T01:50:51.9185322Z,load-inproc,inproc-threads5,recheck,30000,0.477,0.536,Answered,"The coordinator, pid 78456, took 'recheck'."
230,2026-10-04T01:50:52.1305765Z,load-inproc,inproc-threads5,recheck,30000,0.481,0.557,Answered,"The coordinator, pid 78456, took 'recheck'."
231,2026-10-04T01:50:52.3325948Z,load-inproc,inproc-threads5,recheck,30000,0.510,0.594,Answered,"The coordinator, pid 78456, took 'recheck'."
232,2026-10-04T01:50:52.5334733Z,load-inproc,inproc-threads5,recheck,30000,0.412,0.468,Answered,"The coordinator, pid 78456, took 'recheck'."
233,2026-10-04T01:50:52.7348635Z,load-inproc,inproc-threads5,recheck,30000,0.419,0.481,Answered,"The coordinator, pid 78456, took 'recheck'."
234,2026-10-04T01:50:52.9370294Z,load-inproc,inproc-threads5,recheck,30000,0.466,0.530,Answered,"The coordinator, pid 78456, took 'recheck'."
235,2026-10-04T01:50:53.1379372Z,load-inproc,inproc-threads5,recheck,30000,0.419,0.486,Answered,"The coordinator, pid 78456, took 'recheck'."
236,2026-10-04T01:50:53.3387170Z,load-inproc,inproc-threads5,recheck,30000,0.431,0.490,Answered,"The coordinator, pid 78456, took 'recheck'."
237,2026-10-04T01:50:53.5396619Z,load-inproc,inproc-threads5,recheck,30000,0.411,0.469,Answered,"The coordinator, pid 78456, took 'recheck'."
238,2026-10-04T01:50:53.7496351Z,load-inproc,inproc-threads5,recheck,30000,0.518,0.597,Answered,"The coordinator, pid 78456, took 'recheck'."
239,2026-10-04T01:50:53.9511836Z,load-inproc,inproc-threads5,recheck,30000,0.485,0.578,Answered,"The coordinator, pid 78456, took 'recheck'."
240,2026-10-04T01:50:54.1520255Z,load-inproc,inproc-threads5,recheck,30000,0.466,0.534,Answered,"The coordinator, pid 78456, took 'recheck'."
241,2026-10-04T01:50:54.3675118Z,load-inproc,inproc-threads5,recheck,30000,0.668,0.740,Answered,"The coordinator, pid 78456, took 'recheck'."
242,2026-10-04T01:50:54.5684222Z,load-inproc,inproc-threads5,recheck,30000,0.477,0.533,Answered,"The coordinator, pid 78456, took 'recheck'."
243,2026-10-04T01:50:54.7696235Z,load-inproc,inproc-threads5,recheck,30000,0.464,0.520,Answered,"The coordinator, pid 78456, took 'recheck'."
244,2026-10-04T01:50:54.9745230Z,load-inproc,inproc-threads5,recheck,30000,0.555,1.531,Answered,"The coordinator, pid 78456, took 'recheck'."
245,2026-10-04T01:50:55.1755323Z,load-inproc,inproc-threads5,recheck,30000,0.376,0.440,Answered,"The coordinator, pid 78456, took 'recheck'."
246,2026-10-04T01:50:55.3769592Z,load-inproc,inproc-threads5,recheck,30000,0.458,0.526,Answered,"The coordinator, pid 78456, took 'recheck'."
247,2026-10-04T01:50:55.5779640Z,load-inproc,inproc-threads5,recheck,30000,0.467,0.517,Answered,"The coordinator, pid 78456, took 'recheck'."
248,2026-10-04T01:50:55.7788853Z,load-inproc,inproc-threads5,recheck,30000,0.476,0.544,Answered,"The coordinator, pid 78456, took 'recheck'."
249,2026-10-04T01:50:55.9918196Z,load-inproc,inproc-threads5,recheck,30000,0.519,0.620,Answered,"The coordinator, pid 78456, took 'recheck'."
250,2026-10-04T01:50:56.1929711Z,load-inproc,inproc-threads5,recheck,30000,0.422,0.480,Answered,"The coordinator, pid 78456, took 'recheck'."
251,2026-10-04T01:50:56.3938661Z,load-inproc,inproc-threads5,recheck,30000,0.401,0.461,Answered,"The coordinator, pid 78456, took 'recheck'."
252,2026-10-04T01:50:56.5951682Z,load-inproc,inproc-threads5,recheck,30000,0.891,0.953,Answered,"The coordinator, pid 78456, took 'recheck'."
253,2026-10-04T01:50:56.7970766Z,load-inproc,inproc-threads5,recheck,30000,0.398,0.454,Answered,"The coordinator, pid 78456, took 'recheck'."
254,2026-10-04T01:50:56.9983221Z,load-inproc,inproc-threads5,recheck,30000,0.416,0.497,Answered,"The coordinator, pid 78456, took 'recheck'."
255,2026-10-04T01:50:57.1995633Z,load-inproc,inproc-threads5,recheck,30000,0.587,0.658,Answered,"The coordinator, pid 78456, took 'recheck'."
256,2026-10-04T01:50:57.4005775Z,load-inproc,inproc-threads5,recheck,30000,0.416,0.488,Answered,"The coordinator, pid 78456, took 'recheck'."
257,2026-10-04T01:50:57.6015122Z,load-inproc,inproc-threads5,recheck,30000,0.523,0.598,Answered,"The coordinator, pid 78456, took 'recheck'."
258,2026-10-04T01:50:57.8710958Z,load-inproc,inproc-threads5,recheck,30000,41.553,57.475,Answered,"The coordinator, pid 78456, took 'recheck'."
259,2026-10-04T01:50:58.1175161Z,load-inproc,inproc-threads5,recheck,30000,8.187,29.185,Answered,"The coordinator, pid 78456, took 'recheck'."
260,2026-10-04T01:50:58.3194274Z,load-inproc,inproc-threads5,recheck,30000,0.993,1.290,Answered,"The coordinator, pid 78456, took 'recheck'."
261,2026-10-04T01:51:02.7278210Z,load-inproc,inproc-threads5,recheck,30000,20.558,24.636,Answered,"The coordinator, pid 78456, took 'recheck'."
262,2026-10-04T01:51:02.9290753Z,load-inproc,inproc-threads5,recheck,30000,0.499,0.945,Answered,"The coordinator, pid 78456, took 'recheck'."
263,2026-10-04T01:51:03.1299724Z,load-inproc,inproc-threads5,recheck,30000,0.590,0.694,Answered,"The coordinator, pid 78456, took 'recheck'."
264,2026-10-04T01:51:03.3314377Z,load-inproc,inproc-threads5,recheck,30000,0.559,0.924,Answered,"The coordinator, pid 78456, took 'recheck'."
265,2026-10-04T01:51:03.5323554Z,load-inproc,inproc-threads5,recheck,30000,0.432,0.498,Answered,"The coordinator, pid 78456, took 'recheck'."
266,2026-10-04T01:51:03.7335391Z,load-inproc,inproc-threads5,recheck,30000,0.465,0.527,Answered,"The coordinator, pid 78456, took 'recheck'."
267,2026-10-04T01:51:03.9344871Z,load-inproc,inproc-threads5,recheck,30000,0.562,0.630,Answered,"The coordinator, pid 78456, took 'recheck'."
268,2026-10-04T01:51:04.1354866Z,load-inproc,inproc-threads5,recheck,30000,0.500,0.569,Answered,"The coordinator, pid 78456, took 'recheck'."
269,2026-10-04T01:51:04.3365853Z,load-inproc,inproc-threads5,recheck,30000,0.580,0.669,Answered,"The coordinator, pid 78456, took 'recheck'."
270,2026-10-04T01:51:04.5379246Z,load-inproc,inproc-threads5,recheck,30000,0.493,0.575,Answered,"The coordinator, pid 78456, took 'recheck'."
271,2026-10-04T01:51:04.7387803Z,load-inproc,inproc-threads5,recheck,30000,0.482,0.563,Answered,"The coordinator, pid 78456, took 'recheck'."
272,2026-10-04T01:51:04.9481016Z,load-inproc,inproc-threads5,recheck,30000,0.546,0.697,Answered,"The coordinator, pid 78456, took 'recheck'."
273,2026-10-04T01:51:05.1490499Z,load-inproc,inproc-threads5,recheck,30000,0.525,0.608,Answered,"The coordinator, pid 78456, took 'recheck'."
274,2026-10-04T01:51:05.3499089Z,load-inproc,inproc-threads5,recheck,30000,0.549,0.626,Answered,"The coordinator, pid 78456, took 'recheck'."
275,2026-10-04T01:51:05.5600319Z,load-inproc,inproc-threads5,recheck,30000,0.503,0.580,Answered,"The coordinator, pid 78456, took 'recheck'."
276,2026-10-04T01:51:05.7613832Z,load-inproc,inproc-threads5,recheck,30000,0.526,0.593,Answered,"The coordinator, pid 78456, took 'recheck'."
277,2026-10-04T01:51:05.9624763Z,load-inproc,inproc-threads5,recheck,30000,0.474,0.535,Answered,"The coordinator, pid 78456, took 'recheck'."
278,2026-10-04T01:51:06.1694619Z,load-inproc,inproc-threads5,recheck,30000,0.611,0.700,Answered,"The coordinator, pid 78456, took 'recheck'."
279,2026-10-04T01:51:06.3704278Z,load-inproc,inproc-threads5,recheck,30000,0.402,0.452,Answered,"The coordinator, pid 78456, took 'recheck'."
280,2026-10-04T01:51:06.5717134Z,load-inproc,inproc-threads5,recheck,30000,0.496,0.562,Answered,"The coordinator, pid 78456, took 'recheck'."
281,2026-10-04T01:51:06.7807554Z,load-inproc,inproc-threads5,recheck,30000,0.726,0.976,Answered,"The coordinator, pid 78456, took 'recheck'."
282,2026-10-04T01:51:06.9833503Z,load-inproc,inproc-threads5,recheck,30000,0.498,0.562,Answered,"The coordinator, pid 78456, took 'recheck'."
283,2026-10-04T01:51:07.1853956Z,load-inproc,inproc-threads5,recheck,30000,0.371,0.419,Answered,"The coordinator, pid 78456, took 'recheck'."
284,2026-10-04T01:51:07.3863324Z,load-inproc,inproc-threads5,recheck,30000,0.365,0.411,Answered,"The coordinator, pid 78456, took 'recheck'."
285,2026-10-04T01:51:07.5880224Z,load-inproc,inproc-threads5,recheck,30000,0.454,0.517,Answered,"The coordinator, pid 78456, took 'recheck'."
286,2026-10-04T01:51:07.7898380Z,load-inproc,inproc-threads5,recheck,30000,0.846,0.927,Answered,"The coordinator, pid 78456, took 'recheck'."
287,2026-10-04T01:51:08.0013055Z,load-inproc,inproc-threads5,recheck,30000,0.830,11.125,Answered,"The coordinator, pid 78456, took 'recheck'."
288,2026-10-04T01:51:08.2023576Z,load-inproc,inproc-threads5,recheck,30000,0.538,0.598,Answered,"The coordinator, pid 78456, took 'recheck'."
289,2026-10-04T01:51:09.2244955Z,load-inproc,inproc-threads5,recheck,30000,2.464,2.839,Answered,"The coordinator, pid 78456, took 'recheck'."
290,2026-10-04T01:51:09.4280129Z,load-inproc,inproc-threads5,recheck,30000,1.883,2.473,Answered,"The coordinator, pid 78456, took 'recheck'."
291,2026-10-04T01:51:09.6304802Z,load-inproc,inproc-threads5,recheck,30000,1.426,1.509,Answered,"The coordinator, pid 78456, took 'recheck'."
292,2026-10-04T01:51:09.8328788Z,load-inproc,inproc-threads5,recheck,30000,0.819,0.958,Answered,"The coordinator, pid 78456, took 'recheck'."
293,2026-10-04T01:51:10.0355637Z,load-inproc,inproc-threads5,recheck,30000,0.684,0.754,Answered,"The coordinator, pid 78456, took 'recheck'."
294,2026-10-04T01:51:10.2373024Z,load-inproc,inproc-threads5,recheck,30000,0.514,0.577,Answered,"The coordinator, pid 78456, took 'recheck'."
295,2026-10-04T01:51:10.4383652Z,load-inproc,inproc-threads5,recheck,30000,0.786,0.853,Answered,"The coordinator, pid 78456, took 'recheck'."
296,2026-10-04T01:51:10.6397758Z,load-inproc,inproc-threads5,recheck,30000,0.658,0.768,Answered,"The coordinator, pid 78456, took 'recheck'."
297,2026-10-04T01:51:10.8419506Z,load-inproc,inproc-threads5,recheck,30000,0.663,0.785,Answered,"The coordinator, pid 78456, took 'recheck'."
298,2026-10-04T01:51:11.0430695Z,load-inproc,inproc-threads5,recheck,30000,0.498,0.568,Answered,"The coordinator, pid 78456, took 'recheck'."
299,2026-10-04T01:51:11.2441178Z,load-inproc,inproc-threads5,recheck,30000,0.443,0.500,Answered,"The coordinator, pid 78456, took 'recheck'."
300,2026-10-04T01:51:11.4454897Z,load-inproc,inproc-threads5,recheck,30000,0.573,0.641,Answered,"The coordinator, pid 78456, took 'recheck'."
301,2026-10-04T01:51:11.6465326Z,load-inproc,inproc-threads5,recheck,30000,0.503,0.569,Answered,"The coordinator, pid 78456, took 'recheck'."
302,2026-10-04T01:51:11.8617054Z,load-inproc,inproc-threads5,recheck,30000,9.334,11.950,Answered,"The coordinator, pid 78456, took 'recheck'."
303,2026-10-04T01:51:12.2573127Z,load-inproc,inproc-threads5,recheck,30000,0.640,0.723,Answered,"The coordinator, pid 78456, took 'recheck'."
304,2026-10-04T01:51:12.4644751Z,load-inproc,inproc-threads5,recheck,30000,2.267,5.562,Answered,"The coordinator, pid 78456, took 'recheck'."
305,2026-10-04T01:51:12.6684421Z,load-inproc,inproc-threads5,recheck,30000,1.052,1.755,Answered,"The coordinator, pid 78456, took 'recheck'."
306,2026-10-04T01:51:12.9078206Z,load-inproc,inproc-threads5,recheck,30000,7.415,8.708,Answered,"The coordinator, pid 78456, took 'recheck'."
307,2026-10-04T01:51:13.1552331Z,load-inproc,inproc-threads5,recheck,30000,0.721,18.662,Answered,"The coordinator, pid 78456, took 'recheck'."
308,2026-10-04T01:51:13.3744124Z,load-inproc,inproc-threads5,recheck,30000,0.480,0.545,Answered,"The coordinator, pid 78456, took 'recheck'."
309,2026-10-04T01:51:15.1535711Z,load-inproc,inproc-threads5,recheck,30000,10.976,56.128,Answered,"The coordinator, pid 78456, took 'recheck'."
310,2026-10-04T01:51:15.3956324Z,load-inproc,inproc-threads5,recheck,30000,14.346,34.061,Answered,"The coordinator, pid 78456, took 'recheck'."
311,2026-10-04T01:51:15.6341848Z,load-inproc,inproc-threads5,recheck,30000,2.850,3.080,Answered,"The coordinator, pid 78456, took 'recheck'."
312,2026-10-04T01:51:15.8772787Z,load-inproc,inproc-threads5,recheck,30000,0.568,4.065,Answered,"The coordinator, pid 78456, took 'recheck'."
313,2026-10-04T01:51:16.1014627Z,load-inproc,inproc-threads5,recheck,30000,0.709,10.708,Answered,"The coordinator, pid 78456, took 'recheck'."
314,2026-10-04T01:51:16.3422792Z,load-inproc,inproc-threads5,recheck,30000,1.915,7.306,Answered,"The coordinator, pid 78456, took 'recheck'."
315,2026-10-04T01:51:16.5452711Z,load-inproc,inproc-threads5,recheck,30000,1.231,1.840,Answered,"The coordinator, pid 78456, took 'recheck'."
316,2026-10-04T01:51:16.7555148Z,load-inproc,inproc-threads5,recheck,30000,4.437,5.274,Answered,"The coordinator, pid 78456, took 'recheck'."
317,2026-10-04T01:51:16.9605515Z,load-inproc,inproc-threads5,recheck,30000,2.257,2.802,Answered,"The coordinator, pid 78456, took 'recheck'."
318,2026-10-04T01:51:17.1683433Z,load-inproc,inproc-threads5,recheck,30000,6.101,6.304,Answered,"The coordinator, pid 78456, took 'recheck'."
319,2026-10-04T01:51:17.3785337Z,load-inproc,inproc-threads5,recheck,30000,3.336,5.258,Answered,"The coordinator, pid 78456, took 'recheck'."
320,2026-10-04T01:51:17.6015875Z,load-inproc,inproc-threads5,recheck,30000,7.817,16.998,Answered,"The coordinator, pid 78456, took 'recheck'."
321,2026-10-04T01:51:17.8105830Z,load-inproc,inproc-threads5,recheck,30000,1.301,2.348,Answered,"The coordinator, pid 78456, took 'recheck'."
322,2026-10-04T01:51:18.0348079Z,load-inproc,inproc-threads5,recheck,30000,6.216,7.247,Answered,"The coordinator, pid 78456, took 'recheck'."
323,2026-10-04T01:51:18.2485204Z,load-inproc,inproc-threads5,recheck,30000,1.502,9.176,Answered,"The coordinator, pid 78456, took 'recheck'."
324,2026-10-04T01:51:18.5500039Z,load-inproc,inproc-threads5,recheck,30000,18.148,49.386,Answered,"The coordinator, pid 78456, took 'recheck'."
325,2026-10-04T01:51:18.7540263Z,load-inproc,inproc-threads5,recheck,30000,1.329,1.538,Answered,"The coordinator, pid 78456, took 'recheck'."
326,2026-10-04T01:51:18.9582112Z,load-inproc,inproc-threads5,recheck,30000,0.693,0.924,Answered,"The coordinator, pid 78456, took 'recheck'."
327,2026-10-04T01:51:19.1620831Z,load-inproc,inproc-threads5,recheck,30000,2.551,2.631,Answered,"The coordinator, pid 78456, took 'recheck'."
328,2026-10-04T01:51:19.3646722Z,load-inproc,inproc-threads5,recheck,30000,1.955,2.019,Answered,"The coordinator, pid 78456, took 'recheck'."
329,2026-10-04T01:51:19.5777542Z,load-inproc,inproc-threads5,recheck,30000,0.705,0.904,Answered,"The coordinator, pid 78456, took 'recheck'."
330,2026-10-04T01:51:19.7795092Z,load-inproc,inproc-threads5,recheck,30000,0.620,0.715,Answered,"The coordinator, pid 78456, took 'recheck'."
331,2026-10-04T01:51:19.9805044Z,load-inproc,inproc-threads5,recheck,30000,0.640,0.715,Answered,"The coordinator, pid 78456, took 'recheck'."
332,2026-10-04T01:51:20.1928217Z,load-inproc,inproc-threads5,recheck,30000,0.599,0.750,Answered,"The coordinator, pid 78456, took 'recheck'."
333,2026-10-04T01:51:20.3941248Z,load-inproc,inproc-threads5,recheck,30000,0.873,0.974,Answered,"The coordinator, pid 78456, took 'recheck'."
334,2026-10-04T01:51:20.6023152Z,load-inproc,inproc-threads5,recheck,30000,1.917,6.685,Answered,"The coordinator, pid 78456, took 'recheck'."
335,2026-10-04T01:51:20.8134057Z,load-inproc,inproc-threads5,recheck,30000,0.674,0.757,Answered,"The coordinator, pid 78456, took 'recheck'."
336,2026-10-04T01:51:21.0164364Z,load-inproc,inproc-threads5,recheck,30000,0.830,0.927,Answered,"The coordinator, pid 78456, took 'recheck'."
337,2026-10-04T01:51:21.2181997Z,load-inproc,inproc-threads5,recheck,30000,0.660,0.747,Answered,"The coordinator, pid 78456, took 'recheck'."
338,2026-10-04T01:51:21.4328868Z,load-inproc,inproc-threads5,recheck,30000,0.704,0.774,Answered,"The coordinator, pid 78456, took 'recheck'."
339,2026-10-04T01:51:21.6343257Z,load-inproc,inproc-threads5,recheck,30000,0.735,0.817,Answered,"The coordinator, pid 78456, took 'recheck'."
340,2026-10-04T01:51:21.8351147Z,load-inproc,inproc-threads5,recheck,30000,0.435,0.501,Answered,"The coordinator, pid 78456, took 'recheck'."
341,2026-10-04T01:51:22.0358977Z,load-inproc,inproc-threads5,recheck,30000,0.496,0.567,Answered,"The coordinator, pid 78456, took 'recheck'."
342,2026-10-04T01:51:22.2371110Z,load-inproc,inproc-threads5,recheck,30000,0.605,0.678,Answered,"The coordinator, pid 78456, took 'recheck'."
343,2026-10-04T01:51:22.4393514Z,load-inproc,inproc-threads5,recheck,30000,0.654,0.808,Answered,"The coordinator, pid 78456, took 'recheck'."
344,2026-10-04T01:51:22.6402552Z,load-inproc,inproc-threads5,recheck,30000,0.523,0.587,Answered,"The coordinator, pid 78456, took 'recheck'."
345,2026-10-04T01:51:22.8416102Z,load-inproc,inproc-threads5,recheck,30000,0.491,0.576,Answered,"The coordinator, pid 78456, took 'recheck'."
346,2026-10-04T01:51:23.0506722Z,load-inproc,inproc-threads5,recheck,30000,0.664,0.892,Answered,"The coordinator, pid 78456, took 'recheck'."
347,2026-10-04T01:51:23.2516970Z,load-inproc,inproc-threads5,recheck,30000,0.619,0.701,Answered,"The coordinator, pid 78456, took 'recheck'."
348,2026-10-04T01:51:23.4528610Z,load-inproc,inproc-threads5,recheck,30000,0.519,0.595,Answered,"The coordinator, pid 78456, took 'recheck'."
349,2026-10-04T01:51:23.6685783Z,load-inproc,inproc-threads5,recheck,30000,2.273,2.737,Answered,"The coordinator, pid 78456, took 'recheck'."
350,2026-10-04T01:51:23.8712635Z,load-inproc,inproc-threads5,recheck,30000,1.897,1.962,Answered,"The coordinator, pid 78456, took 'recheck'."
351,2026-10-04T01:51:24.1031411Z,load-inproc,inproc-threads5,recheck,30000,3.148,22.361,Answered,"The coordinator, pid 78456, took 'recheck'."
352,2026-10-04T01:51:24.3473014Z,load-inproc,inproc-threads5,recheck,30000,1.300,16.640,Answered,"The coordinator, pid 78456, took 'recheck'."
353,2026-10-04T01:51:24.5554246Z,load-inproc,inproc-threads5,recheck,30000,0.599,0.661,Answered,"The coordinator, pid 78456, took 'recheck'."
354,2026-10-04T01:51:24.9061077Z,load-inproc,inproc-threads5,recheck,30000,1.035,1.111,Answered,"The coordinator, pid 78456, took 'recheck'."
355,2026-10-04T01:51:25.1070707Z,load-inproc,inproc-threads5,recheck,30000,0.572,0.657,Answered,"The coordinator, pid 78456, took 'recheck'."
356,2026-10-04T01:51:25.3087029Z,load-inproc,inproc-threads5,recheck,30000,0.889,0.977,Answered,"The coordinator, pid 78456, took 'recheck'."
357,2026-10-04T01:51:25.5095413Z,load-inproc,inproc-threads5,recheck,30000,0.405,0.457,Answered,"The coordinator, pid 78456, took 'recheck'."
358,2026-10-04T01:51:25.7105869Z,load-inproc,inproc-threads5,recheck,30000,0.358,0.416,Answered,"The coordinator, pid 78456, took 'recheck'."
359,2026-10-04T01:51:25.9118973Z,load-inproc,inproc-threads5,recheck,30000,0.915,0.978,Answered,"The coordinator, pid 78456, took 'recheck'."
360,2026-10-04T01:51:26.1153679Z,load-inproc,inproc-threads5,recheck,30000,0.621,0.806,Answered,"The coordinator, pid 78456, took 'recheck'."
361,2026-10-04T01:51:26.3174714Z,load-inproc,inproc-threads5,recheck,30000,0.490,0.559,Answered,"The coordinator, pid 78456, took 'recheck'."
362,2026-10-04T01:51:26.5185493Z,load-inproc,inproc-threads5,recheck,30000,0.445,0.503,Answered,"The coordinator, pid 78456, took 'recheck'."
363,2026-10-04T01:51:26.7192914Z,load-inproc,inproc-threads5,recheck,30000,0.436,0.510,Answered,"The coordinator, pid 78456, took 'recheck'."
364,2026-10-04T01:51:26.9212071Z,load-inproc,inproc-threads5,recheck,30000,0.614,0.823,Answered,"The coordinator, pid 78456, took 'recheck'."
365,2026-10-04T01:51:27.1227332Z,load-inproc,inproc-threads5,recheck,30000,0.529,0.605,Answered,"The coordinator, pid 78456, took 'recheck'."
366,2026-10-04T01:51:27.3237738Z,load-inproc,inproc-threads5,recheck,30000,0.570,0.649,Answered,"The coordinator, pid 78456, took 'recheck'."
367,2026-10-04T01:51:27.5246062Z,load-inproc,inproc-threads5,recheck,30000,0.561,0.627,Answered,"The coordinator, pid 78456, took 'recheck'."
368,2026-10-04T01:51:27.7317189Z,load-inproc,inproc-threads5,recheck,30000,0.539,0.619,Answered,"The coordinator, pid 78456, took 'recheck'."
369,2026-10-04T01:51:27.9420093Z,load-inproc,inproc-threads5,recheck,30000,2.241,4.306,Answered,"The coordinator, pid 78456, took 'recheck'."
370,2026-10-04T01:51:28.1614431Z,load-inproc,inproc-threads5,recheck,30000,0.995,18.717,Answered,"The coordinator, pid 78456, took 'recheck'."
371,2026-10-04T01:51:28.3782876Z,load-inproc,inproc-threads5,recheck,30000,12.710,12.854,Answered,"The coordinator, pid 78456, took 'recheck'."
372,2026-10-04T01:51:28.6288674Z,load-inproc,inproc-threads5,recheck,30000,4.687,8.166,Answered,"The coordinator, pid 78456, took 'recheck'."
373,2026-10-04T01:51:28.8330646Z,load-inproc,inproc-threads5,recheck,30000,1.509,1.882,Answered,"The coordinator, pid 78456, took 'recheck'."
374,2026-10-04T01:51:29.0450453Z,load-inproc,inproc-threads5,recheck,30000,6.966,11.251,Answered,"The coordinator, pid 78456, took 'recheck'."
375,2026-10-04T01:51:29.3142548Z,load-inproc,inproc-threads5,recheck,30000,31.967,45.395,Answered,"The coordinator, pid 78456, took 'recheck'."
376,2026-10-04T01:51:29.5568637Z,load-inproc,inproc-threads5,recheck,30000,5.303,22.762,Answered,"The coordinator, pid 78456, took 'recheck'."
377,2026-10-04T01:51:29.7907121Z,load-inproc,inproc-threads5,recheck,30000,2.091,6.844,Answered,"The coordinator, pid 78456, took 'recheck'."
378,2026-10-04T01:51:29.9930179Z,load-inproc,inproc-threads5,recheck,30000,0.396,0.455,Answered,"The coordinator, pid 78456, took 'recheck'."
379,2026-10-04T01:51:30.8547573Z,load-inproc,inproc-threads5,recheck,30000,3.148,32.565,Answered,"The coordinator, pid 78456, took 'recheck'."
380,2026-10-04T01:51:31.1048456Z,load-inproc,inproc-threads5,recheck,30000,41.758,41.918,Answered,"The coordinator, pid 78456, took 'recheck'."
381,2026-10-04T01:51:31.3600091Z,load-inproc,inproc-threads5,recheck,30000,16.380,45.851,Answered,"The coordinator, pid 78456, took 'recheck'."
382,2026-10-04T01:51:31.5849001Z,load-inproc,inproc-threads5,recheck,30000,8.261,17.300,Answered,"The coordinator, pid 78456, took 'recheck'."
383,2026-10-04T01:51:31.8124711Z,load-inproc,inproc-threads5,recheck,30000,4.767,16.475,Answered,"The coordinator, pid 78456, took 'recheck'."
384,2026-10-04T01:51:32.0456815Z,load-inproc,inproc-threads5,recheck,30000,3.924,20.186,Answered,"The coordinator, pid 78456, took 'recheck'."
385,2026-10-04T01:51:32.2791158Z,load-inproc,inproc-threads5,recheck,30000,1.943,15.444,Answered,"The coordinator, pid 78456, took 'recheck'."
386,2026-10-04T01:51:32.4974582Z,load-inproc,inproc-threads5,recheck,30000,3.456,4.109,Answered,"The coordinator, pid 78456, took 'recheck'."
387,2026-10-04T01:51:32.7226742Z,load-inproc,inproc-threads5,recheck,30000,0.671,2.986,Answered,"The coordinator, pid 78456, took 'recheck'."
388,2026-10-04T01:51:32.9456394Z,load-inproc,inproc-threads5,recheck,30000,11.723,20.049,Answered,"The coordinator, pid 78456, took 'recheck'."
389,2026-10-04T01:51:33.2220590Z,load-inproc,inproc-threads5,recheck,30000,59.990,61.270,Answered,"The coordinator, pid 78456, took 'recheck'."
390,2026-10-04T01:51:33.4330445Z,load-inproc,inproc-threads5,recheck,30000,7.110,9.933,Answered,"The coordinator, pid 78456, took 'recheck'."
391,2026-10-04T01:51:33.6396568Z,load-inproc,inproc-threads5,recheck,30000,2.975,3.133,Answered,"The coordinator, pid 78456, took 'recheck'."
392,2026-10-04T01:51:33.8604778Z,load-inproc,inproc-threads5,recheck,30000,1.176,8.250,Answered,"The coordinator, pid 78456, took 'recheck'."
393,2026-10-04T01:51:34.0833184Z,load-inproc,inproc-threads5,recheck,30000,9.704,10.005,Answered,"The coordinator, pid 78456, took 'recheck'."
394,2026-10-04T01:51:34.3137246Z,load-inproc,inproc-threads5,recheck,30000,27.144,27.688,Answered,"The coordinator, pid 78456, took 'recheck'."
395,2026-10-04T01:51:34.5349857Z,load-inproc,inproc-threads5,recheck,30000,18.867,20.623,Answered,"The coordinator, pid 78456, took 'recheck'."
396,2026-10-04T01:51:34.8109823Z,load-inproc,inproc-threads5,recheck,30000,44.606,48.095,Answered,"The coordinator, pid 78456, took 'recheck'."
397,2026-10-04T01:51:35.0542420Z,load-inproc,inproc-threads5,recheck,30000,6.845,13.703,Answered,"The coordinator, pid 78456, took 'recheck'."
398,2026-10-04T01:51:35.2724722Z,load-inproc,inproc-threads5,recheck,30000,7.830,7.977,Answered,"The coordinator, pid 78456, took 'recheck'."
399,2026-10-04T01:51:35.4780875Z,load-inproc,inproc-threads5,recheck,30000,0.614,1.183,Answered,"The coordinator, pid 78456, took 'recheck'."
400,2026-10-04T01:51:35.6800391Z,load-inproc,inproc-threads5,recheck,30000,1.104,1.397,Answered,"The coordinator, pid 78456, took 'recheck'."
401,2026-10-04T01:51:35.8825905Z,load-inproc,inproc-threads5,recheck,30000,0.803,0.997,Answered,"The coordinator, pid 78456, took 'recheck'."
402,2026-10-04T01:51:36.0889500Z,load-inproc,inproc-threads5,recheck,30000,2.191,3.745,Answered,"The coordinator, pid 78456, took 'recheck'."
403,2026-10-04T01:51:36.3573397Z,load-inproc,inproc-threads5,recheck,30000,56.877,56.976,Answered,"The coordinator, pid 78456, took 'recheck'."
404,2026-10-04T01:51:36.6681674Z,load-inproc,inproc-threads5,recheck,30000,103.698,103.888,Answered,"The coordinator, pid 78456, took 'recheck'."
405,2026-10-04T01:51:36.8784601Z,load-inproc,inproc-threads5,recheck,30000,8.657,9.771,Answered,"The coordinator, pid 78456, took 'recheck'."
406,2026-10-04T01:51:37.0918724Z,load-inproc,inproc-threads5,recheck,30000,11.027,11.474,Answered,"The coordinator, pid 78456, took 'recheck'."
407,2026-10-04T01:51:37.3125013Z,load-inproc,inproc-threads5,recheck,30000,6.679,15.803,Answered,"The coordinator, pid 78456, took 'recheck'."
408,2026-10-04T01:51:37.5439721Z,load-inproc,inproc-threads5,recheck,30000,8.381,24.019,Answered,"The coordinator, pid 78456, took 'recheck'."
409,2026-10-04T01:51:37.7583714Z,load-inproc,inproc-threads5,recheck,30000,4.984,5.492,Answered,"The coordinator, pid 78456, took 'recheck'."
410,2026-10-04T01:51:37.9712287Z,load-inproc,inproc-threads5,recheck,30000,1.656,6.693,Answered,"The coordinator, pid 78456, took 'recheck'."
411,2026-10-04T01:51:38.2512537Z,load-inproc,inproc-threads5,recheck,30000,31.211,34.906,Answered,"The coordinator, pid 78456, took 'recheck'."
412,2026-10-04T01:51:38.4882960Z,load-inproc,inproc-threads5,recheck,30000,10.656,10.855,Answered,"The coordinator, pid 78456, took 'recheck'."
413,2026-10-04T01:51:38.6965773Z,load-inproc,inproc-threads5,recheck,30000,1.988,5.348,Answered,"The coordinator, pid 78456, took 'recheck'."
414,2026-10-04T01:51:38.9127761Z,load-inproc,inproc-threads5,recheck,30000,3.533,4.531,Answered,"The coordinator, pid 78456, took 'recheck'."
415,2026-10-04T01:51:39.1907778Z,load-inproc,inproc-threads5,recheck,30000,0.936,76.299,Answered,"The coordinator, pid 78456, took 'recheck'."
416,2026-10-04T01:51:39.4547385Z,load-inproc,inproc-threads5,recheck,30000,5.249,10.571,Answered,"The coordinator, pid 78456, took 'recheck'."
417,2026-10-04T01:51:39.6675532Z,load-inproc,inproc-threads5,recheck,30000,1.267,1.396,Answered,"The coordinator, pid 78456, took 'recheck'."
418,2026-10-04T01:51:39.8982040Z,load-inproc,inproc-threads5,recheck,30000,8.158,21.943,Answered,"The coordinator, pid 78456, took 'recheck'."
419,2026-10-04T01:51:40.1690905Z,load-inproc,inproc-threads5,recheck,30000,55.252,64.974,Answered,"The coordinator, pid 78456, took 'recheck'."
420,2026-10-04T01:51:40.3897530Z,load-inproc,inproc-threads5,recheck,30000,1.970,3.782,Answered,"The coordinator, pid 78456, took 'recheck'."
421,2026-10-04T01:51:40.6384629Z,load-inproc,inproc-threads5,recheck,30000,3.891,17.125,Answered,"The coordinator, pid 78456, took 'recheck'."
422,2026-10-04T01:51:40.8658410Z,load-inproc,inproc-threads5,recheck,30000,12.313,17.261,Answered,"The coordinator, pid 78456, took 'recheck'."
423,2026-10-04T01:51:41.0725181Z,load-inproc,inproc-threads5,recheck,30000,2.241,2.618,Answered,"The coordinator, pid 78456, took 'recheck'."
424,2026-10-04T01:51:41.2943116Z,load-inproc,inproc-threads5,recheck,30000,14.295,18.762,Answered,"The coordinator, pid 78456, took 'recheck'."
425,2026-10-04T01:51:41.5230176Z,load-inproc,inproc-threads5,recheck,30000,20.360,20.614,Answered,"The coordinator, pid 78456, took 'recheck'."
426,2026-10-04T01:51:41.7625673Z,load-inproc,inproc-threads5,recheck,30000,34.354,38.187,Answered,"The coordinator, pid 78456, took 'recheck'."
427,2026-10-04T01:51:42.0660262Z,load-inproc,inproc-threads5,recheck,30000,64.744,69.859,Answered,"The coordinator, pid 78456, took 'recheck'."
428,2026-10-04T01:51:42.2838870Z,load-inproc,inproc-threads5,recheck,30000,14.458,15.863,Answered,"The coordinator, pid 78456, took 'recheck'."
429,2026-10-04T01:51:42.5030584Z,load-inproc,inproc-threads5,recheck,30000,14.651,14.817,Answered,"The coordinator, pid 78456, took 'recheck'."
430,2026-10-04T01:51:42.7579685Z,load-inproc,inproc-threads5,recheck,30000,13.114,34.260,Answered,"The coordinator, pid 78456, took 'recheck'."
431,2026-10-04T01:51:42.9726302Z,load-inproc,inproc-threads5,recheck,30000,5.810,12.370,Answered,"The coordinator, pid 78456, took 'recheck'."
432,2026-10-04T01:51:43.1743287Z,load-inproc,inproc-threads5,recheck,30000,0.977,1.031,Answered,"The coordinator, pid 78456, took 'recheck'."
433,2026-10-04T01:51:43.3844182Z,load-inproc,inproc-threads5,recheck,30000,5.941,6.405,Answered,"The coordinator, pid 78456, took 'recheck'."
434,2026-10-04T01:51:43.6060417Z,load-inproc,inproc-threads5,recheck,30000,19.315,19.457,Answered,"The coordinator, pid 78456, took 'recheck'."
435,2026-10-04T01:51:43.8639971Z,load-inproc,inproc-threads5,recheck,30000,54.567,54.905,Answered,"The coordinator, pid 78456, took 'recheck'."
436,2026-10-04T01:51:44.0899979Z,load-inproc,inproc-threads5,recheck,30000,1.213,14.469,Answered,"The coordinator, pid 78456, took 'recheck'."
437,2026-10-04T01:51:44.3691968Z,load-inproc,inproc-threads5,recheck,30000,0.625,13.074,Answered,"The coordinator, pid 78456, took 'recheck'."
438,2026-10-04T01:51:44.5786342Z,load-inproc,inproc-threads5,recheck,30000,1.646,1.863,Answered,"The coordinator, pid 78456, took 'recheck'."
439,2026-10-04T01:51:44.8156214Z,load-inproc,inproc-threads5,recheck,30000,0.737,26.342,Answered,"The coordinator, pid 78456, took 'recheck'."
440,2026-10-04T01:51:45.0448611Z,load-inproc,inproc-threads5,recheck,30000,7.529,11.275,Answered,"The coordinator, pid 78456, took 'recheck'."
441,2026-10-04T01:51:45.2465746Z,load-inproc,inproc-threads5,recheck,30000,0.567,0.636,Answered,"The coordinator, pid 78456, took 'recheck'."
442,2026-10-04T01:51:45.4521001Z,load-inproc,inproc-threads5,recheck,30000,3.401,4.140,Answered,"The coordinator, pid 78456, took 'recheck'."
443,2026-10-04T01:51:45.6796222Z,load-inproc,inproc-threads5,recheck,30000,21.691,23.541,Answered,"The coordinator, pid 78456, took 'recheck'."
444,2026-10-04T01:51:45.9150526Z,load-inproc,inproc-threads5,recheck,30000,1.291,13.137,Answered,"The coordinator, pid 78456, took 'recheck'."
445,2026-10-04T01:51:46.1695154Z,load-inproc,inproc-threads5,recheck,30000,13.802,36.070,Answered,"The coordinator, pid 78456, took 'recheck'."
446,2026-10-04T01:51:46.4024306Z,load-inproc,inproc-threads5,recheck,30000,7.136,8.231,Answered,"The coordinator, pid 78456, took 'recheck'."
447,2026-10-04T01:51:46.6121853Z,load-inproc,inproc-threads5,recheck,30000,5.791,8.032,Answered,"The coordinator, pid 78456, took 'recheck'."
448,2026-10-04T01:51:46.8148622Z,load-inproc,inproc-threads5,recheck,30000,1.157,1.276,Answered,"The coordinator, pid 78456, took 'recheck'."
449,2026-10-04T01:51:47.0163810Z,load-inproc,inproc-threads5,recheck,30000,0.722,0.899,Answered,"The coordinator, pid 78456, took 'recheck'."
450,2026-10-04T01:51:47.2174180Z,load-inproc,inproc-threads5,recheck,30000,0.750,0.809,Answered,"The coordinator, pid 78456, took 'recheck'."
451,2026-10-04T01:51:47.4198863Z,load-inproc,inproc-threads5,recheck,30000,0.553,0.629,Answered,"The coordinator, pid 78456, took 'recheck'."
452,2026-10-04T01:51:47.6213239Z,load-inproc,inproc-threads5,recheck,30000,0.529,0.625,Answered,"The coordinator, pid 78456, took 'recheck'."
453,2026-10-04T01:51:47.8226192Z,load-inproc,inproc-threads5,recheck,30000,0.641,0.717,Answered,"The coordinator, pid 78456, took 'recheck'."
454,2026-10-04T01:51:48.0248946Z,load-inproc,inproc-threads5,recheck,30000,0.632,0.888,Answered,"The coordinator, pid 78456, took 'recheck'."
455,2026-10-04T01:51:48.2602287Z,load-inproc,inproc-threads5,recheck,30000,1.269,18.846,Answered,"The coordinator, pid 78456, took 'recheck'."
456,2026-10-04T01:51:48.4656324Z,load-inproc,inproc-threads5,recheck,30000,1.685,1.829,Answered,"The coordinator, pid 78456, took 'recheck'."
457,2026-10-04T01:51:48.7068128Z,load-inproc,inproc-threads5,recheck,30000,3.272,16.787,Answered,"The coordinator, pid 78456, took 'recheck'."
458,2026-10-04T01:51:48.9923373Z,load-inproc,inproc-threads5,recheck,30000,57.889,66.410,Answered,"The coordinator, pid 78456, took 'recheck'."
459,2026-10-04T01:51:49.2028690Z,load-inproc,inproc-threads5,recheck,30000,7.459,8.080,Answered,"The coordinator, pid 78456, took 'recheck'."
460,2026-10-04T01:51:49.4367023Z,load-inproc,inproc-threads5,recheck,30000,18.578,30.515,Answered,"The coordinator, pid 78456, took 'recheck'."
461,2026-10-04T01:51:49.6478217Z,load-inproc,inproc-threads5,recheck,30000,0.733,10.012,Answered,"The coordinator, pid 78456, took 'recheck'."
462,2026-10-04T01:51:49.8521337Z,load-inproc,inproc-threads5,recheck,30000,2.367,3.821,Answered,"The coordinator, pid 78456, took 'recheck'."
463,2026-10-04T01:51:50.0554890Z,load-inproc,inproc-threads5,recheck,30000,0.789,0.868,Answered,"The coordinator, pid 78456, took 'recheck'."
464,2026-10-04T01:51:50.2567312Z,load-inproc,inproc-threads5,recheck,30000,0.615,0.759,Answered,"The coordinator, pid 78456, took 'recheck'."
465,2026-10-04T01:51:50.4579499Z,load-inproc,inproc-threads5,recheck,30000,0.495,0.565,Answered,"The coordinator, pid 78456, took 'recheck'."
466,2026-10-04T01:51:50.6588569Z,load-inproc,inproc-threads5,recheck,30000,0.547,0.624,Answered,"The coordinator, pid 78456, took 'recheck'."
467,2026-10-04T01:51:50.8599853Z,load-inproc,inproc-threads5,recheck,30000,0.646,0.729,Answered,"The coordinator, pid 78456, took 'recheck'."
468,2026-10-04T01:51:51.0617912Z,load-inproc,inproc-threads5,recheck,30000,0.540,0.718,Answered,"The coordinator, pid 78456, took 'recheck'."
469,2026-10-04T01:51:51.2637617Z,load-inproc,inproc-threads5,recheck,30000,0.595,0.660,Answered,"The coordinator, pid 78456, took 'recheck'."
470,2026-10-04T01:51:51.4651091Z,load-inproc,inproc-threads5,recheck,30000,0.570,0.660,Answered,"The coordinator, pid 78456, took 'recheck'."
471,2026-10-04T01:51:51.6786908Z,load-inproc,inproc-threads5,recheck,30000,0.562,0.650,Answered,"The coordinator, pid 78456, took 'recheck'."
472,2026-10-04T01:51:51.8817423Z,load-inproc,inproc-threads5,recheck,30000,1.039,1.362,Answered,"The coordinator, pid 78456, took 'recheck'."
473,2026-10-04T01:51:52.0874754Z,load-inproc,inproc-threads5,recheck,30000,2.628,4.501,Answered,"The coordinator, pid 78456, took 'recheck'."
474,2026-10-04T01:51:52.3019939Z,load-inproc,inproc-threads5,recheck,30000,0.625,0.715,Answered,"The coordinator, pid 78456, took 'recheck'."
475,2026-10-04T01:51:52.5035499Z,load-inproc,inproc-threads5,recheck,30000,0.534,0.608,Answered,"The coordinator, pid 78456, took 'recheck'."
476,2026-10-04T01:51:52.7056663Z,load-inproc,inproc-threads5,recheck,30000,0.678,0.763,Answered,"The coordinator, pid 78456, took 'recheck'."
477,2026-10-04T01:51:52.9695157Z,load-inproc,inproc-threads5,recheck,30000,4.773,7.730,Answered,"The coordinator, pid 78456, took 'recheck'."
478,2026-10-04T01:51:53.1817144Z,load-inproc,inproc-threads5,recheck,30000,0.971,2.624,Answered,"The coordinator, pid 78456, took 'recheck'."
479,2026-10-04T01:51:53.3834144Z,load-inproc,inproc-threads5,recheck,30000,0.861,0.952,Answered,"The coordinator, pid 78456, took 'recheck'."
480,2026-10-04T01:51:53.5857234Z,load-inproc,inproc-threads5,recheck,30000,0.570,0.700,Answered,"The coordinator, pid 78456, took 'recheck'."
481,2026-10-04T01:51:53.7969276Z,load-inproc,inproc-threads5,recheck,30000,2.118,2.587,Answered,"The coordinator, pid 78456, took 'recheck'."
482,2026-10-04T01:51:54.0147659Z,load-inproc,inproc-threads5,recheck,30000,14.394,14.656,Answered,"The coordinator, pid 78456, took 'recheck'."
483,2026-10-04T01:51:54.2181762Z,load-inproc,inproc-threads5,recheck,30000,1.908,2.220,Answered,"The coordinator, pid 78456, took 'recheck'."
484,2026-10-04T01:51:54.4347530Z,load-inproc,inproc-threads5,recheck,30000,2.084,3.205,Answered,"The coordinator, pid 78456, took 'recheck'."
485,2026-10-04T01:51:54.6451139Z,load-inproc,inproc-threads5,recheck,30000,2.488,8.085,Answered,"The coordinator, pid 78456, took 'recheck'."
486,2026-10-04T01:51:54.8520444Z,load-inproc,inproc-threads5,recheck,30000,1.478,1.624,Answered,"The coordinator, pid 78456, took 'recheck'."
487,2026-10-04T01:51:55.0554727Z,load-inproc,inproc-threads5,recheck,30000,0.840,1.558,Answered,"The coordinator, pid 78456, took 'recheck'."
488,2026-10-04T01:51:55.2618446Z,load-inproc,inproc-threads5,recheck,30000,1.757,2.197,Answered,"The coordinator, pid 78456, took 'recheck'."
489,2026-10-04T01:51:55.4630401Z,load-inproc,inproc-threads5,recheck,30000,0.684,0.799,Answered,"The coordinator, pid 78456, took 'recheck'."
490,2026-10-04T01:51:55.6660899Z,load-inproc,inproc-threads5,recheck,30000,0.555,0.636,Answered,"The coordinator, pid 78456, took 'recheck'."
491,2026-10-04T01:51:57.6431634Z,load-inproc,inproc-threads5,recheck,30000,0.502,0.577,Answered,"The coordinator, pid 78456, took 'recheck'."
492,2026-10-04T01:51:58.4412740Z,load-inproc,inproc-threads6,recheck,30000,24.466,24.707,Answered,"The coordinator, pid 78456, took 'recheck'."
493,2026-10-04T01:51:58.6578662Z,load-inproc,inproc-threads6,recheck,30000,4.225,5.363,Answered,"The coordinator, pid 78456, took 'recheck'."
494,2026-10-04T01:51:58.8630693Z,load-inproc,inproc-threads6,recheck,30000,1.962,2.274,Answered,"The coordinator, pid 78456, took 'recheck'."
495,2026-10-04T01:51:59.0801493Z,load-inproc,inproc-threads6,recheck,30000,7.359,7.750,Answered,"The coordinator, pid 78456, took 'recheck'."
496,2026-10-04T01:51:59.2871320Z,load-inproc,inproc-threads6,recheck,30000,1.595,2.921,Answered,"The coordinator, pid 78456, took 'recheck'."
497,2026-10-04T01:51:59.5081852Z,load-inproc,inproc-threads6,recheck,30000,6.549,19.564,Answered,"The coordinator, pid 78456, took 'recheck'."
498,2026-10-04T01:51:59.7336258Z,load-inproc,inproc-threads6,recheck,30000,14.681,23.053,Answered,"The coordinator, pid 78456, took 'recheck'."
499,2026-10-04T01:51:59.9487322Z,load-inproc,inproc-threads6,recheck,30000,1.515,7.444,Answered,"The coordinator, pid 78456, took 'recheck'."
500,2026-10-04T01:52:00.1812769Z,load-inproc,inproc-threads6,recheck,30000,5.557,27.814,Answered,"The coordinator, pid 78456, took 'recheck'."
501,2026-10-04T01:52:00.4097024Z,load-inproc,inproc-threads6,recheck,30000,4.047,10.115,Answered,"The coordinator, pid 78456, took 'recheck'."
502,2026-10-04T01:52:00.6227577Z,load-inproc,inproc-threads6,recheck,30000,2.558,3.353,Answered,"The coordinator, pid 78456, took 'recheck'."
503,2026-10-04T01:52:00.8326020Z,load-inproc,inproc-threads6,recheck,30000,7.601,9.010,Answered,"The coordinator, pid 78456, took 'recheck'."
504,2026-10-04T01:52:01.0424710Z,load-inproc,inproc-threads6,recheck,30000,5.472,7.605,Answered,"The coordinator, pid 78456, took 'recheck'."
505,2026-10-04T01:52:01.2724276Z,load-inproc,inproc-threads6,recheck,30000,18.653,20.090,Answered,"The coordinator, pid 78456, took 'recheck'."
506,2026-10-04T01:52:01.4891885Z,load-inproc,inproc-threads6,recheck,30000,4.101,9.125,Answered,"The coordinator, pid 78456, took 'recheck'."
507,2026-10-04T01:52:01.7366330Z,load-inproc,inproc-threads6,recheck,30000,27.760,37.922,Answered,"The coordinator, pid 78456, took 'recheck'."
508,2026-10-04T01:52:01.9636337Z,load-inproc,inproc-threads6,recheck,30000,0.981,1.093,Answered,"The coordinator, pid 78456, took 'recheck'."
509,2026-10-04T01:52:02.2410371Z,load-inproc,inproc-threads6,recheck,30000,2.068,25.316,Answered,"The coordinator, pid 78456, took 'recheck'."
510,2026-10-04T01:52:02.4556713Z,load-inproc,inproc-threads6,recheck,30000,1.692,2.542,Answered,"The coordinator, pid 78456, took 'recheck'."
511,2026-10-04T01:52:02.6704183Z,load-inproc,inproc-threads6,recheck,30000,5.594,8.742,Answered,"The coordinator, pid 78456, took 'recheck'."
512,2026-10-04T01:52:02.8939229Z,load-inproc,inproc-threads6,recheck,30000,18.522,20.044,Answered,"The coordinator, pid 78456, took 'recheck'."
513,2026-10-04T01:52:03.1067466Z,load-inproc,inproc-threads6,recheck,30000,4.024,10.595,Answered,"The coordinator, pid 78456, took 'recheck'."
514,2026-10-04T01:52:03.3119567Z,load-inproc,inproc-threads6,recheck,30000,0.963,1.055,Answered,"The coordinator, pid 78456, took 'recheck'."
515,2026-10-04T01:52:03.5215214Z,load-inproc,inproc-threads6,recheck,30000,7.624,8.326,Answered,"The coordinator, pid 78456, took 'recheck'."
516,2026-10-04T01:52:03.7287301Z,load-inproc,inproc-threads6,recheck,30000,1.684,2.448,Answered,"The coordinator, pid 78456, took 'recheck'."
517,2026-10-04T01:52:03.9440253Z,load-inproc,inproc-threads6,recheck,30000,0.746,0.826,Answered,"The coordinator, pid 78456, took 'recheck'."
518,2026-10-04T01:52:04.3780713Z,load-inproc,inproc-threads6,recheck,30000,1.948,2.925,Answered,"The coordinator, pid 78456, took 'recheck'."
519,2026-10-04T01:52:04.5869390Z,load-inproc,inproc-threads6,recheck,30000,5.745,6.098,Answered,"The coordinator, pid 78456, took 'recheck'."
520,2026-10-04T01:52:04.7910064Z,load-inproc,inproc-threads6,recheck,30000,1.853,2.785,Answered,"The coordinator, pid 78456, took 'recheck'."
521,2026-10-04T01:52:04.9975173Z,load-inproc,inproc-threads6,recheck,30000,4.869,4.974,Answered,"The coordinator, pid 78456, took 'recheck'."
522,2026-10-04T01:52:05.1994099Z,load-inproc,inproc-threads6,recheck,30000,1.279,1.379,Answered,"The coordinator, pid 78456, took 'recheck'."
523,2026-10-04T01:52:05.4110782Z,load-inproc,inproc-threads6,recheck,30000,8.339,10.760,Answered,"The coordinator, pid 78456, took 'recheck'."
524,2026-10-04T01:52:05.6137865Z,load-inproc,inproc-threads6,recheck,30000,1.640,1.852,Answered,"The coordinator, pid 78456, took 'recheck'."
525,2026-10-04T01:52:05.8307211Z,load-inproc,inproc-threads6,recheck,30000,0.846,1.339,Answered,"The coordinator, pid 78456, took 'recheck'."
526,2026-10-04T01:52:06.0330145Z,load-inproc,inproc-threads6,recheck,30000,0.554,0.668,Answered,"The coordinator, pid 78456, took 'recheck'."
527,2026-10-04T01:52:06.2344466Z,load-inproc,inproc-threads6,recheck,30000,0.748,0.934,Answered,"The coordinator, pid 78456, took 'recheck'."
528,2026-10-04T01:52:06.4367772Z,load-inproc,inproc-threads6,recheck,30000,1.259,1.591,Answered,"The coordinator, pid 78456, took 'recheck'."
529,2026-10-04T01:52:06.6379719Z,load-inproc,inproc-threads6,recheck,30000,0.696,0.778,Answered,"The coordinator, pid 78456, took 'recheck'."
530,2026-10-04T01:52:06.8395542Z,load-inproc,inproc-threads6,recheck,30000,0.712,0.768,Answered,"The coordinator, pid 78456, took 'recheck'."
531,2026-10-04T01:52:07.0408247Z,load-inproc,inproc-threads6,recheck,30000,0.588,0.647,Answered,"The coordinator, pid 78456, took 'recheck'."
532,2026-10-04T01:52:07.2423616Z,load-inproc,inproc-threads6,recheck,30000,0.905,1.037,Answered,"The coordinator, pid 78456, took 'recheck'."
533,2026-10-04T01:52:07.4445048Z,load-inproc,inproc-threads6,recheck,30000,0.514,0.589,Answered,"The coordinator, pid 78456, took 'recheck'."
534,2026-10-04T01:52:07.6461435Z,load-inproc,inproc-threads6,recheck,30000,0.680,0.778,Answered,"The coordinator, pid 78456, took 'recheck'."
535,2026-10-04T01:52:07.8486194Z,load-inproc,inproc-threads6,recheck,30000,0.674,0.759,Answered,"The coordinator, pid 78456, took 'recheck'."
536,2026-10-04T01:52:08.0581190Z,load-inproc,inproc-threads6,recheck,30000,0.565,0.662,Answered,"The coordinator, pid 78456, took 'recheck'."
537,2026-10-04T01:52:08.2593580Z,load-inproc,inproc-threads6,recheck,30000,0.515,0.587,Answered,"The coordinator, pid 78456, took 'recheck'."
538,2026-10-04T01:52:08.4602779Z,load-inproc,inproc-threads6,recheck,30000,0.477,0.559,Answered,"The coordinator, pid 78456, took 'recheck'."
539,2026-10-04T01:52:08.6623878Z,load-inproc,inproc-threads6,recheck,30000,0.540,0.611,Answered,"The coordinator, pid 78456, took 'recheck'."
540,2026-10-04T01:52:08.8632768Z,load-inproc,inproc-threads6,recheck,30000,0.481,0.551,Answered,"The coordinator, pid 78456, took 'recheck'."
541,2026-10-04T01:52:09.0643845Z,load-inproc,inproc-threads6,recheck,30000,0.512,0.580,Answered,"The coordinator, pid 78456, took 'recheck'."
542,2026-10-04T01:52:09.2657889Z,load-inproc,inproc-threads6,recheck,30000,0.529,0.593,Answered,"The coordinator, pid 78456, took 'recheck'."
543,2026-10-04T01:52:09.4666300Z,load-inproc,inproc-threads6,recheck,30000,0.447,0.509,Answered,"The coordinator, pid 78456, took 'recheck'."
544,2026-10-04T01:52:09.6831698Z,load-inproc,inproc-threads6,recheck,30000,0.465,0.520,Answered,"The coordinator, pid 78456, took 'recheck'."
545,2026-10-04T01:52:09.8844386Z,load-inproc,inproc-threads6,recheck,30000,0.504,0.578,Answered,"The coordinator, pid 78456, took 'recheck'."
546,2026-10-04T01:52:10.0854990Z,load-inproc,inproc-threads6,recheck,30000,0.425,0.489,Answered,"The coordinator, pid 78456, took 'recheck'."
547,2026-10-04T01:52:10.2864701Z,load-inproc,inproc-threads6,recheck,30000,0.386,0.440,Answered,"The coordinator, pid 78456, took 'recheck'."
548,2026-10-04T01:52:10.4876862Z,load-inproc,inproc-threads6,recheck,30000,0.591,0.671,Answered,"The coordinator, pid 78456, took 'recheck'."
549,2026-10-04T01:52:10.6893217Z,load-inproc,inproc-threads6,recheck,30000,0.882,0.972,Answered,"The coordinator, pid 78456, took 'recheck'."
550,2026-10-04T01:52:10.8903923Z,load-inproc,inproc-threads6,recheck,30000,0.464,0.527,Answered,"The coordinator, pid 78456, took 'recheck'."
551,2026-10-04T01:52:11.0913569Z,load-inproc,inproc-threads6,recheck,30000,0.438,0.500,Answered,"The coordinator, pid 78456, took 'recheck'."
552,2026-10-04T01:52:11.3059947Z,load-inproc,inproc-threads6,recheck,30000,0.767,0.877,Answered,"The coordinator, pid 78456, took 'recheck'."
553,2026-10-04T01:52:11.5072621Z,load-inproc,inproc-threads6,recheck,30000,0.471,0.532,Answered,"The coordinator, pid 78456, took 'recheck'."
554,2026-10-04T01:52:11.7082939Z,load-inproc,inproc-threads6,recheck,30000,0.440,0.501,Answered,"The coordinator, pid 78456, took 'recheck'."
555,2026-10-04T01:52:11.9227501Z,load-inproc,inproc-threads6,recheck,30000,0.800,0.858,Answered,"The coordinator, pid 78456, took 'recheck'."
556,2026-10-04T01:52:12.1237714Z,load-inproc,inproc-threads6,recheck,30000,0.481,0.543,Answered,"The coordinator, pid 78456, took 'recheck'."
557,2026-10-04T01:52:12.3249997Z,load-inproc,inproc-threads6,recheck,30000,0.404,0.464,Answered,"The coordinator, pid 78456, took 'recheck'."
558,2026-10-04T01:52:12.5269936Z,load-inproc,inproc-threads6,recheck,30000,0.402,0.462,Answered,"The coordinator, pid 78456, took 'recheck'."
559,2026-10-04T01:52:12.7283486Z,load-inproc,inproc-threads6,recheck,30000,0.351,0.402,Answered,"The coordinator, pid 78456, took 'recheck'."
560,2026-10-04T01:52:12.9301639Z,load-inproc,inproc-threads6,recheck,30000,0.472,0.532,Answered,"The coordinator, pid 78456, took 'recheck'."
561,2026-10-04T01:52:13.1314035Z,load-inproc,inproc-threads6,recheck,30000,0.428,0.487,Answered,"The coordinator, pid 78456, took 'recheck'."
562,2026-10-04T01:52:13.3329290Z,load-inproc,inproc-threads6,recheck,30000,0.411,0.469,Answered,"The coordinator, pid 78456, took 'recheck'."
563,2026-10-04T01:52:13.5368972Z,load-inproc,inproc-threads6,recheck,30000,0.460,0.526,Answered,"The coordinator, pid 78456, took 'recheck'."
564,2026-10-04T01:52:13.7387283Z,load-inproc,inproc-threads6,recheck,30000,0.406,0.467,Answered,"The coordinator, pid 78456, took 'recheck'."
565,2026-10-04T01:52:13.9406637Z,load-inproc,inproc-threads6,recheck,30000,0.482,0.546,Answered,"The coordinator, pid 78456, took 'recheck'."
566,2026-10-04T01:52:14.1420441Z,load-inproc,inproc-threads6,recheck,30000,0.377,0.429,Answered,"The coordinator, pid 78456, took 'recheck'."
567,2026-10-04T01:52:14.3429316Z,load-inproc,inproc-threads6,recheck,30000,0.419,0.484,Answered,"The coordinator, pid 78456, took 'recheck'."
568,2026-10-04T01:52:14.5439322Z,load-inproc,inproc-threads6,recheck,30000,0.361,0.415,Answered,"The coordinator, pid 78456, took 'recheck'."
569,2026-10-04T01:52:14.7450875Z,load-inproc,inproc-threads6,recheck,30000,0.492,0.550,Answered,"The coordinator, pid 78456, took 'recheck'."
570,2026-10-04T01:52:14.9466841Z,load-inproc,inproc-threads6,recheck,30000,0.414,0.468,Answered,"The coordinator, pid 78456, took 'recheck'."
571,2026-10-04T01:52:15.1577417Z,load-inproc,inproc-threads6,recheck,30000,0.523,0.593,Answered,"The coordinator, pid 78456, took 'recheck'."
572,2026-10-04T01:52:15.3585883Z,load-inproc,inproc-threads6,recheck,30000,0.385,0.437,Answered,"The coordinator, pid 78456, took 'recheck'."
573,2026-10-04T01:52:15.5593857Z,load-inproc,inproc-threads6,recheck,30000,0.406,0.493,Answered,"The coordinator, pid 78456, took 'recheck'."
574,2026-10-04T01:52:15.7606132Z,load-inproc,inproc-threads6,recheck,30000,0.528,0.607,Answered,"The coordinator, pid 78456, took 'recheck'."
575,2026-10-04T01:52:15.9614748Z,load-inproc,inproc-threads6,recheck,30000,0.483,0.550,Answered,"The coordinator, pid 78456, took 'recheck'."
576,2026-10-04T01:52:16.1626507Z,load-inproc,inproc-threads6,recheck,30000,0.463,0.537,Answered,"The coordinator, pid 78456, took 'recheck'."
577,2026-10-04T01:52:16.3636000Z,load-inproc,inproc-threads6,recheck,30000,0.422,0.484,Answered,"The coordinator, pid 78456, took 'recheck'."
578,2026-10-04T01:52:16.5646433Z,load-inproc,inproc-threads6,recheck,30000,0.399,0.459,Answered,"The coordinator, pid 78456, took 'recheck'."
579,2026-10-04T01:52:16.7767628Z,load-inproc,inproc-threads6,recheck,30000,0.733,0.813,Answered,"The coordinator, pid 78456, took 'recheck'."
580,2026-10-04T01:52:16.9783765Z,load-inproc,inproc-threads6,recheck,30000,0.485,0.543,Answered,"The coordinator, pid 78456, took 'recheck'."
581,2026-10-04T01:52:17.1799996Z,load-inproc,inproc-threads6,recheck,30000,0.479,0.565,Answered,"The coordinator, pid 78456, took 'recheck'."
582,2026-10-04T01:52:17.3816218Z,load-inproc,inproc-threads6,recheck,30000,0.413,0.466,Answered,"The coordinator, pid 78456, took 'recheck'."
583,2026-10-04T01:52:17.5827183Z,load-inproc,inproc-threads6,recheck,30000,0.442,0.489,Answered,"The coordinator, pid 78456, took 'recheck'."
584,2026-10-04T01:52:17.7836547Z,load-inproc,inproc-threads6,recheck,30000,0.399,0.450,Answered,"The coordinator, pid 78456, took 'recheck'."
585,2026-10-04T01:52:17.9849518Z,load-inproc,inproc-threads6,recheck,30000,0.392,0.436,Answered,"The coordinator, pid 78456, took 'recheck'."
586,2026-10-04T01:52:18.1862411Z,load-inproc,inproc-threads6,recheck,30000,0.383,0.437,Answered,"The coordinator, pid 78456, took 'recheck'."
587,2026-10-04T01:52:18.3957253Z,load-inproc,inproc-threads6,recheck,30000,0.560,0.646,Answered,"The coordinator, pid 78456, took 'recheck'."
588,2026-10-04T01:52:18.5969230Z,load-inproc,inproc-threads5,recheck,30000,0.431,0.495,Answered,"The coordinator, pid 78456, took 'recheck'."
589,2026-10-04T01:52:18.7982803Z,load-inproc,inproc-threads5,recheck,30000,0.401,0.452,Answered,"The coordinator, pid 78456, took 'recheck'."
590,2026-10-04T01:52:19.0001494Z,load-inproc,inproc-threads5,recheck,30000,0.850,0.924,Answered,"The coordinator, pid 78456, took 'recheck'."
591,2026-10-04T01:52:19.2008798Z,load-inproc,inproc-threads5,recheck,30000,0.432,0.498,Answered,"The coordinator, pid 78456, took 'recheck'."
592,2026-10-04T01:52:19.4016060Z,load-inproc,inproc-threads5,recheck,30000,0.425,0.490,Answered,"The coordinator, pid 78456, took 'recheck'."
593,2026-10-04T01:52:19.6028480Z,load-inproc,inproc-threads5,recheck,30000,0.704,0.815,Answered,"The coordinator, pid 78456, took 'recheck'."
594,2026-10-04T01:52:19.8039358Z,load-inproc,inproc-threads5,recheck,30000,0.544,0.616,Answered,"The coordinator, pid 78456, took 'recheck'."
595,2026-10-04T01:52:20.0051725Z,load-inproc,inproc-threads5,recheck,30000,0.647,0.735,Answered,"The coordinator, pid 78456, took 'recheck'."
596,2026-10-04T01:52:20.2069695Z,load-inproc,inproc-threads5,recheck,30000,0.568,0.665,Answered,"The coordinator, pid 78456, took 'recheck'."
597,2026-10-04T01:52:20.4078073Z,load-inproc,inproc-threads5,recheck,30000,0.511,0.588,Answered,"The coordinator, pid 78456, took 'recheck'."
598,2026-10-04T01:52:20.6090505Z,load-inproc,inproc-threads5,recheck,30000,0.581,0.651,Answered,"The coordinator, pid 78456, took 'recheck'."
599,2026-10-04T01:52:20.8103555Z,load-inproc,inproc-threads5,recheck,30000,0.505,0.567,Answered,"The coordinator, pid 78456, took 'recheck'."
600,2026-10-04T01:52:21.0195705Z,load-inproc,inproc-threads5,recheck,30000,0.490,0.557,Answered,"The coordinator, pid 78456, took 'recheck'."
601,2026-10-04T01:52:21.2215532Z,load-inproc,inproc-threads5,recheck,30000,0.651,0.742,Answered,"The coordinator, pid 78456, took 'recheck'."
602,2026-10-04T01:52:21.4224394Z,load-inproc,inproc-threads5,recheck,30000,0.504,0.580,Answered,"The coordinator, pid 78456, took 'recheck'."
603,2026-10-04T01:52:21.6235645Z,load-inproc,inproc-threads5,recheck,30000,0.574,0.651,Answered,"The coordinator, pid 78456, took 'recheck'."
604,2026-10-04T01:52:21.8252639Z,load-inproc,inproc-threads5,recheck,30000,0.529,0.594,Answered,"The coordinator, pid 78456, took 'recheck'."
605,2026-10-04T01:52:22.0265760Z,load-inproc,inproc-threads5,recheck,30000,0.582,0.663,Answered,"The coordinator, pid 78456, took 'recheck'."
606,2026-10-04T01:52:22.2273750Z,load-inproc,inproc-threads5,recheck,30000,0.529,0.597,Answered,"The coordinator, pid 78456, took 'recheck'."
607,2026-10-04T01:52:22.4283764Z,load-inproc,inproc-threads5,recheck,30000,0.464,0.530,Answered,"The coordinator, pid 78456, took 'recheck'."
608,2026-10-04T01:52:22.6393180Z,load-inproc,inproc-threads5,recheck,30000,0.677,0.796,Answered,"The coordinator, pid 78456, took 'recheck'."
609,2026-10-04T01:52:22.8404341Z,load-inproc,inproc-threads5,recheck,30000,0.579,0.671,Answered,"The coordinator, pid 78456, took 'recheck'."
610,2026-10-04T01:52:23.0412644Z,load-inproc,inproc-threads5,recheck,30000,0.428,0.506,Answered,"The coordinator, pid 78456, took 'recheck'."
611,2026-10-04T01:52:23.2572003Z,load-inproc,inproc-threads5,recheck,30000,0.647,0.732,Answered,"The coordinator, pid 78456, took 'recheck'."
612,2026-10-04T01:52:23.4596319Z,load-inproc,inproc-threads5,recheck,30000,0.608,0.672,Answered,"The coordinator, pid 78456, took 'recheck'."
613,2026-10-04T01:52:23.6608309Z,load-inproc,inproc-threads5,recheck,30000,0.502,0.575,Answered,"The coordinator, pid 78456, took 'recheck'."
614,2026-10-04T01:52:23.8757121Z,load-inproc,inproc-threads5,recheck,30000,0.544,0.814,Answered,"The coordinator, pid 78456, took 'recheck'."
615,2026-10-04T01:52:24.0775552Z,load-inproc,inproc-threads5,recheck,30000,0.575,0.658,Answered,"The coordinator, pid 78456, took 'recheck'."
616,2026-10-04T01:52:24.2787252Z,load-inproc,inproc-threads5,recheck,30000,0.534,0.602,Answered,"The coordinator, pid 78456, took 'recheck'."
617,2026-10-04T01:52:24.4878966Z,load-inproc,inproc-threads5,recheck,30000,0.555,0.654,Answered,"The coordinator, pid 78456, took 'recheck'."
618,2026-10-04T01:52:24.6889557Z,load-inproc,inproc-threads5,recheck,30000,0.419,0.549,Answered,"The coordinator, pid 78456, took 'recheck'."
619,2026-10-04T01:52:24.8899150Z,load-inproc,inproc-threads5,recheck,30000,0.638,0.724,Answered,"The coordinator, pid 78456, took 'recheck'."
620,2026-10-04T01:52:25.0911408Z,load-inproc,inproc-threads5,recheck,30000,0.551,0.627,Answered,"The coordinator, pid 78456, took 'recheck'."
621,2026-10-04T01:52:25.2935363Z,load-inproc,inproc-threads5,recheck,30000,0.532,0.610,Answered,"The coordinator, pid 78456, took 'recheck'."
622,2026-10-04T01:52:25.4949382Z,load-inproc,inproc-threads5,recheck,30000,0.513,0.576,Answered,"The coordinator, pid 78456, took 'recheck'."
623,2026-10-04T01:52:25.6965965Z,load-inproc,inproc-threads5,recheck,30000,0.487,0.541,Answered,"The coordinator, pid 78456, took 'recheck'."
624,2026-10-04T01:52:25.8984946Z,load-inproc,inproc-threads5,recheck,30000,0.437,0.494,Answered,"The coordinator, pid 78456, took 'recheck'."
625,2026-10-04T01:52:26.0991937Z,load-inproc,inproc-threads5,recheck,30000,0.494,0.553,Answered,"The coordinator, pid 78456, took 'recheck'."
626,2026-10-04T01:52:26.3001053Z,load-inproc,inproc-threads5,recheck,30000,0.481,0.562,Answered,"The coordinator, pid 78456, took 'recheck'."
627,2026-10-04T01:52:26.5024313Z,load-inproc,inproc-threads5,recheck,30000,0.624,0.698,Answered,"The coordinator, pid 78456, took 'recheck'."
628,2026-10-04T01:52:26.7040838Z,load-inproc,inproc-threads5,recheck,30000,0.785,0.910,Answered,"The coordinator, pid 78456, took 'recheck'."
629,2026-10-04T01:52:26.9057790Z,load-inproc,inproc-threads5,recheck,30000,0.455,0.528,Answered,"The coordinator, pid 78456, took 'recheck'."
630,2026-10-04T01:52:27.1068440Z,load-inproc,inproc-threads5,recheck,30000,0.491,0.547,Answered,"The coordinator, pid 78456, took 'recheck'."
631,2026-10-04T01:52:27.3075868Z,load-inproc,inproc-threads5,recheck,30000,0.453,0.518,Answered,"The coordinator, pid 78456, took 'recheck'."
632,2026-10-04T01:52:27.5085857Z,load-inproc,inproc-threads5,recheck,30000,0.566,0.642,Answered,"The coordinator, pid 78456, took 'recheck'."
633,2026-10-04T01:52:27.7166717Z,load-inproc,inproc-threads5,recheck,30000,0.629,0.705,Answered,"The coordinator, pid 78456, took 'recheck'."
634,2026-10-04T01:52:27.9179780Z,load-inproc,inproc-threads5,recheck,30000,0.502,0.574,Answered,"The coordinator, pid 78456, took 'recheck'."
635,2026-10-04T01:52:28.1202553Z,load-inproc,inproc-threads5,recheck,30000,0.597,0.669,Answered,"The coordinator, pid 78456, took 'recheck'."
636,2026-10-04T01:52:28.3213688Z,load-inproc,inproc-threads5,recheck,30000,0.693,0.761,Answered,"The coordinator, pid 78456, took 'recheck'."
637,2026-10-04T01:52:28.5224053Z,load-inproc,inproc-threads5,recheck,30000,0.545,0.620,Answered,"The coordinator, pid 78456, took 'recheck'."
638,2026-10-04T01:52:28.7238158Z,load-inproc,inproc-threads5,recheck,30000,0.543,0.619,Answered,"The coordinator, pid 78456, took 'recheck'."
639,2026-10-04T01:52:28.9251319Z,load-inproc,inproc-threads5,recheck,30000,0.551,0.629,Answered,"The coordinator, pid 78456, took 'recheck'."
640,2026-10-04T01:52:29.1268257Z,load-inproc,inproc-threads5,recheck,30000,0.558,0.636,Answered,"The coordinator, pid 78456, took 'recheck'."
641,2026-10-04T01:52:29.3316635Z,load-inproc,inproc-threads5,recheck,30000,0.612,0.713,Answered,"The coordinator, pid 78456, took 'recheck'."
642,2026-10-04T01:52:29.5334791Z,load-inproc,inproc-threads5,recheck,30000,0.532,0.620,Answered,"The coordinator, pid 78456, took 'recheck'."
643,2026-10-04T01:52:29.7401295Z,load-inproc,inproc-threads6,recheck,30000,4.963,5.158,Answered,"The coordinator, pid 78456, took 'recheck'."
644,2026-10-04T01:52:29.9547107Z,load-inproc,inproc-threads6,recheck,30000,0.618,0.700,Answered,"The coordinator, pid 78456, took 'recheck'."
645,2026-10-04T01:52:30.1559438Z,load-inproc,inproc-threads6,recheck,30000,0.507,0.571,Answered,"The coordinator, pid 78456, took 'recheck'."
646,2026-10-04T01:52:30.3582108Z,load-inproc,inproc-threads6,recheck,30000,0.859,0.933,Answered,"The coordinator, pid 78456, took 'recheck'."
647,2026-10-04T01:52:30.5734600Z,load-inproc,inproc-threads6,recheck,30000,0.515,0.583,Answered,"The coordinator, pid 78456, took 'recheck'."
648,2026-10-04T01:52:30.7750965Z,load-inproc,inproc-threads6,recheck,30000,0.612,0.677,Answered,"The coordinator, pid 78456, took 'recheck'."
649,2026-10-04T01:52:30.9768125Z,load-inproc,inproc-threads6,recheck,30000,0.907,0.968,Answered,"The coordinator, pid 78456, took 'recheck'."
650,2026-10-04T01:52:31.1919082Z,load-inproc,inproc-threads6,recheck,30000,0.710,0.772,Answered,"The coordinator, pid 78456, took 'recheck'."
651,2026-10-04T01:52:31.3930707Z,load-inproc,inproc-threads6,recheck,30000,0.619,0.707,Answered,"The coordinator, pid 78456, took 'recheck'."
652,2026-10-04T01:52:31.5948023Z,load-inproc,inproc-threads6,recheck,30000,0.521,0.593,Answered,"The coordinator, pid 78456, took 'recheck'."
653,2026-10-04T01:52:31.7960601Z,load-inproc,inproc-threads6,recheck,30000,0.496,0.664,Answered,"The coordinator, pid 78456, took 'recheck'."
654,2026-10-04T01:52:31.9969462Z,load-inproc,inproc-threads6,recheck,30000,0.531,0.609,Answered,"The coordinator, pid 78456, took 'recheck'."
655,2026-10-04T01:52:32.1982434Z,load-inproc,inproc-threads6,recheck,30000,0.577,0.662,Answered,"The coordinator, pid 78456, took 'recheck'."
656,2026-10-04T01:52:32.3998312Z,load-inproc,inproc-threads6,recheck,30000,0.374,0.432,Answered,"The coordinator, pid 78456, took 'recheck'."
657,2026-10-04T01:52:32.6015108Z,load-inproc,inproc-threads6,recheck,30000,0.371,0.429,Answered,"The coordinator, pid 78456, took 'recheck'."
658,2026-10-04T01:52:32.8151748Z,load-inproc,inproc-threads6,recheck,30000,2.297,5.819,Answered,"The coordinator, pid 78456, took 'recheck'."
659,2026-10-04T01:52:33.0193493Z,load-inproc,inproc-threads6,recheck,30000,0.472,0.539,Answered,"The coordinator, pid 78456, took 'recheck'."
660,2026-10-04T01:52:33.2201984Z,load-inproc,inproc-threads6,recheck,30000,0.491,0.558,Answered,"The coordinator, pid 78456, took 'recheck'."
661,2026-10-04T01:52:33.4313638Z,load-inproc,inproc-threads6,recheck,30000,0.652,0.942,Answered,"The coordinator, pid 78456, took 'recheck'."
662,2026-10-04T01:52:33.6330388Z,load-inproc,inproc-threads6,recheck,30000,0.526,0.594,Answered,"The coordinator, pid 78456, took 'recheck'."
663,2026-10-04T01:52:33.8346760Z,load-inproc,inproc-threads6,recheck,30000,0.480,0.572,Answered,"The coordinator, pid 78456, took 'recheck'."
664,2026-10-04T01:52:34.0360341Z,load-inproc,inproc-threads6,recheck,30000,0.411,0.462,Answered,"The coordinator, pid 78456, took 'recheck'."
665,2026-10-04T01:52:34.2380088Z,load-inproc,inproc-threads6,recheck,30000,0.453,0.526,Answered,"The coordinator, pid 78456, took 'recheck'."
666,2026-10-04T01:52:34.4407918Z,load-inproc,inproc-threads6,recheck,30000,0.444,0.504,Answered,"The coordinator, pid 78456, took 'recheck'."
667,2026-10-04T01:52:34.6417094Z,load-inproc,inproc-threads6,recheck,30000,0.511,0.576,Answered,"The coordinator, pid 78456, took 'recheck'."
668,2026-10-04T01:52:34.8428073Z,load-inproc,inproc-threads6,recheck,30000,0.691,0.808,Answered,"The coordinator, pid 78456, took 'recheck'."
669,2026-10-04T01:52:35.0438840Z,load-inproc,inproc-threads6,recheck,30000,0.617,0.677,Answered,"The coordinator, pid 78456, took 'recheck'."
670,2026-10-04T01:52:35.2452714Z,load-inproc,inproc-threads6,recheck,30000,0.673,0.733,Answered,"The coordinator, pid 78456, took 'recheck'."
671,2026-10-04T01:52:35.4563097Z,load-inproc,inproc-threads6,recheck,30000,5.242,5.981,Answered,"The coordinator, pid 78456, took 'recheck'."
672,2026-10-04T01:52:35.6848241Z,load-inproc,inproc-threads6,recheck,30000,0.712,12.935,Answered,"The coordinator, pid 78456, took 'recheck'."
673,2026-10-04T01:52:35.9269921Z,load-inproc,inproc-threads6,recheck,30000,11.038,19.430,Answered,"The coordinator, pid 78456, took 'recheck'."
674,2026-10-04T01:52:36.1284638Z,load-inproc,inproc-threads6,recheck,30000,0.635,0.698,Answered,"The coordinator, pid 78456, took 'recheck'."
675,2026-10-04T01:52:36.3322944Z,load-inproc,inproc-threads6,recheck,30000,0.968,1.955,Answered,"The coordinator, pid 78456, took 'recheck'."
676,2026-10-04T01:52:36.5476230Z,load-inproc,inproc-threads6,recheck,30000,1.542,1.682,Answered,"The coordinator, pid 78456, took 'recheck'."
677,2026-10-04T01:52:36.7500876Z,load-inproc,inproc-threads6,recheck,30000,0.609,0.709,Answered,"The coordinator, pid 78456, took 'recheck'."
678,2026-10-04T01:52:36.9513754Z,load-inproc,inproc-threads6,recheck,30000,0.589,0.665,Answered,"The coordinator, pid 78456, took 'recheck'."
679,2026-10-04T01:52:37.1598510Z,load-inproc,inproc-threads6,recheck,30000,2.530,2.601,Answered,"The coordinator, pid 78456, took 'recheck'."
680,2026-10-04T01:52:37.3615800Z,load-inproc,inproc-threads6,recheck,30000,0.719,0.804,Answered,"The coordinator, pid 78456, took 'recheck'."
681,2026-10-04T01:52:37.5657933Z,load-inproc,inproc-threads6,recheck,30000,2.075,2.385,Answered,"The coordinator, pid 78456, took 'recheck'."
682,2026-10-04T01:52:37.7683367Z,load-inproc,inproc-threads6,recheck,30000,0.863,0.940,Answered,"The coordinator, pid 78456, took 'recheck'."
683,2026-10-04T01:52:37.9777222Z,load-inproc,inproc-threads6,recheck,30000,6.041,7.213,Answered,"The coordinator, pid 78456, took 'recheck'."
684,2026-10-04T01:52:38.1903563Z,load-inproc,inproc-threads6,recheck,30000,7.281,7.627,Answered,"The coordinator, pid 78456, took 'recheck'."
685,2026-10-04T01:52:38.4817378Z,load-inproc,inproc-threads6,recheck,30000,23.906,50.314,Answered,"The coordinator, pid 78456, took 'recheck'."
686,2026-10-04T01:52:38.6871223Z,load-inproc,inproc-threads6,recheck,30000,1.736,2.172,Answered,"The coordinator, pid 78456, took 'recheck'."
687,2026-10-04T01:52:38.8888538Z,load-inproc,inproc-threads6,recheck,30000,0.855,0.967,Answered,"The coordinator, pid 78456, took 'recheck'."
688,2026-10-04T01:52:39.0904824Z,load-inproc,inproc-threads6,recheck,30000,0.741,0.853,Answered,"The coordinator, pid 78456, took 'recheck'."
689,2026-10-04T01:52:39.2915183Z,load-inproc,inproc-threads6,recheck,30000,0.606,0.690,Answered,"The coordinator, pid 78456, took 'recheck'."
690,2026-10-04T01:52:39.4926716Z,load-inproc,inproc-threads6,recheck,30000,0.591,0.672,Answered,"The coordinator, pid 78456, took 'recheck'."
691,2026-10-04T01:52:39.6939849Z,load-inproc,inproc-threads6,recheck,30000,0.838,0.925,Answered,"The coordinator, pid 78456, took 'recheck'."
692,2026-10-04T01:52:39.9053373Z,load-inproc,inproc-threads6,recheck,30000,1.419,1.562,Answered,"The coordinator, pid 78456, took 'recheck'."
693,2026-10-04T01:52:40.1108759Z,load-inproc,inproc-threads6,recheck,30000,1.772,2.341,Answered,"The coordinator, pid 78456, took 'recheck'."
694,2026-10-04T01:52:40.3137189Z,load-inproc,inproc-threads6,recheck,30000,1.607,1.680,Answered,"The coordinator, pid 78456, took 'recheck'."
695,2026-10-04T01:52:40.5293689Z,load-inproc,inproc-threads6,recheck,30000,0.675,1.141,Answered,"The coordinator, pid 78456, took 'recheck'."
696,2026-10-04T01:52:40.7343462Z,load-inproc,inproc-threads6,recheck,30000,1.581,4.442,Answered,"The coordinator, pid 78456, took 'recheck'."
697,2026-10-04T01:52:40.9366821Z,load-inproc,inproc-threads6,recheck,30000,0.604,0.681,Answered,"The coordinator, pid 78456, took 'recheck'."
698,2026-10-04T01:52:41.1515575Z,load-inproc,inproc-threads6,recheck,30000,2.349,2.458,Answered,"The coordinator, pid 78456, took 'recheck'."
699,2026-10-04T01:52:41.3532576Z,load-inproc,inproc-threads6,recheck,30000,0.612,0.731,Answered,"The coordinator, pid 78456, took 'recheck'."
700,2026-10-04T01:52:41.5543246Z,load-inproc,inproc-threads6,recheck,30000,0.583,0.659,Answered,"The coordinator, pid 78456, took 'recheck'."
701,2026-10-04T01:52:41.7713553Z,load-inproc,inproc-threads6,recheck,30000,0.685,0.896,Answered,"The coordinator, pid 78456, took 'recheck'."
702,2026-10-04T01:52:41.9722499Z,load-inproc,inproc-threads6,recheck,30000,0.538,0.605,Answered,"The coordinator, pid 78456, took 'recheck'."
703,2026-10-04T01:52:42.1736331Z,load-inproc,inproc-threads6,recheck,30000,0.570,0.654,Answered,"The coordinator, pid 78456, took 'recheck'."
704,2026-10-04T01:52:42.3917739Z,load-inproc,inproc-threads6,recheck,30000,0.804,0.894,Answered,"The coordinator, pid 78456, took 'recheck'."
705,2026-10-04T01:52:42.5937577Z,load-inproc,inproc-threads6,recheck,30000,0.638,0.727,Answered,"The coordinator, pid 78456, took 'recheck'."
706,2026-10-04T01:52:42.7951486Z,load-inproc,inproc-threads6,recheck,30000,0.899,0.968,Answered,"The coordinator, pid 78456, took 'recheck'."
707,2026-10-04T01:52:42.9967140Z,load-inproc,inproc-threads6,recheck,30000,0.487,0.578,Answered,"The coordinator, pid 78456, took 'recheck'."
708,2026-10-04T01:52:43.1981335Z,load-inproc,inproc-threads6,recheck,30000,0.433,0.492,Answered,"The coordinator, pid 78456, took 'recheck'."
709,2026-10-04T01:52:43.3997911Z,load-inproc,inproc-threads6,recheck,30000,0.445,0.530,Answered,"The coordinator, pid 78456, took 'recheck'."
710,2026-10-04T01:52:43.6018450Z,load-inproc,inproc-threads6,recheck,30000,0.661,0.729,Answered,"The coordinator, pid 78456, took 'recheck'."
711,2026-10-04T01:52:43.8029749Z,load-inproc,inproc-threads6,recheck,30000,0.524,0.605,Answered,"The coordinator, pid 78456, took 'recheck'."
712,2026-10-04T01:52:44.0037981Z,load-inproc,inproc-threads6,recheck,30000,0.504,0.571,Answered,"The coordinator, pid 78456, took 'recheck'."
713,2026-10-04T01:52:44.2049840Z,load-inproc,inproc-threads6,recheck,30000,0.477,0.534,Answered,"The coordinator, pid 78456, took 'recheck'."
714,2026-10-04T01:52:44.4066311Z,load-inproc,inproc-threads6,recheck,30000,0.460,0.520,Answered,"The coordinator, pid 78456, took 'recheck'."
715,2026-10-04T01:52:44.6074964Z,load-inproc,inproc-threads6,recheck,30000,0.521,0.577,Answered,"The coordinator, pid 78456, took 'recheck'."
716,2026-10-04T01:52:44.8082506Z,load-inproc,inproc-threads6,recheck,30000,0.478,0.550,Answered,"The coordinator, pid 78456, took 'recheck'."
717,2026-10-04T01:52:45.0176541Z,load-inproc,inproc-threads6,recheck,30000,0.569,0.634,Answered,"The coordinator, pid 78456, took 'recheck'."
718,2026-10-04T01:52:45.2186413Z,load-inproc,inproc-threads6,recheck,30000,0.487,0.548,Answered,"The coordinator, pid 78456, took 'recheck'."
719,2026-10-04T01:52:45.4198803Z,load-inproc,inproc-threads6,recheck,30000,0.450,0.519,Answered,"The coordinator, pid 78456, took 'recheck'."
720,2026-10-04T01:52:45.6343165Z,load-inproc,inproc-threads6,recheck,30000,0.549,0.615,Answered,"The coordinator, pid 78456, took 'recheck'."
721,2026-10-04T01:52:45.8353428Z,load-inproc,inproc-threads6,recheck,30000,0.478,0.553,Answered,"The coordinator, pid 78456, took 'recheck'."
722,2026-10-04T01:52:46.0366448Z,load-inproc,inproc-threads6,recheck,30000,0.461,0.838,Answered,"The coordinator, pid 78456, took 'recheck'."
723,2026-10-04T01:52:46.2388344Z,load-inproc,inproc-threads6,recheck,30000,0.579,0.648,Answered,"The coordinator, pid 78456, took 'recheck'."
724,2026-10-04T01:52:46.4403783Z,load-inproc,inproc-threads6,recheck,30000,0.383,0.435,Answered,"The coordinator, pid 78456, took 'recheck'."
725,2026-10-04T01:52:46.6500202Z,load-inproc,inproc-threads6,recheck,30000,0.554,0.625,Answered,"The coordinator, pid 78456, took 'recheck'."
726,2026-10-04T01:52:46.8507313Z,load-inproc,inproc-threads6,recheck,30000,0.452,0.515,Answered,"The coordinator, pid 78456, took 'recheck'."
727,2026-10-04T01:52:47.0522382Z,load-inproc,inproc-threads6,recheck,30000,0.553,0.630,Answered,"The coordinator, pid 78456, took 'recheck'."
728,2026-10-04T01:52:47.2531704Z,load-inproc,inproc-threads6,recheck,30000,0.505,0.572,Answered,"The coordinator, pid 78456, took 'recheck'."
729,2026-10-04T01:52:47.4543372Z,load-inproc,inproc-threads6,recheck,30000,0.448,0.506,Answered,"The coordinator, pid 78456, took 'recheck'."
730,2026-10-04T01:52:47.6585306Z,load-inproc,inproc-threads6,recheck,30000,2.173,3.040,Answered,"The coordinator, pid 78456, took 'recheck'."
731,2026-10-04T01:52:47.8602687Z,load-inproc,inproc-threads6,recheck,30000,1.098,1.164,Answered,"The coordinator, pid 78456, took 'recheck'."
732,2026-10-04T01:52:48.0619067Z,load-inproc,inproc-threads6,recheck,30000,0.929,1.004,Answered,"The coordinator, pid 78456, took 'recheck'."
733,2026-10-04T01:52:48.2659587Z,load-inproc,inproc-threads6,recheck,30000,0.730,0.842,Answered,"The coordinator, pid 78456, took 'recheck'."
734,2026-10-04T01:52:48.4682377Z,load-inproc,inproc-threads6,recheck,30000,0.605,0.681,Answered,"The coordinator, pid 78456, took 'recheck'."
735,2026-10-04T01:52:48.6701086Z,load-inproc,inproc-threads6,recheck,30000,0.606,0.670,Answered,"The coordinator, pid 78456, took 'recheck'."
736,2026-10-04T01:52:48.8783794Z,load-inproc,inproc-threads6,recheck,30000,5.083,5.204,Answered,"The coordinator, pid 78456, took 'recheck'."
737,2026-10-04T01:52:49.0797376Z,load-inproc,inproc-threads6,recheck,30000,0.514,0.588,Answered,"The coordinator, pid 78456, took 'recheck'."
738,2026-10-04T01:52:49.2807347Z,load-inproc,inproc-threads6,recheck,30000,0.431,0.517,Answered,"The coordinator, pid 78456, took 'recheck'."
739,2026-10-04T01:52:49.4820140Z,load-inproc,inproc-threads6,recheck,30000,0.825,0.904,Answered,"The coordinator, pid 78456, took 'recheck'."
740,2026-10-04T01:52:49.6829643Z,load-inproc,inproc-threads6,recheck,30000,0.608,0.677,Answered,"The coordinator, pid 78456, took 'recheck'."
741,2026-10-04T01:52:49.8850164Z,load-inproc,inproc-threads5,recheck,30000,0.611,0.737,Answered,"The coordinator, pid 78456, took 'recheck'."
742,2026-10-04T01:52:50.0866987Z,load-inproc,inproc-threads5,recheck,30000,1.008,1.121,Answered,"The coordinator, pid 78456, took 'recheck'."
743,2026-10-04T01:52:50.2884542Z,load-inproc,inproc-threads5,recheck,30000,0.612,0.729,Answered,"The coordinator, pid 78456, took 'recheck'."
744,2026-10-04T01:52:50.5033444Z,load-inproc,inproc-threads5,recheck,30000,0.573,0.777,Answered,"The coordinator, pid 78456, took 'recheck'."
745,2026-10-04T01:52:50.7047607Z,load-inproc,inproc-threads5,recheck,30000,0.568,0.633,Answered,"The coordinator, pid 78456, took 'recheck'."
746,2026-10-04T01:52:50.9057841Z,load-inproc,inproc-threads5,recheck,30000,0.533,0.694,Answered,"The coordinator, pid 78456, took 'recheck'."
747,2026-10-04T01:52:51.1066072Z,load-inproc,inproc-threads5,recheck,30000,0.515,0.584,Answered,"The coordinator, pid 78456, took 'recheck'."
748,2026-10-04T01:52:51.3086789Z,load-inproc,inproc-threads5,recheck,30000,0.505,0.600,Answered,"The coordinator, pid 78456, took 'recheck'."
749,2026-10-04T01:52:51.5104134Z,load-inproc,inproc-threads5,recheck,30000,0.515,0.571,Answered,"The coordinator, pid 78456, took 'recheck'."
750,2026-10-04T01:52:51.7118804Z,load-inproc,inproc-threads5,recheck,30000,0.706,0.789,Answered,"The coordinator, pid 78456, took 'recheck'."
751,2026-10-04T01:52:51.9135605Z,load-inproc,inproc-threads5,recheck,30000,0.669,0.746,Answered,"The coordinator, pid 78456, took 'recheck'."
752,2026-10-04T01:52:52.1285496Z,load-inproc,inproc-threads5,recheck,30000,0.588,0.673,Answered,"The coordinator, pid 78456, took 'recheck'."
753,2026-10-04T01:52:52.3298202Z,load-inproc,inproc-threads5,recheck,30000,0.553,0.646,Answered,"The coordinator, pid 78456, took 'recheck'."
754,2026-10-04T01:52:52.5319875Z,load-inproc,inproc-threads5,recheck,30000,0.638,0.850,Answered,"The coordinator, pid 78456, took 'recheck'."
755,2026-10-04T01:52:52.7328483Z,load-inproc,inproc-threads5,recheck,30000,0.513,0.584,Answered,"The coordinator, pid 78456, took 'recheck'."
756,2026-10-04T01:52:52.9344423Z,load-inproc,inproc-threads5,recheck,30000,0.823,0.937,Answered,"The coordinator, pid 78456, took 'recheck'."
757,2026-10-04T01:52:53.1367176Z,load-inproc,inproc-threads5,recheck,30000,0.782,0.866,Answered,"The coordinator, pid 78456, took 'recheck'."
758,2026-10-04T01:52:53.3398825Z,load-inproc,inproc-threads5,recheck,30000,2.051,2.133,Answered,"The coordinator, pid 78456, took 'recheck'."
759,2026-10-04T01:52:53.5431138Z,load-inproc,inproc-threads5,recheck,30000,1.001,1.092,Answered,"The coordinator, pid 78456, took 'recheck'."
760,2026-10-04T01:52:53.7468561Z,load-inproc,inproc-threads5,recheck,30000,1.075,1.284,Answered,"The coordinator, pid 78456, took 'recheck'."
761,2026-10-04T01:52:53.9508214Z,load-inproc,inproc-threads5,recheck,30000,2.489,3.095,Answered,"The coordinator, pid 78456, took 'recheck'."
762,2026-10-04T01:52:54.1749765Z,load-inproc,inproc-threads5,recheck,30000,9.881,22.933,Answered,"The coordinator, pid 78456, took 'recheck'."
763,2026-10-04T01:52:54.3966514Z,load-inproc,inproc-threads5,recheck,30000,9.032,14.052,Answered,"The coordinator, pid 78456, took 'recheck'."
764,2026-10-04T01:52:54.6704443Z,load-inproc,inproc-threads5,recheck,30000,2.851,38.053,Answered,"The coordinator, pid 78456, took 'recheck'."
765,2026-10-04T01:52:54.9107641Z,load-inproc,inproc-threads5,recheck,30000,1.331,19.588,Answered,"The coordinator, pid 78456, took 'recheck'."
766,2026-10-04T01:52:55.1715237Z,load-inproc,inproc-threads5,recheck,30000,0.921,45.367,Answered,"The coordinator, pid 78456, took 'recheck'."
767,2026-10-04T01:52:55.3783847Z,load-inproc,inproc-threads5,recheck,30000,5.822,5.910,Answered,"The coordinator, pid 78456, took 'recheck'."
768,2026-10-04T01:52:55.5883641Z,load-inproc,inproc-threads5,recheck,30000,8.047,8.292,Answered,"The coordinator, pid 78456, took 'recheck'."
769,2026-10-04T01:52:55.8031228Z,load-inproc,inproc-threads5,recheck,30000,11.970,12.992,Answered,"The coordinator, pid 78456, took 'recheck'."
770,2026-10-04T01:52:56.0718948Z,load-inproc,inproc-threads5,recheck,30000,26.796,27.022,Answered,"The coordinator, pid 78456, took 'recheck'."
771,2026-10-04T01:52:56.3052983Z,load-inproc,inproc-threads5,recheck,30000,11.287,17.358,Answered,"The coordinator, pid 78456, took 'recheck'."
772,2026-10-04T01:52:56.5086311Z,load-inproc,inproc-threads5,recheck,30000,1.425,2.210,Answered,"The coordinator, pid 78456, took 'recheck'."
773,2026-10-04T01:52:56.7114901Z,load-inproc,inproc-threads5,recheck,30000,1.904,2.413,Answered,"The coordinator, pid 78456, took 'recheck'."
774,2026-10-04T01:52:56.9133084Z,load-inproc,inproc-threads5,recheck,30000,0.897,1.359,Answered,"The coordinator, pid 78456, took 'recheck'."
775,2026-10-04T01:52:57.1181146Z,load-inproc,inproc-threads5,recheck,30000,4.253,4.450,Answered,"The coordinator, pid 78456, took 'recheck'."
776,2026-10-04T01:52:57.3225141Z,load-inproc,inproc-threads5,recheck,30000,2.015,2.712,Answered,"The coordinator, pid 78456, took 'recheck'."
777,2026-10-04T01:52:57.5309392Z,load-inproc,inproc-threads5,recheck,30000,7.417,7.781,Answered,"The coordinator, pid 78456, took 'recheck'."
778,2026-10-04T01:52:57.7469463Z,load-inproc,inproc-threads5,recheck,30000,10.681,11.979,Answered,"The coordinator, pid 78456, took 'recheck'."
779,2026-10-04T01:52:57.9889942Z,load-inproc,inproc-threads5,recheck,30000,18.561,21.165,Answered,"The coordinator, pid 78456, took 'recheck'."
780,2026-10-04T01:52:58.1990025Z,load-inproc,inproc-threads5,recheck,30000,5.844,5.991,Answered,"The coordinator, pid 78456, took 'recheck'."
781,2026-10-04T01:52:58.4037231Z,load-inproc,inproc-threads5,recheck,30000,2.400,3.651,Answered,"The coordinator, pid 78456, took 'recheck'."
782,2026-10-04T01:52:58.6122223Z,load-inproc,inproc-threads5,recheck,30000,3.597,3.973,Answered,"The coordinator, pid 78456, took 'recheck'."
783,2026-10-04T01:52:58.8359362Z,load-inproc,inproc-threads5,recheck,30000,5.075,9.907,Answered,"The coordinator, pid 78456, took 'recheck'."
784,2026-10-04T01:52:59.0571151Z,load-inproc,inproc-threads5,recheck,30000,10.219,16.526,Answered,"The coordinator, pid 78456, took 'recheck'."
785,2026-10-04T01:52:59.2694798Z,load-inproc,inproc-threads5,recheck,30000,11.741,11.955,Answered,"The coordinator, pid 78456, took 'recheck'."
786,2026-10-04T01:52:59.6799173Z,load-inproc,inproc-threads5,recheck,30000,140.039,187.466,Answered,"The coordinator, pid 78456, took 'recheck'."
787,2026-10-04T01:53:00.1021317Z,load-inproc,inproc-threads5,recheck,30000,166.333,177.742,Answered,"The coordinator, pid 78456, took 'recheck'."
788,2026-10-04T01:53:00.4154667Z,load-inproc,inproc-threads5,recheck,30000,99.498,112.764,Answered,"The coordinator, pid 78456, took 'recheck'."
789,2026-10-04T01:53:00.6327262Z,load-inproc,inproc-threads5,recheck,30000,1.277,1.399,Answered,"The coordinator, pid 78456, took 'recheck'."
790,2026-10-04T01:53:00.8889469Z,load-inproc,inproc-threads5,recheck,30000,23.994,30.721,Answered,"The coordinator, pid 78456, took 'recheck'."
791,2026-10-04T01:53:01.1079670Z,load-inproc,inproc-threads5,recheck,30000,12.518,13.154,Answered,"The coordinator, pid 78456, took 'recheck'."
792,2026-10-04T01:53:01.3833294Z,load-inproc,inproc-threads5,recheck,30000,19.549,35.098,Answered,"The coordinator, pid 78456, took 'recheck'."
793,2026-10-04T01:53:01.6089351Z,load-inproc,inproc-threads5,recheck,30000,22.666,23.197,Answered,"The coordinator, pid 78456, took 'recheck'."
794,2026-10-04T01:53:01.8289223Z,load-inproc,inproc-threads5,recheck,30000,1.203,3.692,Answered,"The coordinator, pid 78456, took 'recheck'."
795,2026-10-04T01:53:02.0334223Z,load-inproc,inproc-threads5,recheck,30000,3.385,3.503,Answered,"The coordinator, pid 78456, took 'recheck'."
796,2026-10-04T01:53:02.4156810Z,load-inproc,inproc-threads5,recheck,30000,10.167,38.494,Answered,"The coordinator, pid 78456, took 'recheck'."
797,2026-10-04T01:53:02.6778374Z,load-inproc,inproc-threads5,recheck,30000,6.383,44.752,Answered,"The coordinator, pid 78456, took 'recheck'."
798,2026-10-04T01:53:02.9780727Z,load-inproc,inproc-threads5,recheck,30000,0.910,35.791,Answered,"The coordinator, pid 78456, took 'recheck'."
799,2026-10-04T01:53:03.1826365Z,load-inproc,inproc-threads5,recheck,30000,2.035,2.176,Answered,"The coordinator, pid 78456, took 'recheck'."
800,2026-10-04T01:53:03.4916031Z,load-inproc,inproc-threads5,recheck,30000,100.446,101.252,Answered,"The coordinator, pid 78456, took 'recheck'."
801,2026-10-04T01:53:03.8151743Z,load-inproc,inproc-threads5,recheck,30000,18.198,73.272,Answered,"The coordinator, pid 78456, took 'recheck'."
802,2026-10-04T01:53:04.2724740Z,load-inproc,inproc-threads5,recheck,30000,61.780,129.760,Answered,"The coordinator, pid 78456, took 'recheck'."
803,2026-10-04T01:53:04.5457076Z,load-inproc,inproc-threads5,recheck,30000,10.410,31.731,Answered,"The coordinator, pid 78456, took 'recheck'."
804,2026-10-04T01:53:04.9441289Z,load-inproc,inproc-threads5,recheck,30000,28.811,116.577,Answered,"The coordinator, pid 78456, took 'recheck'."
805,2026-10-04T01:53:05.2333949Z,load-inproc,inproc-threads5,recheck,30000,15.349,42.664,Answered,"The coordinator, pid 78456, took 'recheck'."
806,2026-10-04T01:53:05.6549616Z,load-inproc,inproc-threads5,recheck,30000,2.377,115.738,Answered,"The coordinator, pid 78456, took 'recheck'."
807,2026-10-04T01:53:06.0585381Z,load-inproc,inproc-threads5,recheck,30000,1.719,100.939,Answered,"The coordinator, pid 78456, took 'recheck'."
808,2026-10-04T01:53:06.2707705Z,load-inproc,inproc-threads5,recheck,30000,5.614,9.205,Answered,"The coordinator, pid 78456, took 'recheck'."
809,2026-10-04T01:53:06.4741609Z,load-inproc,inproc-threads5,recheck,30000,1.420,1.904,Answered,"The coordinator, pid 78456, took 'recheck'."
810,2026-10-04T01:53:06.6834480Z,load-inproc,inproc-threads5,recheck,30000,0.556,0.664,Answered,"The coordinator, pid 78456, took 'recheck'."
811,2026-10-04T01:53:06.8856734Z,load-inproc,inproc-threads5,recheck,30000,0.452,0.518,Answered,"The coordinator, pid 78456, took 'recheck'."
812,2026-10-04T01:53:07.0867290Z,load-inproc,inproc-threads5,recheck,30000,0.543,0.609,Answered,"The coordinator, pid 78456, took 'recheck'."
813,2026-10-04T01:53:07.2882185Z,load-inproc,inproc-threads5,recheck,30000,0.547,0.635,Answered,"The coordinator, pid 78456, took 'recheck'."
814,2026-10-04T01:53:07.4910382Z,load-inproc,inproc-threads5,recheck,30000,0.722,0.857,Answered,"The coordinator, pid 78456, took 'recheck'."
815,2026-10-04T01:53:07.7245918Z,load-inproc,inproc-threads5,recheck,30000,9.202,16.574,Answered,"The coordinator, pid 78456, took 'recheck'."
816,2026-10-04T01:53:08.0150655Z,load-inproc,inproc-threads5,recheck,30000,3.202,73.385,Answered,"The coordinator, pid 78456, took 'recheck'."
817,2026-10-04T01:53:08.3674816Z,load-inproc,inproc-threads5,recheck,30000,64.205,104.503,Answered,"The coordinator, pid 78456, took 'recheck'."
818,2026-10-04T01:53:08.6060710Z,load-inproc,inproc-threads5,recheck,30000,19.508,23.421,Answered,"The coordinator, pid 78456, took 'recheck'."
819,2026-10-04T01:53:08.8194072Z,load-inproc,inproc-threads5,recheck,30000,11.164,11.325,Answered,"The coordinator, pid 78456, took 'recheck'."
820,2026-10-04T01:53:09.0417886Z,load-inproc,inproc-threads5,recheck,30000,7.522,7.635,Answered,"The coordinator, pid 78456, took 'recheck'."
821,2026-10-04T01:53:09.2480913Z,load-inproc,inproc-threads5,recheck,30000,4.734,4.867,Answered,"The coordinator, pid 78456, took 'recheck'."
822,2026-10-04T01:53:09.4503034Z,load-inproc,inproc-threads5,recheck,30000,1.048,1.112,Answered,"The coordinator, pid 78456, took 'recheck'."
823,2026-10-04T01:53:09.6651883Z,load-inproc,inproc-threads5,recheck,30000,0.992,1.285,Answered,"The coordinator, pid 78456, took 'recheck'."
824,2026-10-04T01:53:09.8671309Z,load-inproc,inproc-threads5,recheck,30000,0.996,1.163,Answered,"The coordinator, pid 78456, took 'recheck'."
825,2026-10-04T01:53:10.0682979Z,load-inproc,inproc-threads5,recheck,30000,0.479,0.546,Answered,"The coordinator, pid 78456, took 'recheck'."
826,2026-10-04T01:53:10.2819580Z,load-inproc,inproc-threads5,recheck,30000,0.626,0.706,Answered,"The coordinator, pid 78456, took 'recheck'."
827,2026-10-04T01:53:10.4832940Z,load-inproc,inproc-threads5,recheck,30000,0.480,0.547,Answered,"The coordinator, pid 78456, took 'recheck'."
828,2026-10-04T01:53:10.6841144Z,load-inproc,inproc-threads5,recheck,30000,0.530,0.587,Answered,"The coordinator, pid 78456, took 'recheck'."
829,2026-10-04T01:53:10.8850702Z,load-inproc,inproc-threads5,recheck,30000,0.429,0.479,Answered,"The coordinator, pid 78456, took 'recheck'."
830,2026-10-04T01:53:11.0862530Z,load-inproc,inproc-threads5,recheck,30000,0.565,0.648,Answered,"The coordinator, pid 78456, took 'recheck'."
831,2026-10-04T01:53:11.2874414Z,load-inproc,inproc-threads5,recheck,30000,0.523,0.578,Answered,"The coordinator, pid 78456, took 'recheck'."
832,2026-10-04T01:53:11.4887283Z,load-inproc,inproc-threads5,recheck,30000,0.608,0.675,Answered,"The coordinator, pid 78456, took 'recheck'."
833,2026-10-04T01:53:11.6907125Z,load-inproc,inproc-threads5,recheck,30000,0.432,0.493,Answered,"The coordinator, pid 78456, took 'recheck'."
834,2026-10-04T01:53:11.8926621Z,load-inproc,inproc-threads5,recheck,30000,0.504,0.561,Answered,"The coordinator, pid 78456, took 'recheck'."
835,2026-10-04T01:53:12.0938144Z,load-inproc,inproc-threads5,recheck,30000,0.490,0.561,Answered,"The coordinator, pid 78456, took 'recheck'."
836,2026-10-04T01:53:12.2964735Z,load-inproc,inproc-threads5,recheck,30000,0.462,0.542,Answered,"The coordinator, pid 78456, took 'recheck'."
837,2026-10-04T01:53:12.4979379Z,load-inproc,inproc-threads5,recheck,30000,0.555,0.825,Answered,"The coordinator, pid 78456, took 'recheck'."
838,2026-10-04T01:53:12.7003220Z,load-inproc,inproc-threads5,recheck,30000,0.973,1.043,Answered,"The coordinator, pid 78456, took 'recheck'."
839,2026-10-04T01:53:12.9190999Z,load-inproc,inproc-threads5,recheck,30000,2.631,3.042,Answered,"The coordinator, pid 78456, took 'recheck'."
840,2026-10-04T01:53:13.1205948Z,load-inproc,inproc-threads5,recheck,30000,0.525,0.592,Answered,"The coordinator, pid 78456, took 'recheck'."
841,2026-10-04T01:53:13.3218597Z,load-inproc,inproc-threads5,recheck,30000,0.530,0.592,Answered,"The coordinator, pid 78456, took 'recheck'."
842,2026-10-04T01:53:13.5232239Z,load-inproc,inproc-threads5,recheck,30000,0.500,0.569,Answered,"The coordinator, pid 78456, took 'recheck'."
843,2026-10-04T01:53:13.7257725Z,load-inproc,inproc-threads5,recheck,30000,0.442,0.508,Answered,"The coordinator, pid 78456, took 'recheck'."
844,2026-10-04T01:53:13.9278891Z,load-inproc,inproc-threads5,recheck,30000,0.511,0.571,Answered,"The coordinator, pid 78456, took 'recheck'."
845,2026-10-04T01:53:14.1295034Z,load-inproc,inproc-threads5,recheck,30000,0.456,0.521,Answered,"The coordinator, pid 78456, took 'recheck'."
846,2026-10-04T01:53:14.3306819Z,load-inproc,inproc-threads5,recheck,30000,0.592,0.745,Answered,"The coordinator, pid 78456, took 'recheck'."
847,2026-10-04T01:53:14.5419478Z,load-inproc,inproc-threads5,recheck,30000,0.663,0.734,Answered,"The coordinator, pid 78456, took 'recheck'."
848,2026-10-04T01:53:14.7427677Z,load-inproc,inproc-threads5,recheck,30000,0.512,0.577,Answered,"The coordinator, pid 78456, took 'recheck'."
849,2026-10-04T01:53:14.9438207Z,load-inproc,inproc-threads5,recheck,30000,0.460,0.517,Answered,"The coordinator, pid 78456, took 'recheck'."
850,2026-10-04T01:53:15.1446333Z,load-inproc,inproc-threads5,recheck,30000,0.503,0.567,Answered,"The coordinator, pid 78456, took 'recheck'."
851,2026-10-04T01:53:15.3461880Z,load-inproc,inproc-threads5,recheck,30000,0.447,0.494,Answered,"The coordinator, pid 78456, took 'recheck'."
852,2026-10-04T01:53:15.5595176Z,load-inproc,inproc-threads5,recheck,30000,0.617,0.699,Answered,"The coordinator, pid 78456, took 'recheck'."
853,2026-10-04T01:53:15.7614203Z,load-inproc,inproc-threads5,recheck,30000,0.473,0.533,Answered,"The coordinator, pid 78456, took 'recheck'."
854,2026-10-04T01:53:15.9629959Z,load-inproc,inproc-threads5,recheck,30000,0.477,0.529,Answered,"The coordinator, pid 78456, took 'recheck'."
855,2026-10-04T01:53:16.1638068Z,load-inproc,inproc-threads5,recheck,30000,0.444,0.494,Answered,"The coordinator, pid 78456, took 'recheck'."
856,2026-10-04T01:53:16.3649078Z,load-inproc,inproc-threads5,recheck,30000,0.431,0.482,Answered,"The coordinator, pid 78456, took 'recheck'."
857,2026-10-04T01:53:16.5658626Z,load-inproc,inproc-threads5,recheck,30000,0.428,0.488,Answered,"The coordinator, pid 78456, took 'recheck'."
858,2026-10-04T01:53:16.7669948Z,load-inproc,inproc-threads5,recheck,30000,0.446,0.490,Answered,"The coordinator, pid 78456, took 'recheck'."
859,2026-10-04T01:53:16.9680595Z,load-inproc,inproc-threads5,recheck,30000,0.449,0.516,Answered,"The coordinator, pid 78456, took 'recheck'."
860,2026-10-04T01:53:17.1700603Z,load-inproc,inproc-threads5,recheck,30000,0.421,0.476,Answered,"The coordinator, pid 78456, took 'recheck'."
861,2026-10-04T01:53:17.3719945Z,load-inproc,inproc-threads5,recheck,30000,0.406,0.459,Answered,"The coordinator, pid 78456, took 'recheck'."
862,2026-10-04T01:53:17.5873222Z,load-inproc,inproc-threads5,recheck,30000,0.542,0.642,Answered,"The coordinator, pid 78456, took 'recheck'."
863,2026-10-04T01:53:17.7881704Z,load-inproc,inproc-threads5,recheck,30000,0.505,0.567,Answered,"The coordinator, pid 78456, took 'recheck'."
864,2026-10-04T01:53:17.9889490Z,load-inproc,inproc-threads5,recheck,30000,0.463,0.516,Answered,"The coordinator, pid 78456, took 'recheck'."
865,2026-10-04T01:53:18.1899813Z,load-inproc,inproc-threads5,recheck,30000,0.405,0.461,Answered,"The coordinator, pid 78456, took 'recheck'."
866,2026-10-04T01:53:18.3910246Z,load-inproc,inproc-threads5,recheck,30000,0.439,0.512,Answered,"The coordinator, pid 78456, took 'recheck'."
867,2026-10-04T01:53:18.5927135Z,load-inproc,inproc-threads5,recheck,30000,0.480,0.565,Answered,"The coordinator, pid 78456, took 'recheck'."
868,2026-10-04T01:53:18.7942806Z,load-inproc,inproc-threads5,recheck,30000,0.690,0.966,Answered,"The coordinator, pid 78456, took 'recheck'."
869,2026-10-04T01:53:18.9953499Z,load-inproc,inproc-threads5,recheck,30000,0.530,0.606,Answered,"The coordinator, pid 78456, took 'recheck'."
870,2026-10-04T01:53:19.1971439Z,load-inproc,inproc-threads5,recheck,30000,0.432,0.487,Answered,"The coordinator, pid 78456, took 'recheck'."
871,2026-10-04T01:53:19.3991714Z,load-inproc,inproc-threads5,recheck,30000,0.494,0.566,Answered,"The coordinator, pid 78456, took 'recheck'."
872,2026-10-04T01:53:19.6048169Z,load-inproc,inproc-threads5,recheck,30000,0.502,0.582,Answered,"The coordinator, pid 78456, took 'recheck'."
873,2026-10-04T01:53:19.8070342Z,load-inproc,inproc-threads5,recheck,30000,0.543,0.608,Answered,"The coordinator, pid 78456, took 'recheck'."
874,2026-10-04T01:53:20.0081419Z,load-inproc,inproc-threads5,recheck,30000,0.397,0.466,Answered,"The coordinator, pid 78456, took 'recheck'."
875,2026-10-04T01:53:20.2091463Z,load-inproc,inproc-threads5,recheck,30000,0.446,0.516,Answered,"The coordinator, pid 78456, took 'recheck'."
876,2026-10-04T01:53:20.4102262Z,load-inproc,inproc-threads5,recheck,30000,0.391,0.459,Answered,"The coordinator, pid 78456, took 'recheck'."
877,2026-10-04T01:53:20.6132540Z,load-inproc,inproc-threads5,recheck,30000,0.486,0.564,Answered,"The coordinator, pid 78456, took 'recheck'."
878,2026-10-04T01:53:20.8141488Z,load-inproc,inproc-threads5,recheck,30000,0.521,0.581,Answered,"The coordinator, pid 78456, took 'recheck'."
879,2026-10-04T01:53:21.0151570Z,load-inproc,inproc-threads5,recheck,30000,0.588,0.673,Answered,"The coordinator, pid 78456, took 'recheck'."
880,2026-10-04T01:53:21.2172029Z,load-inproc,inproc-threads5,recheck,30000,0.403,0.455,Answered,"The coordinator, pid 78456, took 'recheck'."
881,2026-10-04T01:53:21.4181899Z,load-inproc,inproc-threads5,recheck,30000,0.472,0.561,Answered,"The coordinator, pid 78456, took 'recheck'."
882,2026-10-04T01:53:21.6224336Z,load-inproc,inproc-threads5,recheck,30000,0.600,0.690,Answered,"The coordinator, pid 78456, took 'recheck'."
883,2026-10-04T01:53:21.8232889Z,load-inproc,inproc-threads5,recheck,30000,0.521,0.600,Answered,"The coordinator, pid 78456, took 'recheck'."
884,2026-10-04T01:53:22.0380201Z,load-inproc,inproc-threads5,recheck,30000,5.586,12.666,Answered,"The coordinator, pid 78456, took 'recheck'."
885,2026-10-04T01:53:22.2440323Z,load-inproc,inproc-threads5,recheck,30000,0.793,0.882,Answered,"The coordinator, pid 78456, took 'recheck'."
886,2026-10-04T01:53:22.4460624Z,load-inproc,inproc-threads5,recheck,30000,0.512,0.614,Answered,"The coordinator, pid 78456, took 'recheck'."
887,2026-10-04T01:53:22.6474497Z,load-inproc,inproc-threads5,recheck,30000,0.617,0.703,Answered,"The coordinator, pid 78456, took 'recheck'."
888,2026-10-04T01:53:22.8497490Z,load-inproc,inproc-threads5,recheck,30000,0.563,0.639,Answered,"The coordinator, pid 78456, took 'recheck'."
889,2026-10-04T01:53:23.0508389Z,load-inproc,inproc-threads5,recheck,30000,0.472,0.531,Answered,"The coordinator, pid 78456, took 'recheck'."
890,2026-10-04T01:53:23.2530149Z,load-inproc,inproc-threads5,recheck,30000,0.516,0.581,Answered,"The coordinator, pid 78456, took 'recheck'."
891,2026-10-04T01:53:23.4540170Z,load-inproc,inproc-threads5,recheck,30000,0.407,0.479,Answered,"The coordinator, pid 78456, took 'recheck'."
892,2026-10-04T01:53:23.6552873Z,load-inproc,inproc-threads5,recheck,30000,0.506,0.576,Answered,"The coordinator, pid 78456, took 'recheck'."
893,2026-10-04T01:53:23.8631234Z,load-inproc,inproc-threads5,recheck,30000,0.634,0.721,Answered,"The coordinator, pid 78456, took 'recheck'."
894,2026-10-04T01:53:24.0641347Z,load-inproc,inproc-threads5,recheck,30000,0.641,0.736,Answered,"The coordinator, pid 78456, took 'recheck'."
895,2026-10-04T01:53:24.2673275Z,load-inproc,inproc-threads5,recheck,30000,1.376,2.039,Answered,"The coordinator, pid 78456, took 'recheck'."
896,2026-10-04T01:53:24.4800530Z,load-inproc,inproc-threads5,recheck,30000,0.824,0.921,Answered,"The coordinator, pid 78456, took 'recheck'."
897,2026-10-04T01:53:24.6813631Z,load-inproc,inproc-threads5,recheck,30000,0.656,0.735,Answered,"The coordinator, pid 78456, took 'recheck'."
898,2026-10-04T01:53:24.8827328Z,load-inproc,inproc-threads5,recheck,30000,0.636,0.802,Answered,"The coordinator, pid 78456, took 'recheck'."
899,2026-10-04T01:53:25.0838218Z,load-inproc,inproc-threads5,recheck,30000,0.635,0.722,Answered,"The coordinator, pid 78456, took 'recheck'."
900,2026-10-04T01:53:25.2845055Z,load-inproc,inproc-threads5,recheck,30000,0.408,0.467,Answered,"The coordinator, pid 78456, took 'recheck'."
901,2026-10-04T01:53:25.4853083Z,load-inproc,inproc-threads5,recheck,30000,0.493,0.567,Answered,"The coordinator, pid 78456, took 'recheck'."
902,2026-10-04T01:53:25.6861831Z,load-inproc,inproc-threads5,recheck,30000,0.514,0.578,Answered,"The coordinator, pid 78456, took 'recheck'."
903,2026-10-04T01:53:25.8869850Z,load-inproc,inproc-threads5,recheck,30000,0.466,0.526,Answered,"The coordinator, pid 78456, took 'recheck'."
904,2026-10-04T01:53:26.0879712Z,load-inproc,inproc-threads5,recheck,30000,0.522,0.574,Answered,"The coordinator, pid 78456, took 'recheck'."
905,2026-10-04T01:53:26.2887279Z,load-inproc,inproc-threads5,recheck,30000,0.487,0.545,Answered,"The coordinator, pid 78456, took 'recheck'."
906,2026-10-04T01:53:26.4909955Z,load-inproc,inproc-threads5,recheck,30000,0.560,0.614,Answered,"The coordinator, pid 78456, took 'recheck'."
907,2026-10-04T01:53:26.6917708Z,load-inproc,inproc-threads5,recheck,30000,0.437,0.491,Answered,"The coordinator, pid 78456, took 'recheck'."
908,2026-10-04T01:53:26.8928093Z,load-inproc,inproc-threads5,recheck,30000,0.554,0.624,Answered,"The coordinator, pid 78456, took 'recheck'."
909,2026-10-04T01:53:27.0961662Z,load-inproc,inproc-threads5,recheck,30000,1.474,2.364,Answered,"The coordinator, pid 78456, took 'recheck'."
910,2026-10-04T01:53:27.2975798Z,load-inproc,inproc-threads5,recheck,30000,0.528,0.594,Answered,"The coordinator, pid 78456, took 'recheck'."
911,2026-10-04T01:53:27.4989630Z,load-inproc,inproc-threads5,recheck,30000,0.587,0.669,Answered,"The coordinator, pid 78456, took 'recheck'."
912,2026-10-04T01:53:27.7001954Z,load-inproc,inproc-threads5,recheck,30000,0.482,0.547,Answered,"The coordinator, pid 78456, took 'recheck'."
913,2026-10-04T01:53:27.9023856Z,load-inproc,inproc-threads5,recheck,30000,0.426,0.480,Answered,"The coordinator, pid 78456, took 'recheck'."
914,2026-10-04T01:53:28.1033932Z,load-inproc,inproc-threads5,recheck,30000,0.413,0.501,Answered,"The coordinator, pid 78456, took 'recheck'."
915,2026-10-04T01:53:28.3043809Z,load-inproc,inproc-threads5,recheck,30000,0.471,0.553,Answered,"The coordinator, pid 78456, took 'recheck'."
916,2026-10-04T01:53:28.5066356Z,load-inproc,inproc-threads5,recheck,30000,0.418,0.468,Answered,"The coordinator, pid 78456, took 'recheck'."
917,2026-10-04T01:53:28.7077539Z,load-inproc,inproc-threads5,recheck,30000,0.512,0.586,Answered,"The coordinator, pid 78456, took 'recheck'."
918,2026-10-04T01:53:28.9085308Z,load-inproc,inproc-threads5,recheck,30000,0.397,0.446,Answered,"The coordinator, pid 78456, took 'recheck'."
919,2026-10-04T01:53:29.1223194Z,load-inproc,inproc-threads5,recheck,30000,0.536,0.607,Answered,"The coordinator, pid 78456, took 'recheck'."
920,2026-10-04T01:53:29.3233710Z,load-inproc,inproc-threads5,recheck,30000,0.455,0.520,Answered,"The coordinator, pid 78456, took 'recheck'."
921,2026-10-04T01:53:29.5254774Z,load-inproc,inproc-threads5,recheck,30000,0.417,0.481,Answered,"The coordinator, pid 78456, took 'recheck'."
922,2026-10-04T01:53:29.7273996Z,load-inproc,inproc-threads5,recheck,30000,0.465,0.550,Answered,"The coordinator, pid 78456, took 'recheck'."
923,2026-10-04T01:53:29.9329489Z,load-inproc,inproc-threads5,recheck,30000,3.541,4.045,Answered,"The coordinator, pid 78456, took 'recheck'."
924,2026-10-04T01:53:30.1356568Z,load-inproc,inproc-threads5,recheck,30000,0.430,0.482,Answered,"The coordinator, pid 78456, took 'recheck'."
925,2026-10-04T01:53:30.3372872Z,load-inproc,inproc-threads5,recheck,30000,0.549,0.614,Answered,"The coordinator, pid 78456, took 'recheck'."
926,2026-10-04T01:53:30.5381859Z,load-inproc,inproc-threads5,recheck,30000,0.416,0.477,Answered,"The coordinator, pid 78456, took 'recheck'."
927,2026-10-04T01:53:30.7401737Z,load-inproc,inproc-threads5,recheck,30000,0.375,0.429,Answered,"The coordinator, pid 78456, took 'recheck'."
928,2026-10-04T01:53:30.9412062Z,load-inproc,inproc-threads5,recheck,30000,0.422,0.477,Answered,"The coordinator, pid 78456, took 'recheck'."
929,2026-10-04T01:53:31.1427763Z,load-inproc,inproc-threads5,recheck,30000,0.422,0.475,Answered,"The coordinator, pid 78456, took 'recheck'."
930,2026-10-04T01:53:31.3453844Z,load-inproc,inproc-threads5,recheck,30000,0.476,0.536,Answered,"The coordinator, pid 78456, took 'recheck'."
931,2026-10-04T01:53:31.5462203Z,load-inproc,inproc-threads5,recheck,30000,0.418,0.473,Answered,"The coordinator, pid 78456, took 'recheck'."
932,2026-10-04T01:53:31.7512589Z,load-inproc,inproc-threads5,recheck,30000,0.467,0.524,Answered,"The coordinator, pid 78456, took 'recheck'."
933,2026-10-04T01:53:31.9526957Z,load-inproc,inproc-threads5,recheck,30000,0.473,0.541,Answered,"The coordinator, pid 78456, took 'recheck'."
934,2026-10-04T01:53:32.1538921Z,load-inproc,inproc-threads5,recheck,30000,0.454,0.521,Answered,"The coordinator, pid 78456, took 'recheck'."
935,2026-10-04T01:53:32.3549913Z,load-inproc,inproc-threads5,recheck,30000,0.408,0.465,Answered,"The coordinator, pid 78456, took 'recheck'."
936,2026-10-04T01:53:32.5561566Z,load-inproc,inproc-threads5,recheck,30000,0.366,0.427,Answered,"The coordinator, pid 78456, took 'recheck'."
937,2026-10-04T01:53:32.7569526Z,load-inproc,inproc-threads5,recheck,30000,0.465,0.519,Answered,"The coordinator, pid 78456, took 'recheck'."
938,2026-10-04T01:53:32.9576608Z,load-inproc,inproc-threads5,recheck,30000,0.446,0.519,Answered,"The coordinator, pid 78456, took 'recheck'."
939,2026-10-04T01:53:33.1588781Z,load-inproc,inproc-threads5,recheck,30000,0.390,0.448,Answered,"The coordinator, pid 78456, took 'recheck'."
940,2026-10-04T01:53:33.3713918Z,load-inproc,inproc-threads5,recheck,30000,0.510,0.576,Answered,"The coordinator, pid 78456, took 'recheck'."
941,2026-10-04T01:53:33.5728111Z,load-inproc,inproc-threads5,recheck,30000,0.420,0.492,Answered,"The coordinator, pid 78456, took 'recheck'."
942,2026-10-04T01:53:33.7739509Z,load-inproc,inproc-threads5,recheck,30000,0.822,0.897,Answered,"The coordinator, pid 78456, took 'recheck'."
943,2026-10-04T01:53:33.9753286Z,load-inproc,inproc-threads5,recheck,30000,0.467,0.529,Answered,"The coordinator, pid 78456, took 'recheck'."
944,2026-10-04T01:53:34.1763642Z,load-inproc,inproc-threads5,recheck,30000,0.478,0.543,Answered,"The coordinator, pid 78456, took 'recheck'."
945,2026-10-04T01:53:34.3780094Z,load-inproc,inproc-threads5,recheck,30000,0.635,0.747,Answered,"The coordinator, pid 78456, took 'recheck'."
946,2026-10-04T01:53:34.5797382Z,load-inproc,inproc-threads5,recheck,30000,0.522,0.581,Answered,"The coordinator, pid 78456, took 'recheck'."
947,2026-10-04T01:53:34.7811586Z,load-inproc,inproc-threads5,recheck,30000,0.463,0.532,Answered,"The coordinator, pid 78456, took 'recheck'."
948,2026-10-04T01:53:34.9928370Z,load-inproc,inproc-threads5,recheck,30000,0.526,0.633,Answered,"The coordinator, pid 78456, took 'recheck'."
949,2026-10-04T01:53:35.1940763Z,load-inproc,inproc-threads5,recheck,30000,0.445,0.508,Answered,"The coordinator, pid 78456, took 'recheck'."
950,2026-10-04T01:53:35.3948398Z,load-inproc,inproc-threads5,recheck,30000,0.391,0.446,Answered,"The coordinator, pid 78456, took 'recheck'."
951,2026-10-04T01:53:35.5967034Z,load-inproc,inproc-threads5,recheck,30000,0.473,0.554,Answered,"The coordinator, pid 78456, took 'recheck'."
952,2026-10-04T01:53:35.7979584Z,load-inproc,inproc-threads5,recheck,30000,0.514,0.588,Answered,"The coordinator, pid 78456, took 'recheck'."
953,2026-10-04T01:53:36.0073652Z,load-inproc,inproc-threads5,recheck,30000,0.479,0.553,Answered,"The coordinator, pid 78456, took 'recheck'."
954,2026-10-04T01:53:36.2081288Z,load-inproc,inproc-threads5,recheck,30000,0.453,0.524,Answered,"The coordinator, pid 78456, took 'recheck'."
955,2026-10-04T01:53:36.4089405Z,load-inproc,inproc-threads5,recheck,30000,0.398,0.467,Answered,"The coordinator, pid 78456, took 'recheck'."
956,2026-10-04T01:53:36.6100465Z,load-inproc,inproc-threads5,recheck,30000,0.403,0.470,Answered,"The coordinator, pid 78456, took 'recheck'."
957,2026-10-04T01:53:36.8113032Z,load-inproc,inproc-threads5,recheck,30000,0.383,0.444,Answered,"The coordinator, pid 78456, took 'recheck'."
958,2026-10-04T01:53:37.0128041Z,load-inproc,inproc-threads5,recheck,30000,0.436,0.490,Answered,"The coordinator, pid 78456, took 'recheck'."
959,2026-10-04T01:53:37.2139518Z,load-inproc,inproc-threads5,recheck,30000,0.442,0.500,Answered,"The coordinator, pid 78456, took 'recheck'."
960,2026-10-04T01:53:37.4146537Z,load-inproc,inproc-threads5,recheck,30000,0.408,0.479,Answered,"The coordinator, pid 78456, took 'recheck'."
961,2026-10-04T01:53:37.6155037Z,load-inproc,inproc-threads5,recheck,30000,0.442,0.501,Answered,"The coordinator, pid 78456, took 'recheck'."
962,2026-10-04T01:53:37.8170774Z,load-inproc,inproc-threads5,recheck,30000,0.500,0.562,Answered,"The coordinator, pid 78456, took 'recheck'."
963,2026-10-04T01:53:38.0198685Z,load-inproc,inproc-threads5,recheck,30000,0.606,0.699,Answered,"The coordinator, pid 78456, took 'recheck'."
964,2026-10-04T01:53:38.2206360Z,load-inproc,inproc-threads5,recheck,30000,0.454,0.513,Answered,"The coordinator, pid 78456, took 'recheck'."
965,2026-10-04T01:53:38.4215529Z,load-inproc,inproc-threads5,recheck,30000,0.575,0.663,Answered,"The coordinator, pid 78456, took 'recheck'."
966,2026-10-04T01:53:38.6230842Z,load-inproc,inproc-threads5,recheck,30000,0.414,0.473,Answered,"The coordinator, pid 78456, took 'recheck'."
967,2026-10-04T01:53:38.8244952Z,load-inproc,inproc-threads5,recheck,30000,0.522,0.578,Answered,"The coordinator, pid 78456, took 'recheck'."
968,2026-10-04T01:53:39.0265737Z,load-inproc,inproc-threads5,recheck,30000,0.456,0.530,Answered,"The coordinator, pid 78456, took 'recheck'."
969,2026-10-04T01:53:39.2287013Z,load-inproc,inproc-threads5,recheck,30000,0.397,0.452,Answered,"The coordinator, pid 78456, took 'recheck'."
970,2026-10-04T01:53:39.4297422Z,load-inproc,inproc-threads5,recheck,30000,0.435,0.496,Answered,"The coordinator, pid 78456, took 'recheck'."
971,2026-10-04T01:53:39.6414589Z,load-inproc,inproc-threads5,recheck,30000,0.409,0.482,Answered,"The coordinator, pid 78456, took 'recheck'."
972,2026-10-04T01:53:39.8429525Z,load-inproc,inproc-threads5,recheck,30000,0.404,0.456,Answered,"The coordinator, pid 78456, took 'recheck'."
973,2026-10-04T01:53:40.0441912Z,load-inproc,inproc-threads5,recheck,30000,0.402,0.467,Answered,"The coordinator, pid 78456, took 'recheck'."
974,2026-10-04T01:53:40.2587495Z,load-inproc,inproc-threads5,recheck,30000,0.445,0.506,Answered,"The coordinator, pid 78456, took 'recheck'."
975,2026-10-04T01:53:40.4593998Z,load-inproc,inproc-threads5,recheck,30000,0.433,0.494,Answered,"The coordinator, pid 78456, took 'recheck'."
976,2026-10-04T01:53:40.6707785Z,load-inproc,inproc-threads5,recheck,30000,2.340,8.769,Answered,"The coordinator, pid 78456, took 'recheck'."
977,2026-10-04T01:53:40.8769961Z,load-inproc,inproc-threads5,recheck,30000,0.442,0.506,Answered,"The coordinator, pid 78456, took 'recheck'."
978,2026-10-04T01:53:41.0780153Z,load-inproc,inproc-threads5,recheck,30000,0.488,0.550,Answered,"The coordinator, pid 78456, took 'recheck'."
979,2026-10-04T01:53:41.2793075Z,load-inproc,inproc-threads5,recheck,30000,0.403,0.457,Answered,"The coordinator, pid 78456, took 'recheck'."
980,2026-10-04T01:53:41.4904865Z,load-inproc,inproc-threads5,recheck,30000,0.449,0.528,Answered,"The coordinator, pid 78456, took 'recheck'."
981,2026-10-04T01:53:41.6913984Z,load-inproc,inproc-threads5,recheck,30000,0.385,0.435,Answered,"The coordinator, pid 78456, took 'recheck'."
982,2026-10-04T01:53:41.8927594Z,load-inproc,inproc-threads5,recheck,30000,0.503,0.565,Answered,"The coordinator, pid 78456, took 'recheck'."
983,2026-10-04T01:53:42.0938067Z,load-inproc,inproc-threads5,recheck,30000,0.436,0.507,Answered,"The coordinator, pid 78456, took 'recheck'."
984,2026-10-04T01:53:42.2958167Z,load-inproc,inproc-threads5,recheck,30000,0.540,0.635,Answered,"The coordinator, pid 78456, took 'recheck'."
985,2026-10-04T01:53:42.4985022Z,load-inproc,inproc-threads5,recheck,30000,0.863,1.246,Answered,"The coordinator, pid 78456, took 'recheck'."
986,2026-10-04T01:53:42.7004743Z,load-inproc,inproc-threads5,recheck,30000,0.387,0.441,Answered,"The coordinator, pid 78456, took 'recheck'."
987,2026-10-04T01:53:42.9010963Z,load-inproc,inproc-threads5,recheck,30000,0.353,0.410,Answered,"The coordinator, pid 78456, took 'recheck'."
988,2026-10-04T01:53:43.1090554Z,load-inproc,inproc-threads5,recheck,30000,0.462,0.521,Answered,"The coordinator, pid 78456, took 'recheck'."
989,2026-10-04T01:53:43.3100234Z,load-inproc,inproc-threads5,recheck,30000,0.401,0.462,Answered,"The coordinator, pid 78456, took 'recheck'."
990,2026-10-04T01:53:43.5115364Z,load-inproc,inproc-threads5,recheck,30000,0.618,0.668,Answered,"The coordinator, pid 78456, took 'recheck'."
991,2026-10-04T01:53:43.7251427Z,load-inproc,inproc-threads5,recheck,30000,0.529,0.606,Answered,"The coordinator, pid 78456, took 'recheck'."
992,2026-10-04T01:53:43.9269640Z,load-inproc,inproc-threads5,recheck,30000,0.422,0.472,Answered,"The coordinator, pid 78456, took 'recheck'."
993,2026-10-04T01:53:44.1280463Z,load-inproc,inproc-threads5,recheck,30000,0.504,0.559,Answered,"The coordinator, pid 78456, took 'recheck'."
994,2026-10-04T01:53:44.3286683Z,load-inproc,inproc-threads5,recheck,30000,0.380,0.437,Answered,"The coordinator, pid 78456, took 'recheck'."
995,2026-10-04T01:53:44.5299925Z,load-inproc,inproc-threads5,recheck,30000,0.347,0.403,Answered,"The coordinator, pid 78456, took 'recheck'."
996,2026-10-04T01:53:44.7318102Z,load-inproc,inproc-threads5,recheck,30000,0.506,0.566,Answered,"The coordinator, pid 78456, took 'recheck'."
997,2026-10-04T01:53:44.9331990Z,load-inproc,inproc-threads5,recheck,30000,0.710,0.785,Answered,"The coordinator, pid 78456, took 'recheck'."
998,2026-10-04T01:53:45.1351911Z,load-inproc,inproc-threads5,recheck,30000,0.383,0.435,Answered,"The coordinator, pid 78456, took 'recheck'."
999,2026-10-04T01:53:45.3403205Z,load-inproc,inproc-threads5,recheck,30000,0.544,0.600,Answered,"The coordinator, pid 78456, took 'recheck'."
1000,2026-10-04T01:53:45.5418415Z,load-inproc,inproc-threads5,recheck,30000,0.431,0.509,Answered,"The coordinator, pid 78456, took 'recheck'."
1001,2026-10-04T01:53:45.7432813Z,load-inproc,inproc-threads5,recheck,30000,0.685,0.754,Answered,"The coordinator, pid 78456, took 'recheck'."
1002,2026-10-04T01:53:45.9443525Z,load-inproc,inproc-threads5,recheck,30000,0.580,0.660,Answered,"The coordinator, pid 78456, took 'recheck'."
1003,2026-10-04T01:53:46.1468010Z,load-inproc,inproc-threads5,recheck,30000,0.704,0.780,Answered,"The coordinator, pid 78456, took 'recheck'."
1004,2026-10-04T01:53:46.3478454Z,load-inproc,inproc-threads5,recheck,30000,0.445,0.515,Answered,"The coordinator, pid 78456, took 'recheck'."
1005,2026-10-04T01:53:46.5484983Z,load-inproc,inproc-threads5,recheck,30000,0.370,0.420,Answered,"The coordinator, pid 78456, took 'recheck'."
1006,2026-10-04T01:53:46.7493872Z,load-inproc,inproc-threads5,recheck,30000,0.374,0.418,Answered,"The coordinator, pid 78456, took 'recheck'."
1007,2026-10-04T01:53:46.9529416Z,load-inproc,inproc-threads5,recheck,30000,0.426,0.483,Answered,"The coordinator, pid 78456, took 'recheck'."
1008,2026-10-04T01:53:47.1558259Z,load-inproc,inproc-threads5,recheck,30000,1.339,1.467,Answered,"The coordinator, pid 78456, took 'recheck'."
1009,2026-10-04T01:53:47.3569511Z,load-inproc,inproc-threads5,recheck,30000,0.390,0.451,Answered,"The coordinator, pid 78456, took 'recheck'."
1010,2026-10-04T01:53:47.5633436Z,load-inproc,inproc-threads5,recheck,30000,0.591,0.670,Answered,"The coordinator, pid 78456, took 'recheck'."
1011,2026-10-04T01:53:47.7649520Z,load-inproc,inproc-threads5,recheck,30000,0.396,0.469,Answered,"The coordinator, pid 78456, took 'recheck'."
1012,2026-10-04T01:53:47.9657083Z,load-inproc,inproc-threads5,recheck,30000,0.429,0.487,Answered,"The coordinator, pid 78456, took 'recheck'."
1013,2026-10-04T01:53:48.1665922Z,load-inproc,inproc-threads5,recheck,30000,0.406,0.451,Answered,"The coordinator, pid 78456, took 'recheck'."
1014,2026-10-04T01:53:48.3685116Z,load-inproc,inproc-threads5,recheck,30000,0.382,0.442,Answered,"The coordinator, pid 78456, took 'recheck'."
1015,2026-10-04T01:53:48.5694325Z,load-inproc,inproc-threads5,recheck,30000,0.407,0.459,Answered,"The coordinator, pid 78456, took 'recheck'."
1016,2026-10-04T01:53:48.7700170Z,load-inproc,inproc-threads5,recheck,30000,0.382,0.432,Answered,"The coordinator, pid 78456, took 'recheck'."
1017,2026-10-04T01:53:48.9707285Z,load-inproc,inproc-threads5,recheck,30000,0.391,0.453,Answered,"The coordinator, pid 78456, took 'recheck'."
1018,2026-10-04T01:53:49.1729849Z,load-inproc,inproc-threads5,recheck,30000,0.419,0.478,Answered,"The coordinator, pid 78456, took 'recheck'."
1019,2026-10-04T01:53:49.3739316Z,load-inproc,inproc-threads5,recheck,30000,0.403,0.470,Answered,"The coordinator, pid 78456, took 'recheck'."
1020,2026-10-04T01:53:49.5751131Z,load-inproc,inproc-threads5,recheck,30000,0.570,0.628,Answered,"The coordinator, pid 78456, took 'recheck'."
1021,2026-10-04T01:53:49.7757666Z,load-inproc,inproc-threads5,recheck,30000,0.306,0.353,Answered,"The coordinator, pid 78456, took 'recheck'."
1022,2026-10-04T01:53:49.9770920Z,load-inproc,inproc-threads5,recheck,30000,0.456,0.513,Answered,"The coordinator, pid 78456, took 'recheck'."
1023,2026-10-04T01:53:50.1784129Z,load-inproc,inproc-threads5,recheck,30000,0.466,0.548,Answered,"The coordinator, pid 78456, took 'recheck'."
1024,2026-10-04T01:53:50.3794975Z,load-inproc,inproc-threads5,recheck,30000,0.405,0.469,Answered,"The coordinator, pid 78456, took 'recheck'."
1025,2026-10-04T01:53:50.5806118Z,load-inproc,inproc-threads5,recheck,30000,0.389,0.450,Answered,"The coordinator, pid 78456, took 'recheck'."
1026,2026-10-04T01:53:50.7916191Z,load-inproc,inproc-threads5,recheck,30000,0.429,0.484,Answered,"The coordinator, pid 78456, took 'recheck'."
1027,2026-10-04T01:53:50.9924093Z,load-inproc,inproc-threads5,recheck,30000,0.438,0.500,Answered,"The coordinator, pid 78456, took 'recheck'."
1028,2026-10-04T01:53:51.1932132Z,load-inproc,inproc-threads5,recheck,30000,0.463,0.524,Answered,"The coordinator, pid 78456, took 'recheck'."
1029,2026-10-04T01:53:51.3940162Z,load-inproc,inproc-threads5,recheck,30000,0.398,0.448,Answered,"The coordinator, pid 78456, took 'recheck'."
1030,2026-10-04T01:53:51.5948848Z,load-inproc,inproc-threads5,recheck,30000,0.478,0.539,Answered,"The coordinator, pid 78456, took 'recheck'."
1031,2026-10-04T01:53:51.7966348Z,load-inproc,inproc-threads5,recheck,30000,0.504,0.586,Answered,"The coordinator, pid 78456, took 'recheck'."
1032,2026-10-04T01:53:51.9984344Z,load-inproc,inproc-threads5,recheck,30000,0.381,0.436,Answered,"The coordinator, pid 78456, took 'recheck'."
1033,2026-10-04T01:53:52.1992987Z,load-inproc,inproc-threads5,recheck,30000,0.391,0.463,Answered,"The coordinator, pid 78456, took 'recheck'."
1034,2026-10-04T01:53:52.4125754Z,load-inproc,inproc-threads5,recheck,30000,0.442,0.514,Answered,"The coordinator, pid 78456, took 'recheck'."
1035,2026-10-04T01:53:52.6133193Z,load-inproc,inproc-threads5,recheck,30000,0.413,0.470,Answered,"The coordinator, pid 78456, took 'recheck'."
1036,2026-10-04T01:53:52.8149247Z,load-inproc,inproc-threads5,recheck,30000,0.533,0.597,Answered,"The coordinator, pid 78456, took 'recheck'."
1037,2026-10-04T01:53:53.0232988Z,load-inproc,inproc-threads5,recheck,30000,0.419,0.492,Answered,"The coordinator, pid 78456, took 'recheck'."
1038,2026-10-04T01:53:53.2251990Z,load-inproc,inproc-threads5,recheck,30000,0.420,0.490,Answered,"The coordinator, pid 78456, took 'recheck'."
1039,2026-10-04T01:53:53.4269204Z,load-inproc,inproc-threads5,recheck,30000,0.389,0.446,Answered,"The coordinator, pid 78456, took 'recheck'."
1040,2026-10-04T01:53:53.6288656Z,load-inproc,inproc-threads5,recheck,30000,0.378,0.430,Answered,"The coordinator, pid 78456, took 'recheck'."
1041,2026-10-04T01:53:53.8307746Z,load-inproc,inproc-threads5,recheck,30000,0.397,0.458,Answered,"The coordinator, pid 78456, took 'recheck'."
1042,2026-10-04T01:53:54.0325991Z,load-inproc,inproc-threads5,recheck,30000,0.379,0.437,Answered,"The coordinator, pid 78456, took 'recheck'."
1043,2026-10-04T01:53:54.2338040Z,load-inproc,inproc-threads5,recheck,30000,0.481,0.544,Answered,"The coordinator, pid 78456, took 'recheck'."
1044,2026-10-04T01:53:54.4350519Z,load-inproc,inproc-threads5,recheck,30000,0.395,0.458,Answered,"The coordinator, pid 78456, took 'recheck'."
1045,2026-10-04T01:53:54.6382589Z,load-inproc,inproc-threads5,recheck,30000,0.526,0.601,Answered,"The coordinator, pid 78456, took 'recheck'."
1046,2026-10-04T01:53:54.8394184Z,load-inproc,inproc-threads5,recheck,30000,0.451,0.509,Answered,"The coordinator, pid 78456, took 'recheck'."
1047,2026-10-04T01:53:55.0405082Z,load-inproc,inproc-threads5,recheck,30000,0.437,0.500,Answered,"The coordinator, pid 78456, took 'recheck'."
1048,2026-10-04T01:53:55.2532595Z,load-inproc,inproc-threads5,recheck,30000,0.460,0.621,Answered,"The coordinator, pid 78456, took 'recheck'."
1049,2026-10-04T01:53:55.4551153Z,load-inproc,inproc-threads5,recheck,30000,0.431,0.486,Answered,"The coordinator, pid 78456, took 'recheck'."
1050,2026-10-04T01:53:55.6569282Z,load-inproc,inproc-threads5,recheck,30000,0.319,0.363,Answered,"The coordinator, pid 78456, took 'recheck'."
1051,2026-10-04T01:53:55.8693076Z,load-inproc,inproc-threads5,recheck,30000,0.442,0.516,Answered,"The coordinator, pid 78456, took 'recheck'."
1052,2026-10-04T01:53:56.0703435Z,load-inproc,inproc-threads5,recheck,30000,0.431,0.498,Answered,"The coordinator, pid 78456, took 'recheck'."
1053,2026-10-04T01:53:56.2725859Z,load-inproc,inproc-threads5,recheck,30000,0.487,0.560,Answered,"The coordinator, pid 78456, took 'recheck'."
1054,2026-10-04T01:53:56.4887026Z,load-inproc,inproc-threads5,recheck,30000,0.550,0.708,Answered,"The coordinator, pid 78456, took 'recheck'."
1055,2026-10-04T01:53:56.6896844Z,load-inproc,inproc-threads5,recheck,30000,0.403,0.454,Answered,"The coordinator, pid 78456, took 'recheck'."
1056,2026-10-04T01:53:56.8916032Z,load-inproc,inproc-threads5,recheck,30000,0.369,0.426,Answered,"The coordinator, pid 78456, took 'recheck'."
1057,2026-10-04T01:53:57.1056867Z,load-inproc,inproc-threads5,recheck,30000,0.441,0.500,Answered,"The coordinator, pid 78456, took 'recheck'."
1058,2026-10-04T01:53:57.3072399Z,load-inproc,inproc-threads5,recheck,30000,0.399,0.444,Answered,"The coordinator, pid 78456, took 'recheck'."
1059,2026-10-04T01:53:57.5093468Z,load-inproc,inproc-threads5,recheck,30000,0.448,0.514,Answered,"The coordinator, pid 78456, took 'recheck'."
1060,2026-10-04T01:53:57.7106165Z,load-inproc,inproc-threads5,recheck,30000,0.550,0.620,Answered,"The coordinator, pid 78456, took 'recheck'."
1061,2026-10-04T01:53:57.9128374Z,load-inproc,inproc-threads5,recheck,30000,1.332,1.693,Answered,"The coordinator, pid 78456, took 'recheck'."
1062,2026-10-04T01:53:58.1150468Z,load-inproc,inproc-threads5,recheck,30000,0.621,0.734,Answered,"The coordinator, pid 78456, took 'recheck'."
1063,2026-10-04T01:53:58.3169518Z,load-inproc,inproc-threads5,recheck,30000,0.527,0.703,Answered,"The coordinator, pid 78456, took 'recheck'."
1064,2026-10-04T01:53:58.5176749Z,load-inproc,inproc-threads5,recheck,30000,0.408,0.476,Answered,"The coordinator, pid 78456, took 'recheck'."
1065,2026-10-04T01:53:58.7336069Z,load-inproc,inproc-threads5,recheck,30000,0.460,0.520,Answered,"The coordinator, pid 78456, took 'recheck'."
1066,2026-10-04T01:53:58.9356007Z,load-inproc,inproc-threads5,recheck,30000,1.226,1.330,Answered,"The coordinator, pid 78456, took 'recheck'."
1067,2026-10-04T01:53:59.1371628Z,load-inproc,inproc-threads5,recheck,30000,0.819,0.905,Answered,"The coordinator, pid 78456, took 'recheck'."
1068,2026-10-04T01:53:59.3392647Z,load-inproc,inproc-threads5,recheck,30000,0.459,0.524,Answered,"The coordinator, pid 78456, took 'recheck'."
1069,2026-10-04T01:53:59.5402445Z,load-inproc,inproc-threads5,recheck,30000,0.429,0.493,Answered,"The coordinator, pid 78456, took 'recheck'."
1070,2026-10-04T01:53:59.7412019Z,load-inproc,inproc-threads5,recheck,30000,0.578,0.651,Answered,"The coordinator, pid 78456, took 'recheck'."
1071,2026-10-04T01:53:59.9419841Z,load-inproc,inproc-threads5,recheck,30000,0.478,0.536,Answered,"The coordinator, pid 78456, took 'recheck'."
1072,2026-10-04T01:54:00.1433054Z,load-inproc,inproc-threads5,recheck,30000,0.452,0.502,Answered,"The coordinator, pid 78456, took 'recheck'."
1073,2026-10-04T01:54:00.3499746Z,load-inproc,inproc-threads5,recheck,30000,0.563,0.626,Answered,"The coordinator, pid 78456, took 'recheck'."
1074,2026-10-04T01:54:00.5518615Z,load-inproc,inproc-threads5,recheck,30000,0.427,0.491,Answered,"The coordinator, pid 78456, took 'recheck'."
1075,2026-10-04T01:54:00.7533807Z,load-inproc,inproc-threads5,recheck,30000,0.522,0.588,Answered,"The coordinator, pid 78456, took 'recheck'."
1076,2026-10-04T01:54:00.9547438Z,load-inproc,inproc-threads5,recheck,30000,0.492,0.553,Answered,"The coordinator, pid 78456, took 'recheck'."
1077,2026-10-04T01:54:01.1555120Z,load-inproc,inproc-threads5,recheck,30000,0.528,0.588,Answered,"The coordinator, pid 78456, took 'recheck'."
1078,2026-10-04T01:54:01.3577636Z,load-inproc,inproc-threads5,recheck,30000,0.987,1.104,Answered,"The coordinator, pid 78456, took 'recheck'."
1079,2026-10-04T01:54:01.5593567Z,load-inproc,inproc-threads5,recheck,30000,0.772,1.073,Answered,"The coordinator, pid 78456, took 'recheck'."
1080,2026-10-04T01:54:01.7616042Z,load-inproc,inproc-threads5,recheck,30000,0.493,0.553,Answered,"The coordinator, pid 78456, took 'recheck'."
1081,2026-10-04T01:54:01.9666696Z,load-inproc,inproc-threads5,recheck,30000,0.488,0.555,Answered,"The coordinator, pid 78456, took 'recheck'."
1082,2026-10-04T01:54:02.1675625Z,load-inproc,inproc-threads5,recheck,30000,0.407,0.464,Answered,"The coordinator, pid 78456, took 'recheck'."
1083,2026-10-04T01:54:02.3687238Z,load-inproc,inproc-threads5,recheck,30000,0.537,0.603,Answered,"The coordinator, pid 78456, took 'recheck'."
1084,2026-10-04T01:54:02.5695782Z,load-inproc,inproc-threads5,recheck,30000,0.473,0.540,Answered,"The coordinator, pid 78456, took 'recheck'."
1085,2026-10-04T01:54:02.7716305Z,load-inproc,inproc-threads5,recheck,30000,0.469,0.526,Answered,"The coordinator, pid 78456, took 'recheck'."
1086,2026-10-04T01:54:02.9729064Z,load-inproc,inproc-threads5,recheck,30000,0.459,0.521,Answered,"The coordinator, pid 78456, took 'recheck'."
1087,2026-10-04T01:54:03.1749348Z,load-inproc,inproc-threads5,recheck,30000,0.465,0.524,Answered,"The coordinator, pid 78456, took 'recheck'."
1088,2026-10-04T01:54:03.3761645Z,load-inproc,inproc-threads5,recheck,30000,0.449,0.502,Answered,"The coordinator, pid 78456, took 'recheck'."
1089,2026-10-04T01:54:03.5844099Z,load-inproc,inproc-threads5,recheck,30000,1.371,1.596,Answered,"The coordinator, pid 78456, took 'recheck'."
1090,2026-10-04T01:54:03.7860138Z,load-inproc,inproc-threads5,recheck,30000,0.697,0.777,Answered,"The coordinator, pid 78456, took 'recheck'."
1091,2026-10-04T01:54:03.9868717Z,load-inproc,inproc-threads5,recheck,30000,0.446,0.500,Answered,"The coordinator, pid 78456, took 'recheck'."
1092,2026-10-04T01:54:04.2027607Z,load-inproc,inproc-threads5,recheck,30000,0.453,0.515,Answered,"The coordinator, pid 78456, took 'recheck'."
1093,2026-10-04T01:54:04.4037657Z,load-inproc,inproc-threads5,recheck,30000,0.389,0.453,Answered,"The coordinator, pid 78456, took 'recheck'."
1094,2026-10-04T01:54:04.6050054Z,load-inproc,inproc-threads5,recheck,30000,0.502,0.559,Answered,"The coordinator, pid 78456, took 'recheck'."
1095,2026-10-04T01:54:04.8184795Z,load-inproc,inproc-threads5,recheck,30000,0.431,0.500,Answered,"The coordinator, pid 78456, took 'recheck'."
1096,2026-10-04T01:54:05.0202125Z,load-inproc,inproc-threads5,recheck,30000,0.420,0.485,Answered,"The coordinator, pid 78456, took 'recheck'."
1097,2026-10-04T01:54:05.2218557Z,load-inproc,inproc-threads5,recheck,30000,0.450,0.502,Answered,"The coordinator, pid 78456, took 'recheck'."
1098,2026-10-04T01:54:05.9420534Z,load-inproc,inproc-threads5,recheck,30000,0.478,0.523,Answered,"The coordinator, pid 78456, took 'recheck'."
1099,2026-10-04T01:54:06.1431525Z,load-inproc,inproc-threads5,recheck,30000,0.364,0.419,Answered,"The coordinator, pid 78456, took 'recheck'."
1100,2026-10-04T01:54:06.3445131Z,load-inproc,inproc-threads5,recheck,30000,0.619,0.676,Answered,"The coordinator, pid 78456, took 'recheck'."
1101,2026-10-04T01:54:06.5600383Z,load-inproc,inproc-threads5,recheck,30000,0.489,0.551,Answered,"The coordinator, pid 78456, took 'recheck'."
1102,2026-10-04T01:54:06.7614440Z,load-inproc,inproc-threads5,recheck,30000,0.510,0.568,Answered,"The coordinator, pid 78456, took 'recheck'."
1103,2026-10-04T01:54:06.9626778Z,load-inproc,inproc-threads5,recheck,30000,0.490,0.565,Answered,"The coordinator, pid 78456, took 'recheck'."
1104,2026-10-04T01:54:07.1725793Z,load-inproc,inproc-threads5,recheck,30000,0.501,0.568,Answered,"The coordinator, pid 78456, took 'recheck'."
1105,2026-10-04T01:54:07.3733211Z,load-inproc,inproc-threads5,recheck,30000,0.426,0.498,Answered,"The coordinator, pid 78456, took 'recheck'."
1106,2026-10-04T01:54:07.5743395Z,load-inproc,inproc-threads5,recheck,30000,0.441,0.571,Answered,"The coordinator, pid 78456, took 'recheck'."
1107,2026-10-04T01:54:07.7755479Z,load-inproc,inproc-threads5,recheck,30000,0.404,0.459,Answered,"The coordinator, pid 78456, took 'recheck'."
1108,2026-10-04T01:54:07.9767171Z,load-inproc,inproc-threads5,recheck,30000,0.436,0.499,Answered,"The coordinator, pid 78456, took 'recheck'."
1109,2026-10-04T01:54:08.1783835Z,load-inproc,inproc-threads5,recheck,30000,0.367,0.421,Answered,"The coordinator, pid 78456, took 'recheck'."
1110,2026-10-04T01:54:08.3794456Z,load-inproc,inproc-threads5,recheck,30000,0.401,0.445,Answered,"The coordinator, pid 78456, took 'recheck'."
1111,2026-10-04T01:54:08.5810478Z,load-inproc,inproc-threads5,recheck,30000,0.386,0.435,Answered,"The coordinator, pid 78456, took 'recheck'."
1112,2026-10-04T01:54:08.7867130Z,load-inproc,inproc-threads5,recheck,30000,0.502,0.572,Answered,"The coordinator, pid 78456, took 'recheck'."
1113,2026-10-04T01:54:08.9883875Z,load-inproc,inproc-threads5,recheck,30000,0.360,0.406,Answered,"The coordinator, pid 78456, took 'recheck'."
1114,2026-10-04T01:54:09.1898270Z,load-inproc,inproc-threads5,recheck,30000,0.404,0.462,Answered,"The coordinator, pid 78456, took 'recheck'."
1115,2026-10-04T01:54:09.3908680Z,load-inproc,inproc-threads5,recheck,30000,0.444,0.500,Answered,"The coordinator, pid 78456, took 'recheck'."
1116,2026-10-04T01:54:09.5931567Z,load-inproc,inproc-threads5,recheck,30000,0.711,0.813,Answered,"The coordinator, pid 78456, took 'recheck'."
1117,2026-10-04T01:54:09.7948205Z,load-inproc,inproc-threads5,recheck,30000,0.488,0.547,Answered,"The coordinator, pid 78456, took 'recheck'."
1118,2026-10-04T01:54:09.9956087Z,load-inproc,inproc-threads5,recheck,30000,0.426,0.490,Answered,"The coordinator, pid 78456, took 'recheck'."
1119,2026-10-04T01:54:10.1965916Z,load-inproc,inproc-threads5,recheck,30000,0.384,0.444,Answered,"The coordinator, pid 78456, took 'recheck'."
1120,2026-10-04T01:54:10.4001460Z,load-inproc,inproc-threads5,recheck,30000,0.420,0.470,Answered,"The coordinator, pid 78456, took 'recheck'."
1121,2026-10-04T01:54:10.6015694Z,load-inproc,inproc-threads5,recheck,30000,0.559,0.641,Answered,"The coordinator, pid 78456, took 'recheck'."
1122,2026-10-04T01:54:10.8031426Z,load-inproc,inproc-threads5,recheck,30000,0.376,0.431,Answered,"The coordinator, pid 78456, took 'recheck'."
1123,2026-10-04T01:54:11.0124794Z,load-inproc,inproc-threads5,recheck,30000,0.463,0.521,Answered,"The coordinator, pid 78456, took 'recheck'."
1124,2026-10-04T01:54:11.2133790Z,load-inproc,inproc-threads5,recheck,30000,0.380,0.442,Answered,"The coordinator, pid 78456, took 'recheck'."
1125,2026-10-04T01:54:11.4155693Z,load-inproc,inproc-threads5,recheck,30000,0.433,0.492,Answered,"The coordinator, pid 78456, took 'recheck'."
1126,2026-10-04T01:54:11.6166170Z,load-inproc,inproc-threads5,recheck,30000,0.367,0.421,Answered,"The coordinator, pid 78456, took 'recheck'."
1127,2026-10-04T01:54:11.8186865Z,load-inproc,inproc-threads5,recheck,30000,0.375,0.429,Answered,"The coordinator, pid 78456, took 'recheck'."
1128,2026-10-04T01:54:12.0202078Z,load-inproc,inproc-threads5,recheck,30000,0.384,0.430,Answered,"The coordinator, pid 78456, took 'recheck'."
1129,2026-10-04T01:54:12.2221843Z,load-inproc,inproc-threads5,recheck,30000,0.431,0.498,Answered,"The coordinator, pid 78456, took 'recheck'."
1130,2026-10-04T01:54:12.4230747Z,load-inproc,inproc-threads5,recheck,30000,0.404,0.456,Answered,"The coordinator, pid 78456, took 'recheck'."
1131,2026-10-04T01:54:12.6285750Z,load-inproc,inproc-threads5,recheck,30000,0.440,0.489,Answered,"The coordinator, pid 78456, took 'recheck'."
1132,2026-10-04T01:54:12.8294272Z,load-inproc,inproc-threads5,recheck,30000,0.413,0.472,Answered,"The coordinator, pid 78456, took 'recheck'."
1133,2026-10-04T01:54:13.0313773Z,load-inproc,inproc-threads5,recheck,30000,0.499,0.566,Answered,"The coordinator, pid 78456, took 'recheck'."
1134,2026-10-04T01:54:13.2322071Z,load-inproc,inproc-threads5,recheck,30000,0.395,0.460,Answered,"The coordinator, pid 78456, took 'recheck'."
1135,2026-10-04T01:54:13.4331580Z,load-inproc,inproc-threads5,recheck,30000,0.390,0.442,Answered,"The coordinator, pid 78456, took 'recheck'."
1136,2026-10-04T01:54:13.6349962Z,load-inproc,inproc-threads5,recheck,30000,0.564,0.628,Answered,"The coordinator, pid 78456, took 'recheck'."
1137,2026-10-04T01:54:13.8361737Z,load-inproc,inproc-threads5,recheck,30000,0.413,0.477,Answered,"The coordinator, pid 78456, took 'recheck'."
1138,2026-10-04T01:54:14.0373659Z,load-inproc,inproc-threads5,recheck,30000,0.450,0.515,Answered,"The coordinator, pid 78456, took 'recheck'."
1139,2026-10-04T01:54:14.2531433Z,load-inproc,inproc-threads5,recheck,30000,0.405,0.465,Answered,"The coordinator, pid 78456, took 'recheck'."
1140,2026-10-04T01:54:14.4540499Z,load-inproc,inproc-threads5,recheck,30000,0.444,0.500,Answered,"The coordinator, pid 78456, took 'recheck'."
1141,2026-10-04T01:54:14.6549519Z,load-inproc,inproc-threads5,recheck,30000,0.622,0.717,Answered,"The coordinator, pid 78456, took 'recheck'."
1142,2026-10-04T01:54:14.8561594Z,load-inproc,inproc-threads5,recheck,30000,0.460,0.537,Answered,"The coordinator, pid 78456, took 'recheck'."
1143,2026-10-04T01:54:15.0575233Z,load-inproc,inproc-threads5,recheck,30000,0.388,0.442,Answered,"The coordinator, pid 78456, took 'recheck'."
1144,2026-10-04T01:54:15.2584681Z,load-inproc,inproc-threads5,recheck,30000,0.419,0.476,Answered,"The coordinator, pid 78456, took 'recheck'."
1145,2026-10-04T01:54:15.4605695Z,load-inproc,inproc-threads5,recheck,30000,0.604,0.649,Answered,"The coordinator, pid 78456, took 'recheck'."
1146,2026-10-04T01:54:15.6615408Z,load-inproc,inproc-threads5,recheck,30000,0.523,0.585,Answered,"The coordinator, pid 78456, took 'recheck'."
1147,2026-10-04T01:54:15.8695192Z,load-inproc,inproc-threads5,recheck,30000,0.555,0.623,Answered,"The coordinator, pid 78456, took 'recheck'."
1148,2026-10-04T01:54:16.0714742Z,load-inproc,inproc-threads5,recheck,30000,0.433,0.496,Answered,"The coordinator, pid 78456, took 'recheck'."
1149,2026-10-04T01:54:16.2726488Z,load-inproc,inproc-threads5,recheck,30000,0.483,0.556,Answered,"The coordinator, pid 78456, took 'recheck'."
1150,2026-10-04T01:54:16.4738354Z,load-inproc,inproc-threads5,recheck,30000,0.498,0.565,Answered,"The coordinator, pid 78456, took 'recheck'."
1151,2026-10-04T01:54:16.6747004Z,load-inproc,inproc-threads5,recheck,30000,0.457,0.520,Answered,"The coordinator, pid 78456, took 'recheck'."
1152,2026-10-04T01:54:16.8755431Z,load-inproc,inproc-threads5,recheck,30000,0.427,0.490,Answered,"The coordinator, pid 78456, took 'recheck'."
1153,2026-10-04T01:54:17.0764712Z,load-inproc,inproc-threads5,recheck,30000,0.476,0.536,Answered,"The coordinator, pid 78456, took 'recheck'."
1154,2026-10-04T01:54:17.2785407Z,load-inproc,inproc-threads5,recheck,30000,0.636,0.691,Answered,"The coordinator, pid 78456, took 'recheck'."
1155,2026-10-04T01:54:17.4912631Z,load-inproc,inproc-threads5,recheck,30000,0.505,0.588,Answered,"The coordinator, pid 78456, took 'recheck'."
1156,2026-10-04T01:54:17.6920452Z,load-inproc,inproc-threads5,recheck,30000,0.412,0.561,Answered,"The coordinator, pid 78456, took 'recheck'."
1157,2026-10-04T01:54:17.8931430Z,load-inproc,inproc-threads5,recheck,30000,0.474,0.540,Answered,"The coordinator, pid 78456, took 'recheck'."
1158,2026-10-04T01:54:18.1083345Z,load-inproc,inproc-threads5,recheck,30000,0.485,0.547,Answered,"The coordinator, pid 78456, took 'recheck'."
1159,2026-10-04T01:54:18.3092116Z,load-inproc,inproc-threads5,recheck,30000,0.365,0.417,Answered,"The coordinator, pid 78456, took 'recheck'."
1160,2026-10-04T01:54:18.5109423Z,load-inproc,inproc-threads5,recheck,30000,0.509,0.566,Answered,"The coordinator, pid 78456, took 'recheck'."
1161,2026-10-04T01:54:18.7124597Z,load-inproc,inproc-threads5,recheck,30000,0.642,0.716,Answered,"The coordinator, pid 78456, took 'recheck'."
1162,2026-10-04T01:54:18.9133102Z,load-inproc,inproc-threads5,recheck,30000,0.404,0.471,Answered,"The coordinator, pid 78456, took 'recheck'."
1163,2026-10-04T01:54:19.1143503Z,load-inproc,inproc-threads5,recheck,30000,0.446,0.509,Answered,"The coordinator, pid 78456, took 'recheck'."
1164,2026-10-04T01:54:19.3158635Z,load-inproc,inproc-threads5,recheck,30000,0.618,0.716,Answered,"The coordinator, pid 78456, took 'recheck'."
1165,2026-10-04T01:54:19.5165988Z,load-inproc,inproc-threads5,recheck,30000,0.373,0.419,Answered,"The coordinator, pid 78456, took 'recheck'."
1166,2026-10-04T01:54:19.7263462Z,load-inproc,inproc-threads5,recheck,30000,0.486,0.547,Answered,"The coordinator, pid 78456, took 'recheck'."
