[setup:45864] [11:36:18] [INFO] Starting Velopack Setup (1.2.158)
[setup:45864] [11:36:18] [INFO]     Location: "C:\\Source\\SixFive7\\BrowserAI\\Releases\\test-pack\\BrowserAI.test-installer.exe"
[setup:45864] [11:36:18] [INFO]     Silent: false
[setup:45864] [11:36:18] [INFO]     Verbose: true
[setup:45864] [11:36:18] [INFO]     Log: "C:\\Source\\SixFive7\\BrowserAI\\.work\\velopack-rows\\logs\\A1-nonsilent-setup.log"
[setup:45864] [11:36:18] [INFO]     Install To: Some("C:\\Source\\SixFive7\\BrowserAI\\.work\\velopack-rows\\root-a")
[setup:45864] [11:36:18] [TRACE] (2) os_info::imp: [C:\Users\runneradmin\.cargo\registry\src\index.crates.io-1949cf8c6b5b557f\os_info-3.15.0\src\windows\mod.rs:8] windows::current_platform is called
[setup:45864] [11:36:18] [TRACE] (2) os_info::imp: [C:\Users\runneradmin\.cargo\registry\src\index.crates.io-1949cf8c6b5b557f\os_info-3.15.0\src\windows\mod.rs:10] Returning Info { os_type: Windows, version: Semantic(10, 0, 26200), edition: Some("Windows 11 Professional"), codename: None, bitness: X64, architecture: Some("x86_64") }
[setup:45864] [11:36:18] [INFO] OS: Windows 10.0.26200 (Windows 11 Professional) [64-bit], Arch=Some(
    X64,
)
[setup:45864] [11:36:18] [INFO] Reading bundle header...
[setup:45864] [11:36:18] [INFO] Bundle offset = 7562752, length = 55022766
[setup:45864] [11:36:18] [INFO] Loading bundle from embedded zip...
[setup:45864] [11:36:18] [INFO] No channel override tag found in installer signature.
[setup:45864] [11:36:18] [INFO] Loading bundle from embedded zip...
[setup:45864] [11:36:18] [INFO] Reading package manifest...
[setup:45864] [11:36:18] [INFO] Package manifest loaded successfully.
[setup:45864] [11:36:18] [INFO]     Package ID: BrowserAI.app.test
[setup:45864] [11:36:18] [INFO]     Package Version: 1.1.0
[setup:45864] [11:36:18] [INFO]     Package Title: BrowserAI (suite)
[setup:45864] [11:36:18] [INFO]     Package Authors: Jori Huisman
[setup:45864] [11:36:18] [INFO]     Package Description: BrowserAI (suite)
[setup:45864] [11:36:18] [INFO]     Package Machine Architecture: x64
[setup:45864] [11:36:18] [INFO]     Package Runtime Dependencies: 
[setup:45864] [11:36:18] [INFO] Checking application pre-requisites...
[setup:45864] [11:36:18] [INFO] Determining install directory...
[setup:45864] [11:36:18] [INFO] Installation Directory: "C:\\Source\\SixFive7\\BrowserAI\\.work\\velopack-rows\\root-a"
[setup:45864] [11:36:18] [INFO] There is 382.95 GB free space available at destination, this package requires 253.22 MB.
[setup:45864] [11:36:18] [INFO] Preparing and cleaning installation directory...
[setup:45864] [11:36:18] [INFO] Acquiring lock...
[setup:45864] [11:36:18] [INFO] Root directory 'C:\Source\SixFive7\BrowserAI\.work\velopack-rows\root-a' writable: true
[setup:45864] [11:36:18] [INFO] Using root packages directory: C:\Source\SixFive7\BrowserAI\.work\velopack-rows\root-a\packages
[setup:45864] [11:36:18] [INFO] Attempting to acquire exclusive lock on packages directory (non-blocking)...
[setup:45864] [11:36:18] [INFO] Reading splash image...
[setup:45864] [11:36:18] [WARN] Could not find splash image in bundle.
[setup:45864] [11:36:18] [INFO] Starting installation!
[setup:45864] [11:36:18] [INFO] Extracting Update.exe...
[setup:45864] [11:36:18] [INFO] No splash image, using progress dialog...
[setup:45864] [11:36:18] [DEBUG] (2) velopack::bundle: Extracting zip file to path: "C:\\Source\\SixFive7\\BrowserAI\\.work\\velopack-rows\\root-a\\Update.exe"
[setup:45864] [11:36:18] [DEBUG] (2) velopack::bundle: Writing file to disk with 64k buffer: "C:\\Source\\SixFive7\\BrowserAI\\.work\\velopack-rows\\root-a\\Update.exe"
[setup:45864] [11:36:18] [INFO] Extracting stub 'BrowserAI (suite)_ExecutionStub.exe' to '"C:\\Source\\SixFive7\\BrowserAI\\.work\\velopack-rows\\root-a\\BrowserAI (suite).exe"'
[setup:45864] [11:36:18] [DEBUG] (2) velopack::bundle: Extracting zip file to path: "C:\\Source\\SixFive7\\BrowserAI\\.work\\velopack-rows\\root-a\\BrowserAI (suite).exe"
[setup:45864] [11:36:18] [DEBUG] (2) velopack::bundle: Writing file to disk with 64k buffer: "C:\\Source\\SixFive7\\BrowserAI\\.work\\velopack-rows\\root-a\\BrowserAI (suite).exe"
[setup:45864] [11:36:18] [INFO] Successfully extracted stub executable: "C:\\Source\\SixFive7\\BrowserAI\\.work\\velopack-rows\\root-a\\BrowserAI (suite).exe"
[setup:45864] [11:36:18] [INFO] Copying nupkg to packages directory...
[setup:45864] [11:36:18] [INFO] Extracting 213 app files to '"C:\\Source\\SixFive7\\BrowserAI\\.work\\velopack-rows\\root-a\\current"'...
[setup:45864] [11:36:18] [DEBUG] (2) velopack::bundle: Extracting zip file to path: "C:\\Source\\SixFive7\\BrowserAI\\.work\\velopack-rows\\root-a\\current\\sq.version"
[setup:45864] [11:36:18] [DEBUG] (2) velopack::bundle: Creating parent directory: "C:\\Source\\SixFive7\\BrowserAI\\.work\\velopack-rows\\root-a\\current"
[setup:45864] [11:36:18] [DEBUG] (2) velopack::bundle: Writing file to disk with 64k buffer: "C:\\Source\\SixFive7\\BrowserAI\\.work\\velopack-rows\\root-a\\current\\sq.version"
[setup:45864] [11:36:18] [DEBUG] (2) velopack::bundle:     0 Skipped '[Content_Types].xml'
[setup:45864] [11:36:18] [DEBUG] (2) velopack::bundle:     1 Skipped 'BrowserAI.app.test.nuspec'
[setup:45864] [11:36:18] [DEBUG] (2) velopack::bundle:     2 Skipped 'setup.ico'
[setup:45864] [11:36:18] [DEBUG] (2) velopack::bundle:     3 Skipped '_rels/.rels'
[setup:45864] [11:36:18] [DEBUG] (2) velopack::bundle:     4 Skipped Stub (obsolete) 'lib/app/BrowserAI (suite)_ExecutionStub.exe'
[setup:45864] [11:36:18] [DEBUG] (2) velopack::bundle:     5 Extracting 'lib/app/BrowserAI.Core.xml' to '"C:\\Source\\SixFive7\\BrowserAI\\.work\\velopack-rows\\root-a\\current\\BrowserAI.Core.xml"'
[setup:45864] [11:36:18] [DEBUG] (2) velopack::bundle: Extracting zip file to path: "C:\\Source\\SixFive7\\BrowserAI\\.work\\velopack-rows\\root-a\\current\\BrowserAI.Core.xml"
[setup:45864] [11:36:18] [DEBUG] (2) velopack::bundle: Writing file to disk with 64k buffer: "C:\\Source\\SixFive7\\BrowserAI\\.work\\velopack-rows\\root-a\\current\\BrowserAI.Core.xml"
[setup:45864] [11:36:18] [DEBUG] (2) velopack::bundle:     6 Extracting 'lib/app/BrowserAI.exe' to '"C:\\Source\\SixFive7\\BrowserAI\\.work\\velopack-rows\\root-a\\current\\BrowserAI.exe"'
[setup:45864] [11:36:18] [DEBUG] (2) velopack::bundle: Extracting zip file to path: "C:\\Source\\SixFive7\\BrowserAI\\.work\\velopack-rows\\root-a\\current\\BrowserAI.exe"
[setup:45864] [11:36:18] [DEBUG] (2) velopack::bundle: Writing file to disk with 64k buffer: "C:\\Source\\SixFive7\\BrowserAI\\.work\\velopack-rows\\root-a\\current\\BrowserAI.exe"
[setup:45864] [11:36:18] [DEBUG] (2) velopack::bundle:     7 Extracting 'lib/app/BrowserAI.Server.exe' to '"C:\\Source\\SixFive7\\BrowserAI\\.work\\velopack-rows\\root-a\\current\\BrowserAI.Server.exe"'
[setup:45864] [11:36:18] [DEBUG] (2) velopack::bundle: Extracting zip file to path: "C:\\Source\\SixFive7\\BrowserAI\\.work\\velopack-rows\\root-a\\current\\BrowserAI.Server.exe"
[setup:45864] [11:36:18] [DEBUG] (2) velopack::bundle: Writing file to disk with 64k buffer: "C:\\Source\\SixFive7\\BrowserAI\\.work\\velopack-rows\\root-a\\current\\BrowserAI.Server.exe"
[setup:45864] [11:36:18] [DEBUG] (2) velopack::bundle:     8 Extracting 'lib/app/BrowserAI.Server.xml' to '"C:\\Source\\SixFive7\\BrowserAI\\.work\\velopack-rows\\root-a\\current\\BrowserAI.Server.xml"'
[setup:45864] [11:36:18] [DEBUG] (2) velopack::bundle: Extracting zip file to path: "C:\\Source\\SixFive7\\BrowserAI\\.work\\velopack-rows\\root-a\\current\\BrowserAI.Server.xml"
[setup:45864] [11:36:18] [DEBUG] (2) velopack::bundle: Writing file to disk with 64k buffer: "C:\\Source\\SixFive7\\BrowserAI\\.work\\velopack-rows\\root-a\\current\\BrowserAI.Server.xml"
[setup:45864] [11:36:18] [DEBUG] (2) velopack::bundle:     9 Extracting 'lib/app/BrowserAI.xml' to '"C:\\Source\\SixFive7\\BrowserAI\\.work\\velopack-rows\\root-a\\current\\BrowserAI.xml"'
[setup:45864] [11:36:18] [DEBUG] (2) velopack::bundle: Extracting zip file to path: "C:\\Source\\SixFive7\\BrowserAI\\.work\\velopack-rows\\root-a\\current\\BrowserAI.xml"
[setup:45864] [11:36:18] [DEBUG] (2) velopack::bundle: Writing file to disk with 64k buffer: "C:\\Source\\SixFive7\\BrowserAI\\.work\\velopack-rows\\root-a\\current\\BrowserAI.xml"
[setup:45864] [11:36:18] [DEBUG] (2) velopack::bundle:     10 Extracting 'lib/app/sq.version' to '"C:\\Source\\SixFive7\\BrowserAI\\.work\\velopack-rows\\root-a\\current\\sq.version"'
[setup:45864] [11:36:18] [DEBUG] (2) velopack::bundle: Extracting zip file to path: "C:\\Source\\SixFive7\\BrowserAI\\.work\\velopack-rows\\root-a\\current\\sq.version"
[setup:45864] [11:36:18] [DEBUG] (2) velopack::bundle: Writing file to disk with 64k buffer: "C:\\Source\\SixFive7\\BrowserAI\\.work\\velopack-rows\\root-a\\current\\sq.version"
[setup:45864] [11:36:18] [DEBUG] (2) velopack::bundle:     11 Skipped 'lib/app/Squirrel.exe'
[setup:45864] [11:36:18] [DEBUG] (2) velopack::bundle:     12 Extracting 'lib/app/THIRD-PARTY-NOTICES.txt' to '"C:\\Source\\SixFive7\\BrowserAI\\.work\\velopack-rows\\root-a\\current\\THIRD-PARTY-NOTICES.txt"'
[setup:45864] [11:36:18] [DEBUG] (2) velopack::bundle: Extracting zip file to path: "C:\\Source\\SixFive7\\BrowserAI\\.work\\velopack-rows\\root-a\\current\\THIRD-PARTY-NOTICES.txt"
[setup:45864] [11:36:18] [DEBUG] (2) velopack::bundle: Writing file to disk with 64k buffer: "C:\\Source\\SixFive7\\BrowserAI\\.work\\velopack-rows\\root-a\\current\\THIRD-PARTY-NOTICES.txt"
[setup:45864] [11:36:18] [DEBUG] (2) velopack::bundle:     13 Extracting 'lib/app/payload/payload.json' to '"C:\\Source\\SixFive7\\BrowserAI\\.work\\velopack-rows\\root-a\\current\\payload\\payload.json"'
[setup:45864] [11:36:18] [DEBUG] (2) velopack::bundle: Extracting zip file to path: "C:\\Source\\SixFive7\\BrowserAI\\.work\\velopack-rows\\root-a\\current\\payload\\payload.json"
[setup:45864] [11:36:18] [DEBUG] (2) velopack::bundle: Creating parent directory: "C:\\Source\\SixFive7\\BrowserAI\\.work\\velopack-rows\\root-a\\current\\payload"
[setup:45864] [11:36:18] [DEBUG] (2) velopack::bundle: Writing file to disk with 64k buffer: "C:\\Source\\SixFive7\\BrowserAI\\.work\\velopack-rows\\root-a\\current\\payload\\payload.json"
[setup:45864] [11:36:18] [DEBUG] (2) velopack::bundle:     14 Extracting 'lib/app/payload/tool-verdicts.json' to '"C:\\Source\\SixFive7\\BrowserAI\\.work\\velopack-rows\\root-a\\current\\payload\\tool-verdicts.json"'
[setup:45864] [11:36:18] [DEBUG] (2) velopack::bundle: Extracting zip file to path: "C:\\Source\\SixFive7\\BrowserAI\\.work\\velopack-rows\\root-a\\current\\payload\\tool-verdicts.json"
[setup:45864] [11:36:18] [DEBUG] (2) velopack::bundle: Writing file to disk with 64k buffer: "C:\\Source\\SixFive7\\BrowserAI\\.work\\velopack-rows\\root-a\\current\\payload\\tool-verdicts.json"
[setup:45864] [11:36:18] [DEBUG] (2) velopack::bundle:     15 Extracting 'lib/app/payload/node/LICENSE' to '"C:\\Source\\SixFive7\\BrowserAI\\.work\\velopack-rows\\root-a\\current\\payload\\node\\LICENSE"'
[setup:45864] [11:36:18] [DEBUG] (2) velopack::bundle: Extracting zip file to path: "C:\\Source\\SixFive7\\BrowserAI\\.work\\velopack-rows\\root-a\\current\\payload\\node\\LICENSE"
[setup:45864] [11:36:18] [DEBUG] (2) velopack::bundle: Creating parent directory: "C:\\Source\\SixFive7\\BrowserAI\\.work\\velopack-rows\\root-a\\current\\payload\\node"
[setup:45864] [11:36:18] [DEBUG] (2) velopack::bundle: Writing file to disk with 64k buffer: "C:\\Source\\SixFive7\\BrowserAI\\.work\\velopack-rows\\root-a\\current\\payload\\node\\LICENSE"
[setup:45864] [11:36:18] [DEBUG] (2) velopack::bundle:     16 Extracting 'lib/app/payload/node/node.exe' to '"C:\\Source\\SixFive7\\BrowserAI\\.work\\velopack-rows\\root-a\\current\\payload\\node\\node.exe"'
[setup:45864] [11:36:18] [DEBUG] (2) velopack::bundle: Extracting zip file to path: "C:\\Source\\SixFive7\\BrowserAI\\.work\\velopack-rows\\root-a\\current\\payload\\node\\node.exe"
[setup:45864] [11:36:18] [DEBUG] (2) velopack::bundle: Writing file to disk with 64k buffer: "C:\\Source\\SixFive7\\BrowserAI\\.work\\velopack-rows\\root-a\\current\\payload\\node\\node.exe"
[setup:45864] [11:36:18] [DEBUG] (2) velopack::bundle:     17 Extracting 'lib/app/payload/mcp/package-lock.json' to '"C:\\Source\\SixFive7\\BrowserAI\\.work\\velopack-rows\\root-a\\current\\payload\\mcp\\package-lock.json"'
[setup:45864] [11:36:18] [DEBUG] (2) velopack::bundle: Extracting zip file to path: "C:\\Source\\SixFive7\\BrowserAI\\.work\\velopack-rows\\root-a\\current\\payload\\mcp\\package-lock.json"
[setup:45864] [11:36:18] [DEBUG] (2) velopack::bundle: Creating parent directory: "C:\\Source\\SixFive7\\BrowserAI\\.work\\velopack-rows\\root-a\\current\\payload\\mcp"
[setup:45864] [11:36:18] [DEBUG] (2) velopack::bundle: Writing file to disk with 64k buffer: "C:\\Source\\SixFive7\\BrowserAI\\.work\\velopack-rows\\root-a\\current\\payload\\mcp\\package-lock.json"
[setup:45864] [11:36:18] [DEBUG] (2) velopack::bundle:     18 Extracting 'lib/app/payload/mcp/package.json' to '"C:\\Source\\SixFive7\\BrowserAI\\.work\\velopack-rows\\root-a\\current\\payload\\mcp\\package.json"'
[setup:45864] [11:36:18] [DEBUG] (2) velopack::bundle: Extracting zip file to path: "C:\\Source\\SixFive7\\BrowserAI\\.work\\velopack-rows\\root-a\\current\\payload\\mcp\\package.json"
[setup:45864] [11:36:18] [DEBUG] (2) velopack::bundle: Writing file to disk with 64k buffer: "C:\\Source\\SixFive7\\BrowserAI\\.work\\velopack-rows\\root-a\\current\\payload\\mcp\\package.json"
[setup:45864] [11:36:18] [DEBUG] (2) velopack::bundle:     19 Extracting 'lib/app/payload/mcp/node_modules/.package-lock.json' to '"C:\\Source\\SixFive7\\BrowserAI\\.work\\velopack-rows\\root-a\\current\\payload\\mcp\\node_modules\\.package-lock.json"'
[setup:45864] [11:36:18] [DEBUG] (2) velopack::bundle: Extracting zip file to path: "C:\\Source\\SixFive7\\BrowserAI\\.work\\velopack-rows\\root-a\\current\\payload\\mcp\\node_modules\\.package-lock.json"
[setup:45864] [11:36:18] [DEBUG] (2) velopack::bundle: Creating parent directory: "C:\\Source\\SixFive7\\BrowserAI\\.work\\velopack-rows\\root-a\\current\\payload\\mcp\\node_modules"
[setup:45864] [11:36:18] [DEBUG] (2) velopack::bundle: Writing file to disk with 64k buffer: "C:\\Source\\SixFive7\\BrowserAI\\.work\\velopack-rows\\root-a\\current\\payload\\mcp\\node_modules\\.package-lock.json"
[setup:45864] [11:36:18] [DEBUG] (2) velopack::bundle:     20 Extracting 'lib/app/payload/mcp/node_modules/playwright-core/browsers.json' to '"C:\\Source\\SixFive7\\BrowserAI\\.work\\velopack-rows\\root-a\\current\\payload\\mcp\\node_modules\\playwright-core\\browsers.json"'
[setup:45864] [11:36:18] [DEBUG] (2) velopack::bundle: Extracting zip file to path: "C:\\Source\\SixFive7\\BrowserAI\\.work\\velopack-rows\\root-a\\current\\payload\\mcp\\node_modules\\playwright-core\\browsers.json"
[setup:45864] [11:36:18] [DEBUG] (2) velopack::bundle: Creating parent directory: "C:\\Source\\SixFive7\\BrowserAI\\.work\\velopack-rows\\root-a\\current\\payload\\mcp\\node_modules\\playwright-core"
[setup:45864] [11:36:18] [DEBUG] (2) velopack::bundle: Writing file to disk with 64k buffer: "C:\\Source\\SixFive7\\BrowserAI\\.work\\velopack-rows\\root-a\\current\\payload\\mcp\\node_modules\\playwright-core\\browsers.json"
[setup:45864] [11:36:18] [DEBUG] (2) velopack::bundle:     21 Extracting 'lib/app/payload/mcp/node_modules/playwright-core/cli.js' to '"C:\\Source\\SixFive7\\BrowserAI\\.work\\velopack-rows\\root-a\\current\\payload\\mcp\\node_modules\\playwright-core\\cli.js"'
[setup:45864] [11:36:18] [DEBUG] (2) velopack::bundle: Extracting zip file to path: "C:\\Source\\SixFive7\\BrowserAI\\.work\\velopack-rows\\root-a\\current\\payload\\mcp\\node_modules\\playwright-core\\cli.js"
[setup:45864] [11:36:18] [DEBUG] (2) velopack::bundle: Writing file to disk with 64k buffer: "C:\\Source\\SixFive7\\BrowserAI\\.work\\velopack-rows\\root-a\\current\\payload\\mcp\\node_modules\\playwright-core\\cli.js"
[setup:45864] [11:36:18] [DEBUG] (2) velopack::bundle:     22 Extracting 'lib/app/payload/mcp/node_modules/playwright-core/index.d.ts' to '"C:\\Source\\SixFive7\\BrowserAI\\.work\\velopack-rows\\root-a\\current\\payload\\mcp\\node_modules\\playwright-core\\index.d.ts"'
[setup:45864] [11:36:18] [DEBUG] (2) velopack::bundle: Extracting zip file to path: "C:\\Source\\SixFive7\\BrowserAI\\.work\\velopack-rows\\root-a\\current\\payload\\mcp\\node_modules\\playwright-core\\index.d.ts"
[setup:45864] [11:36:18] [DEBUG] (2) velopack::bundle: Writing file to disk with 64k buffer: "C:\\Source\\SixFive7\\BrowserAI\\.work\\velopack-rows\\root-a\\current\\payload\\mcp\\node_modules\\playwright-core\\index.d.ts"
[setup:45864] [11:36:18] [DEBUG] (2) velopack::bundle:     23 Extracting 'lib/app/payload/mcp/node_modules/playwright-core/index.js' to '"C:\\Source\\SixFive7\\BrowserAI\\.work\\velopack-rows\\root-a\\current\\payload\\mcp\\node_modules\\playwright-core\\index.js"'
[setup:45864] [11:36:18] [DEBUG] (2) velopack::bundle: Extracting zip file to path: "C:\\Source\\SixFive7\\BrowserAI\\.work\\velopack-rows\\root-a\\current\\payload\\mcp\\node_modules\\playwright-core\\index.js"
[setup:45864] [11:36:18] [DEBUG] (2) velopack::bundle: Writing file to disk with 64k buffer: "C:\\Source\\SixFive7\\BrowserAI\\.work\\velopack-rows\\root-a\\current\\payload\\mcp\\node_modules\\playwright-core\\index.js"
[setup:45864] [11:36:18] [DEBUG] (2) velopack::bundle:     24 Extracting 'lib/app/payload/mcp/node_modules/playwright-core/index.mjs' to '"C:\\Source\\SixFive7\\BrowserAI\\.work\\velopack-rows\\root-a\\current\\payload\\mcp\\node_modules\\playwright-core\\index.mjs"'
[setup:45864] [11:36:18] [DEBUG] (2) velopack::bundle: Extracting zip file to path: "C:\\Source\\SixFive7\\BrowserAI\\.work\\velopack-rows\\root-a\\current\\payload\\mcp\\node_modules\\playwright-core\\index.mjs"
[setup:45864] [11:36:18] [DEBUG] (2) velopack::bundle: Writing file to disk with 64k buffer: "C:\\Source\\SixFive7\\BrowserAI\\.work\\velopack-rows\\root-a\\current\\payload\\mcp\\node_modules\\playwright-core\\index.mjs"
[setup:45864] [11:36:18] [DEBUG] (2) velopack::bundle:     25 Extracting 'lib/app/payload/mcp/node_modules/playwright-core/LICENSE' to '"C:\\Source\\SixFive7\\BrowserAI\\.work\\velopack-rows\\root-a\\current\\payload\\mcp\\node_modules\\playwright-core\\LICENSE"'
[setup:45864] [11:36:18] [DEBUG] (2) velopack::bundle: Extracting zip file to path: "C:\\Source\\SixFive7\\BrowserAI\\.work\\velopack-rows\\root-a\\current\\payload\\mcp\\node_modules\\playwright-core\\LICENSE"
[setup:45864] [11:36:18] [DEBUG] (2) velopack::bundle: Writing file to disk with 64k buffer: "C:\\Source\\SixFive7\\BrowserAI\\.work\\velopack-rows\\root-a\\current\\payload\\mcp\\node_modules\\playwright-core\\LICENSE"
[setup:45864] [11:36:18] [DEBUG] (2) velopack::bundle:     26 Extracting 'lib/app/payload/mcp/node_modules/playwright-core/NOTICE' to '"C:\\Source\\SixFive7\\BrowserAI\\.work\\velopack-rows\\root-a\\current\\payload\\mcp\\node_modules\\playwright-core\\NOTICE"'
[setup:45864] [11:36:18] [DEBUG] (2) velopack::bundle: Extracting zip file to path: "C:\\Source\\SixFive7\\BrowserAI\\.work\\velopack-rows\\root-a\\current\\payload\\mcp\\node_modules\\playwright-core\\NOTICE"
[setup:45864] [11:36:18] [DEBUG] (2) velopack::bundle: Writing file to disk with 64k buffer: "C:\\Source\\SixFive7\\BrowserAI\\.work\\velopack-rows\\root-a\\current\\payload\\mcp\\node_modules\\playwright-core\\NOTICE"
[setup:45864] [11:36:19] [DEBUG] (2) velopack::bundle:     27 Extracting 'lib/app/payload/mcp/node_modules/playwright-core/package.json' to '"C:\\Source\\SixFive7\\BrowserAI\\.work\\velopack-rows\\root-a\\current\\payload\\mcp\\node_modules\\playwright-core\\package.json"'
[setup:45864] [11:36:19] [DEBUG] (2) velopack::bundle: Extracting zip file to path: "C:\\Source\\SixFive7\\BrowserAI\\.work\\velopack-rows\\root-a\\current\\payload\\mcp\\node_modules\\playwright-core\\package.json"
[setup:45864] [11:36:19] [DEBUG] (2) velopack::bundle: Writing file to disk with 64k buffer: "C:\\Source\\SixFive7\\BrowserAI\\.work\\velopack-rows\\root-a\\current\\payload\\mcp\\node_modules\\playwright-core\\package.json"
[setup:45864] [11:36:19] [DEBUG] (2) velopack::bundle:     28 Extracting 'lib/app/payload/mcp/node_modules/playwright-core/README.md' to '"C:\\Source\\SixFive7\\BrowserAI\\.work\\velopack-rows\\root-a\\current\\payload\\mcp\\node_modules\\playwright-core\\README.md"'
[setup:45864] [11:36:19] [DEBUG] (2) velopack::bundle: Extracting zip file to path: "C:\\Source\\SixFive7\\BrowserAI\\.work\\velopack-rows\\root-a\\current\\payload\\mcp\\node_modules\\playwright-core\\README.md"
[setup:45864] [11:36:19] [DEBUG] (2) velopack::bundle: Writing file to disk with 64k buffer: "C:\\Source\\SixFive7\\BrowserAI\\.work\\velopack-rows\\root-a\\current\\payload\\mcp\\node_modules\\playwright-core\\README.md"
[setup:45864] [11:36:19] [DEBUG] (2) velopack::bundle:     29 Extracting 'lib/app/payload/mcp/node_modules/playwright-core/ThirdPartyNotices.txt' to '"C:\\Source\\SixFive7\\BrowserAI\\.work\\velopack-rows\\root-a\\current\\payload\\mcp\\node_modules\\playwright-core\\ThirdPartyNotices.txt"'
[setup:45864] [11:36:19] [DEBUG] (2) velopack::bundle: Extracting zip file to path: "C:\\Source\\SixFive7\\BrowserAI\\.work\\velopack-rows\\root-a\\current\\payload\\mcp\\node_modules\\playwright-core\\ThirdPartyNotices.txt"
[setup:45864] [11:36:19] [DEBUG] (2) velopack::bundle: Writing file to disk with 64k buffer: "C:\\Source\\SixFive7\\BrowserAI\\.work\\velopack-rows\\root-a\\current\\payload\\mcp\\node_modules\\playwright-core\\ThirdPartyNotices.txt"
[setup:45864] [11:36:19] [DEBUG] (2) velopack::bundle:     30 Extracting 'lib/app/payload/mcp/node_modules/playwright-core/types/protocol.d.ts' to '"C:\\Source\\SixFive7\\BrowserAI\\.work\\velopack-rows\\root-a\\current\\payload\\mcp\\node_modules\\playwright-core\\types\\protocol.d.ts"'
[setup:45864] [11:36:19] [DEBUG] (2) velopack::bundle: Extracting zip file to path: "C:\\Source\\SixFive7\\BrowserAI\\.work\\velopack-rows\\root-a\\current\\payload\\mcp\\node_modules\\playwright-core\\types\\protocol.d.ts"
[setup:45864] [11:36:19] [DEBUG] (2) velopack::bundle: Creating parent directory: "C:\\Source\\SixFive7\\BrowserAI\\.work\\velopack-rows\\root-a\\current\\payload\\mcp\\node_modules\\playwright-core\\types"
[setup:45864] [11:36:19] [DEBUG] (2) velopack::bundle: Writing file to disk with 64k buffer: "C:\\Source\\SixFive7\\BrowserAI\\.work\\velopack-rows\\root-a\\current\\payload\\mcp\\node_modules\\playwright-core\\types\\protocol.d.ts"
[setup:45864] [11:36:19] [DEBUG] (2) velopack::bundle:     31 Extracting 'lib/app/payload/mcp/node_modules/playwright-core/types/structs.d.ts' to '"C:\\Source\\SixFive7\\BrowserAI\\.work\\velopack-rows\\root-a\\current\\payload\\mcp\\node_modules\\playwright-core\\types\\structs.d.ts"'
[setup:45864] [11:36:19] [DEBUG] (2) velopack::bundle: Extracting zip file to path: "C:\\Source\\SixFive7\\BrowserAI\\.work\\velopack-rows\\root-a\\current\\payload\\mcp\\node_modules\\playwright-core\\types\\structs.d.ts"
[setup:45864] [11:36:19] [DEBUG] (2) velopack::bundle: Writing file to disk with 64k buffer: "C:\\Source\\SixFive7\\BrowserAI\\.work\\velopack-rows\\root-a\\current\\payload\\mcp\\node_modules\\playwright-core\\types\\structs.d.ts"
[setup:45864] [11:36:19] [DEBUG] (2) velopack::bundle:     32 Extracting 'lib/app/payload/mcp/node_modules/playwright-core/types/types.d.ts' to '"C:\\Source\\SixFive7\\BrowserAI\\.work\\velopack-rows\\root-a\\current\\payload\\mcp\\node_modules\\playwright-core\\types\\types.d.ts"'
[setup:45864] [11:36:19] [DEBUG] (2) velopack::bundle: Extracting zip file to path: "C:\\Source\\SixFive7\\BrowserAI\\.work\\velopack-rows\\root-a\\current\\payload\\mcp\\node_modules\\playwright-core\\types\\types.d.ts"
[setup:45864] [11:36:19] [DEBUG] (2) velopack::bundle: Writing file to disk with 64k buffer: "C:\\Source\\SixFive7\\BrowserAI\\.work\\velopack-rows\\root-a\\current\\payload\\mcp\\node_modules\\playwright-core\\types\\types.d.ts"
[setup:45864] [11:36:19] [DEBUG] (2) velopack::bundle:     33 Extracting 'lib/app/payload/mcp/node_modules/playwright-core/lib/bootstrap.js' to '"C:\\Source\\SixFive7\\BrowserAI\\.work\\velopack-rows\\root-a\\current\\payload\\mcp\\node_modules\\playwright-core\\lib\\bootstrap.js"'
[setup:45864] [11:36:19] [DEBUG] (2) velopack::bundle: Extracting zip file to path: "C:\\Source\\SixFive7\\BrowserAI\\.work\\velopack-rows\\root-a\\current\\payload\\mcp\\node_modules\\playwright-core\\lib\\bootstrap.js"
[setup:45864] [11:36:19] [DEBUG] (2) velopack::bundle: Creating parent directory: "C:\\Source\\SixFive7\\BrowserAI\\.work\\velopack-rows\\root-a\\current\\payload\\mcp\\node_modules\\playwright-core\\lib"
[setup:45864] [11:36:19] [DEBUG] (2) velopack::bundle: Writing file to disk with 64k buffer: "C:\\Source\\SixFive7\\BrowserAI\\.work\\velopack-rows\\root-a\\current\\payload\\mcp\\node_modules\\playwright-core\\lib\\bootstrap.js"
[setup:45864] [11:36:19] [DEBUG] (2) velopack::bundle:     34 Extracting 'lib/app/payload/mcp/node_modules/playwright-core/lib/coreBundle.js' to '"C:\\Source\\SixFive7\\BrowserAI\\.work\\velopack-rows\\root-a\\current\\payload\\mcp\\node_modules\\playwright-core\\lib\\coreBundle.js"'
[setup:45864] [11:36:19] [DEBUG] (2) velopack::bundle: Extracting zip file to path: "C:\\Source\\SixFive7\\BrowserAI\\.work\\velopack-rows\\root-a\\current\\payload\\mcp\\node_modules\\playwright-core\\lib\\coreBundle.js"
[setup:45864] [11:36:19] [DEBUG] (2) velopack::bundle: Writing file to disk with 64k buffer: "C:\\Source\\SixFive7\\BrowserAI\\.work\\velopack-rows\\root-a\\current\\payload\\mcp\\node_modules\\playwright-core\\lib\\coreBundle.js"
[setup:45864] [11:36:19] [DEBUG] (2) velopack::bundle:     35 Extracting 'lib/app/payload/mcp/node_modules/playwright-core/lib/package.js' to '"C:\\Source\\SixFive7\\BrowserAI\\.work\\velopack-rows\\root-a\\current\\payload\\mcp\\node_modules\\playwright-core\\lib\\package.js"'
[setup:45864] [11:36:19] [DEBUG] (2) velopack::bundle: Extracting zip file to path: "C:\\Source\\SixFive7\\BrowserAI\\.work\\velopack-rows\\root-a\\current\\payload\\mcp\\node_modules\\playwright-core\\lib\\package.js"
[setup:45864] [11:36:19] [DEBUG] (2) velopack::bundle: Writing file to disk with 64k buffer: "C:\\Source\\SixFive7\\BrowserAI\\.work\\velopack-rows\\root-a\\current\\payload\\mcp\\node_modules\\playwright-core\\lib\\package.js"
[setup:45864] [11:36:19] [DEBUG] (2) velopack::bundle:     36 Extracting 'lib/app/payload/mcp/node_modules/playwright-core/lib/serverRegistry.js' to '"C:\\Source\\SixFive7\\BrowserAI\\.work\\velopack-rows\\root-a\\current\\payload\\mcp\\node_modules\\playwright-core\\lib\\serverRegistry.js"'
[setup:45864] [11:36:19] [DEBUG] (2) velopack::bundle: Extracting zip file to path: "C:\\Source\\SixFive7\\BrowserAI\\.work\\velopack-rows\\root-a\\current\\payload\\mcp\\node_modules\\playwright-core\\lib\\serverRegistry.js"
[setup:45864] [11:36:19] [DEBUG] (2) velopack::bundle: Writing file to disk with 64k buffer: "C:\\Source\\SixFive7\\BrowserAI\\.work\\velopack-rows\\root-a\\current\\payload\\mcp\\node_modules\\playwright-core\\lib\\serverRegistry.js"
[setup:45864] [11:36:19] [DEBUG] (2) velopack::bundle:     37 Extracting 'lib/app/payload/mcp/node_modules/playwright-core/lib/serverRegistry.js.LICENSE' to '"C:\\Source\\SixFive7\\BrowserAI\\.work\\velopack-rows\\root-a\\current\\payload\\mcp\\node_modules\\playwright-core\\lib\\serverRegistry.js.LICENSE"'
[setup:45864] [11:36:19] [DEBUG] (2) velopack::bundle: Extracting zip file to path: "C:\\Source\\SixFive7\\BrowserAI\\.work\\velopack-rows\\root-a\\current\\payload\\mcp\\node_modules\\playwright-core\\lib\\serverRegistry.js.LICENSE"
[setup:45864] [11:36:19] [DEBUG] (2) velopack::bundle: Writing file to disk with 64k buffer: "C:\\Source\\SixFive7\\BrowserAI\\.work\\velopack-rows\\root-a\\current\\payload\\mcp\\node_modules\\playwright-core\\lib\\serverRegistry.js.LICENSE"
[setup:45864] [11:36:19] [DEBUG] (2) velopack::bundle:     38 Extracting 'lib/app/payload/mcp/node_modules/playwright-core/lib/utilsBundle.js' to '"C:\\Source\\SixFive7\\BrowserAI\\.work\\velopack-rows\\root-a\\current\\payload\\mcp\\node_modules\\playwright-core\\lib\\utilsBundle.js"'
[setup:45864] [11:36:19] [DEBUG] (2) velopack::bundle: Extracting zip file to path: "C:\\Source\\SixFive7\\BrowserAI\\.work\\velopack-rows\\root-a\\current\\payload\\mcp\\node_modules\\playwright-core\\lib\\utilsBundle.js"
[setup:45864] [11:36:19] [DEBUG] (2) velopack::bundle: Writing file to disk with 64k buffer: "C:\\Source\\SixFive7\\BrowserAI\\.work\\velopack-rows\\root-a\\current\\payload\\mcp\\node_modules\\playwright-core\\lib\\utilsBundle.js"
[setup:45864] [11:36:19] [DEBUG] (2) velopack::bundle:     39 Extracting 'lib/app/payload/mcp/node_modules/playwright-core/lib/utilsBundle.js.LICENSE' to '"C:\\Source\\SixFive7\\BrowserAI\\.work\\velopack-rows\\root-a\\current\\payload\\mcp\\node_modules\\playwright-core\\lib\\utilsBundle.js.LICENSE"'
[setup:45864] [11:36:19] [DEBUG] (2) velopack::bundle: Extracting zip file to path: "C:\\Source\\SixFive7\\BrowserAI\\.work\\velopack-rows\\root-a\\current\\payload\\mcp\\node_modules\\playwright-core\\lib\\utilsBundle.js.LICENSE"
[setup:45864] [11:36:19] [DEBUG] (2) velopack::bundle: Writing file to disk with 64k buffer: "C:\\Source\\SixFive7\\BrowserAI\\.work\\velopack-rows\\root-a\\current\\payload\\mcp\\node_modules\\playwright-core\\lib\\utilsBundle.js.LICENSE"
[setup:45864] [11:36:19] [DEBUG] (2) velopack::bundle:     40 Extracting 'lib/app/payload/mcp/node_modules/playwright-core/lib/webp_codec.LICENSE' to '"C:\\Source\\SixFive7\\BrowserAI\\.work\\velopack-rows\\root-a\\current\\payload\\mcp\\node_modules\\playwright-core\\lib\\webp_codec.LICENSE"'
[setup:45864] [11:36:19] [DEBUG] (2) velopack::bundle: Extracting zip file to path: "C:\\Source\\SixFive7\\BrowserAI\\.work\\velopack-rows\\root-a\\current\\payload\\mcp\\node_modules\\playwright-core\\lib\\webp_codec.LICENSE"
[setup:45864] [11:36:19] [DEBUG] (2) velopack::bundle: Writing file to disk with 64k buffer: "C:\\Source\\SixFive7\\BrowserAI\\.work\\velopack-rows\\root-a\\current\\payload\\mcp\\node_modules\\playwright-core\\lib\\webp_codec.LICENSE"
[setup:45864] [11:36:19] [DEBUG] (2) velopack::bundle:     41 Extracting 'lib/app/payload/mcp/node_modules/playwright-core/lib/webp_codec.wasm' to '"C:\\Source\\SixFive7\\BrowserAI\\.work\\velopack-rows\\root-a\\current\\payload\\mcp\\node_modules\\playwright-core\\lib\\webp_codec.wasm"'
[setup:45864] [11:36:19] [DEBUG] (2) velopack::bundle: Extracting zip file to path: "C:\\Source\\SixFive7\\BrowserAI\\.work\\velopack-rows\\root-a\\current\\payload\\mcp\\node_modules\\playwright-core\\lib\\webp_codec.wasm"
[setup:45864] [11:36:19] [DEBUG] (2) velopack::bundle: Writing file to disk with 64k buffer: "C:\\Source\\SixFive7\\BrowserAI\\.work\\velopack-rows\\root-a\\current\\payload\\mcp\\node_modules\\playwright-core\\lib\\webp_codec.wasm"
[setup:45864] [11:36:19] [DEBUG] (2) velopack::bundle:     42 Extracting 'lib/app/payload/mcp/node_modules/playwright-core/lib/xdg-open' to '"C:\\Source\\SixFive7\\BrowserAI\\.work\\velopack-rows\\root-a\\current\\payload\\mcp\\node_modules\\playwright-core\\lib\\xdg-open"'
[setup:45864] [11:36:19] [DEBUG] (2) velopack::bundle: Extracting zip file to path: "C:\\Source\\SixFive7\\BrowserAI\\.work\\velopack-rows\\root-a\\current\\payload\\mcp\\node_modules\\playwright-core\\lib\\xdg-open"
[setup:45864] [11:36:19] [DEBUG] (2) velopack::bundle: Writing file to disk with 64k buffer: "C:\\Source\\SixFive7\\BrowserAI\\.work\\velopack-rows\\root-a\\current\\payload\\mcp\\node_modules\\playwright-core\\lib\\xdg-open"
[setup:45864] [11:36:19] [DEBUG] (2) velopack::bundle:     43 Extracting 'lib/app/payload/mcp/node_modules/playwright-core/lib/vite/traceViewer/codeMirrorModule.-QdMvsKi.css' to '"C:\\Source\\SixFive7\\BrowserAI\\.work\\velopack-rows\\root-a\\current\\payload\\mcp\\node_modules\\playwright-core\\lib\\vite\\traceViewer\\codeMirrorModule.-QdMvsKi.css"'
[setup:45864] [11:36:19] [DEBUG] (2) velopack::bundle: Extracting zip file to path: "C:\\Source\\SixFive7\\BrowserAI\\.work\\velopack-rows\\root-a\\current\\payload\\mcp\\node_modules\\playwright-core\\lib\\vite\\traceViewer\\codeMirrorModule.-QdMvsKi.css"
[setup:45864] [11:36:19] [DEBUG] (2) velopack::bundle: Creating parent directory: "C:\\Source\\SixFive7\\BrowserAI\\.work\\velopack-rows\\root-a\\current\\payload\\mcp\\node_modules\\playwright-core\\lib\\vite\\traceViewer"
[setup:45864] [11:36:19] [DEBUG] (2) velopack::bundle: Writing file to disk with 64k buffer: "C:\\Source\\SixFive7\\BrowserAI\\.work\\velopack-rows\\root-a\\current\\payload\\mcp\\node_modules\\playwright-core\\lib\\vite\\traceViewer\\codeMirrorModule.-QdMvsKi.css"
[setup:45864] [11:36:19] [DEBUG] (2) velopack::bundle:     44 Extracting 'lib/app/payload/mcp/node_modules/playwright-core/lib/vite/traceViewer/codicon.DCmgc-ay.ttf' to '"C:\\Source\\SixFive7\\BrowserAI\\.work\\velopack-rows\\root-a\\current\\payload\\mcp\\node_modules\\playwright-core\\lib\\vite\\traceViewer\\codicon.DCmgc-ay.ttf"'
[setup:45864] [11:36:19] [DEBUG] (2) velopack::bundle: Extracting zip file to path: "C:\\Source\\SixFive7\\BrowserAI\\.work\\velopack-rows\\root-a\\current\\payload\\mcp\\node_modules\\playwright-core\\lib\\vite\\traceViewer\\codicon.DCmgc-ay.ttf"
[setup:45864] [11:36:19] [DEBUG] (2) velopack::bundle: Writing file to disk with 64k buffer: "C:\\Source\\SixFive7\\BrowserAI\\.work\\velopack-rows\\root-a\\current\\payload\\mcp\\node_modules\\playwright-core\\lib\\vite\\traceViewer\\codicon.DCmgc-ay.ttf"
[setup:45864] [11:36:19] [DEBUG] (2) velopack::bundle:     45 Extracting 'lib/app/payload/mcp/node_modules/playwright-core/lib/vite/traceViewer/defaultSettingsView.C8BeHuxd.css' to '"C:\\Source\\SixFive7\\BrowserAI\\.work\\velopack-rows\\root-a\\current\\payload\\mcp\\node_modules\\playwright-core\\lib\\vite\\traceViewer\\defaultSettingsView.C8BeHuxd.css"'
[setup:45864] [11:36:19] [DEBUG] (2) velopack::bundle: Extracting zip file to path: "C:\\Source\\SixFive7\\BrowserAI\\.work\\velopack-rows\\root-a\\current\\payload\\mcp\\node_modules\\playwright-core\\lib\\vite\\traceViewer\\defaultSettingsView.C8BeHuxd.css"
[setup:45864] [11:36:19] [DEBUG] (2) velopack::bundle: Writing file to disk with 64k buffer: "C:\\Source\\SixFive7\\BrowserAI\\.work\\velopack-rows\\root-a\\current\\payload\\mcp\\node_modules\\playwright-core\\lib\\vite\\traceViewer\\defaultSettingsView.C8BeHuxd.css"
[setup:45864] [11:36:19] [DEBUG] (2) velopack::bundle:     46 Extracting 'lib/app/payload/mcp/node_modules/playwright-core/lib/vite/traceViewer/index.B_TqY17P.css' to '"C:\\Source\\SixFive7\\BrowserAI\\.work\\velopack-rows\\root-a\\current\\payload\\mcp\\node_modules\\playwright-core\\lib\\vite\\traceViewer\\index.B_TqY17P.css"'
[setup:45864] [11:36:19] [DEBUG] (2) velopack::bundle: Extracting zip file to path: "C:\\Source\\SixFive7\\BrowserAI\\.work\\velopack-rows\\root-a\\current\\payload\\mcp\\node_modules\\playwright-core\\lib\\vite\\traceViewer\\index.B_TqY17P.css"
[setup:45864] [11:36:19] [DEBUG] (2) velopack::bundle: Writing file to disk with 64k buffer: "C:\\Source\\SixFive7\\BrowserAI\\.work\\velopack-rows\\root-a\\current\\payload\\mcp\\node_modules\\playwright-core\\lib\\vite\\traceViewer\\index.B_TqY17P.css"
[setup:45864] [11:36:19] [DEBUG] (2) velopack::bundle:     47 Extracting 'lib/app/payload/mcp/node_modules/playwright-core/lib/vite/traceViewer/index.BvNK4UpQ.js' to '"C:\\Source\\SixFive7\\BrowserAI\\.work\\velopack-rows\\root-a\\current\\payload\\mcp\\node_modules\\playwright-core\\lib\\vite\\traceViewer\\index.BvNK4UpQ.js"'
[setup:45864] [11:36:19] [DEBUG] (2) velopack::bundle: Extracting zip file to path: "C:\\Source\\SixFive7\\BrowserAI\\.work\\velopack-rows\\root-a\\current\\payload\\mcp\\node_modules\\playwright-core\\lib\\vite\\traceViewer\\index.BvNK4UpQ.js"
[setup:45864] [11:36:19] [DEBUG] (2) velopack::bundle: Writing file to disk with 64k buffer: "C:\\Source\\SixFive7\\BrowserAI\\.work\\velopack-rows\\root-a\\current\\payload\\mcp\\node_modules\\playwright-core\\lib\\vite\\traceViewer\\index.BvNK4UpQ.js"
[setup:45864] [11:36:19] [DEBUG] (2) velopack::bundle:     48 Extracting 'lib/app/payload/mcp/node_modules/playwright-core/lib/vite/traceViewer/index.html' to '"C:\\Source\\SixFive7\\BrowserAI\\.work\\velopack-rows\\root-a\\current\\payload\\mcp\\node_modules\\playwright-core\\lib\\vite\\traceViewer\\index.html"'
[setup:45864] [11:36:19] [DEBUG] (2) velopack::bundle: Extracting zip file to path: "C:\\Source\\SixFive7\\BrowserAI\\.work\\velopack-rows\\root-a\\current\\payload\\mcp\\node_modules\\playwright-core\\lib\\vite\\traceViewer\\index.html"
[setup:45864] [11:36:19] [DEBUG] (2) velopack::bundle: Writing file to disk with 64k buffer: "C:\\Source\\SixFive7\\BrowserAI\\.work\\velopack-rows\\root-a\\current\\payload\\mcp\\node_modules\\playwright-core\\lib\\vite\\traceViewer\\index.html"
[setup:45864] [11:36:19] [DEBUG] (2) velopack::bundle:     49 Extracting 'lib/app/payload/mcp/node_modules/playwright-core/lib/vite/traceViewer/manifest.webmanifest' to '"C:\\Source\\SixFive7\\BrowserAI\\.work\\velopack-rows\\root-a\\current\\payload\\mcp\\node_modules\\playwright-core\\lib\\vite\\traceViewer\\manifest.webmanifest"'
[setup:45864] [11:36:19] [DEBUG] (2) velopack::bundle: Extracting zip file to path: "C:\\Source\\SixFive7\\BrowserAI\\.work\\velopack-rows\\root-a\\current\\payload\\mcp\\node_modules\\playwright-core\\lib\\vite\\traceViewer\\manifest.webmanifest"
[setup:45864] [11:36:19] [DEBUG] (2) velopack::bundle: Writing file to disk with 64k buffer: "C:\\Source\\SixFive7\\BrowserAI\\.work\\velopack-rows\\root-a\\current\\payload\\mcp\\node_modules\\playwright-core\\lib\\vite\\traceViewer\\manifest.webmanifest"
[setup:45864] [11:36:19] [DEBUG] (2) velopack::bundle:     50 Extracting 'lib/app/payload/mcp/node_modules/playwright-core/lib/vite/traceViewer/playwright-logo.svg' to '"C:\\Source\\SixFive7\\BrowserAI\\.work\\velopack-rows\\root-a\\current\\payload\\mcp\\node_modules\\playwright-core\\lib\\vite\\traceViewer\\playwright-logo.svg"'
[setup:45864] [11:36:19] [DEBUG] (2) velopack::bundle: Extracting zip file to path: "C:\\Source\\SixFive7\\BrowserAI\\.work\\velopack-rows\\root-a\\current\\payload\\mcp\\node_modules\\playwright-core\\lib\\vite\\traceViewer\\playwright-logo.svg"
[setup:45864] [11:36:19] [DEBUG] (2) velopack::bundle: Writing file to disk with 64k buffer: "C:\\Source\\SixFive7\\BrowserAI\\.work\\velopack-rows\\root-a\\current\\payload\\mcp\\node_modules\\playwright-core\\lib\\vite\\traceViewer\\playwright-logo.svg"
[setup:45864] [11:36:19] [DEBUG] (2) velopack::bundle:     51 Extracting 'lib/app/payload/mcp/node_modules/playwright-core/lib/vite/traceViewer/snapshot.B_Jk1wbt.js' to '"C:\\Source\\SixFive7\\BrowserAI\\.work\\velopack-rows\\root-a\\current\\payload\\mcp\\node_modules\\playwright-core\\lib\\vite\\traceViewer\\snapshot.B_Jk1wbt.js"'
[setup:45864] [11:36:19] [DEBUG] (2) velopack::bundle: Extracting zip file to path: "C:\\Source\\SixFive7\\BrowserAI\\.work\\velopack-rows\\root-a\\current\\payload\\mcp\\node_modules\\playwright-core\\lib\\vite\\traceViewer\\snapshot.B_Jk1wbt.js"
[setup:45864] [11:36:19] [DEBUG] (2) velopack::bundle: Writing file to disk with 64k buffer: "C:\\Source\\SixFive7\\BrowserAI\\.work\\velopack-rows\\root-a\\current\\payload\\mcp\\node_modules\\playwright-core\\lib\\vite\\traceViewer\\snapshot.B_Jk1wbt.js"
[setup:45864] [11:36:19] [DEBUG] (2) velopack::bundle:     52 Extracting 'lib/app/payload/mcp/node_modules/playwright-core/lib/vite/traceViewer/snapshot.html' to '"C:\\Source\\SixFive7\\BrowserAI\\.work\\velopack-rows\\root-a\\current\\payload\\mcp\\node_modules\\playwright-core\\lib\\vite\\traceViewer\\snapshot.html"'
[setup:45864] [11:36:19] [DEBUG] (2) velopack::bundle: Extracting zip file to path: "C:\\Source\\SixFive7\\BrowserAI\\.work\\velopack-rows\\root-a\\current\\payload\\mcp\\node_modules\\playwright-core\\lib\\vite\\traceViewer\\snapshot.html"
[setup:45864] [11:36:19] [DEBUG] (2) velopack::bundle: Writing file to disk with 64k buffer: "C:\\Source\\SixFive7\\BrowserAI\\.work\\velopack-rows\\root-a\\current\\payload\\mcp\\node_modules\\playwright-core\\lib\\vite\\traceViewer\\snapshot.html"
[setup:45864] [11:36:19] [DEBUG] (2) velopack::bundle:     53 Extracting 'lib/app/payload/mcp/node_modules/playwright-core/lib/vite/traceViewer/sw.bundle.js' to '"C:\\Source\\SixFive7\\BrowserAI\\.work\\velopack-rows\\root-a\\current\\payload\\mcp\\node_modules\\playwright-core\\lib\\vite\\traceViewer\\sw.bundle.js"'
[setup:45864] [11:36:19] [DEBUG] (2) velopack::bundle: Extracting zip file to path: "C:\\Source\\SixFive7\\BrowserAI\\.work\\velopack-rows\\root-a\\current\\payload\\mcp\\node_modules\\playwright-core\\lib\\vite\\traceViewer\\sw.bundle.js"
[setup:45864] [11:36:19] [DEBUG] (2) velopack::bundle: Writing file to disk with 64k buffer: "C:\\Source\\SixFive7\\BrowserAI\\.work\\velopack-rows\\root-a\\current\\payload\\mcp\\node_modules\\playwright-core\\lib\\vite\\traceViewer\\sw.bundle.js"
[setup:45864] [11:36:19] [DEBUG] (2) velopack::bundle:     54 Extracting 'lib/app/payload/mcp/node_modules/playwright-core/lib/vite/traceViewer/uiMode.CyMfwkXJ.css' to '"C:\\Source\\SixFive7\\BrowserAI\\.work\\velopack-rows\\root-a\\current\\payload\\mcp\\node_modules\\playwright-core\\lib\\vite\\traceViewer\\uiMode.CyMfwkXJ.css"'
[setup:45864] [11:36:19] [DEBUG] (2) velopack::bundle: Extracting zip file to path: "C:\\Source\\SixFive7\\BrowserAI\\.work\\velopack-rows\\root-a\\current\\payload\\mcp\\node_modules\\playwright-core\\lib\\vite\\traceViewer\\uiMode.CyMfwkXJ.css"
[setup:45864] [11:36:19] [DEBUG] (2) velopack::bundle: Writing file to disk with 64k buffer: "C:\\Source\\SixFive7\\BrowserAI\\.work\\velopack-rows\\root-a\\current\\payload\\mcp\\node_modules\\playwright-core\\lib\\vite\\traceViewer\\uiMode.CyMfwkXJ.css"
[setup:45864] [11:36:19] [DEBUG] (2) velopack::bundle:     55 Extracting 'lib/app/payload/mcp/node_modules/playwright-core/lib/vite/traceViewer/uiMode.html' to '"C:\\Source\\SixFive7\\BrowserAI\\.work\\velopack-rows\\root-a\\current\\payload\\mcp\\node_modules\\playwright-core\\lib\\vite\\traceViewer\\uiMode.html"'
[setup:45864] [11:36:19] [DEBUG] (2) velopack::bundle: Extracting zip file to path: "C:\\Source\\SixFive7\\BrowserAI\\.work\\velopack-rows\\root-a\\current\\payload\\mcp\\node_modules\\playwright-core\\lib\\vite\\traceViewer\\uiMode.html"
[setup:45864] [11:36:19] [DEBUG] (2) velopack::bundle: Writing file to disk with 64k buffer: "C:\\Source\\SixFive7\\BrowserAI\\.work\\velopack-rows\\root-a\\current\\payload\\mcp\\node_modules\\playwright-core\\lib\\vite\\traceViewer\\uiMode.html"
[setup:45864] [11:36:19] [DEBUG] (2) velopack::bundle:     56 Extracting 'lib/app/payload/mcp/node_modules/playwright-core/lib/vite/traceViewer/uiMode.nHvs885n.js' to '"C:\\Source\\SixFive7\\BrowserAI\\.work\\velopack-rows\\root-a\\current\\payload\\mcp\\node_modules\\playwright-core\\lib\\vite\\traceViewer\\uiMode.nHvs885n.js"'
[setup:45864] [11:36:19] [DEBUG] (2) velopack::bundle: Extracting zip file to path: "C:\\Source\\SixFive7\\BrowserAI\\.work\\velopack-rows\\root-a\\current\\payload\\mcp\\node_modules\\playwright-core\\lib\\vite\\traceViewer\\uiMode.nHvs885n.js"
[setup:45864] [11:36:19] [DEBUG] (2) velopack::bundle: Writing file to disk with 64k buffer: "C:\\Source\\SixFive7\\BrowserAI\\.work\\velopack-rows\\root-a\\current\\payload\\mcp\\node_modules\\playwright-core\\lib\\vite\\traceViewer\\uiMode.nHvs885n.js"
[setup:45864] [11:36:19] [DEBUG] (2) velopack::bundle:     57 Extracting 'lib/app/payload/mcp/node_modules/playwright-core/lib/vite/traceViewer/xtermModule.kHJ-D0s7.css' to '"C:\\Source\\SixFive7\\BrowserAI\\.work\\velopack-rows\\root-a\\current\\payload\\mcp\\node_modules\\playwright-core\\lib\\vite\\traceViewer\\xtermModule.kHJ-D0s7.css"'
[setup:45864] [11:36:19] [DEBUG] (2) velopack::bundle: Extracting zip file to path: "C:\\Source\\SixFive7\\BrowserAI\\.work\\velopack-rows\\root-a\\current\\payload\\mcp\\node_modules\\playwright-core\\lib\\vite\\traceViewer\\xtermModule.kHJ-D0s7.css"
[setup:45864] [11:36:19] [DEBUG] (2) velopack::bundle: Writing file to disk with 64k buffer: "C:\\Source\\SixFive7\\BrowserAI\\.work\\velopack-rows\\root-a\\current\\payload\\mcp\\node_modules\\playwright-core\\lib\\vite\\traceViewer\\xtermModule.kHJ-D0s7.css"
[setup:45864] [11:36:19] [DEBUG] (2) velopack::bundle:     58 Extracting 'lib/app/payload/mcp/node_modules/playwright-core/lib/vite/traceViewer/assets/codeMirrorModule-CGLh_cgl.js' to '"C:\\Source\\SixFive7\\BrowserAI\\.work\\velopack-rows\\root-a\\current\\payload\\mcp\\node_modules\\playwright-core\\lib\\vite\\traceViewer\\assets\\codeMirrorModule-CGLh_cgl.js"'
[setup:45864] [11:36:19] [DEBUG] (2) velopack::bundle: Extracting zip file to path: "C:\\Source\\SixFive7\\BrowserAI\\.work\\velopack-rows\\root-a\\current\\payload\\mcp\\node_modules\\playwright-core\\lib\\vite\\traceViewer\\assets\\codeMirrorModule-CGLh_cgl.js"
[setup:45864] [11:36:19] [DEBUG] (2) velopack::bundle: Creating parent directory: "C:\\Source\\SixFive7\\BrowserAI\\.work\\velopack-rows\\root-a\\current\\payload\\mcp\\node_modules\\playwright-core\\lib\\vite\\traceViewer\\assets"
[setup:45864] [11:36:19] [DEBUG] (2) velopack::bundle: Writing file to disk with 64k buffer: "C:\\Source\\SixFive7\\BrowserAI\\.work\\velopack-rows\\root-a\\current\\payload\\mcp\\node_modules\\playwright-core\\lib\\vite\\traceViewer\\assets\\codeMirrorModule-CGLh_cgl.js"
[setup:45864] [11:36:19] [DEBUG] (2) velopack::bundle:     59 Extracting 'lib/app/payload/mcp/node_modules/playwright-core/lib/vite/traceViewer/assets/defaultSettingsView-DChdxQei.js' to '"C:\\Source\\SixFive7\\BrowserAI\\.work\\velopack-rows\\root-a\\current\\payload\\mcp\\node_modules\\playwright-core\\lib\\vite\\traceViewer\\assets\\defaultSettingsView-DChdxQei.js"'
[setup:45864] [11:36:19] [DEBUG] (2) velopack::bundle: Extracting zip file to path: "C:\\Source\\SixFive7\\BrowserAI\\.work\\velopack-rows\\root-a\\current\\payload\\mcp\\node_modules\\playwright-core\\lib\\vite\\traceViewer\\assets\\defaultSettingsView-DChdxQei.js"
[setup:45864] [11:36:19] [DEBUG] (2) velopack::bundle: Writing file to disk with 64k buffer: "C:\\Source\\SixFive7\\BrowserAI\\.work\\velopack-rows\\root-a\\current\\payload\\mcp\\node_modules\\playwright-core\\lib\\vite\\traceViewer\\assets\\defaultSettingsView-DChdxQei.js"
[setup:45864] [11:36:19] [DEBUG] (2) velopack::bundle:     60 Extracting 'lib/app/payload/mcp/node_modules/playwright-core/lib/vite/traceViewer/assets/urlMatch-L3liM589.js' to '"C:\\Source\\SixFive7\\BrowserAI\\.work\\velopack-rows\\root-a\\current\\payload\\mcp\\node_modules\\playwright-core\\lib\\vite\\traceViewer\\assets\\urlMatch-L3liM589.js"'
[setup:45864] [11:36:19] [DEBUG] (2) velopack::bundle: Extracting zip file to path: "C:\\Source\\SixFive7\\BrowserAI\\.work\\velopack-rows\\root-a\\current\\payload\\mcp\\node_modules\\playwright-core\\lib\\vite\\traceViewer\\assets\\urlMatch-L3liM589.js"
[setup:45864] [11:36:19] [DEBUG] (2) velopack::bundle: Writing file to disk with 64k buffer: "C:\\Source\\SixFive7\\BrowserAI\\.work\\velopack-rows\\root-a\\current\\payload\\mcp\\node_modules\\playwright-core\\lib\\vite\\traceViewer\\assets\\urlMatch-L3liM589.js"
[setup:45864] [11:36:19] [DEBUG] (2) velopack::bundle:     61 Extracting 'lib/app/payload/mcp/node_modules/playwright-core/lib/vite/traceViewer/assets/xtermModule-Dxt0fa0b.js' to '"C:\\Source\\SixFive7\\BrowserAI\\.work\\velopack-rows\\root-a\\current\\payload\\mcp\\node_modules\\playwright-core\\lib\\vite\\traceViewer\\assets\\xtermModule-Dxt0fa0b.js"'
[setup:45864] [11:36:19] [DEBUG] (2) velopack::bundle: Extracting zip file to path: "C:\\Source\\SixFive7\\BrowserAI\\.work\\velopack-rows\\root-a\\current\\payload\\mcp\\node_modules\\playwright-core\\lib\\vite\\traceViewer\\assets\\xtermModule-Dxt0fa0b.js"
[setup:45864] [11:36:19] [DEBUG] (2) velopack::bundle: Writing file to disk with 64k buffer: "C:\\Source\\SixFive7\\BrowserAI\\.work\\velopack-rows\\root-a\\current\\payload\\mcp\\node_modules\\playwright-core\\lib\\vite\\traceViewer\\assets\\xtermModule-Dxt0fa0b.js"
[setup:45864] [11:36:19] [DEBUG] (2) velopack::bundle:     62 Extracting 'lib/app/payload/mcp/node_modules/playwright-core/lib/vite/recorder/index.html' to '"C:\\Source\\SixFive7\\BrowserAI\\.work\\velopack-rows\\root-a\\current\\payload\\mcp\\node_modules\\playwright-core\\lib\\vite\\recorder\\index.html"'
[setup:45864] [11:36:19] [DEBUG] (2) velopack::bundle: Extracting zip file to path: "C:\\Source\\SixFive7\\BrowserAI\\.work\\velopack-rows\\root-a\\current\\payload\\mcp\\node_modules\\playwright-core\\lib\\vite\\recorder\\index.html"
[setup:45864] [11:36:19] [DEBUG] (2) velopack::bundle: Creating parent directory: "C:\\Source\\SixFive7\\BrowserAI\\.work\\velopack-rows\\root-a\\current\\payload\\mcp\\node_modules\\playwright-core\\lib\\vite\\recorder"
[setup:45864] [11:36:19] [DEBUG] (2) velopack::bundle: Writing file to disk with 64k buffer: "C:\\Source\\SixFive7\\BrowserAI\\.work\\velopack-rows\\root-a\\current\\payload\\mcp\\node_modules\\playwright-core\\lib\\vite\\recorder\\index.html"
[setup:45864] [11:36:19] [DEBUG] (2) velopack::bundle:     63 Extracting 'lib/app/payload/mcp/node_modules/playwright-core/lib/vite/recorder/playwright-logo.svg' to '"C:\\Source\\SixFive7\\BrowserAI\\.work\\velopack-rows\\root-a\\current\\payload\\mcp\\node_modules\\playwright-core\\lib\\vite\\recorder\\playwright-logo.svg"'
[setup:45864] [11:36:19] [DEBUG] (2) velopack::bundle: Extracting zip file to path: "C:\\Source\\SixFive7\\BrowserAI\\.work\\velopack-rows\\root-a\\current\\payload\\mcp\\node_modules\\playwright-core\\lib\\vite\\recorder\\playwright-logo.svg"
[setup:45864] [11:36:19] [DEBUG] (2) velopack::bundle: Writing file to disk with 64k buffer: "C:\\Source\\SixFive7\\BrowserAI\\.work\\velopack-rows\\root-a\\current\\payload\\mcp\\node_modules\\playwright-core\\lib\\vite\\recorder\\playwright-logo.svg"
[setup:45864] [11:36:19] [DEBUG] (2) velopack::bundle:     64 Extracting 'lib/app/payload/mcp/node_modules/playwright-core/lib/vite/recorder/assets/codeMirrorModule--QdMvsKi.css' to '"C:\\Source\\SixFive7\\BrowserAI\\.work\\velopack-rows\\root-a\\current\\payload\\mcp\\node_modules\\playwright-core\\lib\\vite\\recorder\\assets\\codeMirrorModule--QdMvsKi.css"'
[setup:45864] [11:36:19] [DEBUG] (2) velopack::bundle: Extracting zip file to path: "C:\\Source\\SixFive7\\BrowserAI\\.work\\velopack-rows\\root-a\\current\\payload\\mcp\\node_modules\\playwright-core\\lib\\vite\\recorder\\assets\\codeMirrorModule--QdMvsKi.css"
[setup:45864] [11:36:19] [DEBUG] (2) velopack::bundle: Creating parent directory: "C:\\Source\\SixFive7\\BrowserAI\\.work\\velopack-rows\\root-a\\current\\payload\\mcp\\node_modules\\playwright-core\\lib\\vite\\recorder\\assets"
[setup:45864] [11:36:19] [DEBUG] (2) velopack::bundle: Writing file to disk with 64k buffer: "C:\\Source\\SixFive7\\BrowserAI\\.work\\velopack-rows\\root-a\\current\\payload\\mcp\\node_modules\\playwright-core\\lib\\vite\\recorder\\assets\\codeMirrorModule--QdMvsKi.css"
[setup:45864] [11:36:19] [DEBUG] (2) velopack::bundle:     65 Extracting 'lib/app/payload/mcp/node_modules/playwright-core/lib/vite/recorder/assets/codeMirrorModule-CVQWJZAA.js' to '"C:\\Source\\SixFive7\\BrowserAI\\.work\\velopack-rows\\root-a\\current\\payload\\mcp\\node_modules\\playwright-core\\lib\\vite\\recorder\\assets\\codeMirrorModule-CVQWJZAA.js"'
[setup:45864] [11:36:19] [DEBUG] (2) velopack::bundle: Extracting zip file to path: "C:\\Source\\SixFive7\\BrowserAI\\.work\\velopack-rows\\root-a\\current\\payload\\mcp\\node_modules\\playwright-core\\lib\\vite\\recorder\\assets\\codeMirrorModule-CVQWJZAA.js"
[setup:45864] [11:36:19] [DEBUG] (2) velopack::bundle: Writing file to disk with 64k buffer: "C:\\Source\\SixFive7\\BrowserAI\\.work\\velopack-rows\\root-a\\current\\payload\\mcp\\node_modules\\playwright-core\\lib\\vite\\recorder\\assets\\codeMirrorModule-CVQWJZAA.js"
[setup:45864] [11:36:19] [DEBUG] (2) velopack::bundle:     66 Extracting 'lib/app/payload/mcp/node_modules/playwright-core/lib/vite/recorder/assets/codicon-DCmgc-ay.ttf' to '"C:\\Source\\SixFive7\\BrowserAI\\.work\\velopack-rows\\root-a\\current\\payload\\mcp\\node_modules\\playwright-core\\lib\\vite\\recorder\\assets\\codicon-DCmgc-ay.ttf"'
[setup:45864] [11:36:19] [DEBUG] (2) velopack::bundle: Extracting zip file to path: "C:\\Source\\SixFive7\\BrowserAI\\.work\\velopack-rows\\root-a\\current\\payload\\mcp\\node_modules\\playwright-core\\lib\\vite\\recorder\\assets\\codicon-DCmgc-ay.ttf"
[setup:45864] [11:36:19] [DEBUG] (2) velopack::bundle: Writing file to disk with 64k buffer: "C:\\Source\\SixFive7\\BrowserAI\\.work\\velopack-rows\\root-a\\current\\payload\\mcp\\node_modules\\playwright-core\\lib\\vite\\recorder\\assets\\codicon-DCmgc-ay.ttf"
[setup:45864] [11:36:19] [DEBUG] (2) velopack::bundle:     67 Extracting 'lib/app/payload/mcp/node_modules/playwright-core/lib/vite/recorder/assets/index-BZpYJZ-P.css' to '"C:\\Source\\SixFive7\\BrowserAI\\.work\\velopack-rows\\root-a\\current\\payload\\mcp\\node_modules\\playwright-core\\lib\\vite\\recorder\\assets\\index-BZpYJZ-P.css"'
[setup:45864] [11:36:19] [DEBUG] (2) velopack::bundle: Extracting zip file to path: "C:\\Source\\SixFive7\\BrowserAI\\.work\\velopack-rows\\root-a\\current\\payload\\mcp\\node_modules\\playwright-core\\lib\\vite\\recorder\\assets\\index-BZpYJZ-P.css"
[setup:45864] [11:36:19] [DEBUG] (2) velopack::bundle: Writing file to disk with 64k buffer: "C:\\Source\\SixFive7\\BrowserAI\\.work\\velopack-rows\\root-a\\current\\payload\\mcp\\node_modules\\playwright-core\\lib\\vite\\recorder\\assets\\index-BZpYJZ-P.css"
[setup:45864] [11:36:19] [DEBUG] (2) velopack::bundle:     68 Extracting 'lib/app/payload/mcp/node_modules/playwright-core/lib/vite/recorder/assets/index-hrlLqLtq.js' to '"C:\\Source\\SixFive7\\BrowserAI\\.work\\velopack-rows\\root-a\\current\\payload\\mcp\\node_modules\\playwright-core\\lib\\vite\\recorder\\assets\\index-hrlLqLtq.js"'
[setup:45864] [11:36:19] [DEBUG] (2) velopack::bundle: Extracting zip file to path: "C:\\Source\\SixFive7\\BrowserAI\\.work\\velopack-rows\\root-a\\current\\payload\\mcp\\node_modules\\playwright-core\\lib\\vite\\recorder\\assets\\index-hrlLqLtq.js"
[setup:45864] [11:36:19] [DEBUG] (2) velopack::bundle: Writing file to disk with 64k buffer: "C:\\Source\\SixFive7\\BrowserAI\\.work\\velopack-rows\\root-a\\current\\payload\\mcp\\node_modules\\playwright-core\\lib\\vite\\recorder\\assets\\index-hrlLqLtq.js"
[setup:45864] [11:36:19] [DEBUG] (2) velopack::bundle:     69 Extracting 'lib/app/payload/mcp/node_modules/playwright-core/lib/vite/htmlReport/index.html' to '"C:\\Source\\SixFive7\\BrowserAI\\.work\\velopack-rows\\root-a\\current\\payload\\mcp\\node_modules\\playwright-core\\lib\\vite\\htmlReport\\index.html"'
[setup:45864] [11:36:19] [DEBUG] (2) velopack::bundle: Extracting zip file to path: "C:\\Source\\SixFive7\\BrowserAI\\.work\\velopack-rows\\root-a\\current\\payload\\mcp\\node_modules\\playwright-core\\lib\\vite\\htmlReport\\index.html"
[setup:45864] [11:36:19] [DEBUG] (2) velopack::bundle: Creating parent directory: "C:\\Source\\SixFive7\\BrowserAI\\.work\\velopack-rows\\root-a\\current\\payload\\mcp\\node_modules\\playwright-core\\lib\\vite\\htmlReport"
[setup:45864] [11:36:19] [DEBUG] (2) velopack::bundle: Writing file to disk with 64k buffer: "C:\\Source\\SixFive7\\BrowserAI\\.work\\velopack-rows\\root-a\\current\\payload\\mcp\\node_modules\\playwright-core\\lib\\vite\\htmlReport\\index.html"
[setup:45864] [11:36:19] [DEBUG] (2) velopack::bundle:     70 Extracting 'lib/app/payload/mcp/node_modules/playwright-core/lib/vite/htmlReport/report.css' to '"C:\\Source\\SixFive7\\BrowserAI\\.work\\velopack-rows\\root-a\\current\\payload\\mcp\\node_modules\\playwright-core\\lib\\vite\\htmlReport\\report.css"'
[setup:45864] [11:36:19] [DEBUG] (2) velopack::bundle: Extracting zip file to path: "C:\\Source\\SixFive7\\BrowserAI\\.work\\velopack-rows\\root-a\\current\\payload\\mcp\\node_modules\\playwright-core\\lib\\vite\\htmlReport\\report.css"
[setup:45864] [11:36:19] [DEBUG] (2) velopack::bundle: Writing file to disk with 64k buffer: "C:\\Source\\SixFive7\\BrowserAI\\.work\\velopack-rows\\root-a\\current\\payload\\mcp\\node_modules\\playwright-core\\lib\\vite\\htmlReport\\report.css"
[setup:45864] [11:36:19] [DEBUG] (2) velopack::bundle:     71 Extracting 'lib/app/payload/mcp/node_modules/playwright-core/lib/vite/htmlReport/report.js' to '"C:\\Source\\SixFive7\\BrowserAI\\.work\\velopack-rows\\root-a\\current\\payload\\mcp\\node_modules\\playwright-core\\lib\\vite\\htmlReport\\report.js"'
[setup:45864] [11:36:19] [DEBUG] (2) velopack::bundle: Extracting zip file to path: "C:\\Source\\SixFive7\\BrowserAI\\.work\\velopack-rows\\root-a\\current\\payload\\mcp\\node_modules\\playwright-core\\lib\\vite\\htmlReport\\report.js"
[setup:45864] [11:36:19] [DEBUG] (2) velopack::bundle: Writing file to disk with 64k buffer: "C:\\Source\\SixFive7\\BrowserAI\\.work\\velopack-rows\\root-a\\current\\payload\\mcp\\node_modules\\playwright-core\\lib\\vite\\htmlReport\\report.js"
[setup:45864] [11:36:19] [DEBUG] (2) velopack::bundle:     72 Extracting 'lib/app/payload/mcp/node_modules/playwright-core/lib/vite/dashboard/index.html' to '"C:\\Source\\SixFive7\\BrowserAI\\.work\\velopack-rows\\root-a\\current\\payload\\mcp\\node_modules\\playwright-core\\lib\\vite\\dashboard\\index.html"'
[setup:45864] [11:36:19] [DEBUG] (2) velopack::bundle: Extracting zip file to path: "C:\\Source\\SixFive7\\BrowserAI\\.work\\velopack-rows\\root-a\\current\\payload\\mcp\\node_modules\\playwright-core\\lib\\vite\\dashboard\\index.html"
[setup:45864] [11:36:19] [DEBUG] (2) velopack::bundle: Creating parent directory: "C:\\Source\\SixFive7\\BrowserAI\\.work\\velopack-rows\\root-a\\current\\payload\\mcp\\node_modules\\playwright-core\\lib\\vite\\dashboard"
[setup:45864] [11:36:19] [DEBUG] (2) velopack::bundle: Writing file to disk with 64k buffer: "C:\\Source\\SixFive7\\BrowserAI\\.work\\velopack-rows\\root-a\\current\\payload\\mcp\\node_modules\\playwright-core\\lib\\vite\\dashboard\\index.html"
[setup:45864] [11:36:19] [DEBUG] (2) velopack::bundle:     73 Extracting 'lib/app/payload/mcp/node_modules/playwright-core/lib/vite/dashboard/playwright-logo.svg' to '"C:\\Source\\SixFive7\\BrowserAI\\.work\\velopack-rows\\root-a\\current\\payload\\mcp\\node_modules\\playwright-core\\lib\\vite\\dashboard\\playwright-logo.svg"'
[setup:45864] [11:36:19] [DEBUG] (2) velopack::bundle: Extracting zip file to path: "C:\\Source\\SixFive7\\BrowserAI\\.work\\velopack-rows\\root-a\\current\\payload\\mcp\\node_modules\\playwright-core\\lib\\vite\\dashboard\\playwright-logo.svg"
[setup:45864] [11:36:19] [DEBUG] (2) velopack::bundle: Writing file to disk with 64k buffer: "C:\\Source\\SixFive7\\BrowserAI\\.work\\velopack-rows\\root-a\\current\\payload\\mcp\\node_modules\\playwright-core\\lib\\vite\\dashboard\\playwright-logo.svg"
[setup:45864] [11:36:19] [DEBUG] (2) velopack::bundle:     74 Extracting 'lib/app/payload/mcp/node_modules/playwright-core/lib/vite/dashboard/assets/codeMirrorModule--QdMvsKi.css' to '"C:\\Source\\SixFive7\\BrowserAI\\.work\\velopack-rows\\root-a\\current\\payload\\mcp\\node_modules\\playwright-core\\lib\\vite\\dashboard\\assets\\codeMirrorModule--QdMvsKi.css"'
[setup:45864] [11:36:19] [DEBUG] (2) velopack::bundle: Extracting zip file to path: "C:\\Source\\SixFive7\\BrowserAI\\.work\\velopack-rows\\root-a\\current\\payload\\mcp\\node_modules\\playwright-core\\lib\\vite\\dashboard\\assets\\codeMirrorModule--QdMvsKi.css"
[setup:45864] [11:36:19] [DEBUG] (2) velopack::bundle: Creating parent directory: "C:\\Source\\SixFive7\\BrowserAI\\.work\\velopack-rows\\root-a\\current\\payload\\mcp\\node_modules\\playwright-core\\lib\\vite\\dashboard\\assets"
[setup:45864] [11:36:19] [DEBUG] (2) velopack::bundle: Writing file to disk with 64k buffer: "C:\\Source\\SixFive7\\BrowserAI\\.work\\velopack-rows\\root-a\\current\\payload\\mcp\\node_modules\\playwright-core\\lib\\vite\\dashboard\\assets\\codeMirrorModule--QdMvsKi.css"
[setup:45864] [11:36:19] [DEBUG] (2) velopack::bundle:     75 Extracting 'lib/app/payload/mcp/node_modules/playwright-core/lib/vite/dashboard/assets/codeMirrorModule-CQ8RZGBm.js' to '"C:\\Source\\SixFive7\\BrowserAI\\.work\\velopack-rows\\root-a\\current\\payload\\mcp\\node_modules\\playwright-core\\lib\\vite\\dashboard\\assets\\codeMirrorModule-CQ8RZGBm.js"'
[setup:45864] [11:36:19] [DEBUG] (2) velopack::bundle: Extracting zip file to path: "C:\\Source\\SixFive7\\BrowserAI\\.work\\velopack-rows\\root-a\\current\\payload\\mcp\\node_modules\\playwright-core\\lib\\vite\\dashboard\\assets\\codeMirrorModule-CQ8RZGBm.js"
[setup:45864] [11:36:19] [DEBUG] (2) velopack::bundle: Writing file to disk with 64k buffer: "C:\\Source\\SixFive7\\BrowserAI\\.work\\velopack-rows\\root-a\\current\\payload\\mcp\\node_modules\\playwright-core\\lib\\vite\\dashboard\\assets\\codeMirrorModule-CQ8RZGBm.js"
[setup:45864] [11:36:19] [DEBUG] (2) velopack::bundle:     76 Extracting 'lib/app/payload/mcp/node_modules/playwright-core/lib/vite/dashboard/assets/codicon-DCmgc-ay.ttf' to '"C:\\Source\\SixFive7\\BrowserAI\\.work\\velopack-rows\\root-a\\current\\payload\\mcp\\node_modules\\playwright-core\\lib\\vite\\dashboard\\assets\\codicon-DCmgc-ay.ttf"'
[setup:45864] [11:36:19] [DEBUG] (2) velopack::bundle: Extracting zip file to path: "C:\\Source\\SixFive7\\BrowserAI\\.work\\velopack-rows\\root-a\\current\\payload\\mcp\\node_modules\\playwright-core\\lib\\vite\\dashboard\\assets\\codicon-DCmgc-ay.ttf"
[setup:45864] [11:36:19] [DEBUG] (2) velopack::bundle: Writing file to disk with 64k buffer: "C:\\Source\\SixFive7\\BrowserAI\\.work\\velopack-rows\\root-a\\current\\payload\\mcp\\node_modules\\playwright-core\\lib\\vite\\dashboard\\assets\\codicon-DCmgc-ay.ttf"
[setup:45864] [11:36:19] [DEBUG] (2) velopack::bundle:     77 Extracting 'lib/app/payload/mcp/node_modules/playwright-core/lib/vite/dashboard/assets/firefox-1bWoP6pv.svg' to '"C:\\Source\\SixFive7\\BrowserAI\\.work\\velopack-rows\\root-a\\current\\payload\\mcp\\node_modules\\playwright-core\\lib\\vite\\dashboard\\assets\\firefox-1bWoP6pv.svg"'
[setup:45864] [11:36:19] [DEBUG] (2) velopack::bundle: Extracting zip file to path: "C:\\Source\\SixFive7\\BrowserAI\\.work\\velopack-rows\\root-a\\current\\payload\\mcp\\node_modules\\playwright-core\\lib\\vite\\dashboard\\assets\\firefox-1bWoP6pv.svg"
[setup:45864] [11:36:19] [DEBUG] (2) velopack::bundle: Writing file to disk with 64k buffer: "C:\\Source\\SixFive7\\BrowserAI\\.work\\velopack-rows\\root-a\\current\\payload\\mcp\\node_modules\\playwright-core\\lib\\vite\\dashboard\\assets\\firefox-1bWoP6pv.svg"
[setup:45864] [11:36:19] [DEBUG] (2) velopack::bundle:     78 Extracting 'lib/app/payload/mcp/node_modules/playwright-core/lib/vite/dashboard/assets/firefox-beta-k3eOH_eK.svg' to '"C:\\Source\\SixFive7\\BrowserAI\\.work\\velopack-rows\\root-a\\current\\payload\\mcp\\node_modules\\playwright-core\\lib\\vite\\dashboard\\assets\\firefox-beta-k3eOH_eK.svg"'
[setup:45864] [11:36:19] [DEBUG] (2) velopack::bundle: Extracting zip file to path: "C:\\Source\\SixFive7\\BrowserAI\\.work\\velopack-rows\\root-a\\current\\payload\\mcp\\node_modules\\playwright-core\\lib\\vite\\dashboard\\assets\\firefox-beta-k3eOH_eK.svg"
[setup:45864] [11:36:19] [DEBUG] (2) velopack::bundle: Writing file to disk with 64k buffer: "C:\\Source\\SixFive7\\BrowserAI\\.work\\velopack-rows\\root-a\\current\\payload\\mcp\\node_modules\\playwright-core\\lib\\vite\\dashboard\\assets\\firefox-beta-k3eOH_eK.svg"
[setup:45864] [11:36:19] [DEBUG] (2) velopack::bundle:     79 Extracting 'lib/app/payload/mcp/node_modules/playwright-core/lib/vite/dashboard/assets/firefox-nightly-Cp5nfeDT.svg' to '"C:\\Source\\SixFive7\\BrowserAI\\.work\\velopack-rows\\root-a\\current\\payload\\mcp\\node_modules\\playwright-core\\lib\\vite\\dashboard\\assets\\firefox-nightly-Cp5nfeDT.svg"'
[setup:45864] [11:36:19] [DEBUG] (2) velopack::bundle: Extracting zip file to path: "C:\\Source\\SixFive7\\BrowserAI\\.work\\velopack-rows\\root-a\\current\\payload\\mcp\\node_modules\\playwright-core\\lib\\vite\\dashboard\\assets\\firefox-nightly-Cp5nfeDT.svg"
[setup:45864] [11:36:19] [DEBUG] (2) velopack::bundle: Writing file to disk with 64k buffer: "C:\\Source\\SixFive7\\BrowserAI\\.work\\velopack-rows\\root-a\\current\\payload\\mcp\\node_modules\\playwright-core\\lib\\vite\\dashboard\\assets\\firefox-nightly-Cp5nfeDT.svg"
[setup:45864] [11:36:19] [DEBUG] (2) velopack::bundle:     80 Extracting 'lib/app/payload/mcp/node_modules/playwright-core/lib/vite/dashboard/assets/index-AwgwcYie.css' to '"C:\\Source\\SixFive7\\BrowserAI\\.work\\velopack-rows\\root-a\\current\\payload\\mcp\\node_modules\\playwright-core\\lib\\vite\\dashboard\\assets\\index-AwgwcYie.css"'
[setup:45864] [11:36:19] [DEBUG] (2) velopack::bundle: Extracting zip file to path: "C:\\Source\\SixFive7\\BrowserAI\\.work\\velopack-rows\\root-a\\current\\payload\\mcp\\node_modules\\playwright-core\\lib\\vite\\dashboard\\assets\\index-AwgwcYie.css"
[setup:45864] [11:36:19] [DEBUG] (2) velopack::bundle: Writing file to disk with 64k buffer: "C:\\Source\\SixFive7\\BrowserAI\\.work\\velopack-rows\\root-a\\current\\payload\\mcp\\node_modules\\playwright-core\\lib\\vite\\dashboard\\assets\\index-AwgwcYie.css"
[setup:45864] [11:36:19] [DEBUG] (2) velopack::bundle:     81 Extracting 'lib/app/payload/mcp/node_modules/playwright-core/lib/vite/dashboard/assets/index-hRvO4yU2.js' to '"C:\\Source\\SixFive7\\BrowserAI\\.work\\velopack-rows\\root-a\\current\\payload\\mcp\\node_modules\\playwright-core\\lib\\vite\\dashboard\\assets\\index-hRvO4yU2.js"'
[setup:45864] [11:36:19] [DEBUG] (2) velopack::bundle: Extracting zip file to path: "C:\\Source\\SixFive7\\BrowserAI\\.work\\velopack-rows\\root-a\\current\\payload\\mcp\\node_modules\\playwright-core\\lib\\vite\\dashboard\\assets\\index-hRvO4yU2.js"
[setup:45864] [11:36:19] [DEBUG] (2) velopack::bundle: Writing file to disk with 64k buffer: "C:\\Source\\SixFive7\\BrowserAI\\.work\\velopack-rows\\root-a\\current\\payload\\mcp\\node_modules\\playwright-core\\lib\\vite\\dashboard\\assets\\index-hRvO4yU2.js"
[setup:45864] [11:36:19] [DEBUG] (2) velopack::bundle:     82 Extracting 'lib/app/payload/mcp/node_modules/playwright-core/lib/vite/dashboard/assets/safari-na3_-uQk.svg' to '"C:\\Source\\SixFive7\\BrowserAI\\.work\\velopack-rows\\root-a\\current\\payload\\mcp\\node_modules\\playwright-core\\lib\\vite\\dashboard\\assets\\safari-na3_-uQk.svg"'
[setup:45864] [11:36:19] [DEBUG] (2) velopack::bundle: Extracting zip file to path: "C:\\Source\\SixFive7\\BrowserAI\\.work\\velopack-rows\\root-a\\current\\payload\\mcp\\node_modules\\playwright-core\\lib\\vite\\dashboard\\assets\\safari-na3_-uQk.svg"
[setup:45864] [11:36:19] [DEBUG] (2) velopack::bundle: Writing file to disk with 64k buffer: "C:\\Source\\SixFive7\\BrowserAI\\.work\\velopack-rows\\root-a\\current\\payload\\mcp\\node_modules\\playwright-core\\lib\\vite\\dashboard\\assets\\safari-na3_-uQk.svg"
[setup:45864] [11:36:19] [DEBUG] (2) velopack::bundle:     83 Extracting 'lib/app/payload/mcp/node_modules/playwright-core/lib/tools/utils/extension.js' to '"C:\\Source\\SixFive7\\BrowserAI\\.work\\velopack-rows\\root-a\\current\\payload\\mcp\\node_modules\\playwright-core\\lib\\tools\\utils\\extension.js"'
[setup:45864] [11:36:19] [DEBUG] (2) velopack::bundle: Extracting zip file to path: "C:\\Source\\SixFive7\\BrowserAI\\.work\\velopack-rows\\root-a\\current\\payload\\mcp\\node_modules\\playwright-core\\lib\\tools\\utils\\extension.js"
[setup:45864] [11:36:19] [DEBUG] (2) velopack::bundle: Creating parent directory: "C:\\Source\\SixFive7\\BrowserAI\\.work\\velopack-rows\\root-a\\current\\payload\\mcp\\node_modules\\playwright-core\\lib\\tools\\utils"
[setup:45864] [11:36:19] [DEBUG] (2) velopack::bundle: Writing file to disk with 64k buffer: "C:\\Source\\SixFive7\\BrowserAI\\.work\\velopack-rows\\root-a\\current\\payload\\mcp\\node_modules\\playwright-core\\lib\\tools\\utils\\extension.js"
[setup:45864] [11:36:19] [DEBUG] (2) velopack::bundle:     84 Extracting 'lib/app/payload/mcp/node_modules/playwright-core/lib/tools/utils/socketConnection.js' to '"C:\\Source\\SixFive7\\BrowserAI\\.work\\velopack-rows\\root-a\\current\\payload\\mcp\\node_modules\\playwright-core\\lib\\tools\\utils\\socketConnection.js"'
[setup:45864] [11:36:19] [DEBUG] (2) velopack::bundle: Extracting zip file to path: "C:\\Source\\SixFive7\\BrowserAI\\.work\\velopack-rows\\root-a\\current\\payload\\mcp\\node_modules\\playwright-core\\lib\\tools\\utils\\socketConnection.js"
[setup:45864] [11:36:19] [DEBUG] (2) velopack::bundle: Writing file to disk with 64k buffer: "C:\\Source\\SixFive7\\BrowserAI\\.work\\velopack-rows\\root-a\\current\\payload\\mcp\\node_modules\\playwright-core\\lib\\tools\\utils\\socketConnection.js"
[setup:45864] [11:36:19] [DEBUG] (2) velopack::bundle:     85 Extracting 'lib/app/payload/mcp/node_modules/playwright-core/lib/tools/skills/playwright-trace/SKILL.md' to '"C:\\Source\\SixFive7\\BrowserAI\\.work\\velopack-rows\\root-a\\current\\payload\\mcp\\node_modules\\playwright-core\\lib\\tools\\skills\\playwright-trace\\SKILL.md"'
[setup:45864] [11:36:19] [DEBUG] (2) velopack::bundle: Extracting zip file to path: "C:\\Source\\SixFive7\\BrowserAI\\.work\\velopack-rows\\root-a\\current\\payload\\mcp\\node_modules\\playwright-core\\lib\\tools\\skills\\playwright-trace\\SKILL.md"
[setup:45864] [11:36:19] [DEBUG] (2) velopack::bundle: Creating parent directory: "C:\\Source\\SixFive7\\BrowserAI\\.work\\velopack-rows\\root-a\\current\\payload\\mcp\\node_modules\\playwright-core\\lib\\tools\\skills\\playwright-trace"
[setup:45864] [11:36:19] [DEBUG] (2) velopack::bundle: Writing file to disk with 64k buffer: "C:\\Source\\SixFive7\\BrowserAI\\.work\\velopack-rows\\root-a\\current\\payload\\mcp\\node_modules\\playwright-core\\lib\\tools\\skills\\playwright-trace\\SKILL.md"
[setup:45864] [11:36:19] [DEBUG] (2) velopack::bundle:     86 Extracting 'lib/app/payload/mcp/node_modules/playwright-core/lib/tools/skills/playwright-component-testing/SKILL.md' to '"C:\\Source\\SixFive7\\BrowserAI\\.work\\velopack-rows\\root-a\\current\\payload\\mcp\\node_modules\\playwright-core\\lib\\tools\\skills\\playwright-component-testing\\SKILL.md"'
[setup:45864] [11:36:19] [DEBUG] (2) velopack::bundle: Extracting zip file to path: "C:\\Source\\SixFive7\\BrowserAI\\.work\\velopack-rows\\root-a\\current\\payload\\mcp\\node_modules\\playwright-core\\lib\\tools\\skills\\playwright-component-testing\\SKILL.md"
[setup:45864] [11:36:19] [DEBUG] (2) velopack::bundle: Creating parent directory: "C:\\Source\\SixFive7\\BrowserAI\\.work\\velopack-rows\\root-a\\current\\payload\\mcp\\node_modules\\playwright-core\\lib\\tools\\skills\\playwright-component-testing"
[setup:45864] [11:36:19] [DEBUG] (2) velopack::bundle: Writing file to disk with 64k buffer: "C:\\Source\\SixFive7\\BrowserAI\\.work\\velopack-rows\\root-a\\current\\payload\\mcp\\node_modules\\playwright-core\\lib\\tools\\skills\\playwright-component-testing\\SKILL.md"
[setup:45864] [11:36:19] [DEBUG] (2) velopack::bundle:     87 Extracting 'lib/app/payload/mcp/node_modules/playwright-core/lib/tools/skills/playwright-component-testing/references/gallery-spec.md' to '"C:\\Source\\SixFive7\\BrowserAI\\.work\\velopack-rows\\root-a\\current\\payload\\mcp\\node_modules\\playwright-core\\lib\\tools\\skills\\playwright-component-testing\\references\\gallery-spec.md"'
[setup:45864] [11:36:19] [DEBUG] (2) velopack::bundle: Extracting zip file to path: "C:\\Source\\SixFive7\\BrowserAI\\.work\\velopack-rows\\root-a\\current\\payload\\mcp\\node_modules\\playwright-core\\lib\\tools\\skills\\playwright-component-testing\\references\\gallery-spec.md"
[setup:45864] [11:36:19] [DEBUG] (2) velopack::bundle: Creating parent directory: "C:\\Source\\SixFive7\\BrowserAI\\.work\\velopack-rows\\root-a\\current\\payload\\mcp\\node_modules\\playwright-core\\lib\\tools\\skills\\playwright-component-testing\\references"
[setup:45864] [11:36:19] [DEBUG] (2) velopack::bundle: Writing file to disk with 64k buffer: "C:\\Source\\SixFive7\\BrowserAI\\.work\\velopack-rows\\root-a\\current\\payload\\mcp\\node_modules\\playwright-core\\lib\\tools\\skills\\playwright-component-testing\\references\\gallery-spec.md"
[setup:45864] [11:36:19] [DEBUG] (2) velopack::bundle:     88 Extracting 'lib/app/payload/mcp/node_modules/playwright-core/lib/tools/skills/playwright-component-testing/references/migration.md' to '"C:\\Source\\SixFive7\\BrowserAI\\.work\\velopack-rows\\root-a\\current\\payload\\mcp\\node_modules\\playwright-core\\lib\\tools\\skills\\playwright-component-testing\\references\\migration.md"'
[setup:45864] [11:36:19] [DEBUG] (2) velopack::bundle: Extracting zip file to path: "C:\\Source\\SixFive7\\BrowserAI\\.work\\velopack-rows\\root-a\\current\\payload\\mcp\\node_modules\\playwright-core\\lib\\tools\\skills\\playwright-component-testing\\references\\migration.md"
[setup:45864] [11:36:19] [DEBUG] (2) velopack::bundle: Writing file to disk with 64k buffer: "C:\\Source\\SixFive7\\BrowserAI\\.work\\velopack-rows\\root-a\\current\\payload\\mcp\\node_modules\\playwright-core\\lib\\tools\\skills\\playwright-component-testing\\references\\migration.md"
[setup:45864] [11:36:19] [DEBUG] (2) velopack::bundle:     89 Extracting 'lib/app/payload/mcp/node_modules/playwright-core/lib/tools/skills/playwright-component-testing/references/react.md' to '"C:\\Source\\SixFive7\\BrowserAI\\.work\\velopack-rows\\root-a\\current\\payload\\mcp\\node_modules\\playwright-core\\lib\\tools\\skills\\playwright-component-testing\\references\\react.md"'
[setup:45864] [11:36:19] [DEBUG] (2) velopack::bundle: Extracting zip file to path: "C:\\Source\\SixFive7\\BrowserAI\\.work\\velopack-rows\\root-a\\current\\payload\\mcp\\node_modules\\playwright-core\\lib\\tools\\skills\\playwright-component-testing\\references\\react.md"
[setup:45864] [11:36:19] [DEBUG] (2) velopack::bundle: Writing file to disk with 64k buffer: "C:\\Source\\SixFive7\\BrowserAI\\.work\\velopack-rows\\root-a\\current\\payload\\mcp\\node_modules\\playwright-core\\lib\\tools\\skills\\playwright-component-testing\\references\\react.md"
[setup:45864] [11:36:19] [DEBUG] (2) velopack::bundle:     90 Extracting 'lib/app/payload/mcp/node_modules/playwright-core/lib/tools/skills/playwright-component-testing/references/typing.md' to '"C:\\Source\\SixFive7\\BrowserAI\\.work\\velopack-rows\\root-a\\current\\payload\\mcp\\node_modules\\playwright-core\\lib\\tools\\skills\\playwright-component-testing\\references\\typing.md"'
[setup:45864] [11:36:19] [DEBUG] (2) velopack::bundle: Extracting zip file to path: "C:\\Source\\SixFive7\\BrowserAI\\.work\\velopack-rows\\root-a\\current\\payload\\mcp\\node_modules\\playwright-core\\lib\\tools\\skills\\playwright-component-testing\\references\\typing.md"
[setup:45864] [11:36:19] [DEBUG] (2) velopack::bundle: Writing file to disk with 64k buffer: "C:\\Source\\SixFive7\\BrowserAI\\.work\\velopack-rows\\root-a\\current\\payload\\mcp\\node_modules\\playwright-core\\lib\\tools\\skills\\playwright-component-testing\\references\\typing.md"
[setup:45864] [11:36:19] [DEBUG] (2) velopack::bundle:     91 Extracting 'lib/app/payload/mcp/node_modules/playwright-core/lib/tools/skills/playwright-component-testing/references/vue.md' to '"C:\\Source\\SixFive7\\BrowserAI\\.work\\velopack-rows\\root-a\\current\\payload\\mcp\\node_modules\\playwright-core\\lib\\tools\\skills\\playwright-component-testing\\references\\vue.md"'
[setup:45864] [11:36:19] [DEBUG] (2) velopack::bundle: Extracting zip file to path: "C:\\Source\\SixFive7\\BrowserAI\\.work\\velopack-rows\\root-a\\current\\payload\\mcp\\node_modules\\playwright-core\\lib\\tools\\skills\\playwright-component-testing\\references\\vue.md"
[setup:45864] [11:36:19] [DEBUG] (2) velopack::bundle: Writing file to disk with 64k buffer: "C:\\Source\\SixFive7\\BrowserAI\\.work\\velopack-rows\\root-a\\current\\payload\\mcp\\node_modules\\playwright-core\\lib\\tools\\skills\\playwright-component-testing\\references\\vue.md"
[setup:45864] [11:36:19] [DEBUG] (2) velopack::bundle:     92 Extracting 'lib/app/payload/mcp/node_modules/playwright-core/lib/tools/skills/playwright-cli/SKILL.md' to '"C:\\Source\\SixFive7\\BrowserAI\\.work\\velopack-rows\\root-a\\current\\payload\\mcp\\node_modules\\playwright-core\\lib\\tools\\skills\\playwright-cli\\SKILL.md"'
[setup:45864] [11:36:19] [DEBUG] (2) velopack::bundle: Extracting zip file to path: "C:\\Source\\SixFive7\\BrowserAI\\.work\\velopack-rows\\root-a\\current\\payload\\mcp\\node_modules\\playwright-core\\lib\\tools\\skills\\playwright-cli\\SKILL.md"
[setup:45864] [11:36:19] [DEBUG] (2) velopack::bundle: Creating parent directory: "C:\\Source\\SixFive7\\BrowserAI\\.work\\velopack-rows\\root-a\\current\\payload\\mcp\\node_modules\\playwright-core\\lib\\tools\\skills\\playwright-cli"
[setup:45864] [11:36:19] [DEBUG] (2) velopack::bundle: Writing file to disk with 64k buffer: "C:\\Source\\SixFive7\\BrowserAI\\.work\\velopack-rows\\root-a\\current\\payload\\mcp\\node_modules\\playwright-core\\lib\\tools\\skills\\playwright-cli\\SKILL.md"
[setup:45864] [11:36:19] [DEBUG] (2) velopack::bundle:     93 Extracting 'lib/app/payload/mcp/node_modules/playwright-core/lib/tools/skills/playwright-cli/references/element-attributes.md' to '"C:\\Source\\SixFive7\\BrowserAI\\.work\\velopack-rows\\root-a\\current\\payload\\mcp\\node_modules\\playwright-core\\lib\\tools\\skills\\playwright-cli\\references\\element-attributes.md"'
[setup:45864] [11:36:19] [DEBUG] (2) velopack::bundle: Extracting zip file to path: "C:\\Source\\SixFive7\\BrowserAI\\.work\\velopack-rows\\root-a\\current\\payload\\mcp\\node_modules\\playwright-core\\lib\\tools\\skills\\playwright-cli\\references\\element-attributes.md"
[setup:45864] [11:36:19] [DEBUG] (2) velopack::bundle: Creating parent directory: "C:\\Source\\SixFive7\\BrowserAI\\.work\\velopack-rows\\root-a\\current\\payload\\mcp\\node_modules\\playwright-core\\lib\\tools\\skills\\playwright-cli\\references"
[setup:45864] [11:36:19] [DEBUG] (2) velopack::bundle: Writing file to disk with 64k buffer: "C:\\Source\\SixFive7\\BrowserAI\\.work\\velopack-rows\\root-a\\current\\payload\\mcp\\node_modules\\playwright-core\\lib\\tools\\skills\\playwright-cli\\references\\element-attributes.md"
[setup:45864] [11:36:19] [DEBUG] (2) velopack::bundle:     94 Extracting 'lib/app/payload/mcp/node_modules/playwright-core/lib/tools/skills/playwright-cli/references/playwright-tests.md' to '"C:\\Source\\SixFive7\\BrowserAI\\.work\\velopack-rows\\root-a\\current\\payload\\mcp\\node_modules\\playwright-core\\lib\\tools\\skills\\playwright-cli\\references\\playwright-tests.md"'
[setup:45864] [11:36:19] [DEBUG] (2) velopack::bundle: Extracting zip file to path: "C:\\Source\\SixFive7\\BrowserAI\\.work\\velopack-rows\\root-a\\current\\payload\\mcp\\node_modules\\playwright-core\\lib\\tools\\skills\\playwright-cli\\references\\playwright-tests.md"
[setup:45864] [11:36:19] [DEBUG] (2) velopack::bundle: Writing file to disk with 64k buffer: "C:\\Source\\SixFive7\\BrowserAI\\.work\\velopack-rows\\root-a\\current\\payload\\mcp\\node_modules\\playwright-core\\lib\\tools\\skills\\playwright-cli\\references\\playwright-tests.md"
[setup:45864] [11:36:19] [DEBUG] (2) velopack::bundle:     95 Extracting 'lib/app/payload/mcp/node_modules/playwright-core/lib/tools/skills/playwright-cli/references/pr-attachments.md' to '"C:\\Source\\SixFive7\\BrowserAI\\.work\\velopack-rows\\root-a\\current\\payload\\mcp\\node_modules\\playwright-core\\lib\\tools\\skills\\playwright-cli\\references\\pr-attachments.md"'
[setup:45864] [11:36:19] [DEBUG] (2) velopack::bundle: Extracting zip file to path: "C:\\Source\\SixFive7\\BrowserAI\\.work\\velopack-rows\\root-a\\current\\payload\\mcp\\node_modules\\playwright-core\\lib\\tools\\skills\\playwright-cli\\references\\pr-attachments.md"
[setup:45864] [11:36:19] [DEBUG] (2) velopack::bundle: Writing file to disk with 64k buffer: "C:\\Source\\SixFive7\\BrowserAI\\.work\\velopack-rows\\root-a\\current\\payload\\mcp\\node_modules\\playwright-core\\lib\\tools\\skills\\playwright-cli\\references\\pr-attachments.md"
[setup:45864] [11:36:19] [DEBUG] (2) velopack::bundle:     96 Extracting 'lib/app/payload/mcp/node_modules/playwright-core/lib/tools/skills/playwright-cli/references/request-mocking.md' to '"C:\\Source\\SixFive7\\BrowserAI\\.work\\velopack-rows\\root-a\\current\\payload\\mcp\\node_modules\\playwright-core\\lib\\tools\\skills\\playwright-cli\\references\\request-mocking.md"'
[setup:45864] [11:36:19] [DEBUG] (2) velopack::bundle: Extracting zip file to path: "C:\\Source\\SixFive7\\BrowserAI\\.work\\velopack-rows\\root-a\\current\\payload\\mcp\\node_modules\\playwright-core\\lib\\tools\\skills\\playwright-cli\\references\\request-mocking.md"
[setup:45864] [11:36:19] [DEBUG] (2) velopack::bundle: Writing file to disk with 64k buffer: "C:\\Source\\SixFive7\\BrowserAI\\.work\\velopack-rows\\root-a\\current\\payload\\mcp\\node_modules\\playwright-core\\lib\\tools\\skills\\playwright-cli\\references\\request-mocking.md"
[setup:45864] [11:36:19] [DEBUG] (2) velopack::bundle:     97 Extracting 'lib/app/payload/mcp/node_modules/playwright-core/lib/tools/skills/playwright-cli/references/running-code.md' to '"C:\\Source\\SixFive7\\BrowserAI\\.work\\velopack-rows\\root-a\\current\\payload\\mcp\\node_modules\\playwright-core\\lib\\tools\\skills\\playwright-cli\\references\\running-code.md"'
[setup:45864] [11:36:19] [DEBUG] (2) velopack::bundle: Extracting zip file to path: "C:\\Source\\SixFive7\\BrowserAI\\.work\\velopack-rows\\root-a\\current\\payload\\mcp\\node_modules\\playwright-core\\lib\\tools\\skills\\playwright-cli\\references\\running-code.md"
[setup:45864] [11:36:19] [DEBUG] (2) velopack::bundle: Writing file to disk with 64k buffer: "C:\\Source\\SixFive7\\BrowserAI\\.work\\velopack-rows\\root-a\\current\\payload\\mcp\\node_modules\\playwright-core\\lib\\tools\\skills\\playwright-cli\\references\\running-code.md"
[setup:45864] [11:36:19] [DEBUG] (2) velopack::bundle:     98 Extracting 'lib/app/payload/mcp/node_modules/playwright-core/lib/tools/skills/playwright-cli/references/session-management.md' to '"C:\\Source\\SixFive7\\BrowserAI\\.work\\velopack-rows\\root-a\\current\\payload\\mcp\\node_modules\\playwright-core\\lib\\tools\\skills\\playwright-cli\\references\\session-management.md"'
[setup:45864] [11:36:19] [DEBUG] (2) velopack::bundle: Extracting zip file to path: "C:\\Source\\SixFive7\\BrowserAI\\.work\\velopack-rows\\root-a\\current\\payload\\mcp\\node_modules\\playwright-core\\lib\\tools\\skills\\playwright-cli\\references\\session-management.md"
[setup:45864] [11:36:19] [DEBUG] (2) velopack::bundle: Writing file to disk with 64k buffer: "C:\\Source\\SixFive7\\BrowserAI\\.work\\velopack-rows\\root-a\\current\\payload\\mcp\\node_modules\\playwright-core\\lib\\tools\\skills\\playwright-cli\\references\\session-management.md"
[setup:45864] [11:36:19] [DEBUG] (2) velopack::bundle:     99 Extracting 'lib/app/payload/mcp/node_modules/playwright-core/lib/tools/skills/playwright-cli/references/storage-state.md' to '"C:\\Source\\SixFive7\\BrowserAI\\.work\\velopack-rows\\root-a\\current\\payload\\mcp\\node_modules\\playwright-core\\lib\\tools\\skills\\playwright-cli\\references\\storage-state.md"'
[setup:45864] [11:36:19] [DEBUG] (2) velopack::bundle: Extracting zip file to path: "C:\\Source\\SixFive7\\BrowserAI\\.work\\velopack-rows\\root-a\\current\\payload\\mcp\\node_modules\\playwright-core\\lib\\tools\\skills\\playwright-cli\\references\\storage-state.md"
[setup:45864] [11:36:19] [DEBUG] (2) velopack::bundle: Writing file to disk with 64k buffer: "C:\\Source\\SixFive7\\BrowserAI\\.work\\velopack-rows\\root-a\\current\\payload\\mcp\\node_modules\\playwright-core\\lib\\tools\\skills\\playwright-cli\\references\\storage-state.md"
[setup:45864] [11:36:19] [DEBUG] (2) velopack::bundle:     100 Extracting 'lib/app/payload/mcp/node_modules/playwright-core/lib/tools/skills/playwright-cli/references/test-generation.md' to '"C:\\Source\\SixFive7\\BrowserAI\\.work\\velopack-rows\\root-a\\current\\payload\\mcp\\node_modules\\playwright-core\\lib\\tools\\skills\\playwright-cli\\references\\test-generation.md"'
[setup:45864] [11:36:19] [DEBUG] (2) velopack::bundle: Extracting zip file to path: "C:\\Source\\SixFive7\\BrowserAI\\.work\\velopack-rows\\root-a\\current\\payload\\mcp\\node_modules\\playwright-core\\lib\\tools\\skills\\playwright-cli\\references\\test-generation.md"
[setup:45864] [11:36:19] [DEBUG] (2) velopack::bundle: Writing file to disk with 64k buffer: "C:\\Source\\SixFive7\\BrowserAI\\.work\\velopack-rows\\root-a\\current\\payload\\mcp\\node_modules\\playwright-core\\lib\\tools\\skills\\playwright-cli\\references\\test-generation.md"
[setup:45864] [11:36:19] [DEBUG] (2) velopack::bundle:     101 Extracting 'lib/app/payload/mcp/node_modules/playwright-core/lib/tools/skills/playwright-cli/references/tracing.md' to '"C:\\Source\\SixFive7\\BrowserAI\\.work\\velopack-rows\\root-a\\current\\payload\\mcp\\node_modules\\playwright-core\\lib\\tools\\skills\\playwright-cli\\references\\tracing.md"'
[setup:45864] [11:36:19] [DEBUG] (2) velopack::bundle: Extracting zip file to path: "C:\\Source\\SixFive7\\BrowserAI\\.work\\velopack-rows\\root-a\\current\\payload\\mcp\\node_modules\\playwright-core\\lib\\tools\\skills\\playwright-cli\\references\\tracing.md"
[setup:45864] [11:36:19] [DEBUG] (2) velopack::bundle: Writing file to disk with 64k buffer: "C:\\Source\\SixFive7\\BrowserAI\\.work\\velopack-rows\\root-a\\current\\payload\\mcp\\node_modules\\playwright-core\\lib\\tools\\skills\\playwright-cli\\references\\tracing.md"
[setup:45864] [11:36:19] [DEBUG] (2) velopack::bundle:     102 Extracting 'lib/app/payload/mcp/node_modules/playwright-core/lib/tools/skills/playwright-cli/references/video-recording.md' to '"C:\\Source\\SixFive7\\BrowserAI\\.work\\velopack-rows\\root-a\\current\\payload\\mcp\\node_modules\\playwright-core\\lib\\tools\\skills\\playwright-cli\\references\\video-recording.md"'
[setup:45864] [11:36:19] [DEBUG] (2) velopack::bundle: Extracting zip file to path: "C:\\Source\\SixFive7\\BrowserAI\\.work\\velopack-rows\\root-a\\current\\payload\\mcp\\node_modules\\playwright-core\\lib\\tools\\skills\\playwright-cli\\references\\video-recording.md"
[setup:45864] [11:36:19] [DEBUG] (2) velopack::bundle: Writing file to disk with 64k buffer: "C:\\Source\\SixFive7\\BrowserAI\\.work\\velopack-rows\\root-a\\current\\payload\\mcp\\node_modules\\playwright-core\\lib\\tools\\skills\\playwright-cli\\references\\video-recording.md"
[setup:45864] [11:36:19] [DEBUG] (2) velopack::bundle:     103 Extracting 'lib/app/payload/mcp/node_modules/playwright-core/lib/tools/dashboard/appIcon.png' to '"C:\\Source\\SixFive7\\BrowserAI\\.work\\velopack-rows\\root-a\\current\\payload\\mcp\\node_modules\\playwright-core\\lib\\tools\\dashboard\\appIcon.png"'
[setup:45864] [11:36:19] [DEBUG] (2) velopack::bundle: Extracting zip file to path: "C:\\Source\\SixFive7\\BrowserAI\\.work\\velopack-rows\\root-a\\current\\payload\\mcp\\node_modules\\playwright-core\\lib\\tools\\dashboard\\appIcon.png"
[setup:45864] [11:36:19] [DEBUG] (2) velopack::bundle: Creating parent directory: "C:\\Source\\SixFive7\\BrowserAI\\.work\\velopack-rows\\root-a\\current\\payload\\mcp\\node_modules\\playwright-core\\lib\\tools\\dashboard"
[setup:45864] [11:36:19] [DEBUG] (2) velopack::bundle: Writing file to disk with 64k buffer: "C:\\Source\\SixFive7\\BrowserAI\\.work\\velopack-rows\\root-a\\current\\payload\\mcp\\node_modules\\playwright-core\\lib\\tools\\dashboard\\appIcon.png"
[setup:45864] [11:36:19] [DEBUG] (2) velopack::bundle:     104 Extracting 'lib/app/payload/mcp/node_modules/playwright-core/lib/tools/cli-client/channelSessions.js' to '"C:\\Source\\SixFive7\\BrowserAI\\.work\\velopack-rows\\root-a\\current\\payload\\mcp\\node_modules\\playwright-core\\lib\\tools\\cli-client\\channelSessions.js"'
[setup:45864] [11:36:19] [DEBUG] (2) velopack::bundle: Extracting zip file to path: "C:\\Source\\SixFive7\\BrowserAI\\.work\\velopack-rows\\root-a\\current\\payload\\mcp\\node_modules\\playwright-core\\lib\\tools\\cli-client\\channelSessions.js"
[setup:45864] [11:36:19] [DEBUG] (2) velopack::bundle: Creating parent directory: "C:\\Source\\SixFive7\\BrowserAI\\.work\\velopack-rows\\root-a\\current\\payload\\mcp\\node_modules\\playwright-core\\lib\\tools\\cli-client"
[setup:45864] [11:36:19] [DEBUG] (2) velopack::bundle: Writing file to disk with 64k buffer: "C:\\Source\\SixFive7\\BrowserAI\\.work\\velopack-rows\\root-a\\current\\payload\\mcp\\node_modules\\playwright-core\\lib\\tools\\cli-client\\channelSessions.js"
[setup:45864] [11:36:19] [DEBUG] (2) velopack::bundle:     105 Extracting 'lib/app/payload/mcp/node_modules/playwright-core/lib/tools/cli-client/cli.js' to '"C:\\Source\\SixFive7\\BrowserAI\\.work\\velopack-rows\\root-a\\current\\payload\\mcp\\node_modules\\playwright-core\\lib\\tools\\cli-client\\cli.js"'
[setup:45864] [11:36:19] [DEBUG] (2) velopack::bundle: Extracting zip file to path: "C:\\Source\\SixFive7\\BrowserAI\\.work\\velopack-rows\\root-a\\current\\payload\\mcp\\node_modules\\playwright-core\\lib\\tools\\cli-client\\cli.js"
[setup:45864] [11:36:19] [DEBUG] (2) velopack::bundle: Writing file to disk with 64k buffer: "C:\\Source\\SixFive7\\BrowserAI\\.work\\velopack-rows\\root-a\\current\\payload\\mcp\\node_modules\\playwright-core\\lib\\tools\\cli-client\\cli.js"
[setup:45864] [11:36:19] [DEBUG] (2) velopack::bundle:     106 Extracting 'lib/app/payload/mcp/node_modules/playwright-core/lib/tools/cli-client/help.json' to '"C:\\Source\\SixFive7\\BrowserAI\\.work\\velopack-rows\\root-a\\current\\payload\\mcp\\node_modules\\playwright-core\\lib\\tools\\cli-client\\help.json"'
[setup:45864] [11:36:19] [DEBUG] (2) velopack::bundle: Extracting zip file to path: "C:\\Source\\SixFive7\\BrowserAI\\.work\\velopack-rows\\root-a\\current\\payload\\mcp\\node_modules\\playwright-core\\lib\\tools\\cli-client\\help.json"
[setup:45864] [11:36:19] [DEBUG] (2) velopack::bundle: Writing file to disk with 64k buffer: "C:\\Source\\SixFive7\\BrowserAI\\.work\\velopack-rows\\root-a\\current\\payload\\mcp\\node_modules\\playwright-core\\lib\\tools\\cli-client\\help.json"
[setup:45864] [11:36:19] [DEBUG] (2) velopack::bundle:     107 Extracting 'lib/app/payload/mcp/node_modules/playwright-core/lib/tools/cli-client/minimist.js' to '"C:\\Source\\SixFive7\\BrowserAI\\.work\\velopack-rows\\root-a\\current\\payload\\mcp\\node_modules\\playwright-core\\lib\\tools\\cli-client\\minimist.js"'
[setup:45864] [11:36:19] [DEBUG] (2) velopack::bundle: Extracting zip file to path: "C:\\Source\\SixFive7\\BrowserAI\\.work\\velopack-rows\\root-a\\current\\payload\\mcp\\node_modules\\playwright-core\\lib\\tools\\cli-client\\minimist.js"
[setup:45864] [11:36:19] [DEBUG] (2) velopack::bundle: Writing file to disk with 64k buffer: "C:\\Source\\SixFive7\\BrowserAI\\.work\\velopack-rows\\root-a\\current\\payload\\mcp\\node_modules\\playwright-core\\lib\\tools\\cli-client\\minimist.js"
[setup:45864] [11:36:19] [DEBUG] (2) velopack::bundle:     108 Extracting 'lib/app/payload/mcp/node_modules/playwright-core/lib/tools/cli-client/output.js' to '"C:\\Source\\SixFive7\\BrowserAI\\.work\\velopack-rows\\root-a\\current\\payload\\mcp\\node_modules\\playwright-core\\lib\\tools\\cli-client\\output.js"'
[setup:45864] [11:36:19] [DEBUG] (2) velopack::bundle: Extracting zip file to path: "C:\\Source\\SixFive7\\BrowserAI\\.work\\velopack-rows\\root-a\\current\\payload\\mcp\\node_modules\\playwright-core\\lib\\tools\\cli-client\\output.js"
[setup:45864] [11:36:19] [DEBUG] (2) velopack::bundle: Writing file to disk with 64k buffer: "C:\\Source\\SixFive7\\BrowserAI\\.work\\velopack-rows\\root-a\\current\\payload\\mcp\\node_modules\\playwright-core\\lib\\tools\\cli-client\\output.js"
[setup:45864] [11:36:19] [DEBUG] (2) velopack::bundle:     109 Extracting 'lib/app/payload/mcp/node_modules/playwright-core/lib/tools/cli-client/program.js' to '"C:\\Source\\SixFive7\\BrowserAI\\.work\\velopack-rows\\root-a\\current\\payload\\mcp\\node_modules\\playwright-core\\lib\\tools\\cli-client\\program.js"'
[setup:45864] [11:36:19] [DEBUG] (2) velopack::bundle: Extracting zip file to path: "C:\\Source\\SixFive7\\BrowserAI\\.work\\velopack-rows\\root-a\\current\\payload\\mcp\\node_modules\\playwright-core\\lib\\tools\\cli-client\\program.js"
[setup:45864] [11:36:19] [DEBUG] (2) velopack::bundle: Writing file to disk with 64k buffer: "C:\\Source\\SixFive7\\BrowserAI\\.work\\velopack-rows\\root-a\\current\\payload\\mcp\\node_modules\\playwright-core\\lib\\tools\\cli-client\\program.js"
[setup:45864] [11:36:19] [DEBUG] (2) velopack::bundle:     110 Extracting 'lib/app/payload/mcp/node_modules/playwright-core/lib/tools/cli-client/registry.js' to '"C:\\Source\\SixFive7\\BrowserAI\\.work\\velopack-rows\\root-a\\current\\payload\\mcp\\node_modules\\playwright-core\\lib\\tools\\cli-client\\registry.js"'
[setup:45864] [11:36:19] [DEBUG] (2) velopack::bundle: Extracting zip file to path: "C:\\Source\\SixFive7\\BrowserAI\\.work\\velopack-rows\\root-a\\current\\payload\\mcp\\node_modules\\playwright-core\\lib\\tools\\cli-client\\registry.js"
[setup:45864] [11:36:19] [DEBUG] (2) velopack::bundle: Writing file to disk with 64k buffer: "C:\\Source\\SixFive7\\BrowserAI\\.work\\velopack-rows\\root-a\\current\\payload\\mcp\\node_modules\\playwright-core\\lib\\tools\\cli-client\\registry.js"
[setup:45864] [11:36:19] [DEBUG] (2) velopack::bundle:     111 Extracting 'lib/app/payload/mcp/node_modules/playwright-core/lib/tools/cli-client/session.js' to '"C:\\Source\\SixFive7\\BrowserAI\\.work\\velopack-rows\\root-a\\current\\payload\\mcp\\node_modules\\playwright-core\\lib\\tools\\cli-client\\session.js"'
[setup:45864] [11:36:19] [DEBUG] (2) velopack::bundle: Extracting zip file to path: "C:\\Source\\SixFive7\\BrowserAI\\.work\\velopack-rows\\root-a\\current\\payload\\mcp\\node_modules\\playwright-core\\lib\\tools\\cli-client\\session.js"
[setup:45864] [11:36:19] [DEBUG] (2) velopack::bundle: Writing file to disk with 64k buffer: "C:\\Source\\SixFive7\\BrowserAI\\.work\\velopack-rows\\root-a\\current\\payload\\mcp\\node_modules\\playwright-core\\lib\\tools\\cli-client\\session.js"
[setup:45864] [11:36:19] [DEBUG] (2) velopack::bundle:     112 Extracting 'lib/app/payload/mcp/node_modules/playwright-core/lib/server/electron/loader.js' to '"C:\\Source\\SixFive7\\BrowserAI\\.work\\velopack-rows\\root-a\\current\\payload\\mcp\\node_modules\\playwright-core\\lib\\server\\electron\\loader.js"'
[setup:45864] [11:36:19] [DEBUG] (2) velopack::bundle: Extracting zip file to path: "C:\\Source\\SixFive7\\BrowserAI\\.work\\velopack-rows\\root-a\\current\\payload\\mcp\\node_modules\\playwright-core\\lib\\server\\electron\\loader.js"
[setup:45864] [11:36:19] [DEBUG] (2) velopack::bundle: Creating parent directory: "C:\\Source\\SixFive7\\BrowserAI\\.work\\velopack-rows\\root-a\\current\\payload\\mcp\\node_modules\\playwright-core\\lib\\server\\electron"
[setup:45864] [11:36:19] [DEBUG] (2) velopack::bundle: Writing file to disk with 64k buffer: "C:\\Source\\SixFive7\\BrowserAI\\.work\\velopack-rows\\root-a\\current\\payload\\mcp\\node_modules\\playwright-core\\lib\\server\\electron\\loader.js"
[setup:45864] [11:36:19] [DEBUG] (2) velopack::bundle:     113 Extracting 'lib/app/payload/mcp/node_modules/playwright-core/lib/server/chromium/appIcon.png' to '"C:\\Source\\SixFive7\\BrowserAI\\.work\\velopack-rows\\root-a\\current\\payload\\mcp\\node_modules\\playwright-core\\lib\\server\\chromium\\appIcon.png"'
[setup:45864] [11:36:19] [DEBUG] (2) velopack::bundle: Extracting zip file to path: "C:\\Source\\SixFive7\\BrowserAI\\.work\\velopack-rows\\root-a\\current\\payload\\mcp\\node_modules\\playwright-core\\lib\\server\\chromium\\appIcon.png"
[setup:45864] [11:36:19] [DEBUG] (2) velopack::bundle: Creating parent directory: "C:\\Source\\SixFive7\\BrowserAI\\.work\\velopack-rows\\root-a\\current\\payload\\mcp\\node_modules\\playwright-core\\lib\\server\\chromium"
[setup:45864] [11:36:19] [DEBUG] (2) velopack::bundle: Writing file to disk with 64k buffer: "C:\\Source\\SixFive7\\BrowserAI\\.work\\velopack-rows\\root-a\\current\\payload\\mcp\\node_modules\\playwright-core\\lib\\server\\chromium\\appIcon.png"
[setup:45864] [11:36:19] [DEBUG] (2) velopack::bundle:     114 Extracting 'lib/app/payload/mcp/node_modules/playwright-core/lib/entry/cliDaemon.js' to '"C:\\Source\\SixFive7\\BrowserAI\\.work\\velopack-rows\\root-a\\current\\payload\\mcp\\node_modules\\playwright-core\\lib\\entry\\cliDaemon.js"'
[setup:45864] [11:36:19] [DEBUG] (2) velopack::bundle: Extracting zip file to path: "C:\\Source\\SixFive7\\BrowserAI\\.work\\velopack-rows\\root-a\\current\\payload\\mcp\\node_modules\\playwright-core\\lib\\entry\\cliDaemon.js"
[setup:45864] [11:36:19] [DEBUG] (2) velopack::bundle: Creating parent directory: "C:\\Source\\SixFive7\\BrowserAI\\.work\\velopack-rows\\root-a\\current\\payload\\mcp\\node_modules\\playwright-core\\lib\\entry"
[setup:45864] [11:36:19] [DEBUG] (2) velopack::bundle: Writing file to disk with 64k buffer: "C:\\Source\\SixFive7\\BrowserAI\\.work\\velopack-rows\\root-a\\current\\payload\\mcp\\node_modules\\playwright-core\\lib\\entry\\cliDaemon.js"
[setup:45864] [11:36:19] [DEBUG] (2) velopack::bundle:     115 Extracting 'lib/app/payload/mcp/node_modules/playwright-core/lib/entry/dashboardApp.js' to '"C:\\Source\\SixFive7\\BrowserAI\\.work\\velopack-rows\\root-a\\current\\payload\\mcp\\node_modules\\playwright-core\\lib\\entry\\dashboardApp.js"'
[setup:45864] [11:36:19] [DEBUG] (2) velopack::bundle: Extracting zip file to path: "C:\\Source\\SixFive7\\BrowserAI\\.work\\velopack-rows\\root-a\\current\\payload\\mcp\\node_modules\\playwright-core\\lib\\entry\\dashboardApp.js"
[setup:45864] [11:36:19] [DEBUG] (2) velopack::bundle: Writing file to disk with 64k buffer: "C:\\Source\\SixFive7\\BrowserAI\\.work\\velopack-rows\\root-a\\current\\payload\\mcp\\node_modules\\playwright-core\\lib\\entry\\dashboardApp.js"
[setup:45864] [11:36:19] [DEBUG] (2) velopack::bundle:     116 Extracting 'lib/app/payload/mcp/node_modules/playwright-core/lib/entry/mcp.js' to '"C:\\Source\\SixFive7\\BrowserAI\\.work\\velopack-rows\\root-a\\current\\payload\\mcp\\node_modules\\playwright-core\\lib\\entry\\mcp.js"'
[setup:45864] [11:36:19] [DEBUG] (2) velopack::bundle: Extracting zip file to path: "C:\\Source\\SixFive7\\BrowserAI\\.work\\velopack-rows\\root-a\\current\\payload\\mcp\\node_modules\\playwright-core\\lib\\entry\\mcp.js"
[setup:45864] [11:36:19] [DEBUG] (2) velopack::bundle: Writing file to disk with 64k buffer: "C:\\Source\\SixFive7\\BrowserAI\\.work\\velopack-rows\\root-a\\current\\payload\\mcp\\node_modules\\playwright-core\\lib\\entry\\mcp.js"
[setup:45864] [11:36:19] [DEBUG] (2) velopack::bundle:     117 Extracting 'lib/app/payload/mcp/node_modules/playwright-core/lib/entry/oopBrowserDownload.js' to '"C:\\Source\\SixFive7\\BrowserAI\\.work\\velopack-rows\\root-a\\current\\payload\\mcp\\node_modules\\playwright-core\\lib\\entry\\oopBrowserDownload.js"'
[setup:45864] [11:36:19] [DEBUG] (2) velopack::bundle: Extracting zip file to path: "C:\\Source\\SixFive7\\BrowserAI\\.work\\velopack-rows\\root-a\\current\\payload\\mcp\\node_modules\\playwright-core\\lib\\entry\\oopBrowserDownload.js"
[setup:45864] [11:36:19] [DEBUG] (2) velopack::bundle: Writing file to disk with 64k buffer: "C:\\Source\\SixFive7\\BrowserAI\\.work\\velopack-rows\\root-a\\current\\payload\\mcp\\node_modules\\playwright-core\\lib\\entry\\oopBrowserDownload.js"
[setup:45864] [11:36:19] [DEBUG] (2) velopack::bundle:     118 Extracting 'lib/app/payload/mcp/node_modules/playwright-core/bin/install_media_pack.ps1' to '"C:\\Source\\SixFive7\\BrowserAI\\.work\\velopack-rows\\root-a\\current\\payload\\mcp\\node_modules\\playwright-core\\bin\\install_media_pack.ps1"'
[setup:45864] [11:36:19] [DEBUG] (2) velopack::bundle: Extracting zip file to path: "C:\\Source\\SixFive7\\BrowserAI\\.work\\velopack-rows\\root-a\\current\\payload\\mcp\\node_modules\\playwright-core\\bin\\install_media_pack.ps1"
[setup:45864] [11:36:19] [DEBUG] (2) velopack::bundle: Creating parent directory: "C:\\Source\\SixFive7\\BrowserAI\\.work\\velopack-rows\\root-a\\current\\payload\\mcp\\node_modules\\playwright-core\\bin"
[setup:45864] [11:36:19] [DEBUG] (2) velopack::bundle: Writing file to disk with 64k buffer: "C:\\Source\\SixFive7\\BrowserAI\\.work\\velopack-rows\\root-a\\current\\payload\\mcp\\node_modules\\playwright-core\\bin\\install_media_pack.ps1"
[setup:45864] [11:36:19] [DEBUG] (2) velopack::bundle:     119 Extracting 'lib/app/payload/mcp/node_modules/playwright-core/bin/install_webkit_wsl.ps1' to '"C:\\Source\\SixFive7\\BrowserAI\\.work\\velopack-rows\\root-a\\current\\payload\\mcp\\node_modules\\playwright-core\\bin\\install_webkit_wsl.ps1"'
[setup:45864] [11:36:19] [DEBUG] (2) velopack::bundle: Extracting zip file to path: "C:\\Source\\SixFive7\\BrowserAI\\.work\\velopack-rows\\root-a\\current\\payload\\mcp\\node_modules\\playwright-core\\bin\\install_webkit_wsl.ps1"
[setup:45864] [11:36:19] [DEBUG] (2) velopack::bundle: Writing file to disk with 64k buffer: "C:\\Source\\SixFive7\\BrowserAI\\.work\\velopack-rows\\root-a\\current\\payload\\mcp\\node_modules\\playwright-core\\bin\\install_webkit_wsl.ps1"
[setup:45864] [11:36:19] [DEBUG] (2) velopack::bundle:     120 Extracting 'lib/app/payload/mcp/node_modules/playwright-core/bin/reinstall_chrome_beta_linux.sh' to '"C:\\Source\\SixFive7\\BrowserAI\\.work\\velopack-rows\\root-a\\current\\payload\\mcp\\node_modules\\playwright-core\\bin\\reinstall_chrome_beta_linux.sh"'
[setup:45864] [11:36:19] [DEBUG] (2) velopack::bundle: Extracting zip file to path: "C:\\Source\\SixFive7\\BrowserAI\\.work\\velopack-rows\\root-a\\current\\payload\\mcp\\node_modules\\playwright-core\\bin\\reinstall_chrome_beta_linux.sh"
[setup:45864] [11:36:19] [DEBUG] (2) velopack::bundle: Writing file to disk with 64k buffer: "C:\\Source\\SixFive7\\BrowserAI\\.work\\velopack-rows\\root-a\\current\\payload\\mcp\\node_modules\\playwright-core\\bin\\reinstall_chrome_beta_linux.sh"
[setup:45864] [11:36:19] [DEBUG] (2) velopack::bundle:     121 Extracting 'lib/app/payload/mcp/node_modules/playwright-core/bin/reinstall_chrome_beta_mac.sh' to '"C:\\Source\\SixFive7\\BrowserAI\\.work\\velopack-rows\\root-a\\current\\payload\\mcp\\node_modules\\playwright-core\\bin\\reinstall_chrome_beta_mac.sh"'
[setup:45864] [11:36:19] [DEBUG] (2) velopack::bundle: Extracting zip file to path: "C:\\Source\\SixFive7\\BrowserAI\\.work\\velopack-rows\\root-a\\current\\payload\\mcp\\node_modules\\playwright-core\\bin\\reinstall_chrome_beta_mac.sh"
[setup:45864] [11:36:19] [DEBUG] (2) velopack::bundle: Writing file to disk with 64k buffer: "C:\\Source\\SixFive7\\BrowserAI\\.work\\velopack-rows\\root-a\\current\\payload\\mcp\\node_modules\\playwright-core\\bin\\reinstall_chrome_beta_mac.sh"
[setup:45864] [11:36:19] [DEBUG] (2) velopack::bundle:     122 Extracting 'lib/app/payload/mcp/node_modules/playwright-core/bin/reinstall_chrome_beta_win.ps1' to '"C:\\Source\\SixFive7\\BrowserAI\\.work\\velopack-rows\\root-a\\current\\payload\\mcp\\node_modules\\playwright-core\\bin\\reinstall_chrome_beta_win.ps1"'
[setup:45864] [11:36:19] [DEBUG] (2) velopack::bundle: Extracting zip file to path: "C:\\Source\\SixFive7\\BrowserAI\\.work\\velopack-rows\\root-a\\current\\payload\\mcp\\node_modules\\playwright-core\\bin\\reinstall_chrome_beta_win.ps1"
[setup:45864] [11:36:19] [DEBUG] (2) velopack::bundle: Writing file to disk with 64k buffer: "C:\\Source\\SixFive7\\BrowserAI\\.work\\velopack-rows\\root-a\\current\\payload\\mcp\\node_modules\\playwright-core\\bin\\reinstall_chrome_beta_win.ps1"
[setup:45864] [11:36:19] [DEBUG] (2) velopack::bundle:     123 Extracting 'lib/app/payload/mcp/node_modules/playwright-core/bin/reinstall_chrome_stable_linux.sh' to '"C:\\Source\\SixFive7\\BrowserAI\\.work\\velopack-rows\\root-a\\current\\payload\\mcp\\node_modules\\playwright-core\\bin\\reinstall_chrome_stable_linux.sh"'
[setup:45864] [11:36:19] [DEBUG] (2) velopack::bundle: Extracting zip file to path: "C:\\Source\\SixFive7\\BrowserAI\\.work\\velopack-rows\\root-a\\current\\payload\\mcp\\node_modules\\playwright-core\\bin\\reinstall_chrome_stable_linux.sh"
[setup:45864] [11:36:19] [DEBUG] (2) velopack::bundle: Writing file to disk with 64k buffer: "C:\\Source\\SixFive7\\BrowserAI\\.work\\velopack-rows\\root-a\\current\\payload\\mcp\\node_modules\\playwright-core\\bin\\reinstall_chrome_stable_linux.sh"
[setup:45864] [11:36:19] [DEBUG] (2) velopack::bundle:     124 Extracting 'lib/app/payload/mcp/node_modules/playwright-core/bin/reinstall_chrome_stable_mac.sh' to '"C:\\Source\\SixFive7\\BrowserAI\\.work\\velopack-rows\\root-a\\current\\payload\\mcp\\node_modules\\playwright-core\\bin\\reinstall_chrome_stable_mac.sh"'
[setup:45864] [11:36:19] [DEBUG] (2) velopack::bundle: Extracting zip file to path: "C:\\Source\\SixFive7\\BrowserAI\\.work\\velopack-rows\\root-a\\current\\payload\\mcp\\node_modules\\playwright-core\\bin\\reinstall_chrome_stable_mac.sh"
[setup:45864] [11:36:19] [DEBUG] (2) velopack::bundle: Writing file to disk with 64k buffer: "C:\\Source\\SixFive7\\BrowserAI\\.work\\velopack-rows\\root-a\\current\\payload\\mcp\\node_modules\\playwright-core\\bin\\reinstall_chrome_stable_mac.sh"
[setup:45864] [11:36:19] [DEBUG] (2) velopack::bundle:     125 Extracting 'lib/app/payload/mcp/node_modules/playwright-core/bin/reinstall_chrome_stable_win.ps1' to '"C:\\Source\\SixFive7\\BrowserAI\\.work\\velopack-rows\\root-a\\current\\payload\\mcp\\node_modules\\playwright-core\\bin\\reinstall_chrome_stable_win.ps1"'
[setup:45864] [11:36:19] [DEBUG] (2) velopack::bundle: Extracting zip file to path: "C:\\Source\\SixFive7\\BrowserAI\\.work\\velopack-rows\\root-a\\current\\payload\\mcp\\node_modules\\playwright-core\\bin\\reinstall_chrome_stable_win.ps1"
[setup:45864] [11:36:19] [DEBUG] (2) velopack::bundle: Writing file to disk with 64k buffer: "C:\\Source\\SixFive7\\BrowserAI\\.work\\velopack-rows\\root-a\\current\\payload\\mcp\\node_modules\\playwright-core\\bin\\reinstall_chrome_stable_win.ps1"
[setup:45864] [11:36:19] [DEBUG] (2) velopack::bundle:     126 Extracting 'lib/app/payload/mcp/node_modules/playwright-core/bin/reinstall_msedge_beta_linux.sh' to '"C:\\Source\\SixFive7\\BrowserAI\\.work\\velopack-rows\\root-a\\current\\payload\\mcp\\node_modules\\playwright-core\\bin\\reinstall_msedge_beta_linux.sh"'
[setup:45864] [11:36:19] [DEBUG] (2) velopack::bundle: Extracting zip file to path: "C:\\Source\\SixFive7\\BrowserAI\\.work\\velopack-rows\\root-a\\current\\payload\\mcp\\node_modules\\playwright-core\\bin\\reinstall_msedge_beta_linux.sh"
[setup:45864] [11:36:19] [DEBUG] (2) velopack::bundle: Writing file to disk with 64k buffer: "C:\\Source\\SixFive7\\BrowserAI\\.work\\velopack-rows\\root-a\\current\\payload\\mcp\\node_modules\\playwright-core\\bin\\reinstall_msedge_beta_linux.sh"
[setup:45864] [11:36:19] [DEBUG] (2) velopack::bundle:     127 Extracting 'lib/app/payload/mcp/node_modules/playwright-core/bin/reinstall_msedge_beta_mac.sh' to '"C:\\Source\\SixFive7\\BrowserAI\\.work\\velopack-rows\\root-a\\current\\payload\\mcp\\node_modules\\playwright-core\\bin\\reinstall_msedge_beta_mac.sh"'
[setup:45864] [11:36:19] [DEBUG] (2) velopack::bundle: Extracting zip file to path: "C:\\Source\\SixFive7\\BrowserAI\\.work\\velopack-rows\\root-a\\current\\payload\\mcp\\node_modules\\playwright-core\\bin\\reinstall_msedge_beta_mac.sh"
[setup:45864] [11:36:19] [DEBUG] (2) velopack::bundle: Writing file to disk with 64k buffer: "C:\\Source\\SixFive7\\BrowserAI\\.work\\velopack-rows\\root-a\\current\\payload\\mcp\\node_modules\\playwright-core\\bin\\reinstall_msedge_beta_mac.sh"
[setup:45864] [11:36:19] [DEBUG] (2) velopack::bundle:     128 Extracting 'lib/app/payload/mcp/node_modules/playwright-core/bin/reinstall_msedge_beta_win.ps1' to '"C:\\Source\\SixFive7\\BrowserAI\\.work\\velopack-rows\\root-a\\current\\payload\\mcp\\node_modules\\playwright-core\\bin\\reinstall_msedge_beta_win.ps1"'
[setup:45864] [11:36:19] [DEBUG] (2) velopack::bundle: Extracting zip file to path: "C:\\Source\\SixFive7\\BrowserAI\\.work\\velopack-rows\\root-a\\current\\payload\\mcp\\node_modules\\playwright-core\\bin\\reinstall_msedge_beta_win.ps1"
[setup:45864] [11:36:19] [DEBUG] (2) velopack::bundle: Writing file to disk with 64k buffer: "C:\\Source\\SixFive7\\BrowserAI\\.work\\velopack-rows\\root-a\\current\\payload\\mcp\\node_modules\\playwright-core\\bin\\reinstall_msedge_beta_win.ps1"
[setup:45864] [11:36:19] [DEBUG] (2) velopack::bundle:     129 Extracting 'lib/app/payload/mcp/node_modules/playwright-core/bin/reinstall_msedge_dev_linux.sh' to '"C:\\Source\\SixFive7\\BrowserAI\\.work\\velopack-rows\\root-a\\current\\payload\\mcp\\node_modules\\playwright-core\\bin\\reinstall_msedge_dev_linux.sh"'
[setup:45864] [11:36:19] [DEBUG] (2) velopack::bundle: Extracting zip file to path: "C:\\Source\\SixFive7\\BrowserAI\\.work\\velopack-rows\\root-a\\current\\payload\\mcp\\node_modules\\playwright-core\\bin\\reinstall_msedge_dev_linux.sh"
[setup:45864] [11:36:19] [DEBUG] (2) velopack::bundle: Writing file to disk with 64k buffer: "C:\\Source\\SixFive7\\BrowserAI\\.work\\velopack-rows\\root-a\\current\\payload\\mcp\\node_modules\\playwright-core\\bin\\reinstall_msedge_dev_linux.sh"
[setup:45864] [11:36:19] [DEBUG] (2) velopack::bundle:     130 Extracting 'lib/app/payload/mcp/node_modules/playwright-core/bin/reinstall_msedge_dev_mac.sh' to '"C:\\Source\\SixFive7\\BrowserAI\\.work\\velopack-rows\\root-a\\current\\payload\\mcp\\node_modules\\playwright-core\\bin\\reinstall_msedge_dev_mac.sh"'
[setup:45864] [11:36:19] [DEBUG] (2) velopack::bundle: Extracting zip file to path: "C:\\Source\\SixFive7\\BrowserAI\\.work\\velopack-rows\\root-a\\current\\payload\\mcp\\node_modules\\playwright-core\\bin\\reinstall_msedge_dev_mac.sh"
[setup:45864] [11:36:19] [DEBUG] (2) velopack::bundle: Writing file to disk with 64k buffer: "C:\\Source\\SixFive7\\BrowserAI\\.work\\velopack-rows\\root-a\\current\\payload\\mcp\\node_modules\\playwright-core\\bin\\reinstall_msedge_dev_mac.sh"
[setup:45864] [11:36:19] [DEBUG] (2) velopack::bundle:     131 Extracting 'lib/app/payload/mcp/node_modules/playwright-core/bin/reinstall_msedge_dev_win.ps1' to '"C:\\Source\\SixFive7\\BrowserAI\\.work\\velopack-rows\\root-a\\current\\payload\\mcp\\node_modules\\playwright-core\\bin\\reinstall_msedge_dev_win.ps1"'
[setup:45864] [11:36:19] [DEBUG] (2) velopack::bundle: Extracting zip file to path: "C:\\Source\\SixFive7\\BrowserAI\\.work\\velopack-rows\\root-a\\current\\payload\\mcp\\node_modules\\playwright-core\\bin\\reinstall_msedge_dev_win.ps1"
[setup:45864] [11:36:19] [DEBUG] (2) velopack::bundle: Writing file to disk with 64k buffer: "C:\\Source\\SixFive7\\BrowserAI\\.work\\velopack-rows\\root-a\\current\\payload\\mcp\\node_modules\\playwright-core\\bin\\reinstall_msedge_dev_win.ps1"
[setup:45864] [11:36:19] [DEBUG] (2) velopack::bundle:     132 Extracting 'lib/app/payload/mcp/node_modules/playwright-core/bin/reinstall_msedge_stable_linux.sh' to '"C:\\Source\\SixFive7\\BrowserAI\\.work\\velopack-rows\\root-a\\current\\payload\\mcp\\node_modules\\playwright-core\\bin\\reinstall_msedge_stable_linux.sh"'
[setup:45864] [11:36:19] [DEBUG] (2) velopack::bundle: Extracting zip file to path: "C:\\Source\\SixFive7\\BrowserAI\\.work\\velopack-rows\\root-a\\current\\payload\\mcp\\node_modules\\playwright-core\\bin\\reinstall_msedge_stable_linux.sh"
[setup:45864] [11:36:19] [DEBUG] (2) velopack::bundle: Writing file to disk with 64k buffer: "C:\\Source\\SixFive7\\BrowserAI\\.work\\velopack-rows\\root-a\\current\\payload\\mcp\\node_modules\\playwright-core\\bin\\reinstall_msedge_stable_linux.sh"
[setup:45864] [11:36:19] [DEBUG] (2) velopack::bundle:     133 Extracting 'lib/app/payload/mcp/node_modules/playwright-core/bin/reinstall_msedge_stable_mac.sh' to '"C:\\Source\\SixFive7\\BrowserAI\\.work\\velopack-rows\\root-a\\current\\payload\\mcp\\node_modules\\playwright-core\\bin\\reinstall_msedge_stable_mac.sh"'
[setup:45864] [11:36:19] [DEBUG] (2) velopack::bundle: Extracting zip file to path: "C:\\Source\\SixFive7\\BrowserAI\\.work\\velopack-rows\\root-a\\current\\payload\\mcp\\node_modules\\playwright-core\\bin\\reinstall_msedge_stable_mac.sh"
[setup:45864] [11:36:19] [DEBUG] (2) velopack::bundle: Writing file to disk with 64k buffer: "C:\\Source\\SixFive7\\BrowserAI\\.work\\velopack-rows\\root-a\\current\\payload\\mcp\\node_modules\\playwright-core\\bin\\reinstall_msedge_stable_mac.sh"
[setup:45864] [11:36:19] [DEBUG] (2) velopack::bundle:     134 Extracting 'lib/app/payload/mcp/node_modules/playwright-core/bin/reinstall_msedge_stable_win.ps1' to '"C:\\Source\\SixFive7\\BrowserAI\\.work\\velopack-rows\\root-a\\current\\payload\\mcp\\node_modules\\playwright-core\\bin\\reinstall_msedge_stable_win.ps1"'
[setup:45864] [11:36:19] [DEBUG] (2) velopack::bundle: Extracting zip file to path: "C:\\Source\\SixFive7\\BrowserAI\\.work\\velopack-rows\\root-a\\current\\payload\\mcp\\node_modules\\playwright-core\\bin\\reinstall_msedge_stable_win.ps1"
[setup:45864] [11:36:19] [DEBUG] (2) velopack::bundle: Writing file to disk with 64k buffer: "C:\\Source\\SixFive7\\BrowserAI\\.work\\velopack-rows\\root-a\\current\\payload\\mcp\\node_modules\\playwright-core\\bin\\reinstall_msedge_stable_win.ps1"
[setup:45864] [11:36:19] [DEBUG] (2) velopack::bundle:     135 Extracting 'lib/app/payload/mcp/node_modules/playwright/cli.js' to '"C:\\Source\\SixFive7\\BrowserAI\\.work\\velopack-rows\\root-a\\current\\payload\\mcp\\node_modules\\playwright\\cli.js"'
[setup:45864] [11:36:19] [DEBUG] (2) velopack::bundle: Extracting zip file to path: "C:\\Source\\SixFive7\\BrowserAI\\.work\\velopack-rows\\root-a\\current\\payload\\mcp\\node_modules\\playwright\\cli.js"
[setup:45864] [11:36:19] [DEBUG] (2) velopack::bundle: Creating parent directory: "C:\\Source\\SixFive7\\BrowserAI\\.work\\velopack-rows\\root-a\\current\\payload\\mcp\\node_modules\\playwright"
[setup:45864] [11:36:19] [DEBUG] (2) velopack::bundle: Writing file to disk with 64k buffer: "C:\\Source\\SixFive7\\BrowserAI\\.work\\velopack-rows\\root-a\\current\\payload\\mcp\\node_modules\\playwright\\cli.js"
[setup:45864] [11:36:19] [DEBUG] (2) velopack::bundle:     136 Extracting 'lib/app/payload/mcp/node_modules/playwright/index.d.ts' to '"C:\\Source\\SixFive7\\BrowserAI\\.work\\velopack-rows\\root-a\\current\\payload\\mcp\\node_modules\\playwright\\index.d.ts"'
[setup:45864] [11:36:19] [DEBUG] (2) velopack::bundle: Extracting zip file to path: "C:\\Source\\SixFive7\\BrowserAI\\.work\\velopack-rows\\root-a\\current\\payload\\mcp\\node_modules\\playwright\\index.d.ts"
[setup:45864] [11:36:19] [DEBUG] (2) velopack::bundle: Writing file to disk with 64k buffer: "C:\\Source\\SixFive7\\BrowserAI\\.work\\velopack-rows\\root-a\\current\\payload\\mcp\\node_modules\\playwright\\index.d.ts"
[setup:45864] [11:36:19] [DEBUG] (2) velopack::bundle:     137 Extracting 'lib/app/payload/mcp/node_modules/playwright/index.js' to '"C:\\Source\\SixFive7\\BrowserAI\\.work\\velopack-rows\\root-a\\current\\payload\\mcp\\node_modules\\playwright\\index.js"'
[setup:45864] [11:36:19] [DEBUG] (2) velopack::bundle: Extracting zip file to path: "C:\\Source\\SixFive7\\BrowserAI\\.work\\velopack-rows\\root-a\\current\\payload\\mcp\\node_modules\\playwright\\index.js"
[setup:45864] [11:36:19] [DEBUG] (2) velopack::bundle: Writing file to disk with 64k buffer: "C:\\Source\\SixFive7\\BrowserAI\\.work\\velopack-rows\\root-a\\current\\payload\\mcp\\node_modules\\playwright\\index.js"
[setup:45864] [11:36:19] [DEBUG] (2) velopack::bundle:     138 Extracting 'lib/app/payload/mcp/node_modules/playwright/index.mjs' to '"C:\\Source\\SixFive7\\BrowserAI\\.work\\velopack-rows\\root-a\\current\\payload\\mcp\\node_modules\\playwright\\index.mjs"'
[setup:45864] [11:36:19] [DEBUG] (2) velopack::bundle: Extracting zip file to path: "C:\\Source\\SixFive7\\BrowserAI\\.work\\velopack-rows\\root-a\\current\\payload\\mcp\\node_modules\\playwright\\index.mjs"
[setup:45864] [11:36:19] [DEBUG] (2) velopack::bundle: Writing file to disk with 64k buffer: "C:\\Source\\SixFive7\\BrowserAI\\.work\\velopack-rows\\root-a\\current\\payload\\mcp\\node_modules\\playwright\\index.mjs"
[setup:45864] [11:36:19] [DEBUG] (2) velopack::bundle:     139 Extracting 'lib/app/payload/mcp/node_modules/playwright/jsx-runtime.js' to '"C:\\Source\\SixFive7\\BrowserAI\\.work\\velopack-rows\\root-a\\current\\payload\\mcp\\node_modules\\playwright\\jsx-runtime.js"'
[setup:45864] [11:36:19] [DEBUG] (2) velopack::bundle: Extracting zip file to path: "C:\\Source\\SixFive7\\BrowserAI\\.work\\velopack-rows\\root-a\\current\\payload\\mcp\\node_modules\\playwright\\jsx-runtime.js"
[setup:45864] [11:36:19] [DEBUG] (2) velopack::bundle: Writing file to disk with 64k buffer: "C:\\Source\\SixFive7\\BrowserAI\\.work\\velopack-rows\\root-a\\current\\payload\\mcp\\node_modules\\playwright\\jsx-runtime.js"
[setup:45864] [11:36:19] [DEBUG] (2) velopack::bundle:     140 Extracting 'lib/app/payload/mcp/node_modules/playwright/jsx-runtime.mjs' to '"C:\\Source\\SixFive7\\BrowserAI\\.work\\velopack-rows\\root-a\\current\\payload\\mcp\\node_modules\\playwright\\jsx-runtime.mjs"'
[setup:45864] [11:36:19] [DEBUG] (2) velopack::bundle: Extracting zip file to path: "C:\\Source\\SixFive7\\BrowserAI\\.work\\velopack-rows\\root-a\\current\\payload\\mcp\\node_modules\\playwright\\jsx-runtime.mjs"
[setup:45864] [11:36:19] [DEBUG] (2) velopack::bundle: Writing file to disk with 64k buffer: "C:\\Source\\SixFive7\\BrowserAI\\.work\\velopack-rows\\root-a\\current\\payload\\mcp\\node_modules\\playwright\\jsx-runtime.mjs"
[setup:45864] [11:36:19] [DEBUG] (2) velopack::bundle:     141 Extracting 'lib/app/payload/mcp/node_modules/playwright/LICENSE' to '"C:\\Source\\SixFive7\\BrowserAI\\.work\\velopack-rows\\root-a\\current\\payload\\mcp\\node_modules\\playwright\\LICENSE"'
[setup:45864] [11:36:19] [DEBUG] (2) velopack::bundle: Extracting zip file to path: "C:\\Source\\SixFive7\\BrowserAI\\.work\\velopack-rows\\root-a\\current\\payload\\mcp\\node_modules\\playwright\\LICENSE"
[setup:45864] [11:36:19] [DEBUG] (2) velopack::bundle: Writing file to disk with 64k buffer: "C:\\Source\\SixFive7\\BrowserAI\\.work\\velopack-rows\\root-a\\current\\payload\\mcp\\node_modules\\playwright\\LICENSE"
[setup:45864] [11:36:19] [DEBUG] (2) velopack::bundle:     142 Extracting 'lib/app/payload/mcp/node_modules/playwright/NOTICE' to '"C:\\Source\\SixFive7\\BrowserAI\\.work\\velopack-rows\\root-a\\current\\payload\\mcp\\node_modules\\playwright\\NOTICE"'
[setup:45864] [11:36:19] [DEBUG] (2) velopack::bundle: Extracting zip file to path: "C:\\Source\\SixFive7\\BrowserAI\\.work\\velopack-rows\\root-a\\current\\payload\\mcp\\node_modules\\playwright\\NOTICE"
[setup:45864] [11:36:19] [DEBUG] (2) velopack::bundle: Writing file to disk with 64k buffer: "C:\\Source\\SixFive7\\BrowserAI\\.work\\velopack-rows\\root-a\\current\\payload\\mcp\\node_modules\\playwright\\NOTICE"
[setup:45864] [11:36:19] [DEBUG] (2) velopack::bundle:     143 Extracting 'lib/app/payload/mcp/node_modules/playwright/package.json' to '"C:\\Source\\SixFive7\\BrowserAI\\.work\\velopack-rows\\root-a\\current\\payload\\mcp\\node_modules\\playwright\\package.json"'
[setup:45864] [11:36:19] [DEBUG] (2) velopack::bundle: Extracting zip file to path: "C:\\Source\\SixFive7\\BrowserAI\\.work\\velopack-rows\\root-a\\current\\payload\\mcp\\node_modules\\playwright\\package.json"
[setup:45864] [11:36:19] [DEBUG] (2) velopack::bundle: Writing file to disk with 64k buffer: "C:\\Source\\SixFive7\\BrowserAI\\.work\\velopack-rows\\root-a\\current\\payload\\mcp\\node_modules\\playwright\\package.json"
[setup:45864] [11:36:19] [DEBUG] (2) velopack::bundle:     144 Extracting 'lib/app/payload/mcp/node_modules/playwright/README.md' to '"C:\\Source\\SixFive7\\BrowserAI\\.work\\velopack-rows\\root-a\\current\\payload\\mcp\\node_modules\\playwright\\README.md"'
[setup:45864] [11:36:19] [DEBUG] (2) velopack::bundle: Extracting zip file to path: "C:\\Source\\SixFive7\\BrowserAI\\.work\\velopack-rows\\root-a\\current\\payload\\mcp\\node_modules\\playwright\\README.md"
[setup:45864] [11:36:19] [DEBUG] (2) velopack::bundle: Writing file to disk with 64k buffer: "C:\\Source\\SixFive7\\BrowserAI\\.work\\velopack-rows\\root-a\\current\\payload\\mcp\\node_modules\\playwright\\README.md"
[setup:45864] [11:36:19] [DEBUG] (2) velopack::bundle:     145 Extracting 'lib/app/payload/mcp/node_modules/playwright/test.d.ts' to '"C:\\Source\\SixFive7\\BrowserAI\\.work\\velopack-rows\\root-a\\current\\payload\\mcp\\node_modules\\playwright\\test.d.ts"'
[setup:45864] [11:36:19] [DEBUG] (2) velopack::bundle: Extracting zip file to path: "C:\\Source\\SixFive7\\BrowserAI\\.work\\velopack-rows\\root-a\\current\\payload\\mcp\\node_modules\\playwright\\test.d.ts"
[setup:45864] [11:36:19] [DEBUG] (2) velopack::bundle: Writing file to disk with 64k buffer: "C:\\Source\\SixFive7\\BrowserAI\\.work\\velopack-rows\\root-a\\current\\payload\\mcp\\node_modules\\playwright\\test.d.ts"
[setup:45864] [11:36:19] [DEBUG] (2) velopack::bundle:     146 Extracting 'lib/app/payload/mcp/node_modules/playwright/test.js' to '"C:\\Source\\SixFive7\\BrowserAI\\.work\\velopack-rows\\root-a\\current\\payload\\mcp\\node_modules\\playwright\\test.js"'
[setup:45864] [11:36:19] [DEBUG] (2) velopack::bundle: Extracting zip file to path: "C:\\Source\\SixFive7\\BrowserAI\\.work\\velopack-rows\\root-a\\current\\payload\\mcp\\node_modules\\playwright\\test.js"
[setup:45864] [11:36:19] [DEBUG] (2) velopack::bundle: Writing file to disk with 64k buffer: "C:\\Source\\SixFive7\\BrowserAI\\.work\\velopack-rows\\root-a\\current\\payload\\mcp\\node_modules\\playwright\\test.js"
[setup:45864] [11:36:19] [DEBUG] (2) velopack::bundle:     147 Extracting 'lib/app/payload/mcp/node_modules/playwright/test.mjs' to '"C:\\Source\\SixFive7\\BrowserAI\\.work\\velopack-rows\\root-a\\current\\payload\\mcp\\node_modules\\playwright\\test.mjs"'
[setup:45864] [11:36:19] [DEBUG] (2) velopack::bundle: Extracting zip file to path: "C:\\Source\\SixFive7\\BrowserAI\\.work\\velopack-rows\\root-a\\current\\payload\\mcp\\node_modules\\playwright\\test.mjs"
[setup:45864] [11:36:19] [DEBUG] (2) velopack::bundle: Writing file to disk with 64k buffer: "C:\\Source\\SixFive7\\BrowserAI\\.work\\velopack-rows\\root-a\\current\\payload\\mcp\\node_modules\\playwright\\test.mjs"
[setup:45864] [11:36:19] [DEBUG] (2) velopack::bundle:     148 Extracting 'lib/app/payload/mcp/node_modules/playwright/ThirdPartyNotices.txt' to '"C:\\Source\\SixFive7\\BrowserAI\\.work\\velopack-rows\\root-a\\current\\payload\\mcp\\node_modules\\playwright\\ThirdPartyNotices.txt"'
[setup:45864] [11:36:19] [DEBUG] (2) velopack::bundle: Extracting zip file to path: "C:\\Source\\SixFive7\\BrowserAI\\.work\\velopack-rows\\root-a\\current\\payload\\mcp\\node_modules\\playwright\\ThirdPartyNotices.txt"
[setup:45864] [11:36:19] [DEBUG] (2) velopack::bundle: Writing file to disk with 64k buffer: "C:\\Source\\SixFive7\\BrowserAI\\.work\\velopack-rows\\root-a\\current\\payload\\mcp\\node_modules\\playwright\\ThirdPartyNotices.txt"
[setup:45864] [11:36:19] [DEBUG] (2) velopack::bundle:     149 Extracting 'lib/app/payload/mcp/node_modules/playwright/types/test.d.ts' to '"C:\\Source\\SixFive7\\BrowserAI\\.work\\velopack-rows\\root-a\\current\\payload\\mcp\\node_modules\\playwright\\types\\test.d.ts"'
[setup:45864] [11:36:19] [DEBUG] (2) velopack::bundle: Extracting zip file to path: "C:\\Source\\SixFive7\\BrowserAI\\.work\\velopack-rows\\root-a\\current\\payload\\mcp\\node_modules\\playwright\\types\\test.d.ts"
[setup:45864] [11:36:19] [DEBUG] (2) velopack::bundle: Creating parent directory: "C:\\Source\\SixFive7\\BrowserAI\\.work\\velopack-rows\\root-a\\current\\payload\\mcp\\node_modules\\playwright\\types"
[setup:45864] [11:36:19] [DEBUG] (2) velopack::bundle: Writing file to disk with 64k buffer: "C:\\Source\\SixFive7\\BrowserAI\\.work\\velopack-rows\\root-a\\current\\payload\\mcp\\node_modules\\playwright\\types\\test.d.ts"
[setup:45864] [11:36:19] [DEBUG] (2) velopack::bundle:     150 Extracting 'lib/app/payload/mcp/node_modules/playwright/types/testReporter.d.ts' to '"C:\\Source\\SixFive7\\BrowserAI\\.work\\velopack-rows\\root-a\\current\\payload\\mcp\\node_modules\\playwright\\types\\testReporter.d.ts"'
[setup:45864] [11:36:19] [DEBUG] (2) velopack::bundle: Extracting zip file to path: "C:\\Source\\SixFive7\\BrowserAI\\.work\\velopack-rows\\root-a\\current\\payload\\mcp\\node_modules\\playwright\\types\\testReporter.d.ts"
[setup:45864] [11:36:19] [DEBUG] (2) velopack::bundle: Writing file to disk with 64k buffer: "C:\\Source\\SixFive7\\BrowserAI\\.work\\velopack-rows\\root-a\\current\\payload\\mcp\\node_modules\\playwright\\types\\testReporter.d.ts"
[setup:45864] [11:36:19] [DEBUG] (2) velopack::bundle:     151 Extracting 'lib/app/payload/mcp/node_modules/playwright/lib/errorContext.js' to '"C:\\Source\\SixFive7\\BrowserAI\\.work\\velopack-rows\\root-a\\current\\payload\\mcp\\node_modules\\playwright\\lib\\errorContext.js"'
[setup:45864] [11:36:19] [DEBUG] (2) velopack::bundle: Extracting zip file to path: "C:\\Source\\SixFive7\\BrowserAI\\.work\\velopack-rows\\root-a\\current\\payload\\mcp\\node_modules\\playwright\\lib\\errorContext.js"
[setup:45864] [11:36:19] [DEBUG] (2) velopack::bundle: Creating parent directory: "C:\\Source\\SixFive7\\BrowserAI\\.work\\velopack-rows\\root-a\\current\\payload\\mcp\\node_modules\\playwright\\lib"
[setup:45864] [11:36:19] [DEBUG] (2) velopack::bundle: Writing file to disk with 64k buffer: "C:\\Source\\SixFive7\\BrowserAI\\.work\\velopack-rows\\root-a\\current\\payload\\mcp\\node_modules\\playwright\\lib\\errorContext.js"
[setup:45864] [11:36:19] [DEBUG] (2) velopack::bundle:     152 Extracting 'lib/app/payload/mcp/node_modules/playwright/lib/globals.js' to '"C:\\Source\\SixFive7\\BrowserAI\\.work\\velopack-rows\\root-a\\current\\payload\\mcp\\node_modules\\playwright\\lib\\globals.js"'
[setup:45864] [11:36:19] [DEBUG] (2) velopack::bundle: Extracting zip file to path: "C:\\Source\\SixFive7\\BrowserAI\\.work\\velopack-rows\\root-a\\current\\payload\\mcp\\node_modules\\playwright\\lib\\globals.js"
[setup:45864] [11:36:19] [DEBUG] (2) velopack::bundle: Writing file to disk with 64k buffer: "C:\\Source\\SixFive7\\BrowserAI\\.work\\velopack-rows\\root-a\\current\\payload\\mcp\\node_modules\\playwright\\lib\\globals.js"
[setup:45864] [11:36:19] [DEBUG] (2) velopack::bundle:     153 Extracting 'lib/app/payload/mcp/node_modules/playwright/lib/index.js' to '"C:\\Source\\SixFive7\\BrowserAI\\.work\\velopack-rows\\root-a\\current\\payload\\mcp\\node_modules\\playwright\\lib\\index.js"'
[setup:45864] [11:36:19] [DEBUG] (2) velopack::bundle: Extracting zip file to path: "C:\\Source\\SixFive7\\BrowserAI\\.work\\velopack-rows\\root-a\\current\\payload\\mcp\\node_modules\\playwright\\lib\\index.js"
[setup:45864] [11:36:19] [DEBUG] (2) velopack::bundle: Writing file to disk with 64k buffer: "C:\\Source\\SixFive7\\BrowserAI\\.work\\velopack-rows\\root-a\\current\\payload\\mcp\\node_modules\\playwright\\lib\\index.js"
[setup:45864] [11:36:19] [DEBUG] (2) velopack::bundle:     154 Extracting 'lib/app/payload/mcp/node_modules/playwright/lib/isomorphic.js' to '"C:\\Source\\SixFive7\\BrowserAI\\.work\\velopack-rows\\root-a\\current\\payload\\mcp\\node_modules\\playwright\\lib\\isomorphic.js"'
[setup:45864] [11:36:19] [DEBUG] (2) velopack::bundle: Extracting zip file to path: "C:\\Source\\SixFive7\\BrowserAI\\.work\\velopack-rows\\root-a\\current\\payload\\mcp\\node_modules\\playwright\\lib\\isomorphic.js"
[setup:45864] [11:36:19] [DEBUG] (2) velopack::bundle: Writing file to disk with 64k buffer: "C:\\Source\\SixFive7\\BrowserAI\\.work\\velopack-rows\\root-a\\current\\payload\\mcp\\node_modules\\playwright\\lib\\isomorphic.js"
[setup:45864] [11:36:19] [DEBUG] (2) velopack::bundle:     155 Extracting 'lib/app/payload/mcp/node_modules/playwright/lib/isomorphic.js.txt' to '"C:\\Source\\SixFive7\\BrowserAI\\.work\\velopack-rows\\root-a\\current\\payload\\mcp\\node_modules\\playwright\\lib\\isomorphic.js.txt"'
[setup:45864] [11:36:19] [DEBUG] (2) velopack::bundle: Extracting zip file to path: "C:\\Source\\SixFive7\\BrowserAI\\.work\\velopack-rows\\root-a\\current\\payload\\mcp\\node_modules\\playwright\\lib\\isomorphic.js.txt"
[setup:45864] [11:36:19] [DEBUG] (2) velopack::bundle: Writing file to disk with 64k buffer: "C:\\Source\\SixFive7\\BrowserAI\\.work\\velopack-rows\\root-a\\current\\payload\\mcp\\node_modules\\playwright\\lib\\isomorphic.js.txt"
[setup:45864] [11:36:19] [DEBUG] (2) velopack::bundle:     156 Extracting 'lib/app/payload/mcp/node_modules/playwright/lib/package.js' to '"C:\\Source\\SixFive7\\BrowserAI\\.work\\velopack-rows\\root-a\\current\\payload\\mcp\\node_modules\\playwright\\lib\\package.js"'
[setup:45864] [11:36:19] [DEBUG] (2) velopack::bundle: Extracting zip file to path: "C:\\Source\\SixFive7\\BrowserAI\\.work\\velopack-rows\\root-a\\current\\payload\\mcp\\node_modules\\playwright\\lib\\package.js"
[setup:45864] [11:36:19] [DEBUG] (2) velopack::bundle: Writing file to disk with 64k buffer: "C:\\Source\\SixFive7\\BrowserAI\\.work\\velopack-rows\\root-a\\current\\payload\\mcp\\node_modules\\playwright\\lib\\package.js"
[setup:45864] [11:36:19] [DEBUG] (2) velopack::bundle:     157 Extracting 'lib/app/payload/mcp/node_modules/playwright/lib/program.js' to '"C:\\Source\\SixFive7\\BrowserAI\\.work\\velopack-rows\\root-a\\current\\payload\\mcp\\node_modules\\playwright\\lib\\program.js"'
[setup:45864] [11:36:19] [DEBUG] (2) velopack::bundle: Extracting zip file to path: "C:\\Source\\SixFive7\\BrowserAI\\.work\\velopack-rows\\root-a\\current\\payload\\mcp\\node_modules\\playwright\\lib\\program.js"
[setup:45864] [11:36:19] [DEBUG] (2) velopack::bundle: Writing file to disk with 64k buffer: "C:\\Source\\SixFive7\\BrowserAI\\.work\\velopack-rows\\root-a\\current\\payload\\mcp\\node_modules\\playwright\\lib\\program.js"
[setup:45864] [11:36:19] [DEBUG] (2) velopack::bundle:     158 Extracting 'lib/app/payload/mcp/node_modules/playwright/lib/util.js' to '"C:\\Source\\SixFive7\\BrowserAI\\.work\\velopack-rows\\root-a\\current\\payload\\mcp\\node_modules\\playwright\\lib\\util.js"'
[setup:45864] [11:36:19] [DEBUG] (2) velopack::bundle: Extracting zip file to path: "C:\\Source\\SixFive7\\BrowserAI\\.work\\velopack-rows\\root-a\\current\\payload\\mcp\\node_modules\\playwright\\lib\\util.js"
[setup:45864] [11:36:19] [DEBUG] (2) velopack::bundle: Writing file to disk with 64k buffer: "C:\\Source\\SixFive7\\BrowserAI\\.work\\velopack-rows\\root-a\\current\\payload\\mcp\\node_modules\\playwright\\lib\\util.js"
[setup:45864] [11:36:19] [DEBUG] (2) velopack::bundle:     159 Extracting 'lib/app/payload/mcp/node_modules/playwright/lib/worker/workerProcessEntry.js' to '"C:\\Source\\SixFive7\\BrowserAI\\.work\\velopack-rows\\root-a\\current\\payload\\mcp\\node_modules\\playwright\\lib\\worker\\workerProcessEntry.js"'
[setup:45864] [11:36:19] [DEBUG] (2) velopack::bundle: Extracting zip file to path: "C:\\Source\\SixFive7\\BrowserAI\\.work\\velopack-rows\\root-a\\current\\payload\\mcp\\node_modules\\playwright\\lib\\worker\\workerProcessEntry.js"
[setup:45864] [11:36:19] [DEBUG] (2) velopack::bundle: Creating parent directory: "C:\\Source\\SixFive7\\BrowserAI\\.work\\velopack-rows\\root-a\\current\\payload\\mcp\\node_modules\\playwright\\lib\\worker"
[setup:45864] [11:36:19] [DEBUG] (2) velopack::bundle: Writing file to disk with 64k buffer: "C:\\Source\\SixFive7\\BrowserAI\\.work\\velopack-rows\\root-a\\current\\payload\\mcp\\node_modules\\playwright\\lib\\worker\\workerProcessEntry.js"
[setup:45864] [11:36:19] [DEBUG] (2) velopack::bundle:     160 Extracting 'lib/app/payload/mcp/node_modules/playwright/lib/worker/workerProcessEntry.js.txt' to '"C:\\Source\\SixFive7\\BrowserAI\\.work\\velopack-rows\\root-a\\current\\payload\\mcp\\node_modules\\playwright\\lib\\worker\\workerProcessEntry.js.txt"'
[setup:45864] [11:36:19] [DEBUG] (2) velopack::bundle: Extracting zip file to path: "C:\\Source\\SixFive7\\BrowserAI\\.work\\velopack-rows\\root-a\\current\\payload\\mcp\\node_modules\\playwright\\lib\\worker\\workerProcessEntry.js.txt"
[setup:45864] [11:36:19] [DEBUG] (2) velopack::bundle: Writing file to disk with 64k buffer: "C:\\Source\\SixFive7\\BrowserAI\\.work\\velopack-rows\\root-a\\current\\payload\\mcp\\node_modules\\playwright\\lib\\worker\\workerProcessEntry.js.txt"
[setup:45864] [11:36:19] [DEBUG] (2) velopack::bundle:     161 Extracting 'lib/app/payload/mcp/node_modules/playwright/lib/transform/babelBundle.js' to '"C:\\Source\\SixFive7\\BrowserAI\\.work\\velopack-rows\\root-a\\current\\payload\\mcp\\node_modules\\playwright\\lib\\transform\\babelBundle.js"'
[setup:45864] [11:36:19] [DEBUG] (2) velopack::bundle: Extracting zip file to path: "C:\\Source\\SixFive7\\BrowserAI\\.work\\velopack-rows\\root-a\\current\\payload\\mcp\\node_modules\\playwright\\lib\\transform\\babelBundle.js"
[setup:45864] [11:36:19] [DEBUG] (2) velopack::bundle: Creating parent directory: "C:\\Source\\SixFive7\\BrowserAI\\.work\\velopack-rows\\root-a\\current\\payload\\mcp\\node_modules\\playwright\\lib\\transform"
[setup:45864] [11:36:19] [DEBUG] (2) velopack::bundle: Writing file to disk with 64k buffer: "C:\\Source\\SixFive7\\BrowserAI\\.work\\velopack-rows\\root-a\\current\\payload\\mcp\\node_modules\\playwright\\lib\\transform\\babelBundle.js"
[setup:45864] [11:36:19] [DEBUG] (2) velopack::bundle:     162 Extracting 'lib/app/payload/mcp/node_modules/playwright/lib/transform/babelBundle.js.LICENSE' to '"C:\\Source\\SixFive7\\BrowserAI\\.work\\velopack-rows\\root-a\\current\\payload\\mcp\\node_modules\\playwright\\lib\\transform\\babelBundle.js.LICENSE"'
[setup:45864] [11:36:19] [DEBUG] (2) velopack::bundle: Extracting zip file to path: "C:\\Source\\SixFive7\\BrowserAI\\.work\\velopack-rows\\root-a\\current\\payload\\mcp\\node_modules\\playwright\\lib\\transform\\babelBundle.js.LICENSE"
[setup:45864] [11:36:19] [DEBUG] (2) velopack::bundle: Writing file to disk with 64k buffer: "C:\\Source\\SixFive7\\BrowserAI\\.work\\velopack-rows\\root-a\\current\\payload\\mcp\\node_modules\\playwright\\lib\\transform\\babelBundle.js.LICENSE"
[setup:45864] [11:36:19] [DEBUG] (2) velopack::bundle:     163 Extracting 'lib/app/payload/mcp/node_modules/playwright/lib/transform/babelBundle.js.txt' to '"C:\\Source\\SixFive7\\BrowserAI\\.work\\velopack-rows\\root-a\\current\\payload\\mcp\\node_modules\\playwright\\lib\\transform\\babelBundle.js.txt"'
[setup:45864] [11:36:19] [DEBUG] (2) velopack::bundle: Extracting zip file to path: "C:\\Source\\SixFive7\\BrowserAI\\.work\\velopack-rows\\root-a\\current\\payload\\mcp\\node_modules\\playwright\\lib\\transform\\babelBundle.js.txt"
[setup:45864] [11:36:19] [DEBUG] (2) velopack::bundle: Writing file to disk with 64k buffer: "C:\\Source\\SixFive7\\BrowserAI\\.work\\velopack-rows\\root-a\\current\\payload\\mcp\\node_modules\\playwright\\lib\\transform\\babelBundle.js.txt"
[setup:45864] [11:36:19] [DEBUG] (2) velopack::bundle:     164 Extracting 'lib/app/payload/mcp/node_modules/playwright/lib/transform/esmLoader.js' to '"C:\\Source\\SixFive7\\BrowserAI\\.work\\velopack-rows\\root-a\\current\\payload\\mcp\\node_modules\\playwright\\lib\\transform\\esmLoader.js"'
[setup:45864] [11:36:19] [DEBUG] (2) velopack::bundle: Extracting zip file to path: "C:\\Source\\SixFive7\\BrowserAI\\.work\\velopack-rows\\root-a\\current\\payload\\mcp\\node_modules\\playwright\\lib\\transform\\esmLoader.js"
[setup:45864] [11:36:19] [DEBUG] (2) velopack::bundle: Writing file to disk with 64k buffer: "C:\\Source\\SixFive7\\BrowserAI\\.work\\velopack-rows\\root-a\\current\\payload\\mcp\\node_modules\\playwright\\lib\\transform\\esmLoader.js"
[setup:45864] [11:36:19] [DEBUG] (2) velopack::bundle:     165 Extracting 'lib/app/payload/mcp/node_modules/playwright/lib/transform/esmLoader.js.LICENSE' to '"C:\\Source\\SixFive7\\BrowserAI\\.work\\velopack-rows\\root-a\\current\\payload\\mcp\\node_modules\\playwright\\lib\\transform\\esmLoader.js.LICENSE"'
[setup:45864] [11:36:19] [DEBUG] (2) velopack::bundle: Extracting zip file to path: "C:\\Source\\SixFive7\\BrowserAI\\.work\\velopack-rows\\root-a\\current\\payload\\mcp\\node_modules\\playwright\\lib\\transform\\esmLoader.js.LICENSE"
[setup:45864] [11:36:19] [DEBUG] (2) velopack::bundle: Writing file to disk with 64k buffer: "C:\\Source\\SixFive7\\BrowserAI\\.work\\velopack-rows\\root-a\\current\\payload\\mcp\\node_modules\\playwright\\lib\\transform\\esmLoader.js.LICENSE"
[setup:45864] [11:36:19] [DEBUG] (2) velopack::bundle:     166 Extracting 'lib/app/payload/mcp/node_modules/playwright/lib/transform/esmLoader.js.txt' to '"C:\\Source\\SixFive7\\BrowserAI\\.work\\velopack-rows\\root-a\\current\\payload\\mcp\\node_modules\\playwright\\lib\\transform\\esmLoader.js.txt"'
[setup:45864] [11:36:19] [DEBUG] (2) velopack::bundle: Extracting zip file to path: "C:\\Source\\SixFive7\\BrowserAI\\.work\\velopack-rows\\root-a\\current\\payload\\mcp\\node_modules\\playwright\\lib\\transform\\esmLoader.js.txt"
[setup:45864] [11:36:19] [DEBUG] (2) velopack::bundle: Writing file to disk with 64k buffer: "C:\\Source\\SixFive7\\BrowserAI\\.work\\velopack-rows\\root-a\\current\\payload\\mcp\\node_modules\\playwright\\lib\\transform\\esmLoader.js.txt"
[setup:45864] [11:36:19] [DEBUG] (2) velopack::bundle:     167 Extracting 'lib/app/payload/mcp/node_modules/playwright/lib/runner/index.js' to '"C:\\Source\\SixFive7\\BrowserAI\\.work\\velopack-rows\\root-a\\current\\payload\\mcp\\node_modules\\playwright\\lib\\runner\\index.js"'
[setup:45864] [11:36:19] [DEBUG] (2) velopack::bundle: Extracting zip file to path: "C:\\Source\\SixFive7\\BrowserAI\\.work\\velopack-rows\\root-a\\current\\payload\\mcp\\node_modules\\playwright\\lib\\runner\\index.js"
[setup:45864] [11:36:19] [DEBUG] (2) velopack::bundle: Creating parent directory: "C:\\Source\\SixFive7\\BrowserAI\\.work\\velopack-rows\\root-a\\current\\payload\\mcp\\node_modules\\playwright\\lib\\runner"
[setup:45864] [11:36:19] [DEBUG] (2) velopack::bundle: Writing file to disk with 64k buffer: "C:\\Source\\SixFive7\\BrowserAI\\.work\\velopack-rows\\root-a\\current\\payload\\mcp\\node_modules\\playwright\\lib\\runner\\index.js"
[setup:45864] [11:36:19] [DEBUG] (2) velopack::bundle:     168 Extracting 'lib/app/payload/mcp/node_modules/playwright/lib/runner/index.js.txt' to '"C:\\Source\\SixFive7\\BrowserAI\\.work\\velopack-rows\\root-a\\current\\payload\\mcp\\node_modules\\playwright\\lib\\runner\\index.js.txt"'
[setup:45864] [11:36:19] [DEBUG] (2) velopack::bundle: Extracting zip file to path: "C:\\Source\\SixFive7\\BrowserAI\\.work\\velopack-rows\\root-a\\current\\payload\\mcp\\node_modules\\playwright\\lib\\runner\\index.js.txt"
[setup:45864] [11:36:19] [DEBUG] (2) velopack::bundle: Writing file to disk with 64k buffer: "C:\\Source\\SixFive7\\BrowserAI\\.work\\velopack-rows\\root-a\\current\\payload\\mcp\\node_modules\\playwright\\lib\\runner\\index.js.txt"
[setup:45864] [11:36:19] [DEBUG] (2) velopack::bundle:     169 Extracting 'lib/app/payload/mcp/node_modules/playwright/lib/mcp/test/browserBackend.js' to '"C:\\Source\\SixFive7\\BrowserAI\\.work\\velopack-rows\\root-a\\current\\payload\\mcp\\node_modules\\playwright\\lib\\mcp\\test\\browserBackend.js"'
[setup:45864] [11:36:19] [DEBUG] (2) velopack::bundle: Extracting zip file to path: "C:\\Source\\SixFive7\\BrowserAI\\.work\\velopack-rows\\root-a\\current\\payload\\mcp\\node_modules\\playwright\\lib\\mcp\\test\\browserBackend.js"
[setup:45864] [11:36:19] [DEBUG] (2) velopack::bundle: Creating parent directory: "C:\\Source\\SixFive7\\BrowserAI\\.work\\velopack-rows\\root-a\\current\\payload\\mcp\\node_modules\\playwright\\lib\\mcp\\test"
[setup:45864] [11:36:19] [DEBUG] (2) velopack::bundle: Writing file to disk with 64k buffer: "C:\\Source\\SixFive7\\BrowserAI\\.work\\velopack-rows\\root-a\\current\\payload\\mcp\\node_modules\\playwright\\lib\\mcp\\test\\browserBackend.js"
[setup:45864] [11:36:19] [DEBUG] (2) velopack::bundle:     170 Extracting 'lib/app/payload/mcp/node_modules/playwright/lib/mcp/test/generatorTools.js' to '"C:\\Source\\SixFive7\\BrowserAI\\.work\\velopack-rows\\root-a\\current\\payload\\mcp\\node_modules\\playwright\\lib\\mcp\\test\\generatorTools.js"'
[setup:45864] [11:36:19] [DEBUG] (2) velopack::bundle: Extracting zip file to path: "C:\\Source\\SixFive7\\BrowserAI\\.work\\velopack-rows\\root-a\\current\\payload\\mcp\\node_modules\\playwright\\lib\\mcp\\test\\generatorTools.js"
[setup:45864] [11:36:19] [DEBUG] (2) velopack::bundle: Writing file to disk with 64k buffer: "C:\\Source\\SixFive7\\BrowserAI\\.work\\velopack-rows\\root-a\\current\\payload\\mcp\\node_modules\\playwright\\lib\\mcp\\test\\generatorTools.js"
[setup:45864] [11:36:19] [DEBUG] (2) velopack::bundle:     171 Extracting 'lib/app/payload/mcp/node_modules/playwright/lib/mcp/test/plannerTools.js' to '"C:\\Source\\SixFive7\\BrowserAI\\.work\\velopack-rows\\root-a\\current\\payload\\mcp\\node_modules\\playwright\\lib\\mcp\\test\\plannerTools.js"'
[setup:45864] [11:36:19] [DEBUG] (2) velopack::bundle: Extracting zip file to path: "C:\\Source\\SixFive7\\BrowserAI\\.work\\velopack-rows\\root-a\\current\\payload\\mcp\\node_modules\\playwright\\lib\\mcp\\test\\plannerTools.js"
[setup:45864] [11:36:19] [DEBUG] (2) velopack::bundle: Writing file to disk with 64k buffer: "C:\\Source\\SixFive7\\BrowserAI\\.work\\velopack-rows\\root-a\\current\\payload\\mcp\\node_modules\\playwright\\lib\\mcp\\test\\plannerTools.js"
[setup:45864] [11:36:19] [DEBUG] (2) velopack::bundle:     172 Extracting 'lib/app/payload/mcp/node_modules/playwright/lib/mcp/test/seed.js' to '"C:\\Source\\SixFive7\\BrowserAI\\.work\\velopack-rows\\root-a\\current\\payload\\mcp\\node_modules\\playwright\\lib\\mcp\\test\\seed.js"'
[setup:45864] [11:36:19] [DEBUG] (2) velopack::bundle: Extracting zip file to path: "C:\\Source\\SixFive7\\BrowserAI\\.work\\velopack-rows\\root-a\\current\\payload\\mcp\\node_modules\\playwright\\lib\\mcp\\test\\seed.js"
[setup:45864] [11:36:19] [DEBUG] (2) velopack::bundle: Writing file to disk with 64k buffer: "C:\\Source\\SixFive7\\BrowserAI\\.work\\velopack-rows\\root-a\\current\\payload\\mcp\\node_modules\\playwright\\lib\\mcp\\test\\seed.js"
[setup:45864] [11:36:19] [DEBUG] (2) velopack::bundle:     173 Extracting 'lib/app/payload/mcp/node_modules/playwright/lib/mcp/test/streams.js' to '"C:\\Source\\SixFive7\\BrowserAI\\.work\\velopack-rows\\root-a\\current\\payload\\mcp\\node_modules\\playwright\\lib\\mcp\\test\\streams.js"'
[setup:45864] [11:36:19] [DEBUG] (2) velopack::bundle: Extracting zip file to path: "C:\\Source\\SixFive7\\BrowserAI\\.work\\velopack-rows\\root-a\\current\\payload\\mcp\\node_modules\\playwright\\lib\\mcp\\test\\streams.js"
[setup:45864] [11:36:19] [DEBUG] (2) velopack::bundle: Writing file to disk with 64k buffer: "C:\\Source\\SixFive7\\BrowserAI\\.work\\velopack-rows\\root-a\\current\\payload\\mcp\\node_modules\\playwright\\lib\\mcp\\test\\streams.js"
[setup:45864] [11:36:19] [DEBUG] (2) velopack::bundle:     174 Extracting 'lib/app/payload/mcp/node_modules/playwright/lib/mcp/test/testBackend.js' to '"C:\\Source\\SixFive7\\BrowserAI\\.work\\velopack-rows\\root-a\\current\\payload\\mcp\\node_modules\\playwright\\lib\\mcp\\test\\testBackend.js"'
[setup:45864] [11:36:19] [DEBUG] (2) velopack::bundle: Extracting zip file to path: "C:\\Source\\SixFive7\\BrowserAI\\.work\\velopack-rows\\root-a\\current\\payload\\mcp\\node_modules\\playwright\\lib\\mcp\\test\\testBackend.js"
[setup:45864] [11:36:19] [DEBUG] (2) velopack::bundle: Writing file to disk with 64k buffer: "C:\\Source\\SixFive7\\BrowserAI\\.work\\velopack-rows\\root-a\\current\\payload\\mcp\\node_modules\\playwright\\lib\\mcp\\test\\testBackend.js"
[setup:45864] [11:36:19] [DEBUG] (2) velopack::bundle:     175 Extracting 'lib/app/payload/mcp/node_modules/playwright/lib/mcp/test/testContext.js' to '"C:\\Source\\SixFive7\\BrowserAI\\.work\\velopack-rows\\root-a\\current\\payload\\mcp\\node_modules\\playwright\\lib\\mcp\\test\\testContext.js"'
[setup:45864] [11:36:19] [DEBUG] (2) velopack::bundle: Extracting zip file to path: "C:\\Source\\SixFive7\\BrowserAI\\.work\\velopack-rows\\root-a\\current\\payload\\mcp\\node_modules\\playwright\\lib\\mcp\\test\\testContext.js"
[setup:45864] [11:36:19] [DEBUG] (2) velopack::bundle: Writing file to disk with 64k buffer: "C:\\Source\\SixFive7\\BrowserAI\\.work\\velopack-rows\\root-a\\current\\payload\\mcp\\node_modules\\playwright\\lib\\mcp\\test\\testContext.js"
[setup:45864] [11:36:19] [DEBUG] (2) velopack::bundle:     176 Extracting 'lib/app/payload/mcp/node_modules/playwright/lib/mcp/test/testTool.js' to '"C:\\Source\\SixFive7\\BrowserAI\\.work\\velopack-rows\\root-a\\current\\payload\\mcp\\node_modules\\playwright\\lib\\mcp\\test\\testTool.js"'
[setup:45864] [11:36:19] [DEBUG] (2) velopack::bundle: Extracting zip file to path: "C:\\Source\\SixFive7\\BrowserAI\\.work\\velopack-rows\\root-a\\current\\payload\\mcp\\node_modules\\playwright\\lib\\mcp\\test\\testTool.js"
[setup:45864] [11:36:19] [DEBUG] (2) velopack::bundle: Writing file to disk with 64k buffer: "C:\\Source\\SixFive7\\BrowserAI\\.work\\velopack-rows\\root-a\\current\\payload\\mcp\\node_modules\\playwright\\lib\\mcp\\test\\testTool.js"
[setup:45864] [11:36:19] [DEBUG] (2) velopack::bundle:     177 Extracting 'lib/app/payload/mcp/node_modules/playwright/lib/mcp/test/testTools.js' to '"C:\\Source\\SixFive7\\BrowserAI\\.work\\velopack-rows\\root-a\\current\\payload\\mcp\\node_modules\\playwright\\lib\\mcp\\test\\testTools.js"'
[setup:45864] [11:36:19] [DEBUG] (2) velopack::bundle: Extracting zip file to path: "C:\\Source\\SixFive7\\BrowserAI\\.work\\velopack-rows\\root-a\\current\\payload\\mcp\\node_modules\\playwright\\lib\\mcp\\test\\testTools.js"
[setup:45864] [11:36:19] [DEBUG] (2) velopack::bundle: Writing file to disk with 64k buffer: "C:\\Source\\SixFive7\\BrowserAI\\.work\\velopack-rows\\root-a\\current\\payload\\mcp\\node_modules\\playwright\\lib\\mcp\\test\\testTools.js"
[setup:45864] [11:36:19] [DEBUG] (2) velopack::bundle:     178 Extracting 'lib/app/payload/mcp/node_modules/playwright/lib/matchers/expect.js' to '"C:\\Source\\SixFive7\\BrowserAI\\.work\\velopack-rows\\root-a\\current\\payload\\mcp\\node_modules\\playwright\\lib\\matchers\\expect.js"'
[setup:45864] [11:36:19] [DEBUG] (2) velopack::bundle: Extracting zip file to path: "C:\\Source\\SixFive7\\BrowserAI\\.work\\velopack-rows\\root-a\\current\\payload\\mcp\\node_modules\\playwright\\lib\\matchers\\expect.js"
[setup:45864] [11:36:19] [DEBUG] (2) velopack::bundle: Creating parent directory: "C:\\Source\\SixFive7\\BrowserAI\\.work\\velopack-rows\\root-a\\current\\payload\\mcp\\node_modules\\playwright\\lib\\matchers"
[setup:45864] [11:36:19] [DEBUG] (2) velopack::bundle: Writing file to disk with 64k buffer: "C:\\Source\\SixFive7\\BrowserAI\\.work\\velopack-rows\\root-a\\current\\payload\\mcp\\node_modules\\playwright\\lib\\matchers\\expect.js"
[setup:45864] [11:36:19] [DEBUG] (2) velopack::bundle:     179 Extracting 'lib/app/payload/mcp/node_modules/playwright/lib/matchers/expect.js.LICENSE' to '"C:\\Source\\SixFive7\\BrowserAI\\.work\\velopack-rows\\root-a\\current\\payload\\mcp\\node_modules\\playwright\\lib\\matchers\\expect.js.LICENSE"'
[setup:45864] [11:36:19] [DEBUG] (2) velopack::bundle: Extracting zip file to path: "C:\\Source\\SixFive7\\BrowserAI\\.work\\velopack-rows\\root-a\\current\\payload\\mcp\\node_modules\\playwright\\lib\\matchers\\expect.js.LICENSE"
[setup:45864] [11:36:19] [DEBUG] (2) velopack::bundle: Writing file to disk with 64k buffer: "C:\\Source\\SixFive7\\BrowserAI\\.work\\velopack-rows\\root-a\\current\\payload\\mcp\\node_modules\\playwright\\lib\\matchers\\expect.js.LICENSE"
[setup:45864] [11:36:19] [DEBUG] (2) velopack::bundle:     180 Extracting 'lib/app/payload/mcp/node_modules/playwright/lib/matchers/expect.js.txt' to '"C:\\Source\\SixFive7\\BrowserAI\\.work\\velopack-rows\\root-a\\current\\payload\\mcp\\node_modules\\playwright\\lib\\matchers\\expect.js.txt"'
[setup:45864] [11:36:19] [DEBUG] (2) velopack::bundle: Extracting zip file to path: "C:\\Source\\SixFive7\\BrowserAI\\.work\\velopack-rows\\root-a\\current\\payload\\mcp\\node_modules\\playwright\\lib\\matchers\\expect.js.txt"
[setup:45864] [11:36:19] [DEBUG] (2) velopack::bundle: Writing file to disk with 64k buffer: "C:\\Source\\SixFive7\\BrowserAI\\.work\\velopack-rows\\root-a\\current\\payload\\mcp\\node_modules\\playwright\\lib\\matchers\\expect.js.txt"
[setup:45864] [11:36:19] [DEBUG] (2) velopack::bundle:     181 Extracting 'lib/app/payload/mcp/node_modules/playwright/lib/loader/loaderProcessEntry.js' to '"C:\\Source\\SixFive7\\BrowserAI\\.work\\velopack-rows\\root-a\\current\\payload\\mcp\\node_modules\\playwright\\lib\\loader\\loaderProcessEntry.js"'
[setup:45864] [11:36:19] [DEBUG] (2) velopack::bundle: Extracting zip file to path: "C:\\Source\\SixFive7\\BrowserAI\\.work\\velopack-rows\\root-a\\current\\payload\\mcp\\node_modules\\playwright\\lib\\loader\\loaderProcessEntry.js"
[setup:45864] [11:36:19] [DEBUG] (2) velopack::bundle: Creating parent directory: "C:\\Source\\SixFive7\\BrowserAI\\.work\\velopack-rows\\root-a\\current\\payload\\mcp\\node_modules\\playwright\\lib\\loader"
[setup:45864] [11:36:19] [DEBUG] (2) velopack::bundle: Writing file to disk with 64k buffer: "C:\\Source\\SixFive7\\BrowserAI\\.work\\velopack-rows\\root-a\\current\\payload\\mcp\\node_modules\\playwright\\lib\\loader\\loaderProcessEntry.js"
[setup:45864] [11:36:19] [DEBUG] (2) velopack::bundle:     182 Extracting 'lib/app/payload/mcp/node_modules/playwright/lib/loader/loaderProcessEntry.js.txt' to '"C:\\Source\\SixFive7\\BrowserAI\\.work\\velopack-rows\\root-a\\current\\payload\\mcp\\node_modules\\playwright\\lib\\loader\\loaderProcessEntry.js.txt"'
[setup:45864] [11:36:19] [DEBUG] (2) velopack::bundle: Extracting zip file to path: "C:\\Source\\SixFive7\\BrowserAI\\.work\\velopack-rows\\root-a\\current\\payload\\mcp\\node_modules\\playwright\\lib\\loader\\loaderProcessEntry.js.txt"
[setup:45864] [11:36:19] [DEBUG] (2) velopack::bundle: Writing file to disk with 64k buffer: "C:\\Source\\SixFive7\\BrowserAI\\.work\\velopack-rows\\root-a\\current\\payload\\mcp\\node_modules\\playwright\\lib\\loader\\loaderProcessEntry.js.txt"
[setup:45864] [11:36:19] [DEBUG] (2) velopack::bundle:     183 Extracting 'lib/app/payload/mcp/node_modules/playwright/lib/common/index.js' to '"C:\\Source\\SixFive7\\BrowserAI\\.work\\velopack-rows\\root-a\\current\\payload\\mcp\\node_modules\\playwright\\lib\\common\\index.js"'
[setup:45864] [11:36:19] [DEBUG] (2) velopack::bundle: Extracting zip file to path: "C:\\Source\\SixFive7\\BrowserAI\\.work\\velopack-rows\\root-a\\current\\payload\\mcp\\node_modules\\playwright\\lib\\common\\index.js"
[setup:45864] [11:36:19] [DEBUG] (2) velopack::bundle: Creating parent directory: "C:\\Source\\SixFive7\\BrowserAI\\.work\\velopack-rows\\root-a\\current\\payload\\mcp\\node_modules\\playwright\\lib\\common"
[setup:45864] [11:36:19] [DEBUG] (2) velopack::bundle: Writing file to disk with 64k buffer: "C:\\Source\\SixFive7\\BrowserAI\\.work\\velopack-rows\\root-a\\current\\payload\\mcp\\node_modules\\playwright\\lib\\common\\index.js"
[setup:45864] [11:36:19] [DEBUG] (2) velopack::bundle:     184 Extracting 'lib/app/payload/mcp/node_modules/playwright/lib/common/index.js.txt' to '"C:\\Source\\SixFive7\\BrowserAI\\.work\\velopack-rows\\root-a\\current\\payload\\mcp\\node_modules\\playwright\\lib\\common\\index.js.txt"'
[setup:45864] [11:36:19] [DEBUG] (2) velopack::bundle: Extracting zip file to path: "C:\\Source\\SixFive7\\BrowserAI\\.work\\velopack-rows\\root-a\\current\\payload\\mcp\\node_modules\\playwright\\lib\\common\\index.js.txt"
[setup:45864] [11:36:19] [DEBUG] (2) velopack::bundle: Writing file to disk with 64k buffer: "C:\\Source\\SixFive7\\BrowserAI\\.work\\velopack-rows\\root-a\\current\\payload\\mcp\\node_modules\\playwright\\lib\\common\\index.js.txt"
[setup:45864] [11:36:19] [DEBUG] (2) velopack::bundle:     185 Extracting 'lib/app/payload/mcp/node_modules/playwright/lib/cli/reportActions.js' to '"C:\\Source\\SixFive7\\BrowserAI\\.work\\velopack-rows\\root-a\\current\\payload\\mcp\\node_modules\\playwright\\lib\\cli\\reportActions.js"'
[setup:45864] [11:36:19] [DEBUG] (2) velopack::bundle: Extracting zip file to path: "C:\\Source\\SixFive7\\BrowserAI\\.work\\velopack-rows\\root-a\\current\\payload\\mcp\\node_modules\\playwright\\lib\\cli\\reportActions.js"
[setup:45864] [11:36:19] [DEBUG] (2) velopack::bundle: Creating parent directory: "C:\\Source\\SixFive7\\BrowserAI\\.work\\velopack-rows\\root-a\\current\\payload\\mcp\\node_modules\\playwright\\lib\\cli"
[setup:45864] [11:36:19] [DEBUG] (2) velopack::bundle: Writing file to disk with 64k buffer: "C:\\Source\\SixFive7\\BrowserAI\\.work\\velopack-rows\\root-a\\current\\payload\\mcp\\node_modules\\playwright\\lib\\cli\\reportActions.js"
[setup:45864] [11:36:19] [DEBUG] (2) velopack::bundle:     186 Extracting 'lib/app/payload/mcp/node_modules/playwright/lib/cli/testActions.js' to '"C:\\Source\\SixFive7\\BrowserAI\\.work\\velopack-rows\\root-a\\current\\payload\\mcp\\node_modules\\playwright\\lib\\cli\\testActions.js"'
[setup:45864] [11:36:19] [DEBUG] (2) velopack::bundle: Extracting zip file to path: "C:\\Source\\SixFive7\\BrowserAI\\.work\\velopack-rows\\root-a\\current\\payload\\mcp\\node_modules\\playwright\\lib\\cli\\testActions.js"
[setup:45864] [11:36:19] [DEBUG] (2) velopack::bundle: Writing file to disk with 64k buffer: "C:\\Source\\SixFive7\\BrowserAI\\.work\\velopack-rows\\root-a\\current\\payload\\mcp\\node_modules\\playwright\\lib\\cli\\testActions.js"
[setup:45864] [11:36:19] [DEBUG] (2) velopack::bundle:     187 Extracting 'lib/app/payload/mcp/node_modules/playwright/lib/agents/agentParser.js' to '"C:\\Source\\SixFive7\\BrowserAI\\.work\\velopack-rows\\root-a\\current\\payload\\mcp\\node_modules\\playwright\\lib\\agents\\agentParser.js"'
[setup:45864] [11:36:19] [DEBUG] (2) velopack::bundle: Extracting zip file to path: "C:\\Source\\SixFive7\\BrowserAI\\.work\\velopack-rows\\root-a\\current\\payload\\mcp\\node_modules\\playwright\\lib\\agents\\agentParser.js"
[setup:45864] [11:36:19] [DEBUG] (2) velopack::bundle: Creating parent directory: "C:\\Source\\SixFive7\\BrowserAI\\.work\\velopack-rows\\root-a\\current\\payload\\mcp\\node_modules\\playwright\\lib\\agents"
[setup:45864] [11:36:19] [DEBUG] (2) velopack::bundle: Writing file to disk with 64k buffer: "C:\\Source\\SixFive7\\BrowserAI\\.work\\velopack-rows\\root-a\\current\\payload\\mcp\\node_modules\\playwright\\lib\\agents\\agentParser.js"
[setup:45864] [11:36:19] [DEBUG] (2) velopack::bundle:     188 Extracting 'lib/app/payload/mcp/node_modules/playwright/lib/agents/copilot-setup-steps.yml' to '"C:\\Source\\SixFive7\\BrowserAI\\.work\\velopack-rows\\root-a\\current\\payload\\mcp\\node_modules\\playwright\\lib\\agents\\copilot-setup-steps.yml"'
[setup:45864] [11:36:19] [DEBUG] (2) velopack::bundle: Extracting zip file to path: "C:\\Source\\SixFive7\\BrowserAI\\.work\\velopack-rows\\root-a\\current\\payload\\mcp\\node_modules\\playwright\\lib\\agents\\copilot-setup-steps.yml"
[setup:45864] [11:36:19] [DEBUG] (2) velopack::bundle: Writing file to disk with 64k buffer: "C:\\Source\\SixFive7\\BrowserAI\\.work\\velopack-rows\\root-a\\current\\payload\\mcp\\node_modules\\playwright\\lib\\agents\\copilot-setup-steps.yml"
[setup:45864] [11:36:19] [DEBUG] (2) velopack::bundle:     189 Extracting 'lib/app/payload/mcp/node_modules/playwright/lib/agents/generateAgents.js' to '"C:\\Source\\SixFive7\\BrowserAI\\.work\\velopack-rows\\root-a\\current\\payload\\mcp\\node_modules\\playwright\\lib\\agents\\generateAgents.js"'
[setup:45864] [11:36:19] [DEBUG] (2) velopack::bundle: Extracting zip file to path: "C:\\Source\\SixFive7\\BrowserAI\\.work\\velopack-rows\\root-a\\current\\payload\\mcp\\node_modules\\playwright\\lib\\agents\\generateAgents.js"
[setup:45864] [11:36:19] [DEBUG] (2) velopack::bundle: Writing file to disk with 64k buffer: "C:\\Source\\SixFive7\\BrowserAI\\.work\\velopack-rows\\root-a\\current\\payload\\mcp\\node_modules\\playwright\\lib\\agents\\generateAgents.js"
[setup:45864] [11:36:19] [DEBUG] (2) velopack::bundle:     190 Extracting 'lib/app/payload/mcp/node_modules/playwright/lib/agents/playwright-test-coverage.prompt.md' to '"C:\\Source\\SixFive7\\BrowserAI\\.work\\velopack-rows\\root-a\\current\\payload\\mcp\\node_modules\\playwright\\lib\\agents\\playwright-test-coverage.prompt.md"'
[setup:45864] [11:36:19] [DEBUG] (2) velopack::bundle: Extracting zip file to path: "C:\\Source\\SixFive7\\BrowserAI\\.work\\velopack-rows\\root-a\\current\\payload\\mcp\\node_modules\\playwright\\lib\\agents\\playwright-test-coverage.prompt.md"
[setup:45864] [11:36:19] [DEBUG] (2) velopack::bundle: Writing file to disk with 64k buffer: "C:\\Source\\SixFive7\\BrowserAI\\.work\\velopack-rows\\root-a\\current\\payload\\mcp\\node_modules\\playwright\\lib\\agents\\playwright-test-coverage.prompt.md"
[setup:45864] [11:36:19] [DEBUG] (2) velopack::bundle:     191 Extracting 'lib/app/payload/mcp/node_modules/playwright/lib/agents/playwright-test-generate.prompt.md' to '"C:\\Source\\SixFive7\\BrowserAI\\.work\\velopack-rows\\root-a\\current\\payload\\mcp\\node_modules\\playwright\\lib\\agents\\playwright-test-generate.prompt.md"'
[setup:45864] [11:36:19] [DEBUG] (2) velopack::bundle: Extracting zip file to path: "C:\\Source\\SixFive7\\BrowserAI\\.work\\velopack-rows\\root-a\\current\\payload\\mcp\\node_modules\\playwright\\lib\\agents\\playwright-test-generate.prompt.md"
[setup:45864] [11:36:19] [DEBUG] (2) velopack::bundle: Writing file to disk with 64k buffer: "C:\\Source\\SixFive7\\BrowserAI\\.work\\velopack-rows\\root-a\\current\\payload\\mcp\\node_modules\\playwright\\lib\\agents\\playwright-test-generate.prompt.md"
[setup:45864] [11:36:19] [DEBUG] (2) velopack::bundle:     192 Extracting 'lib/app/payload/mcp/node_modules/playwright/lib/agents/playwright-test-generator.agent.md' to '"C:\\Source\\SixFive7\\BrowserAI\\.work\\velopack-rows\\root-a\\current\\payload\\mcp\\node_modules\\playwright\\lib\\agents\\playwright-test-generator.agent.md"'
[setup:45864] [11:36:19] [DEBUG] (2) velopack::bundle: Extracting zip file to path: "C:\\Source\\SixFive7\\BrowserAI\\.work\\velopack-rows\\root-a\\current\\payload\\mcp\\node_modules\\playwright\\lib\\agents\\playwright-test-generator.agent.md"
[setup:45864] [11:36:19] [DEBUG] (2) velopack::bundle: Writing file to disk with 64k buffer: "C:\\Source\\SixFive7\\BrowserAI\\.work\\velopack-rows\\root-a\\current\\payload\\mcp\\node_modules\\playwright\\lib\\agents\\playwright-test-generator.agent.md"
[setup:45864] [11:36:19] [DEBUG] (2) velopack::bundle:     193 Extracting 'lib/app/payload/mcp/node_modules/playwright/lib/agents/playwright-test-heal.prompt.md' to '"C:\\Source\\SixFive7\\BrowserAI\\.work\\velopack-rows\\root-a\\current\\payload\\mcp\\node_modules\\playwright\\lib\\agents\\playwright-test-heal.prompt.md"'
[setup:45864] [11:36:19] [DEBUG] (2) velopack::bundle: Extracting zip file to path: "C:\\Source\\SixFive7\\BrowserAI\\.work\\velopack-rows\\root-a\\current\\payload\\mcp\\node_modules\\playwright\\lib\\agents\\playwright-test-heal.prompt.md"
[setup:45864] [11:36:19] [DEBUG] (2) velopack::bundle: Writing file to disk with 64k buffer: "C:\\Source\\SixFive7\\BrowserAI\\.work\\velopack-rows\\root-a\\current\\payload\\mcp\\node_modules\\playwright\\lib\\agents\\playwright-test-heal.prompt.md"
[setup:45864] [11:36:19] [DEBUG] (2) velopack::bundle:     194 Extracting 'lib/app/payload/mcp/node_modules/playwright/lib/agents/playwright-test-healer.agent.md' to '"C:\\Source\\SixFive7\\BrowserAI\\.work\\velopack-rows\\root-a\\current\\payload\\mcp\\node_modules\\playwright\\lib\\agents\\playwright-test-healer.agent.md"'
[setup:45864] [11:36:19] [DEBUG] (2) velopack::bundle: Extracting zip file to path: "C:\\Source\\SixFive7\\BrowserAI\\.work\\velopack-rows\\root-a\\current\\payload\\mcp\\node_modules\\playwright\\lib\\agents\\playwright-test-healer.agent.md"
[setup:45864] [11:36:19] [DEBUG] (2) velopack::bundle: Writing file to disk with 64k buffer: "C:\\Source\\SixFive7\\BrowserAI\\.work\\velopack-rows\\root-a\\current\\payload\\mcp\\node_modules\\playwright\\lib\\agents\\playwright-test-healer.agent.md"
[setup:45864] [11:36:19] [DEBUG] (2) velopack::bundle:     195 Extracting 'lib/app/payload/mcp/node_modules/playwright/lib/agents/playwright-test-plan.prompt.md' to '"C:\\Source\\SixFive7\\BrowserAI\\.work\\velopack-rows\\root-a\\current\\payload\\mcp\\node_modules\\playwright\\lib\\agents\\playwright-test-plan.prompt.md"'
[setup:45864] [11:36:19] [DEBUG] (2) velopack::bundle: Extracting zip file to path: "C:\\Source\\SixFive7\\BrowserAI\\.work\\velopack-rows\\root-a\\current\\payload\\mcp\\node_modules\\playwright\\lib\\agents\\playwright-test-plan.prompt.md"
[setup:45864] [11:36:19] [DEBUG] (2) velopack::bundle: Writing file to disk with 64k buffer: "C:\\Source\\SixFive7\\BrowserAI\\.work\\velopack-rows\\root-a\\current\\payload\\mcp\\node_modules\\playwright\\lib\\agents\\playwright-test-plan.prompt.md"
[setup:45864] [11:36:19] [DEBUG] (2) velopack::bundle:     196 Extracting 'lib/app/payload/mcp/node_modules/playwright/lib/agents/playwright-test-planner.agent.md' to '"C:\\Source\\SixFive7\\BrowserAI\\.work\\velopack-rows\\root-a\\current\\payload\\mcp\\node_modules\\playwright\\lib\\agents\\playwright-test-planner.agent.md"'
[setup:45864] [11:36:19] [DEBUG] (2) velopack::bundle: Extracting zip file to path: "C:\\Source\\SixFive7\\BrowserAI\\.work\\velopack-rows\\root-a\\current\\payload\\mcp\\node_modules\\playwright\\lib\\agents\\playwright-test-planner.agent.md"
[setup:45864] [11:36:19] [DEBUG] (2) velopack::bundle: Writing file to disk with 64k buffer: "C:\\Source\\SixFive7\\BrowserAI\\.work\\velopack-rows\\root-a\\current\\payload\\mcp\\node_modules\\playwright\\lib\\agents\\playwright-test-planner.agent.md"
[setup:45864] [11:36:19] [DEBUG] (2) velopack::bundle:     197 Extracting 'lib/app/payload/mcp/node_modules/@playwright/mcp/cli.js' to '"C:\\Source\\SixFive7\\BrowserAI\\.work\\velopack-rows\\root-a\\current\\payload\\mcp\\node_modules\\@playwright\\mcp\\cli.js"'
[setup:45864] [11:36:19] [DEBUG] (2) velopack::bundle: Extracting zip file to path: "C:\\Source\\SixFive7\\BrowserAI\\.work\\velopack-rows\\root-a\\current\\payload\\mcp\\node_modules\\@playwright\\mcp\\cli.js"
[setup:45864] [11:36:19] [DEBUG] (2) velopack::bundle: Creating parent directory: "C:\\Source\\SixFive7\\BrowserAI\\.work\\velopack-rows\\root-a\\current\\payload\\mcp\\node_modules\\@playwright\\mcp"
[setup:45864] [11:36:19] [DEBUG] (2) velopack::bundle: Writing file to disk with 64k buffer: "C:\\Source\\SixFive7\\BrowserAI\\.work\\velopack-rows\\root-a\\current\\payload\\mcp\\node_modules\\@playwright\\mcp\\cli.js"
[setup:45864] [11:36:19] [DEBUG] (2) velopack::bundle:     198 Extracting 'lib/app/payload/mcp/node_modules/@playwright/mcp/config.d.ts' to '"C:\\Source\\SixFive7\\BrowserAI\\.work\\velopack-rows\\root-a\\current\\payload\\mcp\\node_modules\\@playwright\\mcp\\config.d.ts"'
[setup:45864] [11:36:19] [DEBUG] (2) velopack::bundle: Extracting zip file to path: "C:\\Source\\SixFive7\\BrowserAI\\.work\\velopack-rows\\root-a\\current\\payload\\mcp\\node_modules\\@playwright\\mcp\\config.d.ts"
[setup:45864] [11:36:19] [DEBUG] (2) velopack::bundle: Writing file to disk with 64k buffer: "C:\\Source\\SixFive7\\BrowserAI\\.work\\velopack-rows\\root-a\\current\\payload\\mcp\\node_modules\\@playwright\\mcp\\config.d.ts"
[setup:45864] [11:36:19] [DEBUG] (2) velopack::bundle:     199 Extracting 'lib/app/payload/mcp/node_modules/@playwright/mcp/index.d.ts' to '"C:\\Source\\SixFive7\\BrowserAI\\.work\\velopack-rows\\root-a\\current\\payload\\mcp\\node_modules\\@playwright\\mcp\\index.d.ts"'
[setup:45864] [11:36:19] [DEBUG] (2) velopack::bundle: Extracting zip file to path: "C:\\Source\\SixFive7\\BrowserAI\\.work\\velopack-rows\\root-a\\current\\payload\\mcp\\node_modules\\@playwright\\mcp\\index.d.ts"
[setup:45864] [11:36:19] [DEBUG] (2) velopack::bundle: Writing file to disk with 64k buffer: "C:\\Source\\SixFive7\\BrowserAI\\.work\\velopack-rows\\root-a\\current\\payload\\mcp\\node_modules\\@playwright\\mcp\\index.d.ts"
[setup:45864] [11:36:19] [DEBUG] (2) velopack::bundle:     200 Extracting 'lib/app/payload/mcp/node_modules/@playwright/mcp/index.js' to '"C:\\Source\\SixFive7\\BrowserAI\\.work\\velopack-rows\\root-a\\current\\payload\\mcp\\node_modules\\@playwright\\mcp\\index.js"'
[setup:45864] [11:36:19] [DEBUG] (2) velopack::bundle: Extracting zip file to path: "C:\\Source\\SixFive7\\BrowserAI\\.work\\velopack-rows\\root-a\\current\\payload\\mcp\\node_modules\\@playwright\\mcp\\index.js"
[setup:45864] [11:36:19] [DEBUG] (2) velopack::bundle: Writing file to disk with 64k buffer: "C:\\Source\\SixFive7\\BrowserAI\\.work\\velopack-rows\\root-a\\current\\payload\\mcp\\node_modules\\@playwright\\mcp\\index.js"
[setup:45864] [11:36:19] [DEBUG] (2) velopack::bundle:     201 Extracting 'lib/app/payload/mcp/node_modules/@playwright/mcp/LICENSE' to '"C:\\Source\\SixFive7\\BrowserAI\\.work\\velopack-rows\\root-a\\current\\payload\\mcp\\node_modules\\@playwright\\mcp\\LICENSE"'
[setup:45864] [11:36:19] [DEBUG] (2) velopack::bundle: Extracting zip file to path: "C:\\Source\\SixFive7\\BrowserAI\\.work\\velopack-rows\\root-a\\current\\payload\\mcp\\node_modules\\@playwright\\mcp\\LICENSE"
[setup:45864] [11:36:19] [DEBUG] (2) velopack::bundle: Writing file to disk with 64k buffer: "C:\\Source\\SixFive7\\BrowserAI\\.work\\velopack-rows\\root-a\\current\\payload\\mcp\\node_modules\\@playwright\\mcp\\LICENSE"
[setup:45864] [11:36:19] [DEBUG] (2) velopack::bundle:     202 Extracting 'lib/app/payload/mcp/node_modules/@playwright/mcp/package.json' to '"C:\\Source\\SixFive7\\BrowserAI\\.work\\velopack-rows\\root-a\\current\\payload\\mcp\\node_modules\\@playwright\\mcp\\package.json"'
[setup:45864] [11:36:19] [DEBUG] (2) velopack::bundle: Extracting zip file to path: "C:\\Source\\SixFive7\\BrowserAI\\.work\\velopack-rows\\root-a\\current\\payload\\mcp\\node_modules\\@playwright\\mcp\\package.json"
[setup:45864] [11:36:19] [DEBUG] (2) velopack::bundle: Writing file to disk with 64k buffer: "C:\\Source\\SixFive7\\BrowserAI\\.work\\velopack-rows\\root-a\\current\\payload\\mcp\\node_modules\\@playwright\\mcp\\package.json"
[setup:45864] [11:36:19] [DEBUG] (2) velopack::bundle:     203 Extracting 'lib/app/payload/mcp/node_modules/@playwright/mcp/README.md' to '"C:\\Source\\SixFive7\\BrowserAI\\.work\\velopack-rows\\root-a\\current\\payload\\mcp\\node_modules\\@playwright\\mcp\\README.md"'
[setup:45864] [11:36:19] [DEBUG] (2) velopack::bundle: Extracting zip file to path: "C:\\Source\\SixFive7\\BrowserAI\\.work\\velopack-rows\\root-a\\current\\payload\\mcp\\node_modules\\@playwright\\mcp\\README.md"
[setup:45864] [11:36:19] [DEBUG] (2) velopack::bundle: Writing file to disk with 64k buffer: "C:\\Source\\SixFive7\\BrowserAI\\.work\\velopack-rows\\root-a\\current\\payload\\mcp\\node_modules\\@playwright\\mcp\\README.md"
[setup:45864] [11:36:19] [DEBUG] (2) velopack::bundle:     204 Extracting 'lib/app/payload/mcp/node_modules/.bin/playwright' to '"C:\\Source\\SixFive7\\BrowserAI\\.work\\velopack-rows\\root-a\\current\\payload\\mcp\\node_modules\\.bin\\playwright"'
[setup:45864] [11:36:19] [DEBUG] (2) velopack::bundle: Extracting zip file to path: "C:\\Source\\SixFive7\\BrowserAI\\.work\\velopack-rows\\root-a\\current\\payload\\mcp\\node_modules\\.bin\\playwright"
[setup:45864] [11:36:19] [DEBUG] (2) velopack::bundle: Creating parent directory: "C:\\Source\\SixFive7\\BrowserAI\\.work\\velopack-rows\\root-a\\current\\payload\\mcp\\node_modules\\.bin"
[setup:45864] [11:36:19] [DEBUG] (2) velopack::bundle: Writing file to disk with 64k buffer: "C:\\Source\\SixFive7\\BrowserAI\\.work\\velopack-rows\\root-a\\current\\payload\\mcp\\node_modules\\.bin\\playwright"
[setup:45864] [11:36:19] [DEBUG] (2) velopack::bundle:     205 Extracting 'lib/app/payload/mcp/node_modules/.bin/playwright-core' to '"C:\\Source\\SixFive7\\BrowserAI\\.work\\velopack-rows\\root-a\\current\\payload\\mcp\\node_modules\\.bin\\playwright-core"'
[setup:45864] [11:36:19] [DEBUG] (2) velopack::bundle: Extracting zip file to path: "C:\\Source\\SixFive7\\BrowserAI\\.work\\velopack-rows\\root-a\\current\\payload\\mcp\\node_modules\\.bin\\playwright-core"
[setup:45864] [11:36:19] [DEBUG] (2) velopack::bundle: Writing file to disk with 64k buffer: "C:\\Source\\SixFive7\\BrowserAI\\.work\\velopack-rows\\root-a\\current\\payload\\mcp\\node_modules\\.bin\\playwright-core"
[setup:45864] [11:36:19] [DEBUG] (2) velopack::bundle:     206 Extracting 'lib/app/payload/mcp/node_modules/.bin/playwright-core.cmd' to '"C:\\Source\\SixFive7\\BrowserAI\\.work\\velopack-rows\\root-a\\current\\payload\\mcp\\node_modules\\.bin\\playwright-core.cmd"'
[setup:45864] [11:36:19] [DEBUG] (2) velopack::bundle: Extracting zip file to path: "C:\\Source\\SixFive7\\BrowserAI\\.work\\velopack-rows\\root-a\\current\\payload\\mcp\\node_modules\\.bin\\playwright-core.cmd"
[setup:45864] [11:36:19] [DEBUG] (2) velopack::bundle: Writing file to disk with 64k buffer: "C:\\Source\\SixFive7\\BrowserAI\\.work\\velopack-rows\\root-a\\current\\payload\\mcp\\node_modules\\.bin\\playwright-core.cmd"
[setup:45864] [11:36:19] [DEBUG] (2) velopack::bundle:     207 Extracting 'lib/app/payload/mcp/node_modules/.bin/playwright-core.ps1' to '"C:\\Source\\SixFive7\\BrowserAI\\.work\\velopack-rows\\root-a\\current\\payload\\mcp\\node_modules\\.bin\\playwright-core.ps1"'
[setup:45864] [11:36:19] [DEBUG] (2) velopack::bundle: Extracting zip file to path: "C:\\Source\\SixFive7\\BrowserAI\\.work\\velopack-rows\\root-a\\current\\payload\\mcp\\node_modules\\.bin\\playwright-core.ps1"
[setup:45864] [11:36:19] [DEBUG] (2) velopack::bundle: Writing file to disk with 64k buffer: "C:\\Source\\SixFive7\\BrowserAI\\.work\\velopack-rows\\root-a\\current\\payload\\mcp\\node_modules\\.bin\\playwright-core.ps1"
[setup:45864] [11:36:19] [DEBUG] (2) velopack::bundle:     208 Extracting 'lib/app/payload/mcp/node_modules/.bin/playwright-mcp' to '"C:\\Source\\SixFive7\\BrowserAI\\.work\\velopack-rows\\root-a\\current\\payload\\mcp\\node_modules\\.bin\\playwright-mcp"'
[setup:45864] [11:36:19] [DEBUG] (2) velopack::bundle: Extracting zip file to path: "C:\\Source\\SixFive7\\BrowserAI\\.work\\velopack-rows\\root-a\\current\\payload\\mcp\\node_modules\\.bin\\playwright-mcp"
[setup:45864] [11:36:19] [DEBUG] (2) velopack::bundle: Writing file to disk with 64k buffer: "C:\\Source\\SixFive7\\BrowserAI\\.work\\velopack-rows\\root-a\\current\\payload\\mcp\\node_modules\\.bin\\playwright-mcp"
[setup:45864] [11:36:19] [DEBUG] (2) velopack::bundle:     209 Extracting 'lib/app/payload/mcp/node_modules/.bin/playwright-mcp.cmd' to '"C:\\Source\\SixFive7\\BrowserAI\\.work\\velopack-rows\\root-a\\current\\payload\\mcp\\node_modules\\.bin\\playwright-mcp.cmd"'
[setup:45864] [11:36:19] [DEBUG] (2) velopack::bundle: Extracting zip file to path: "C:\\Source\\SixFive7\\BrowserAI\\.work\\velopack-rows\\root-a\\current\\payload\\mcp\\node_modules\\.bin\\playwright-mcp.cmd"
[setup:45864] [11:36:19] [DEBUG] (2) velopack::bundle: Writing file to disk with 64k buffer: "C:\\Source\\SixFive7\\BrowserAI\\.work\\velopack-rows\\root-a\\current\\payload\\mcp\\node_modules\\.bin\\playwright-mcp.cmd"
[setup:45864] [11:36:19] [DEBUG] (2) velopack::bundle:     210 Extracting 'lib/app/payload/mcp/node_modules/.bin/playwright-mcp.ps1' to '"C:\\Source\\SixFive7\\BrowserAI\\.work\\velopack-rows\\root-a\\current\\payload\\mcp\\node_modules\\.bin\\playwright-mcp.ps1"'
[setup:45864] [11:36:19] [DEBUG] (2) velopack::bundle: Extracting zip file to path: "C:\\Source\\SixFive7\\BrowserAI\\.work\\velopack-rows\\root-a\\current\\payload\\mcp\\node_modules\\.bin\\playwright-mcp.ps1"
[setup:45864] [11:36:19] [DEBUG] (2) velopack::bundle: Writing file to disk with 64k buffer: "C:\\Source\\SixFive7\\BrowserAI\\.work\\velopack-rows\\root-a\\current\\payload\\mcp\\node_modules\\.bin\\playwright-mcp.ps1"
[setup:45864] [11:36:19] [DEBUG] (2) velopack::bundle:     211 Extracting 'lib/app/payload/mcp/node_modules/.bin/playwright.cmd' to '"C:\\Source\\SixFive7\\BrowserAI\\.work\\velopack-rows\\root-a\\current\\payload\\mcp\\node_modules\\.bin\\playwright.cmd"'
[setup:45864] [11:36:19] [DEBUG] (2) velopack::bundle: Extracting zip file to path: "C:\\Source\\SixFive7\\BrowserAI\\.work\\velopack-rows\\root-a\\current\\payload\\mcp\\node_modules\\.bin\\playwright.cmd"
[setup:45864] [11:36:19] [DEBUG] (2) velopack::bundle: Writing file to disk with 64k buffer: "C:\\Source\\SixFive7\\BrowserAI\\.work\\velopack-rows\\root-a\\current\\payload\\mcp\\node_modules\\.bin\\playwright.cmd"
[setup:45864] [11:36:19] [DEBUG] (2) velopack::bundle:     212 Extracting 'lib/app/payload/mcp/node_modules/.bin/playwright.ps1' to '"C:\\Source\\SixFive7\\BrowserAI\\.work\\velopack-rows\\root-a\\current\\payload\\mcp\\node_modules\\.bin\\playwright.ps1"'
[setup:45864] [11:36:19] [DEBUG] (2) velopack::bundle: Extracting zip file to path: "C:\\Source\\SixFive7\\BrowserAI\\.work\\velopack-rows\\root-a\\current\\payload\\mcp\\node_modules\\.bin\\playwright.ps1"
[setup:45864] [11:36:19] [DEBUG] (2) velopack::bundle: Writing file to disk with 64k buffer: "C:\\Source\\SixFive7\\BrowserAI\\.work\\velopack-rows\\root-a\\current\\payload\\mcp\\node_modules\\.bin\\playwright.ps1"
[setup:45864] [11:36:19] [INFO] Creating shortcuts...
[setup:45864] [11:36:19] [INFO] COM context initialized in 3ms
[setup:45864] [11:36:19] [INFO] Shortcut Previous Locations: ShortcutLocationFlags(0x0) (None)
[setup:45864] [11:36:19] [INFO] Shortcut Next Locations: ShortcutLocationFlags(START_MENU_ROOT) ("1.1.0")
[setup:45864] [11:36:19] [INFO] App Model ID: Some("velopack.BrowserAI.app.test")
[setup:45864] [11:36:19] [INFO] Searching for shortcuts containing root: '"C:\\Source\\SixFive7\\BrowserAI\\.work\\velopack-rows\\root-a"'
[setup:45864] [11:36:19] [INFO] Searching for shortcuts in: ShortcutLocationFlags(DESKTOP) (C:\Users\jori\Desktop/*.lnk)
[setup:45864] [11:36:19] [TRACE] (5) velopack_bins::windows::shortcuts: [src\bins\src\windows\shortcuts.rs:330] Checking shortcut: '"C:\\Users\\jori\\Desktop\\Anytype.lnk"'
[setup:45864] [11:36:19] [DEBUG] (5) velopack_bins::windows::shortcuts: Loading link: "C:\\Users\\jori\\Desktop\\Anytype.lnk"
[setup:45864] [11:36:19] [TRACE] (5) velopack_bins::windows::shortcuts: [src\bins\src\windows\shortcuts.rs:330] Checking shortcut: '"C:\\Users\\jori\\Desktop\\Arduino IDE.lnk"'
[setup:45864] [11:36:19] [DEBUG] (5) velopack_bins::windows::shortcuts: Loading link: "C:\\Users\\jori\\Desktop\\Arduino IDE.lnk"
[setup:45864] [11:36:19] [TRACE] (5) velopack_bins::windows::shortcuts: [src\bins\src\windows\shortcuts.rs:330] Checking shortcut: '"C:\\Users\\jori\\Desktop\\BSManager.lnk"'
[setup:45864] [11:36:19] [DEBUG] (5) velopack_bins::windows::shortcuts: Loading link: "C:\\Users\\jori\\Desktop\\BSManager.lnk"
[setup:45864] [11:36:19] [TRACE] (5) velopack_bins::windows::shortcuts: [src\bins\src\windows\shortcuts.rs:330] Checking shortcut: '"C:\\Users\\jori\\Desktop\\Beyond-All-Reason.lnk"'
[setup:45864] [11:36:19] [DEBUG] (5) velopack_bins::windows::shortcuts: Loading link: "C:\\Users\\jori\\Desktop\\Beyond-All-Reason.lnk"
[setup:45864] [11:36:19] [TRACE] (5) velopack_bins::windows::shortcuts: [src\bins\src\windows\shortcuts.rs:330] Checking shortcut: '"C:\\Users\\jori\\Desktop\\Docker Desktop.lnk"'
[setup:45864] [11:36:19] [DEBUG] (5) velopack_bins::windows::shortcuts: Loading link: "C:\\Users\\jori\\Desktop\\Docker Desktop.lnk"
[setup:45864] [11:36:19] [TRACE] (5) velopack_bins::windows::shortcuts: [src\bins\src\windows\shortcuts.rs:330] Checking shortcut: '"C:\\Users\\jori\\Desktop\\ExamDiff.lnk"'
[setup:45864] [11:36:19] [DEBUG] (5) velopack_bins::windows::shortcuts: Loading link: "C:\\Users\\jori\\Desktop\\ExamDiff.lnk"
[setup:45864] [11:36:19] [TRACE] (5) velopack_bins::windows::shortcuts: [src\bins\src\windows\shortcuts.rs:330] Checking shortcut: '"C:\\Users\\jori\\Desktop\\File Pilot.lnk"'
[setup:45864] [11:36:19] [DEBUG] (5) velopack_bins::windows::shortcuts: Loading link: "C:\\Users\\jori\\Desktop\\File Pilot.lnk"
[setup:45864] [11:36:19] [TRACE] (5) velopack_bins::windows::shortcuts: [src\bins\src\windows\shortcuts.rs:330] Checking shortcut: '"C:\\Users\\jori\\Desktop\\GTA2 Game Hunter.lnk"'
[setup:45864] [11:36:19] [DEBUG] (5) velopack_bins::windows::shortcuts: Loading link: "C:\\Users\\jori\\Desktop\\GTA2 Game Hunter.lnk"
[setup:45864] [11:36:19] [TRACE] (5) velopack_bins::windows::shortcuts: [src\bins\src\windows\shortcuts.rs:330] Checking shortcut: '"C:\\Users\\jori\\Desktop\\GitHub Desktop.lnk"'
[setup:45864] [11:36:19] [DEBUG] (5) velopack_bins::windows::shortcuts: Loading link: "C:\\Users\\jori\\Desktop\\GitHub Desktop.lnk"
[setup:45864] [11:36:19] [TRACE] (5) velopack_bins::windows::shortcuts: [src\bins\src\windows\shortcuts.rs:330] Checking shortcut: '"C:\\Users\\jori\\Desktop\\OpenCode.lnk"'
[setup:45864] [11:36:19] [DEBUG] (5) velopack_bins::windows::shortcuts: Loading link: "C:\\Users\\jori\\Desktop\\OpenCode.lnk"
[setup:45864] [11:36:19] [TRACE] (5) velopack_bins::windows::shortcuts: [src\bins\src\windows\shortcuts.rs:330] Checking shortcut: '"C:\\Users\\jori\\Desktop\\Pen.lnk"'
[setup:45864] [11:36:19] [DEBUG] (5) velopack_bins::windows::shortcuts: Loading link: "C:\\Users\\jori\\Desktop\\Pen.lnk"
[setup:45864] [11:36:19] [TRACE] (5) velopack_bins::windows::shortcuts: [src\bins\src\windows\shortcuts.rs:330] Checking shortcut: '"C:\\Users\\jori\\Desktop\\Signal.lnk"'
[setup:45864] [11:36:19] [DEBUG] (5) velopack_bins::windows::shortcuts: Loading link: "C:\\Users\\jori\\Desktop\\Signal.lnk"
[setup:45864] [11:36:19] [TRACE] (5) velopack_bins::windows::shortcuts: [src\bins\src\windows\shortcuts.rs:330] Checking shortcut: '"C:\\Users\\jori\\Desktop\\Stremio.lnk"'
[setup:45864] [11:36:19] [DEBUG] (5) velopack_bins::windows::shortcuts: Loading link: "C:\\Users\\jori\\Desktop\\Stremio.lnk"
[setup:45864] [11:36:19] [TRACE] (5) velopack_bins::windows::shortcuts: [src\bins\src\windows\shortcuts.rs:330] Checking shortcut: '"C:\\Users\\jori\\Desktop\\Ubisoft Connect.lnk"'
[setup:45864] [11:36:19] [DEBUG] (5) velopack_bins::windows::shortcuts: Loading link: "C:\\Users\\jori\\Desktop\\Ubisoft Connect.lnk"
[setup:45864] [11:36:19] [TRACE] (5) velopack_bins::windows::shortcuts: [src\bins\src\windows\shortcuts.rs:330] Checking shortcut: '"C:\\Users\\jori\\Desktop\\VIVE Wireless.lnk"'
[setup:45864] [11:36:19] [DEBUG] (5) velopack_bins::windows::shortcuts: Loading link: "C:\\Users\\jori\\Desktop\\VIVE Wireless.lnk"
[setup:45864] [11:36:19] [TRACE] (5) velopack_bins::windows::shortcuts: [src\bins\src\windows\shortcuts.rs:330] Checking shortcut: '"C:\\Users\\jori\\Desktop\\Wispr Flow.lnk"'
[setup:45864] [11:36:19] [DEBUG] (5) velopack_bins::windows::shortcuts: Loading link: "C:\\Users\\jori\\Desktop\\Wispr Flow.lnk"
[setup:45864] [11:36:19] [TRACE] (5) velopack_bins::windows::shortcuts: [src\bins\src\windows\shortcuts.rs:330] Checking shortcut: '"C:\\Users\\jori\\Desktop\\Xgpro.lnk"'
[setup:45864] [11:36:19] [DEBUG] (5) velopack_bins::windows::shortcuts: Loading link: "C:\\Users\\jori\\Desktop\\Xgpro.lnk"
[setup:45864] [11:36:19] [TRACE] (5) velopack_bins::windows::shortcuts: [src\bins\src\windows\shortcuts.rs:330] Checking shortcut: '"C:\\Users\\jori\\Desktop\\balenaEtcher.lnk"'
[setup:45864] [11:36:19] [DEBUG] (5) velopack_bins::windows::shortcuts: Loading link: "C:\\Users\\jori\\Desktop\\balenaEtcher.lnk"
[setup:45864] [11:36:19] [TRACE] (5) velopack_bins::windows::shortcuts: [src\bins\src\windows\shortcuts.rs:330] Checking shortcut: '"C:\\Users\\jori\\Desktop\\cs2.exe - Shortcut.lnk"'
[setup:45864] [11:36:19] [DEBUG] (5) velopack_bins::windows::shortcuts: Loading link: "C:\\Users\\jori\\Desktop\\cs2.exe - Shortcut.lnk"
[setup:45864] [11:36:19] [TRACE] (5) velopack_bins::windows::shortcuts: [src\bins\src\windows\shortcuts.rs:330] Checking shortcut: '"C:\\Users\\jori\\Desktop\\unraid.lnk"'
[setup:45864] [11:36:19] [DEBUG] (5) velopack_bins::windows::shortcuts: Loading link: "C:\\Users\\jori\\Desktop\\unraid.lnk"
[setup:45864] [11:36:19] [INFO] Searching for shortcuts in: ShortcutLocationFlags(STARTUP) (C:\Users\jori\AppData\Roaming\Microsoft\Windows\Start Menu\Programs\Startup/*.lnk)
[setup:45864] [11:36:19] [TRACE] (5) velopack_bins::windows::shortcuts: [src\bins\src\windows\shortcuts.rs:330] Checking shortcut: '"C:\\Users\\jori\\AppData\\Roaming\\Microsoft\\Windows\\Start Menu\\Programs\\Startup\\Ollama.lnk"'
[setup:45864] [11:36:19] [DEBUG] (5) velopack_bins::windows::shortcuts: Loading link: "C:\\Users\\jori\\AppData\\Roaming\\Microsoft\\Windows\\Start Menu\\Programs\\Startup\\Ollama.lnk"
[setup:45864] [11:36:19] [TRACE] (5) velopack_bins::windows::shortcuts: [src\bins\src\windows\shortcuts.rs:330] Checking shortcut: '"C:\\Users\\jori\\AppData\\Roaming\\Microsoft\\Windows\\Start Menu\\Programs\\Startup\\Visual Studio Code.lnk"'
[setup:45864] [11:36:19] [DEBUG] (5) velopack_bins::windows::shortcuts: Loading link: "C:\\Users\\jori\\AppData\\Roaming\\Microsoft\\Windows\\Start Menu\\Programs\\Startup\\Visual Studio Code.lnk"
[setup:45864] [11:36:19] [TRACE] (5) velopack_bins::windows::shortcuts: [src\bins\src\windows\shortcuts.rs:330] Checking shortcut: '"C:\\Users\\jori\\AppData\\Roaming\\Microsoft\\Windows\\Start Menu\\Programs\\Startup\\Wispr Flow.lnk"'
[setup:45864] [11:36:19] [DEBUG] (5) velopack_bins::windows::shortcuts: Loading link: "C:\\Users\\jori\\AppData\\Roaming\\Microsoft\\Windows\\Start Menu\\Programs\\Startup\\Wispr Flow.lnk"
[setup:45864] [11:36:19] [INFO] Searching for shortcuts in: ShortcutLocationFlags(START_MENU) (C:\Users\jori\AppData\Roaming\Microsoft\Windows\Start Menu\Programs/**/*.lnk)
[setup:45864] [11:36:19] [TRACE] (5) velopack_bins::windows::shortcuts: [src\bins\src\windows\shortcuts.rs:330] Checking shortcut: '"C:\\Users\\jori\\AppData\\Roaming\\Microsoft\\Windows\\Start Menu\\Programs\\Accessibility\\LiveCaptions.lnk"'
[setup:45864] [11:36:19] [DEBUG] (5) velopack_bins::windows::shortcuts: Loading link: "C:\\Users\\jori\\AppData\\Roaming\\Microsoft\\Windows\\Start Menu\\Programs\\Accessibility\\LiveCaptions.lnk"
[setup:45864] [11:36:19] [TRACE] (5) velopack_bins::windows::shortcuts: [src\bins\src\windows\shortcuts.rs:330] Checking shortcut: '"C:\\Users\\jori\\AppData\\Roaming\\Microsoft\\Windows\\Start Menu\\Programs\\Accessibility\\Magnify.lnk"'
[setup:45864] [11:36:19] [DEBUG] (5) velopack_bins::windows::shortcuts: Loading link: "C:\\Users\\jori\\AppData\\Roaming\\Microsoft\\Windows\\Start Menu\\Programs\\Accessibility\\Magnify.lnk"
[setup:45864] [11:36:19] [TRACE] (5) velopack_bins::windows::shortcuts: [src\bins\src\windows\shortcuts.rs:330] Checking shortcut: '"C:\\Users\\jori\\AppData\\Roaming\\Microsoft\\Windows\\Start Menu\\Programs\\Accessibility\\Narrator.lnk"'
[setup:45864] [11:36:19] [DEBUG] (5) velopack_bins::windows::shortcuts: Loading link: "C:\\Users\\jori\\AppData\\Roaming\\Microsoft\\Windows\\Start Menu\\Programs\\Accessibility\\Narrator.lnk"
[setup:45864] [11:36:19] [TRACE] (5) velopack_bins::windows::shortcuts: [src\bins\src\windows\shortcuts.rs:330] Checking shortcut: '"C:\\Users\\jori\\AppData\\Roaming\\Microsoft\\Windows\\Start Menu\\Programs\\Accessibility\\On-Screen Keyboard.lnk"'
[setup:45864] [11:36:19] [DEBUG] (5) velopack_bins::windows::shortcuts: Loading link: "C:\\Users\\jori\\AppData\\Roaming\\Microsoft\\Windows\\Start Menu\\Programs\\Accessibility\\On-Screen Keyboard.lnk"
[setup:45864] [11:36:19] [TRACE] (5) velopack_bins::windows::shortcuts: [src\bins\src\windows\shortcuts.rs:330] Checking shortcut: '"C:\\Users\\jori\\AppData\\Roaming\\Microsoft\\Windows\\Start Menu\\Programs\\Accessibility\\VoiceAccess.lnk"'
[setup:45864] [11:36:19] [DEBUG] (5) velopack_bins::windows::shortcuts: Loading link: "C:\\Users\\jori\\AppData\\Roaming\\Microsoft\\Windows\\Start Menu\\Programs\\Accessibility\\VoiceAccess.lnk"
[setup:45864] [11:36:19] [TRACE] (5) velopack_bins::windows::shortcuts: [src\bins\src\windows\shortcuts.rs:330] Checking shortcut: '"C:\\Users\\jori\\AppData\\Roaming\\Microsoft\\Windows\\Start Menu\\Programs\\Administrative Tools.lnk"'
[setup:45864] [11:36:19] [DEBUG] (5) velopack_bins::windows::shortcuts: Loading link: "C:\\Users\\jori\\AppData\\Roaming\\Microsoft\\Windows\\Start Menu\\Programs\\Administrative Tools.lnk"
[setup:45864] [11:36:19] [TRACE] (5) velopack_bins::windows::shortcuts: [src\bins\src\windows\shortcuts.rs:330] Checking shortcut: '"C:\\Users\\jori\\AppData\\Roaming\\Microsoft\\Windows\\Start Menu\\Programs\\Anytype.lnk"'
[setup:45864] [11:36:19] [DEBUG] (5) velopack_bins::windows::shortcuts: Loading link: "C:\\Users\\jori\\AppData\\Roaming\\Microsoft\\Windows\\Start Menu\\Programs\\Anytype.lnk"
[setup:45864] [11:36:19] [TRACE] (5) velopack_bins::windows::shortcuts: [src\bins\src\windows\shortcuts.rs:330] Checking shortcut: '"C:\\Users\\jori\\AppData\\Roaming\\Microsoft\\Windows\\Start Menu\\Programs\\Arduino IDE.lnk"'
[setup:45864] [11:36:19] [DEBUG] (5) velopack_bins::windows::shortcuts: Loading link: "C:\\Users\\jori\\AppData\\Roaming\\Microsoft\\Windows\\Start Menu\\Programs\\Arduino IDE.lnk"
[setup:45864] [11:36:19] [TRACE] (5) velopack_bins::windows::shortcuts: [src\bins\src\windows\shortcuts.rs:330] Checking shortcut: '"C:\\Users\\jori\\AppData\\Roaming\\Microsoft\\Windows\\Start Menu\\Programs\\BSManager.lnk"'
[setup:45864] [11:36:19] [DEBUG] (5) velopack_bins::windows::shortcuts: Loading link: "C:\\Users\\jori\\AppData\\Roaming\\Microsoft\\Windows\\Start Menu\\Programs\\BSManager.lnk"
[setup:45864] [11:36:19] [TRACE] (5) velopack_bins::windows::shortcuts: [src\bins\src\windows\shortcuts.rs:330] Checking shortcut: '"C:\\Users\\jori\\AppData\\Roaming\\Microsoft\\Windows\\Start Menu\\Programs\\Balena Ltd\\balenaEtcher.lnk"'
[setup:45864] [11:36:19] [DEBUG] (5) velopack_bins::windows::shortcuts: Loading link: "C:\\Users\\jori\\AppData\\Roaming\\Microsoft\\Windows\\Start Menu\\Programs\\Balena Ltd\\balenaEtcher.lnk"
[setup:45864] [11:36:19] [TRACE] (5) velopack_bins::windows::shortcuts: [src\bins\src\windows\shortcuts.rs:330] Checking shortcut: '"C:\\Users\\jori\\AppData\\Roaming\\Microsoft\\Windows\\Start Menu\\Programs\\BeamMP-Launcher.lnk"'
[setup:45864] [11:36:19] [DEBUG] (5) velopack_bins::windows::shortcuts: Loading link: "C:\\Users\\jori\\AppData\\Roaming\\Microsoft\\Windows\\Start Menu\\Programs\\BeamMP-Launcher.lnk"
[setup:45864] [11:36:19] [TRACE] (5) velopack_bins::windows::shortcuts: [src\bins\src\windows\shortcuts.rs:330] Checking shortcut: '"C:\\Users\\jori\\AppData\\Roaming\\Microsoft\\Windows\\Start Menu\\Programs\\Beyond-All-Reason.lnk"'
[setup:45864] [11:36:19] [DEBUG] (5) velopack_bins::windows::shortcuts: Loading link: "C:\\Users\\jori\\AppData\\Roaming\\Microsoft\\Windows\\Start Menu\\Programs\\Beyond-All-Reason.lnk"
[setup:45864] [11:36:19] [TRACE] (5) velopack_bins::windows::shortcuts: [src\bins\src\windows\shortcuts.rs:330] Checking shortcut: '"C:\\Users\\jori\\AppData\\Roaming\\Microsoft\\Windows\\Start Menu\\Programs\\BrowserAI Q254 test.lnk"'
[setup:45864] [11:36:19] [DEBUG] (5) velopack_bins::windows::shortcuts: Loading link: "C:\\Users\\jori\\AppData\\Roaming\\Microsoft\\Windows\\Start Menu\\Programs\\BrowserAI Q254 test.lnk"
[setup:45864] [11:36:19] [TRACE] (5) velopack_bins::windows::shortcuts: [src\bins\src\windows\shortcuts.rs:330] Checking shortcut: '"C:\\Users\\jori\\AppData\\Roaming\\Microsoft\\Windows\\Start Menu\\Programs\\BrowserAI.lnk"'
[setup:45864] [11:36:19] [DEBUG] (5) velopack_bins::windows::shortcuts: Loading link: "C:\\Users\\jori\\AppData\\Roaming\\Microsoft\\Windows\\Start Menu\\Programs\\BrowserAI.lnk"
[setup:45864] [11:36:19] [TRACE] (5) velopack_bins::windows::shortcuts: [src\bins\src\windows\shortcuts.rs:330] Checking shortcut: '"C:\\Users\\jori\\AppData\\Roaming\\Microsoft\\Windows\\Start Menu\\Programs\\Bug Demo.lnk"'
[setup:45864] [11:36:19] [DEBUG] (5) velopack_bins::windows::shortcuts: Loading link: "C:\\Users\\jori\\AppData\\Roaming\\Microsoft\\Windows\\Start Menu\\Programs\\Bug Demo.lnk"
[setup:45864] [11:36:19] [TRACE] (5) velopack_bins::windows::shortcuts: [src\bins\src\windows\shortcuts.rs:330] Checking shortcut: '"C:\\Users\\jori\\AppData\\Roaming\\Microsoft\\Windows\\Start Menu\\Programs\\Cursor.lnk"'
[setup:45864] [11:36:19] [DEBUG] (5) velopack_bins::windows::shortcuts: Loading link: "C:\\Users\\jori\\AppData\\Roaming\\Microsoft\\Windows\\Start Menu\\Programs\\Cursor.lnk"
[setup:45864] [11:36:19] [TRACE] (5) velopack_bins::windows::shortcuts: [src\bins\src\windows\shortcuts.rs:330] Checking shortcut: '"C:\\Users\\jori\\AppData\\Roaming\\Microsoft\\Windows\\Start Menu\\Programs\\DBeaver Community\\DBeaver.lnk"'
[setup:45864] [11:36:19] [DEBUG] (5) velopack_bins::windows::shortcuts: Loading link: "C:\\Users\\jori\\AppData\\Roaming\\Microsoft\\Windows\\Start Menu\\Programs\\DBeaver Community\\DBeaver.lnk"
[setup:45864] [11:36:19] [TRACE] (5) velopack_bins::windows::shortcuts: [src\bins\src\windows\shortcuts.rs:330] Checking shortcut: '"C:\\Users\\jori\\AppData\\Roaming\\Microsoft\\Windows\\Start Menu\\Programs\\DBeaver Community\\Uninstall.lnk"'
[setup:45864] [11:36:19] [DEBUG] (5) velopack_bins::windows::shortcuts: Loading link: "C:\\Users\\jori\\AppData\\Roaming\\Microsoft\\Windows\\Start Menu\\Programs\\DBeaver Community\\Uninstall.lnk"
[setup:45864] [11:36:19] [TRACE] (5) velopack_bins::windows::shortcuts: [src\bins\src\windows\shortcuts.rs:330] Checking shortcut: '"C:\\Users\\jori\\AppData\\Roaming\\Microsoft\\Windows\\Start Menu\\Programs\\Debug Window - CHILD (from handler).lnk"'
[setup:45864] [11:36:19] [DEBUG] (5) velopack_bins::windows::shortcuts: Loading link: "C:\\Users\\jori\\AppData\\Roaming\\Microsoft\\Windows\\Start Menu\\Programs\\Debug Window - CHILD (from handler).lnk"
[setup:45864] [11:36:19] [TRACE] (5) velopack_bins::windows::shortcuts: [src\bins\src\windows\shortcuts.rs:330] Checking shortcut: '"C:\\Users\\jori\\AppData\\Roaming\\Microsoft\\Windows\\Start Menu\\Programs\\Debug Window - STANDALONE (from Invoke).lnk"'
[setup:45864] [11:36:19] [DEBUG] (5) velopack_bins::windows::shortcuts: Loading link: "C:\\Users\\jori\\AppData\\Roaming\\Microsoft\\Windows\\Start Menu\\Programs\\Debug Window - STANDALONE (from Invoke).lnk"
[setup:45864] [11:36:19] [TRACE] (5) velopack_bins::windows::shortcuts: [src\bins\src\windows\shortcuts.rs:330] Checking shortcut: '"C:\\Users\\jori\\AppData\\Roaming\\Microsoft\\Windows\\Start Menu\\Programs\\Debug Window Test - CHILD.lnk"'
[setup:45864] [11:36:19] [DEBUG] (5) velopack_bins::windows::shortcuts: Loading link: "C:\\Users\\jori\\AppData\\Roaming\\Microsoft\\Windows\\Start Menu\\Programs\\Debug Window Test - CHILD.lnk"
[setup:45864] [11:36:19] [TRACE] (5) velopack_bins::windows::shortcuts: [src\bins\src\windows\shortcuts.rs:330] Checking shortcut: '"C:\\Users\\jori\\AppData\\Roaming\\Microsoft\\Windows\\Start Menu\\Programs\\Debug Window Test - Standalone.lnk"'
[setup:45864] [11:36:19] [DEBUG] (5) velopack_bins::windows::shortcuts: Loading link: "C:\\Users\\jori\\AppData\\Roaming\\Microsoft\\Windows\\Start Menu\\Programs\\Debug Window Test - Standalone.lnk"
[setup:45864] [11:36:19] [TRACE] (5) velopack_bins::windows::shortcuts: [src\bins\src\windows\shortcuts.rs:330] Checking shortcut: '"C:\\Users\\jori\\AppData\\Roaming\\Microsoft\\Windows\\Start Menu\\Programs\\Discord Inc\\Discord.lnk"'
[setup:45864] [11:36:19] [DEBUG] (5) velopack_bins::windows::shortcuts: Loading link: "C:\\Users\\jori\\AppData\\Roaming\\Microsoft\\Windows\\Start Menu\\Programs\\Discord Inc\\Discord.lnk"
[setup:45864] [11:36:19] [TRACE] (5) velopack_bins::windows::shortcuts: [src\bins\src\windows\shortcuts.rs:330] Checking shortcut: '"C:\\Users\\jori\\AppData\\Roaming\\Microsoft\\Windows\\Start Menu\\Programs\\Discord.lnk"'
[setup:45864] [11:36:19] [DEBUG] (5) velopack_bins::windows::shortcuts: Loading link: "C:\\Users\\jori\\AppData\\Roaming\\Microsoft\\Windows\\Start Menu\\Programs\\Discord.lnk"
[setup:45864] [11:36:19] [TRACE] (5) velopack_bins::windows::shortcuts: [src\bins\src\windows\shortcuts.rs:330] Checking shortcut: '"C:\\Users\\jori\\AppData\\Roaming\\Microsoft\\Windows\\Start Menu\\Programs\\Docker Desktop.lnk"'
[setup:45864] [11:36:19] [DEBUG] (5) velopack_bins::windows::shortcuts: Loading link: "C:\\Users\\jori\\AppData\\Roaming\\Microsoft\\Windows\\Start Menu\\Programs\\Docker Desktop.lnk"
[setup:45864] [11:36:19] [TRACE] (5) velopack_bins::windows::shortcuts: [src\bins\src\windows\shortcuts.rs:330] Checking shortcut: '"C:\\Users\\jori\\AppData\\Roaming\\Microsoft\\Windows\\Start Menu\\Programs\\Failed to Register Hotkeys.lnk"'
[setup:45864] [11:36:19] [DEBUG] (5) velopack_bins::windows::shortcuts: Loading link: "C:\\Users\\jori\\AppData\\Roaming\\Microsoft\\Windows\\Start Menu\\Programs\\Failed to Register Hotkeys.lnk"
[setup:45864] [11:36:19] [TRACE] (5) velopack_bins::windows::shortcuts: [src\bins\src\windows\shortcuts.rs:330] Checking shortcut: '"C:\\Users\\jori\\AppData\\Roaming\\Microsoft\\Windows\\Start Menu\\Programs\\File Explorer.lnk"'
[setup:45864] [11:36:19] [DEBUG] (5) velopack_bins::windows::shortcuts: Loading link: "C:\\Users\\jori\\AppData\\Roaming\\Microsoft\\Windows\\Start Menu\\Programs\\File Explorer.lnk"
[setup:45864] [11:36:19] [TRACE] (5) velopack_bins::windows::shortcuts: [src\bins\src\windows\shortcuts.rs:330] Checking shortcut: '"C:\\Users\\jori\\AppData\\Roaming\\Microsoft\\Windows\\Start Menu\\Programs\\File Pilot.lnk"'
[setup:45864] [11:36:19] [DEBUG] (5) velopack_bins::windows::shortcuts: Loading link: "C:\\Users\\jori\\AppData\\Roaming\\Microsoft\\Windows\\Start Menu\\Programs\\File Pilot.lnk"
[setup:45864] [11:36:19] [TRACE] (5) velopack_bins::windows::shortcuts: [src\bins\src\windows\shortcuts.rs:330] Checking shortcut: '"C:\\Users\\jori\\AppData\\Roaming\\Microsoft\\Windows\\Start Menu\\Programs\\Firefox Web Apps\\Kagi.lnk"'
[setup:45864] [11:36:19] [DEBUG] (5) velopack_bins::windows::shortcuts: Loading link: "C:\\Users\\jori\\AppData\\Roaming\\Microsoft\\Windows\\Start Menu\\Programs\\Firefox Web Apps\\Kagi.lnk"
[setup:45864] [11:36:19] [TRACE] (5) velopack_bins::windows::shortcuts: [src\bins\src\windows\shortcuts.rs:330] Checking shortcut: '"C:\\Users\\jori\\AppData\\Roaming\\Microsoft\\Windows\\Start Menu\\Programs\\Firefox.lnk"'
[setup:45864] [11:36:19] [DEBUG] (5) velopack_bins::windows::shortcuts: Loading link: "C:\\Users\\jori\\AppData\\Roaming\\Microsoft\\Windows\\Start Menu\\Programs\\Firefox.lnk"
[setup:45864] [11:36:19] [TRACE] (5) velopack_bins::windows::shortcuts: [src\bins\src\windows\shortcuts.rs:330] Checking shortcut: '"C:\\Users\\jori\\AppData\\Roaming\\Microsoft\\Windows\\Start Menu\\Programs\\GTA2 Game Hunter\\GTA2 Game Hunter.lnk"'
[setup:45864] [11:36:19] [DEBUG] (5) velopack_bins::windows::shortcuts: Loading link: "C:\\Users\\jori\\AppData\\Roaming\\Microsoft\\Windows\\Start Menu\\Programs\\GTA2 Game Hunter\\GTA2 Game Hunter.lnk"
[setup:45864] [11:36:19] [TRACE] (5) velopack_bins::windows::shortcuts: [src\bins\src\windows\shortcuts.rs:330] Checking shortcut: '"C:\\Users\\jori\\AppData\\Roaming\\Microsoft\\Windows\\Start Menu\\Programs\\GTA2 Game Hunter\\GTAMP.com.lnk"'
[setup:45864] [11:36:19] [DEBUG] (5) velopack_bins::windows::shortcuts: Loading link: "C:\\Users\\jori\\AppData\\Roaming\\Microsoft\\Windows\\Start Menu\\Programs\\GTA2 Game Hunter\\GTAMP.com.lnk"
[setup:45864] [11:36:19] [TRACE] (5) velopack_bins::windows::shortcuts: [src\bins\src\windows\shortcuts.rs:330] Checking shortcut: '"C:\\Users\\jori\\AppData\\Roaming\\Microsoft\\Windows\\Start Menu\\Programs\\GTA2 Game Hunter\\Uninstall.lnk"'
[setup:45864] [11:36:19] [DEBUG] (5) velopack_bins::windows::shortcuts: Loading link: "C:\\Users\\jori\\AppData\\Roaming\\Microsoft\\Windows\\Start Menu\\Programs\\GTA2 Game Hunter\\Uninstall.lnk"
[setup:45864] [11:36:19] [TRACE] (5) velopack_bins::windows::shortcuts: [src\bins\src\windows\shortcuts.rs:330] Checking shortcut: '"C:\\Users\\jori\\AppData\\Roaming\\Microsoft\\Windows\\Start Menu\\Programs\\GitHub, Inc\\GitHub Desktop.lnk"'
[setup:45864] [11:36:19] [DEBUG] (5) velopack_bins::windows::shortcuts: Loading link: "C:\\Users\\jori\\AppData\\Roaming\\Microsoft\\Windows\\Start Menu\\Programs\\GitHub, Inc\\GitHub Desktop.lnk"
[setup:45864] [11:36:19] [TRACE] (5) velopack_bins::windows::shortcuts: [src\bins\src\windows\shortcuts.rs:330] Checking shortcut: '"C:\\Users\\jori\\AppData\\Roaming\\Microsoft\\Windows\\Start Menu\\Programs\\Inno Setup 6\\Inno Setup Compiler.lnk"'
[setup:45864] [11:36:19] [DEBUG] (5) velopack_bins::windows::shortcuts: Loading link: "C:\\Users\\jori\\AppData\\Roaming\\Microsoft\\Windows\\Start Menu\\Programs\\Inno Setup 6\\Inno Setup Compiler.lnk"
[setup:45864] [11:36:19] [TRACE] (5) velopack_bins::windows::shortcuts: [src\bins\src\windows\shortcuts.rs:330] Checking shortcut: '"C:\\Users\\jori\\AppData\\Roaming\\Microsoft\\Windows\\Start Menu\\Programs\\Inno Setup 6\\Inno Setup Documentation (Dark).lnk"'
[setup:45864] [11:36:19] [DEBUG] (5) velopack_bins::windows::shortcuts: Loading link: "C:\\Users\\jori\\AppData\\Roaming\\Microsoft\\Windows\\Start Menu\\Programs\\Inno Setup 6\\Inno Setup Documentation (Dark).lnk"
[setup:45864] [11:36:19] [TRACE] (5) velopack_bins::windows::shortcuts: [src\bins\src\windows\shortcuts.rs:330] Checking shortcut: '"C:\\Users\\jori\\AppData\\Roaming\\Microsoft\\Windows\\Start Menu\\Programs\\Inno Setup 6\\Inno Setup Documentation.lnk"'
[setup:45864] [11:36:19] [DEBUG] (5) velopack_bins::windows::shortcuts: Loading link: "C:\\Users\\jori\\AppData\\Roaming\\Microsoft\\Windows\\Start Menu\\Programs\\Inno Setup 6\\Inno Setup Documentation.lnk"
[setup:45864] [11:36:19] [TRACE] (5) velopack_bins::windows::shortcuts: [src\bins\src\windows\shortcuts.rs:330] Checking shortcut: '"C:\\Users\\jori\\AppData\\Roaming\\Microsoft\\Windows\\Start Menu\\Programs\\Inno Setup 6\\Inno Setup Example Scripts.lnk"'
[setup:45864] [11:36:19] [DEBUG] (5) velopack_bins::windows::shortcuts: Loading link: "C:\\Users\\jori\\AppData\\Roaming\\Microsoft\\Windows\\Start Menu\\Programs\\Inno Setup 6\\Inno Setup Example Scripts.lnk"
[setup:45864] [11:36:19] [TRACE] (5) velopack_bins::windows::shortcuts: [src\bins\src\windows\shortcuts.rs:330] Checking shortcut: '"C:\\Users\\jori\\AppData\\Roaming\\Microsoft\\Windows\\Start Menu\\Programs\\Inno Setup 6\\Inno Setup FAQ.lnk"'
[setup:45864] [11:36:19] [DEBUG] (5) velopack_bins::windows::shortcuts: Loading link: "C:\\Users\\jori\\AppData\\Roaming\\Microsoft\\Windows\\Start Menu\\Programs\\Inno Setup 6\\Inno Setup FAQ.lnk"
[setup:45864] [11:36:19] [TRACE] (5) velopack_bins::windows::shortcuts: [src\bins\src\windows\shortcuts.rs:330] Checking shortcut: '"C:\\Users\\jori\\AppData\\Roaming\\Microsoft\\Windows\\Start Menu\\Programs\\Inno Setup 6\\Inno Setup Revision History.lnk"'
[setup:45864] [11:36:19] [DEBUG] (5) velopack_bins::windows::shortcuts: Loading link: "C:\\Users\\jori\\AppData\\Roaming\\Microsoft\\Windows\\Start Menu\\Programs\\Inno Setup 6\\Inno Setup Revision History.lnk"
[setup:45864] [11:36:19] [TRACE] (5) velopack_bins::windows::shortcuts: [src\bins\src\windows\shortcuts.rs:330] Checking shortcut: '"C:\\Users\\jori\\AppData\\Roaming\\Microsoft\\Windows\\Start Menu\\Programs\\LGTV Companion (Daemon).lnk"'
[setup:45864] [11:36:19] [DEBUG] (5) velopack_bins::windows::shortcuts: Loading link: "C:\\Users\\jori\\AppData\\Roaming\\Microsoft\\Windows\\Start Menu\\Programs\\LGTV Companion (Daemon).lnk"
[setup:45864] [11:36:19] [TRACE] (5) velopack_bins::windows::shortcuts: [src\bins\src\windows\shortcuts.rs:330] Checking shortcut: '"C:\\Users\\jori\\AppData\\Roaming\\Microsoft\\Windows\\Start Menu\\Programs\\LGTV Companion Updater.lnk"'
[setup:45864] [11:36:19] [DEBUG] (5) velopack_bins::windows::shortcuts: Loading link: "C:\\Users\\jori\\AppData\\Roaming\\Microsoft\\Windows\\Start Menu\\Programs\\LGTV Companion Updater.lnk"
[setup:45864] [11:36:19] [TRACE] (5) velopack_bins::windows::shortcuts: [src\bins\src\windows\shortcuts.rs:330] Checking shortcut: '"C:\\Users\\jori\\AppData\\Roaming\\Microsoft\\Windows\\Start Menu\\Programs\\LoadRawString Bug.lnk"'
[setup:45864] [11:36:19] [DEBUG] (5) velopack_bins::windows::shortcuts: Loading link: "C:\\Users\\jori\\AppData\\Roaming\\Microsoft\\Windows\\Start Menu\\Programs\\LoadRawString Bug.lnk"
[setup:45864] [11:36:19] [TRACE] (5) velopack_bins::windows::shortcuts: [src\bins\src\windows\shortcuts.rs:330] Checking shortcut: '"C:\\Users\\jori\\AppData\\Roaming\\Microsoft\\Windows\\Start Menu\\Programs\\Main Window (Parent).lnk"'
[setup:45864] [11:36:19] [DEBUG] (5) velopack_bins::windows::shortcuts: Loading link: "C:\\Users\\jori\\AppData\\Roaming\\Microsoft\\Windows\\Start Menu\\Programs\\Main Window (Parent).lnk"
[setup:45864] [11:36:19] [TRACE] (5) velopack_bins::windows::shortcuts: [src\bins\src\windows\shortcuts.rs:330] Checking shortcut: '"C:\\Users\\jori\\AppData\\Roaming\\Microsoft\\Windows\\Start Menu\\Programs\\Nightly Private Browsing.lnk"'
[setup:45864] [11:36:19] [DEBUG] (5) velopack_bins::windows::shortcuts: Loading link: "C:\\Users\\jori\\AppData\\Roaming\\Microsoft\\Windows\\Start Menu\\Programs\\Nightly Private Browsing.lnk"
[setup:45864] [11:36:19] [TRACE] (5) velopack_bins::windows::shortcuts: [src\bins\src\windows\shortcuts.rs:330] Checking shortcut: '"C:\\Users\\jori\\AppData\\Roaming\\Microsoft\\Windows\\Start Menu\\Programs\\Ollama\\Ollama.lnk"'
[setup:45864] [11:36:19] [DEBUG] (5) velopack_bins::windows::shortcuts: Loading link: "C:\\Users\\jori\\AppData\\Roaming\\Microsoft\\Windows\\Start Menu\\Programs\\Ollama\\Ollama.lnk"
[setup:45864] [11:36:19] [TRACE] (5) velopack_bins::windows::shortcuts: [src\bins\src\windows\shortcuts.rs:330] Checking shortcut: '"C:\\Users\\jori\\AppData\\Roaming\\Microsoft\\Windows\\Start Menu\\Programs\\Ollama.lnk"'
[setup:45864] [11:36:19] [DEBUG] (5) velopack_bins::windows::shortcuts: Loading link: "C:\\Users\\jori\\AppData\\Roaming\\Microsoft\\Windows\\Start Menu\\Programs\\Ollama.lnk"
[setup:45864] [11:36:19] [TRACE] (5) velopack_bins::windows::shortcuts: [src\bins\src\windows\shortcuts.rs:330] Checking shortcut: '"C:\\Users\\jori\\AppData\\Roaming\\Microsoft\\Windows\\Start Menu\\Programs\\OpenCode.lnk"'
[setup:45864] [11:36:19] [DEBUG] (5) velopack_bins::windows::shortcuts: Loading link: "C:\\Users\\jori\\AppData\\Roaming\\Microsoft\\Windows\\Start Menu\\Programs\\OpenCode.lnk"
[setup:45864] [11:36:19] [TRACE] (5) velopack_bins::windows::shortcuts: [src\bins\src\windows\shortcuts.rs:330] Checking shortcut: '"C:\\Users\\jori\\AppData\\Roaming\\Microsoft\\Windows\\Start Menu\\Programs\\OpenLens.lnk"'
[setup:45864] [11:36:19] [DEBUG] (5) velopack_bins::windows::shortcuts: Loading link: "C:\\Users\\jori\\AppData\\Roaming\\Microsoft\\Windows\\Start Menu\\Programs\\OpenLens.lnk"
[setup:45864] [11:36:19] [TRACE] (5) velopack_bins::windows::shortcuts: [src\bins\src\windows\shortcuts.rs:330] Checking shortcut: '"C:\\Users\\jori\\AppData\\Roaming\\Microsoft\\Windows\\Start Menu\\Programs\\OpenWebStart\\OpenWebStart Settings.lnk"'
[setup:45864] [11:36:19] [DEBUG] (5) velopack_bins::windows::shortcuts: Loading link: "C:\\Users\\jori\\AppData\\Roaming\\Microsoft\\Windows\\Start Menu\\Programs\\OpenWebStart\\OpenWebStart Settings.lnk"
[setup:45864] [11:36:19] [TRACE] (5) velopack_bins::windows::shortcuts: [src\bins\src\windows\shortcuts.rs:330] Checking shortcut: '"C:\\Users\\jori\\AppData\\Roaming\\Microsoft\\Windows\\Start Menu\\Programs\\Outlook.lnk"'
[setup:45864] [11:36:19] [DEBUG] (5) velopack_bins::windows::shortcuts: Loading link: "C:\\Users\\jori\\AppData\\Roaming\\Microsoft\\Windows\\Start Menu\\Programs\\Outlook.lnk"
[setup:45864] [11:36:19] [TRACE] (5) velopack_bins::windows::shortcuts: [src\bins\src\windows\shortcuts.rs:330] Checking shortcut: '"C:\\Users\\jori\\AppData\\Roaming\\Microsoft\\Windows\\Start Menu\\Programs\\Pen.lnk"'
[setup:45864] [11:36:19] [DEBUG] (5) velopack_bins::windows::shortcuts: Loading link: "C:\\Users\\jori\\AppData\\Roaming\\Microsoft\\Windows\\Start Menu\\Programs\\Pen.lnk"
[setup:45864] [11:36:19] [TRACE] (5) velopack_bins::windows::shortcuts: [src\bins\src\windows\shortcuts.rs:330] Checking shortcut: '"C:\\Users\\jori\\AppData\\Roaming\\Microsoft\\Windows\\Start Menu\\Programs\\Photino LoadRawString Bug Demo.lnk"'
[setup:45864] [11:36:19] [DEBUG] (5) velopack_bins::windows::shortcuts: Loading link: "C:\\Users\\jori\\AppData\\Roaming\\Microsoft\\Windows\\Start Menu\\Programs\\Photino LoadRawString Bug Demo.lnk"
[setup:45864] [11:36:19] [TRACE] (5) velopack_bins::windows::shortcuts: [src\bins\src\windows\shortcuts.rs:330] Checking shortcut: '"C:\\Users\\jori\\AppData\\Roaming\\Microsoft\\Windows\\Start Menu\\Programs\\Photino Test.lnk"'
[setup:45864] [11:36:19] [DEBUG] (5) velopack_bins::windows::shortcuts: Loading link: "C:\\Users\\jori\\AppData\\Roaming\\Microsoft\\Windows\\Start Menu\\Programs\\Photino Test.lnk"
[setup:45864] [11:36:19] [TRACE] (5) velopack_bins::windows::shortcuts: [src\bins\src\windows\shortcuts.rs:330] Checking shortcut: '"C:\\Users\\jori\\AppData\\Roaming\\Microsoft\\Windows\\Start Menu\\Programs\\Photino for .NET Demo App.lnk"'
[setup:45864] [11:36:20] [DEBUG] (5) velopack_bins::windows::shortcuts: Loading link: "C:\\Users\\jori\\AppData\\Roaming\\Microsoft\\Windows\\Start Menu\\Programs\\Photino for .NET Demo App.lnk"
[setup:45864] [11:36:20] [TRACE] (5) velopack_bins::windows::shortcuts: [src\bins\src\windows\shortcuts.rs:330] Checking shortcut: '"C:\\Users\\jori\\AppData\\Roaming\\Microsoft\\Windows\\Start Menu\\Programs\\PowerToys (Preview)\\PowerToys (Preview).lnk"'
[setup:45864] [11:36:20] [DEBUG] (5) velopack_bins::windows::shortcuts: Loading link: "C:\\Users\\jori\\AppData\\Roaming\\Microsoft\\Windows\\Start Menu\\Programs\\PowerToys (Preview)\\PowerToys (Preview).lnk"
[setup:45864] [11:36:20] [TRACE] (5) velopack_bins::windows::shortcuts: [src\bins\src\windows\shortcuts.rs:330] Checking shortcut: '"C:\\Users\\jori\\AppData\\Roaming\\Microsoft\\Windows\\Start Menu\\Programs\\Python 3.14\\IDLE (Python 3.14 64-bit).lnk"'
[setup:45864] [11:36:20] [DEBUG] (5) velopack_bins::windows::shortcuts: Loading link: "C:\\Users\\jori\\AppData\\Roaming\\Microsoft\\Windows\\Start Menu\\Programs\\Python 3.14\\IDLE (Python 3.14 64-bit).lnk"
[setup:45864] [11:36:20] [TRACE] (5) velopack_bins::windows::shortcuts: [src\bins\src\windows\shortcuts.rs:330] Checking shortcut: '"C:\\Users\\jori\\AppData\\Roaming\\Microsoft\\Windows\\Start Menu\\Programs\\Python 3.14\\Python 3.14 (64-bit).lnk"'
[setup:45864] [11:36:20] [DEBUG] (5) velopack_bins::windows::shortcuts: Loading link: "C:\\Users\\jori\\AppData\\Roaming\\Microsoft\\Windows\\Start Menu\\Programs\\Python 3.14\\Python 3.14 (64-bit).lnk"
[setup:45864] [11:36:20] [TRACE] (5) velopack_bins::windows::shortcuts: [src\bins\src\windows\shortcuts.rs:330] Checking shortcut: '"C:\\Users\\jori\\AppData\\Roaming\\Microsoft\\Windows\\Start Menu\\Programs\\Python 3.14\\Python 3.14 Manuals (64-bit).lnk"'
[setup:45864] [11:36:20] [DEBUG] (5) velopack_bins::windows::shortcuts: Loading link: "C:\\Users\\jori\\AppData\\Roaming\\Microsoft\\Windows\\Start Menu\\Programs\\Python 3.14\\Python 3.14 Manuals (64-bit).lnk"
[setup:45864] [11:36:20] [TRACE] (5) velopack_bins::windows::shortcuts: [src\bins\src\windows\shortcuts.rs:330] Checking shortcut: '"C:\\Users\\jori\\AppData\\Roaming\\Microsoft\\Windows\\Start Menu\\Programs\\Python 3.14\\Python 3.14 Module Docs (64-bit).lnk"'
[setup:45864] [11:36:20] [DEBUG] (5) velopack_bins::windows::shortcuts: Loading link: "C:\\Users\\jori\\AppData\\Roaming\\Microsoft\\Windows\\Start Menu\\Programs\\Python 3.14\\Python 3.14 Module Docs (64-bit).lnk"
[setup:45864] [11:36:20] [TRACE] (5) velopack_bins::windows::shortcuts: [src\bins\src\windows\shortcuts.rs:330] Checking shortcut: '"C:\\Users\\jori\\AppData\\Roaming\\Microsoft\\Windows\\Start Menu\\Programs\\Screen Capture Debug.lnk"'
[setup:45864] [11:36:20] [DEBUG] (5) velopack_bins::windows::shortcuts: Loading link: "C:\\Users\\jori\\AppData\\Roaming\\Microsoft\\Windows\\Start Menu\\Programs\\Screen Capture Debug.lnk"
[setup:45864] [11:36:20] [TRACE] (5) velopack_bins::windows::shortcuts: [src\bins\src\windows\shortcuts.rs:330] Checking shortcut: '"C:\\Users\\jori\\AppData\\Roaming\\Microsoft\\Windows\\Start Menu\\Programs\\Signal.lnk"'
[setup:45864] [11:36:20] [DEBUG] (5) velopack_bins::windows::shortcuts: Loading link: "C:\\Users\\jori\\AppData\\Roaming\\Microsoft\\Windows\\Start Menu\\Programs\\Signal.lnk"
[setup:45864] [11:36:20] [TRACE] (5) velopack_bins::windows::shortcuts: [src\bins\src\windows\shortcuts.rs:330] Checking shortcut: '"C:\\Users\\jori\\AppData\\Roaming\\Microsoft\\Windows\\Start Menu\\Programs\\Spotifast.lnk"'
[setup:45864] [11:36:20] [DEBUG] (5) velopack_bins::windows::shortcuts: Loading link: "C:\\Users\\jori\\AppData\\Roaming\\Microsoft\\Windows\\Start Menu\\Programs\\Spotifast.lnk"
[setup:45864] [11:36:20] [TRACE] (5) velopack_bins::windows::shortcuts: [src\bins\src\windows\shortcuts.rs:330] Checking shortcut: '"C:\\Users\\jori\\AppData\\Roaming\\Microsoft\\Windows\\Start Menu\\Programs\\Startup\\Ollama.lnk"'
[setup:45864] [11:36:20] [DEBUG] (5) velopack_bins::windows::shortcuts: Loading link: "C:\\Users\\jori\\AppData\\Roaming\\Microsoft\\Windows\\Start Menu\\Programs\\Startup\\Ollama.lnk"
[setup:45864] [11:36:20] [TRACE] (5) velopack_bins::windows::shortcuts: [src\bins\src\windows\shortcuts.rs:330] Checking shortcut: '"C:\\Users\\jori\\AppData\\Roaming\\Microsoft\\Windows\\Start Menu\\Programs\\Startup\\Visual Studio Code.lnk"'
[setup:45864] [11:36:20] [DEBUG] (5) velopack_bins::windows::shortcuts: Loading link: "C:\\Users\\jori\\AppData\\Roaming\\Microsoft\\Windows\\Start Menu\\Programs\\Startup\\Visual Studio Code.lnk"
[setup:45864] [11:36:20] [TRACE] (5) velopack_bins::windows::shortcuts: [src\bins\src\windows\shortcuts.rs:330] Checking shortcut: '"C:\\Users\\jori\\AppData\\Roaming\\Microsoft\\Windows\\Start Menu\\Programs\\Startup\\Wispr Flow.lnk"'
[setup:45864] [11:36:20] [DEBUG] (5) velopack_bins::windows::shortcuts: Loading link: "C:\\Users\\jori\\AppData\\Roaming\\Microsoft\\Windows\\Start Menu\\Programs\\Startup\\Wispr Flow.lnk"
[setup:45864] [11:36:20] [TRACE] (5) velopack_bins::windows::shortcuts: [src\bins\src\windows\shortcuts.rs:330] Checking shortcut: '"C:\\Users\\jori\\AppData\\Roaming\\Microsoft\\Windows\\Start Menu\\Programs\\Stremio.lnk"'
[setup:45864] [11:36:20] [DEBUG] (5) velopack_bins::windows::shortcuts: Loading link: "C:\\Users\\jori\\AppData\\Roaming\\Microsoft\\Windows\\Start Menu\\Programs\\Stremio.lnk"
[setup:45864] [11:36:20] [TRACE] (5) velopack_bins::windows::shortcuts: [src\bins\src\windows\shortcuts.rs:330] Checking shortcut: '"C:\\Users\\jori\\AppData\\Roaming\\Microsoft\\Windows\\Start Menu\\Programs\\System Tools\\Command Prompt.lnk"'
[setup:45864] [11:36:20] [DEBUG] (5) velopack_bins::windows::shortcuts: Loading link: "C:\\Users\\jori\\AppData\\Roaming\\Microsoft\\Windows\\Start Menu\\Programs\\System Tools\\Command Prompt.lnk"
[setup:45864] [11:36:20] [TRACE] (5) velopack_bins::windows::shortcuts: [src\bins\src\windows\shortcuts.rs:330] Checking shortcut: '"C:\\Users\\jori\\AppData\\Roaming\\Microsoft\\Windows\\Start Menu\\Programs\\System Tools\\Control Panel.lnk"'
[setup:45864] [11:36:20] [DEBUG] (5) velopack_bins::windows::shortcuts: Loading link: "C:\\Users\\jori\\AppData\\Roaming\\Microsoft\\Windows\\Start Menu\\Programs\\System Tools\\Control Panel.lnk"
[setup:45864] [11:36:20] [TRACE] (5) velopack_bins::windows::shortcuts: [src\bins\src\windows\shortcuts.rs:330] Checking shortcut: '"C:\\Users\\jori\\AppData\\Roaming\\Microsoft\\Windows\\Start Menu\\Programs\\System Tools\\Run.lnk"'
[setup:45864] [11:36:20] [DEBUG] (5) velopack_bins::windows::shortcuts: Loading link: "C:\\Users\\jori\\AppData\\Roaming\\Microsoft\\Windows\\Start Menu\\Programs\\System Tools\\Run.lnk"
[setup:45864] [11:36:20] [TRACE] (5) velopack_bins::windows::shortcuts: [src\bins\src\windows\shortcuts.rs:330] Checking shortcut: '"C:\\Users\\jori\\AppData\\Roaming\\Microsoft\\Windows\\Start Menu\\Programs\\Test Error Dialog.lnk"'
[setup:45864] [11:36:20] [DEBUG] (5) velopack_bins::windows::shortcuts: Loading link: "C:\\Users\\jori\\AppData\\Roaming\\Microsoft\\Windows\\Start Menu\\Programs\\Test Error Dialog.lnk"
[setup:45864] [11:36:20] [TRACE] (5) velopack_bins::windows::shortcuts: [src\bins\src\windows\shortcuts.rs:330] Checking shortcut: '"C:\\Users\\jori\\AppData\\Roaming\\Microsoft\\Windows\\Start Menu\\Programs\\Test.lnk"'
[setup:45864] [11:36:20] [DEBUG] (5) velopack_bins::windows::shortcuts: Loading link: "C:\\Users\\jori\\AppData\\Roaming\\Microsoft\\Windows\\Start Menu\\Programs\\Test.lnk"
[setup:45864] [11:36:20] [TRACE] (5) velopack_bins::windows::shortcuts: [src\bins\src\windows\shortcuts.rs:330] Checking shortcut: '"C:\\Users\\jori\\AppData\\Roaming\\Microsoft\\Windows\\Start Menu\\Programs\\Total Commander\\Total Commander 64 bit.lnk"'
[setup:45864] [11:36:20] [DEBUG] (5) velopack_bins::windows::shortcuts: Loading link: "C:\\Users\\jori\\AppData\\Roaming\\Microsoft\\Windows\\Start Menu\\Programs\\Total Commander\\Total Commander 64 bit.lnk"
[setup:45864] [11:36:20] [TRACE] (5) velopack_bins::windows::shortcuts: [src\bins\src\windows\shortcuts.rs:330] Checking shortcut: '"C:\\Users\\jori\\AppData\\Roaming\\Microsoft\\Windows\\Start Menu\\Programs\\Total Commander\\Total Commander Help.lnk"'
[setup:45864] [11:36:20] [DEBUG] (5) velopack_bins::windows::shortcuts: Loading link: "C:\\Users\\jori\\AppData\\Roaming\\Microsoft\\Windows\\Start Menu\\Programs\\Total Commander\\Total Commander Help.lnk"
[setup:45864] [11:36:20] [TRACE] (5) velopack_bins::windows::shortcuts: [src\bins\src\windows\shortcuts.rs:330] Checking shortcut: '"C:\\Users\\jori\\AppData\\Roaming\\Microsoft\\Windows\\Start Menu\\Programs\\Total Commander\\Uninstall or Repair Total Commander.lnk"'
[setup:45864] [11:36:20] [DEBUG] (5) velopack_bins::windows::shortcuts: Loading link: "C:\\Users\\jori\\AppData\\Roaming\\Microsoft\\Windows\\Start Menu\\Programs\\Total Commander\\Uninstall or Repair Total Commander.lnk"
[setup:45864] [11:36:20] [TRACE] (5) velopack_bins::windows::shortcuts: [src\bins\src\windows\shortcuts.rs:330] Checking shortcut: '"C:\\Users\\jori\\AppData\\Roaming\\Microsoft\\Windows\\Start Menu\\Programs\\UCC 1.0.0 (beta).lnk"'
[setup:45864] [11:36:20] [DEBUG] (5) velopack_bins::windows::shortcuts: Loading link: "C:\\Users\\jori\\AppData\\Roaming\\Microsoft\\Windows\\Start Menu\\Programs\\UCC 1.0.0 (beta).lnk"
[setup:45864] [11:36:20] [TRACE] (5) velopack_bins::windows::shortcuts: [src\bins\src\windows\shortcuts.rs:330] Checking shortcut: '"C:\\Users\\jori\\AppData\\Roaming\\Microsoft\\Windows\\Start Menu\\Programs\\UCC 1.0.0.0.lnk"'
[setup:45864] [11:36:20] [DEBUG] (5) velopack_bins::windows::shortcuts: Loading link: "C:\\Users\\jori\\AppData\\Roaming\\Microsoft\\Windows\\Start Menu\\Programs\\UCC 1.0.0.0.lnk"
[setup:45864] [11:36:20] [TRACE] (5) velopack_bins::windows::shortcuts: [src\bins\src\windows\shortcuts.rs:330] Checking shortcut: '"C:\\Users\\jori\\AppData\\Roaming\\Microsoft\\Windows\\Start Menu\\Programs\\UCC 1.0.0.lnk"'
[setup:45864] [11:36:20] [DEBUG] (5) velopack_bins::windows::shortcuts: Loading link: "C:\\Users\\jori\\AppData\\Roaming\\Microsoft\\Windows\\Start Menu\\Programs\\UCC 1.0.0.lnk"
[setup:45864] [11:36:20] [TRACE] (5) velopack_bins::windows::shortcuts: [src\bins\src\windows\shortcuts.rs:330] Checking shortcut: '"C:\\Users\\jori\\AppData\\Roaming\\Microsoft\\Windows\\Start Menu\\Programs\\UCC Coordinator.lnk"'
[setup:45864] [11:36:20] [DEBUG] (5) velopack_bins::windows::shortcuts: Loading link: "C:\\Users\\jori\\AppData\\Roaming\\Microsoft\\Windows\\Start Menu\\Programs\\UCC Coordinator.lnk"
[setup:45864] [11:36:20] [TRACE] (5) velopack_bins::windows::shortcuts: [src\bins\src\windows\shortcuts.rs:330] Checking shortcut: '"C:\\Users\\jori\\AppData\\Roaming\\Microsoft\\Windows\\Start Menu\\Programs\\UCC.lnk"'
[setup:45864] [11:36:20] [DEBUG] (5) velopack_bins::windows::shortcuts: Loading link: "C:\\Users\\jori\\AppData\\Roaming\\Microsoft\\Windows\\Start Menu\\Programs\\UCC.lnk"
[setup:45864] [11:36:20] [TRACE] (5) velopack_bins::windows::shortcuts: [src\bins\src\windows\shortcuts.rs:330] Checking shortcut: '"C:\\Users\\jori\\AppData\\Roaming\\Microsoft\\Windows\\Start Menu\\Programs\\Ubisoft\\Ubisoft Connect\\Ubisoft Connect.lnk"'
[setup:45864] [11:36:20] [DEBUG] (5) velopack_bins::windows::shortcuts: Loading link: "C:\\Users\\jori\\AppData\\Roaming\\Microsoft\\Windows\\Start Menu\\Programs\\Ubisoft\\Ubisoft Connect\\Ubisoft Connect.lnk"
[setup:45864] [11:36:20] [TRACE] (5) velopack_bins::windows::shortcuts: [src\bins\src\windows\shortcuts.rs:330] Checking shortcut: '"C:\\Users\\jori\\AppData\\Roaming\\Microsoft\\Windows\\Start Menu\\Programs\\Ubisoft\\Ubisoft Connect\\Uninstall.lnk"'
[setup:45864] [11:36:20] [DEBUG] (5) velopack_bins::windows::shortcuts: Loading link: "C:\\Users\\jori\\AppData\\Roaming\\Microsoft\\Windows\\Start Menu\\Programs\\Ubisoft\\Ubisoft Connect\\Uninstall.lnk"
[setup:45864] [11:36:20] [TRACE] (5) velopack_bins::windows::shortcuts: [src\bins\src\windows\shortcuts.rs:330] Checking shortcut: '"C:\\Users\\jori\\AppData\\Roaming\\Microsoft\\Windows\\Start Menu\\Programs\\Ubisoft\\UbisoftConnect\\Ubisoft Connect.lnk"'
[setup:45864] [11:36:20] [DEBUG] (5) velopack_bins::windows::shortcuts: Loading link: "C:\\Users\\jori\\AppData\\Roaming\\Microsoft\\Windows\\Start Menu\\Programs\\Ubisoft\\UbisoftConnect\\Ubisoft Connect.lnk"
[setup:45864] [11:36:20] [TRACE] (5) velopack_bins::windows::shortcuts: [src\bins\src\windows\shortcuts.rs:330] Checking shortcut: '"C:\\Users\\jori\\AppData\\Roaming\\Microsoft\\Windows\\Start Menu\\Programs\\Ubisoft\\UbisoftConnect\\Uninstall.lnk"'
[setup:45864] [11:36:20] [DEBUG] (5) velopack_bins::windows::shortcuts: Loading link: "C:\\Users\\jori\\AppData\\Roaming\\Microsoft\\Windows\\Start Menu\\Programs\\Ubisoft\\UbisoftConnect\\Uninstall.lnk"
[setup:45864] [11:36:20] [TRACE] (5) velopack_bins::windows::shortcuts: [src\bins\src\windows\shortcuts.rs:330] Checking shortcut: '"C:\\Users\\jori\\AppData\\Roaming\\Microsoft\\Windows\\Start Menu\\Programs\\Ubuntu\\Install RELEASE (Ubuntu).lnk"'
[setup:45864] [11:36:20] [DEBUG] (5) velopack_bins::windows::shortcuts: Loading link: "C:\\Users\\jori\\AppData\\Roaming\\Microsoft\\Windows\\Start Menu\\Programs\\Ubuntu\\Install RELEASE (Ubuntu).lnk"
[setup:45864] [11:36:20] [TRACE] (5) velopack_bins::windows::shortcuts: [src\bins\src\windows\shortcuts.rs:330] Checking shortcut: '"C:\\Users\\jori\\AppData\\Roaming\\Microsoft\\Windows\\Start Menu\\Programs\\Unified  Communications Client.lnk"'
[setup:45864] [11:36:20] [DEBUG] (5) velopack_bins::windows::shortcuts: Loading link: "C:\\Users\\jori\\AppData\\Roaming\\Microsoft\\Windows\\Start Menu\\Programs\\Unified  Communications Client.lnk"
[setup:45864] [11:36:20] [TRACE] (5) velopack_bins::windows::shortcuts: [src\bins\src\windows\shortcuts.rs:330] Checking shortcut: '"C:\\Users\\jori\\AppData\\Roaming\\Microsoft\\Windows\\Start Menu\\Programs\\Unified Communications Client  .lnk"'
[setup:45864] [11:36:20] [DEBUG] (5) velopack_bins::windows::shortcuts: Loading link: "C:\\Users\\jori\\AppData\\Roaming\\Microsoft\\Windows\\Start Menu\\Programs\\Unified Communications Client  .lnk"
[setup:45864] [11:36:20] [TRACE] (5) velopack_bins::windows::shortcuts: [src\bins\src\windows\shortcuts.rs:330] Checking shortcut: '"C:\\Users\\jori\\AppData\\Roaming\\Microsoft\\Windows\\Start Menu\\Programs\\Unified Communications Client .lnk"'
[setup:45864] [11:36:20] [DEBUG] (5) velopack_bins::windows::shortcuts: Loading link: "C:\\Users\\jori\\AppData\\Roaming\\Microsoft\\Windows\\Start Menu\\Programs\\Unified Communications Client .lnk"
[setup:45864] [11:36:20] [TRACE] (5) velopack_bins::windows::shortcuts: [src\bins\src\windows\shortcuts.rs:330] Checking shortcut: '"C:\\Users\\jori\\AppData\\Roaming\\Microsoft\\Windows\\Start Menu\\Programs\\Unified Communications Client v657.lnk"'
[setup:45864] [11:36:20] [DEBUG] (5) velopack_bins::windows::shortcuts: Loading link: "C:\\Users\\jori\\AppData\\Roaming\\Microsoft\\Windows\\Start Menu\\Programs\\Unified Communications Client v657.lnk"
[setup:45864] [11:36:20] [TRACE] (5) velopack_bins::windows::shortcuts: [src\bins\src\windows\shortcuts.rs:330] Checking shortcut: '"C:\\Users\\jori\\AppData\\Roaming\\Microsoft\\Windows\\Start Menu\\Programs\\Unified Communications Client.lnk"'
[setup:45864] [11:36:20] [DEBUG] (5) velopack_bins::windows::shortcuts: Loading link: "C:\\Users\\jori\\AppData\\Roaming\\Microsoft\\Windows\\Start Menu\\Programs\\Unified Communications Client.lnk"
[setup:45864] [11:36:20] [TRACE] (5) velopack_bins::windows::shortcuts: [src\bins\src\windows\shortcuts.rs:330] Checking shortcut: '"C:\\Users\\jori\\AppData\\Roaming\\Microsoft\\Windows\\Start Menu\\Programs\\Unraid\\Unraid USB Creator.lnk"'
[setup:45864] [11:36:20] [DEBUG] (5) velopack_bins::windows::shortcuts: Loading link: "C:\\Users\\jori\\AppData\\Roaming\\Microsoft\\Windows\\Start Menu\\Programs\\Unraid\\Unraid USB Creator.lnk"
[setup:45864] [11:36:20] [TRACE] (5) velopack_bins::windows::shortcuts: [src\bins\src\windows\shortcuts.rs:330] Checking shortcut: '"C:\\Users\\jori\\AppData\\Roaming\\Microsoft\\Windows\\Start Menu\\Programs\\Visual Studio Code.lnk"'
[setup:45864] [11:36:20] [DEBUG] (5) velopack_bins::windows::shortcuts: Loading link: "C:\\Users\\jori\\AppData\\Roaming\\Microsoft\\Windows\\Start Menu\\Programs\\Visual Studio Code.lnk"
[setup:45864] [11:36:20] [TRACE] (5) velopack_bins::windows::shortcuts: [src\bins\src\windows\shortcuts.rs:330] Checking shortcut: '"C:\\Users\\jori\\AppData\\Roaming\\Microsoft\\Windows\\Start Menu\\Programs\\VoIP Fabric Portal.lnk"'
[setup:45864] [11:36:20] [DEBUG] (5) velopack_bins::windows::shortcuts: Loading link: "C:\\Users\\jori\\AppData\\Roaming\\Microsoft\\Windows\\Start Menu\\Programs\\VoIP Fabric Portal.lnk"
[setup:45864] [11:36:20] [TRACE] (5) velopack_bins::windows::shortcuts: [src\bins\src\windows\shortcuts.rs:330] Checking shortcut: '"C:\\Users\\jori\\AppData\\Roaming\\Microsoft\\Windows\\Start Menu\\Programs\\Windows PowerShell\\Windows PowerShell (x86).lnk"'
[setup:45864] [11:36:20] [DEBUG] (5) velopack_bins::windows::shortcuts: Loading link: "C:\\Users\\jori\\AppData\\Roaming\\Microsoft\\Windows\\Start Menu\\Programs\\Windows PowerShell\\Windows PowerShell (x86).lnk"
[setup:45864] [11:36:20] [TRACE] (5) velopack_bins::windows::shortcuts: [src\bins\src\windows\shortcuts.rs:330] Checking shortcut: '"C:\\Users\\jori\\AppData\\Roaming\\Microsoft\\Windows\\Start Menu\\Programs\\Windows PowerShell\\Windows PowerShell.lnk"'
[setup:45864] [11:36:20] [DEBUG] (5) velopack_bins::windows::shortcuts: Loading link: "C:\\Users\\jori\\AppData\\Roaming\\Microsoft\\Windows\\Start Menu\\Programs\\Windows PowerShell\\Windows PowerShell.lnk"
[setup:45864] [11:36:20] [TRACE] (5) velopack_bins::windows::shortcuts: [src\bins\src\windows\shortcuts.rs:330] Checking shortcut: '"C:\\Users\\jori\\AppData\\Roaming\\Microsoft\\Windows\\Start Menu\\Programs\\Wispr AI\\Wispr Flow.lnk"'
[setup:45864] [11:36:20] [DEBUG] (5) velopack_bins::windows::shortcuts: Loading link: "C:\\Users\\jori\\AppData\\Roaming\\Microsoft\\Windows\\Start Menu\\Programs\\Wispr AI\\Wispr Flow.lnk"
[setup:45864] [11:36:20] [TRACE] (5) velopack_bins::windows::shortcuts: [src\bins\src\windows\shortcuts.rs:330] Checking shortcut: '"C:\\Users\\jori\\AppData\\Roaming\\Microsoft\\Windows\\Start Menu\\Programs\\Xgpro\\Xgpro.lnk"'
[setup:45864] [11:36:20] [DEBUG] (5) velopack_bins::windows::shortcuts: Loading link: "C:\\Users\\jori\\AppData\\Roaming\\Microsoft\\Windows\\Start Menu\\Programs\\Xgpro\\Xgpro.lnk"
[setup:45864] [11:36:20] [INFO] Searching for shortcuts in: ShortcutLocationFlags(USER_PINNED) (C:\Users\jori\AppData\Roaming\Microsoft\Internet Explorer\Quick Launch\User Pinned/**/*.lnk)
[setup:45864] [11:36:20] [TRACE] (5) velopack_bins::windows::shortcuts: [src\bins\src\windows\shortcuts.rs:330] Checking shortcut: '"C:\\Users\\jori\\AppData\\Roaming\\Microsoft\\Internet Explorer\\Quick Launch\\User Pinned\\ImplicitAppShortcuts\\1b86957d7d01f12c\\League of Legends.lnk"'
[setup:45864] [11:36:20] [DEBUG] (5) velopack_bins::windows::shortcuts: Loading link: "C:\\Users\\jori\\AppData\\Roaming\\Microsoft\\Internet Explorer\\Quick Launch\\User Pinned\\ImplicitAppShortcuts\\1b86957d7d01f12c\\League of Legends.lnk"
[setup:45864] [11:36:20] [TRACE] (5) velopack_bins::windows::shortcuts: [src\bins\src\windows\shortcuts.rs:330] Checking shortcut: '"C:\\Users\\jori\\AppData\\Roaming\\Microsoft\\Internet Explorer\\Quick Launch\\User Pinned\\ImplicitAppShortcuts\\1fd9ca90ea8fbea4\\Blender 4.0.lnk"'
[setup:45864] [11:36:20] [DEBUG] (5) velopack_bins::windows::shortcuts: Loading link: "C:\\Users\\jori\\AppData\\Roaming\\Microsoft\\Internet Explorer\\Quick Launch\\User Pinned\\ImplicitAppShortcuts\\1fd9ca90ea8fbea4\\Blender 4.0.lnk"
[setup:45864] [11:36:20] [TRACE] (5) velopack_bins::windows::shortcuts: [src\bins\src\windows\shortcuts.rs:330] Checking shortcut: '"C:\\Users\\jori\\AppData\\Roaming\\Microsoft\\Internet Explorer\\Quick Launch\\User Pinned\\ImplicitAppShortcuts\\d356105fac5527ef\\Steam.lnk"'
[setup:45864] [11:36:20] [DEBUG] (5) velopack_bins::windows::shortcuts: Loading link: "C:\\Users\\jori\\AppData\\Roaming\\Microsoft\\Internet Explorer\\Quick Launch\\User Pinned\\ImplicitAppShortcuts\\d356105fac5527ef\\Steam.lnk"
[setup:45864] [11:36:20] [TRACE] (5) velopack_bins::windows::shortcuts: [src\bins\src\windows\shortcuts.rs:330] Checking shortcut: '"C:\\Users\\jori\\AppData\\Roaming\\Microsoft\\Internet Explorer\\Quick Launch\\User Pinned\\TaskBar\\AIMP.lnk"'
[setup:45864] [11:36:20] [DEBUG] (5) velopack_bins::windows::shortcuts: Loading link: "C:\\Users\\jori\\AppData\\Roaming\\Microsoft\\Internet Explorer\\Quick Launch\\User Pinned\\TaskBar\\AIMP.lnk"
[setup:45864] [11:36:20] [TRACE] (5) velopack_bins::windows::shortcuts: [src\bins\src\windows\shortcuts.rs:330] Checking shortcut: '"C:\\Users\\jori\\AppData\\Roaming\\Microsoft\\Internet Explorer\\Quick Launch\\User Pinned\\TaskBar\\File Explorer.lnk"'
[setup:45864] [11:36:20] [DEBUG] (5) velopack_bins::windows::shortcuts: Loading link: "C:\\Users\\jori\\AppData\\Roaming\\Microsoft\\Internet Explorer\\Quick Launch\\User Pinned\\TaskBar\\File Explorer.lnk"
[setup:45864] [11:36:20] [TRACE] (5) velopack_bins::windows::shortcuts: [src\bins\src\windows\shortcuts.rs:330] Checking shortcut: '"C:\\Users\\jori\\AppData\\Roaming\\Microsoft\\Internet Explorer\\Quick Launch\\User Pinned\\TaskBar\\Firefox.lnk"'
[setup:45864] [11:36:20] [DEBUG] (5) velopack_bins::windows::shortcuts: Loading link: "C:\\Users\\jori\\AppData\\Roaming\\Microsoft\\Internet Explorer\\Quick Launch\\User Pinned\\TaskBar\\Firefox.lnk"
[setup:45864] [11:36:20] [TRACE] (5) velopack_bins::windows::shortcuts: [src\bins\src\windows\shortcuts.rs:330] Checking shortcut: '"C:\\Users\\jori\\AppData\\Roaming\\Microsoft\\Internet Explorer\\Quick Launch\\User Pinned\\TaskBar\\GitHub Desktop.lnk"'
[setup:45864] [11:36:20] [DEBUG] (5) velopack_bins::windows::shortcuts: Loading link: "C:\\Users\\jori\\AppData\\Roaming\\Microsoft\\Internet Explorer\\Quick Launch\\User Pinned\\TaskBar\\GitHub Desktop.lnk"
[setup:45864] [11:36:20] [TRACE] (5) velopack_bins::windows::shortcuts: [src\bins\src\windows\shortcuts.rs:330] Checking shortcut: '"C:\\Users\\jori\\AppData\\Roaming\\Microsoft\\Internet Explorer\\Quick Launch\\User Pinned\\TaskBar\\OpenLens.lnk"'
[setup:45864] [11:36:20] [DEBUG] (5) velopack_bins::windows::shortcuts: Loading link: "C:\\Users\\jori\\AppData\\Roaming\\Microsoft\\Internet Explorer\\Quick Launch\\User Pinned\\TaskBar\\OpenLens.lnk"
[setup:45864] [11:36:20] [TRACE] (5) velopack_bins::windows::shortcuts: [src\bins\src\windows\shortcuts.rs:330] Checking shortcut: '"C:\\Users\\jori\\AppData\\Roaming\\Microsoft\\Internet Explorer\\Quick Launch\\User Pinned\\TaskBar\\Outlook.lnk"'
[setup:45864] [11:36:20] [DEBUG] (5) velopack_bins::windows::shortcuts: Loading link: "C:\\Users\\jori\\AppData\\Roaming\\Microsoft\\Internet Explorer\\Quick Launch\\User Pinned\\TaskBar\\Outlook.lnk"
[setup:45864] [11:36:20] [TRACE] (5) velopack_bins::windows::shortcuts: [src\bins\src\windows\shortcuts.rs:330] Checking shortcut: '"C:\\Users\\jori\\AppData\\Roaming\\Microsoft\\Internet Explorer\\Quick Launch\\User Pinned\\TaskBar\\Remote Desktop Connection.lnk"'
[setup:45864] [11:36:20] [DEBUG] (5) velopack_bins::windows::shortcuts: Loading link: "C:\\Users\\jori\\AppData\\Roaming\\Microsoft\\Internet Explorer\\Quick Launch\\User Pinned\\TaskBar\\Remote Desktop Connection.lnk"
[setup:45864] [11:36:20] [TRACE] (5) velopack_bins::windows::shortcuts: [src\bins\src\windows\shortcuts.rs:330] Checking shortcut: '"C:\\Users\\jori\\AppData\\Roaming\\Microsoft\\Internet Explorer\\Quick Launch\\User Pinned\\TaskBar\\Remote Desktop Manager (RDM).lnk"'
[setup:45864] [11:36:20] [DEBUG] (5) velopack_bins::windows::shortcuts: Loading link: "C:\\Users\\jori\\AppData\\Roaming\\Microsoft\\Internet Explorer\\Quick Launch\\User Pinned\\TaskBar\\Remote Desktop Manager (RDM).lnk"
[setup:45864] [11:36:20] [TRACE] (5) velopack_bins::windows::shortcuts: [src\bins\src\windows\shortcuts.rs:330] Checking shortcut: '"C:\\Users\\jori\\AppData\\Roaming\\Microsoft\\Internet Explorer\\Quick Launch\\User Pinned\\TaskBar\\Royal TS V7.lnk"'
[setup:45864] [11:36:20] [DEBUG] (5) velopack_bins::windows::shortcuts: Loading link: "C:\\Users\\jori\\AppData\\Roaming\\Microsoft\\Internet Explorer\\Quick Launch\\User Pinned\\TaskBar\\Royal TS V7.lnk"
[setup:45864] [11:36:20] [TRACE] (5) velopack_bins::windows::shortcuts: [src\bins\src\windows\shortcuts.rs:330] Checking shortcut: '"C:\\Users\\jori\\AppData\\Roaming\\Microsoft\\Internet Explorer\\Quick Launch\\User Pinned\\TaskBar\\RustDesk.lnk"'
[setup:45864] [11:36:20] [DEBUG] (5) velopack_bins::windows::shortcuts: Loading link: "C:\\Users\\jori\\AppData\\Roaming\\Microsoft\\Internet Explorer\\Quick Launch\\User Pinned\\TaskBar\\RustDesk.lnk"
[setup:45864] [11:36:20] [TRACE] (5) velopack_bins::windows::shortcuts: [src\bins\src\windows\shortcuts.rs:330] Checking shortcut: '"C:\\Users\\jori\\AppData\\Roaming\\Microsoft\\Internet Explorer\\Quick Launch\\User Pinned\\TaskBar\\SteamVR.lnk"'
[setup:45864] [11:36:20] [DEBUG] (5) velopack_bins::windows::shortcuts: Loading link: "C:\\Users\\jori\\AppData\\Roaming\\Microsoft\\Internet Explorer\\Quick Launch\\User Pinned\\TaskBar\\SteamVR.lnk"
[setup:45864] [11:36:20] [TRACE] (5) velopack_bins::windows::shortcuts: [src\bins\src\windows\shortcuts.rs:330] Checking shortcut: '"C:\\Users\\jori\\AppData\\Roaming\\Microsoft\\Internet Explorer\\Quick Launch\\User Pinned\\TaskBar\\Stremio.lnk"'
[setup:45864] [11:36:20] [DEBUG] (5) velopack_bins::windows::shortcuts: Loading link: "C:\\Users\\jori\\AppData\\Roaming\\Microsoft\\Internet Explorer\\Quick Launch\\User Pinned\\TaskBar\\Stremio.lnk"
[setup:45864] [11:36:20] [TRACE] (5) velopack_bins::windows::shortcuts: [src\bins\src\windows\shortcuts.rs:330] Checking shortcut: '"C:\\Users\\jori\\AppData\\Roaming\\Microsoft\\Internet Explorer\\Quick Launch\\User Pinned\\TaskBar\\Tombstones\\Visual Studio 2022.lnk"'
[setup:45864] [11:36:20] [DEBUG] (5) velopack_bins::windows::shortcuts: Loading link: "C:\\Users\\jori\\AppData\\Roaming\\Microsoft\\Internet Explorer\\Quick Launch\\User Pinned\\TaskBar\\Tombstones\\Visual Studio 2022.lnk"
[setup:45864] [11:36:20] [TRACE] (5) velopack_bins::windows::shortcuts: [src\bins\src\windows\shortcuts.rs:330] Checking shortcut: '"C:\\Users\\jori\\AppData\\Roaming\\Microsoft\\Internet Explorer\\Quick Launch\\User Pinned\\TaskBar\\VIVE Wireless.lnk"'
[setup:45864] [11:36:20] [DEBUG] (5) velopack_bins::windows::shortcuts: Loading link: "C:\\Users\\jori\\AppData\\Roaming\\Microsoft\\Internet Explorer\\Quick Launch\\User Pinned\\TaskBar\\VIVE Wireless.lnk"
[setup:45864] [11:36:20] [TRACE] (5) velopack_bins::windows::shortcuts: [src\bins\src\windows\shortcuts.rs:330] Checking shortcut: '"C:\\Users\\jori\\AppData\\Roaming\\Microsoft\\Internet Explorer\\Quick Launch\\User Pinned\\TaskBar\\Visual Studio Code.lnk"'
[setup:45864] [11:36:20] [DEBUG] (5) velopack_bins::windows::shortcuts: Loading link: "C:\\Users\\jori\\AppData\\Roaming\\Microsoft\\Internet Explorer\\Quick Launch\\User Pinned\\TaskBar\\Visual Studio Code.lnk"
[setup:45864] [11:36:20] [TRACE] (5) velopack_bins::windows::shortcuts: [src\bins\src\windows\shortcuts.rs:330] Checking shortcut: '"C:\\Users\\jori\\AppData\\Roaming\\Microsoft\\Internet Explorer\\Quick Launch\\User Pinned\\TaskBar\\Visual Studio.lnk"'
[setup:45864] [11:36:20] [DEBUG] (5) velopack_bins::windows::shortcuts: Loading link: "C:\\Users\\jori\\AppData\\Roaming\\Microsoft\\Internet Explorer\\Quick Launch\\User Pinned\\TaskBar\\Visual Studio.lnk"
[setup:45864] [11:36:20] [TRACE] (5) velopack_bins::windows::shortcuts: [src\bins\src\windows\shortcuts.rs:330] Checking shortcut: '"C:\\Users\\jori\\AppData\\Roaming\\Microsoft\\Internet Explorer\\Quick Launch\\User Pinned\\TaskBar\\dupeGuru.lnk"'
[setup:45864] [11:36:20] [DEBUG] (5) velopack_bins::windows::shortcuts: Loading link: "C:\\Users\\jori\\AppData\\Roaming\\Microsoft\\Internet Explorer\\Quick Launch\\User Pinned\\TaskBar\\dupeGuru.lnk"
[setup:45864] [11:36:20] [TRACE] (5) velopack_bins::windows::shortcuts: [src\bins\src\windows\shortcuts.rs:330] Checking shortcut: '"C:\\Users\\jori\\AppData\\Roaming\\Microsoft\\Internet Explorer\\Quick Launch\\User Pinned\\TaskBar\\psst-gui.lnk"'
[setup:45864] [11:36:20] [DEBUG] (5) velopack_bins::windows::shortcuts: Loading link: "C:\\Users\\jori\\AppData\\Roaming\\Microsoft\\Internet Explorer\\Quick Launch\\User Pinned\\TaskBar\\psst-gui.lnk"
[setup:45864] [11:36:20] [INFO] Will update all current shortcuts: []
[setup:45864] [11:36:20] [INFO] Creating new shortcut for flag '"C:\\Users\\jori\\AppData\\Roaming\\Microsoft\\Windows\\Start Menu\\Programs\\BrowserAI (suite).lnk"' (ShortcutLocationFlags(START_MENU_ROOT)).
[setup:45864] [11:36:20] [INFO] Starting process install hook
[setup:45864] [11:36:20] [INFO] Running --veloapp-install hook...
[setup:45864] [11:36:20] [INFO] About to launch: 'WideString("C:\\Source\\SixFive7\\BrowserAI\\.work\\velopack-rows\\root-a\\current\\BrowserAI.exe")' in dir 'Some(WideString("C:\\Source\\SixFive7\\BrowserAI\\.work\\velopack-rows\\root-a\\current"))' with arguments: WideString("\"C:\\Source\\SixFive7\\BrowserAI\\.work\\velopack-rows\\root-a\\current\\BrowserAI.exe\" --veloapp-install 1.1.0\0")
[setup:45864] [11:36:20] [INFO] Environment block present: true, flags: PROCESS_CREATION_FLAGS(134218752)
[setup:45864] [11:36:20] [INFO] Waiting 30000ms for process handle to exit.
[setup:45864] [11:36:21] [INFO] Hook executed successfully (took 1348.5956ms)
[setup:45864] [11:36:21] [INFO] Checking for running processes in: C:\Source\SixFive7\BrowserAI\.work\velopack-rows\root-a
[setup:45864] [11:36:21] [INFO] Inspected 600 running processes in 243ms, 0 matched directory
[setup:45864] [11:36:21] [INFO] Force-stop check complete.
[setup:45864] [11:36:21] [INFO] Writing uninstall registry key...
[setup:45864] [11:36:21] [INFO] Starting app...
[setup:45864] [11:36:21] [DEBUG] (2) velopack_bins::shared::util_windows: Setting environment variable: VELOPACK_FIRSTRUN=true
[setup:45864] [11:36:21] [INFO] About to launch: 'WideString("C:\\Source\\SixFive7\\BrowserAI\\.work\\velopack-rows\\root-a\\current\\BrowserAI.exe")' in dir 'Some(WideString("C:\\Source\\SixFive7\\BrowserAI\\.work\\velopack-rows\\root-a\\current"))' with arguments: WideString("\"C:\\Source\\SixFive7\\BrowserAI\\.work\\velopack-rows\\root-a\\current\\BrowserAI.exe\"\0")
[setup:45864] [11:36:21] [INFO] Environment block present: true, flags: PROCESS_CREATION_FLAGS(1024)
[setup:45864] [11:36:21] [INFO] Installation completed successfully!
