"FullName","Length","LastWriteTime"
"C:\Users\jori\AppData\Local\BrowserAI\browsers",,"15-9-2026 13:01:48"
"C:\Users\jori\AppData\Local\BrowserAI\index",,"15-9-2026 16:14:24"
"C:\Users\jori\AppData\Local\BrowserAI\instances",,"15-9-2026 16:14:29"
"C:\Users\jori\AppData\Local\BrowserAI\live",,"15-9-2026 16:14:29"
"C:\Users\jori\AppData\Local\BrowserAI\logs",,"15-9-2026 16:08:09"
"C:\Users\jori\AppData\Local\BrowserAI\browsers\.links",,"16-8-2026 12:47:13"
"C:\Users\jori\AppData\Local\BrowserAI\browsers\.settings",,"18-8-2026 16:13:38"
"C:\Users\jori\AppData\Local\BrowserAI\browsers\chromium-1243",,"14-9-2026 19:26:56"
"C:\Users\jori\AppData\Local\BrowserAI\browsers\chromium-1244",,"15-9-2026 07:37:22"
"C:\Users\jori\AppData\Local\BrowserAI\browsers\ffmpeg-1011",,"16-8-2026 12:47:25"
"C:\Users\jori\AppData\Local\BrowserAI\browsers\firefox-1542",,"14-9-2026 19:28:19"
"C:\Users\jori\AppData\Local\BrowserAI\browsers\firefox-1544",,"15-9-2026 07:44:22"
"C:\Users\jori\AppData\Local\BrowserAI\browsers\winldd-1007",,"16-8-2026 12:47:25"
"C:\Users\jori\AppData\Local\BrowserAI\browsers\reinstall.lock","133","20-8-2026 12:56:30"
"C:\Users\jori\AppData\Local\BrowserAI\browsers\.links\5395305f202ac364629163c6ad75e29036a49f19","69","15-9-2026 13:01:48"
"C:\Users\jori\AppData\Local\BrowserAI\browsers\.settings\dashboard.json","18","18-8-2026 16:18:00"
"C:\Users\jori\AppData\Local\BrowserAI\browsers\chromium-1243\chrome-win64",,"14-9-2026 19:26:59"
"C:\Users\jori\AppData\Local\BrowserAI\browsers\chromium-1243\DEPENDENCIES_VALIDATED","0","7-9-2026 10:27:19"
"C:\Users\jori\AppData\Local\BrowserAI\browsers\chromium-1243\INSTALLATION_COMPLETE","0","7-9-2026 10:27:14"
"C:\Users\jori\AppData\Local\BrowserAI\browsers\chromium-1243\chrome-win64\hyphen-data",,"14-9-2026 19:26:59"
"C:\Users\jori\AppData\Local\BrowserAI\browsers\chromium-1243\chrome-win64\IwaKeyDistribution",,"14-9-2026 19:26:59"
"C:\Users\jori\AppData\Local\BrowserAI\browsers\chromium-1243\chrome-win64\locales",,"14-9-2026 19:26:59"
"C:\Users\jori\AppData\Local\BrowserAI\browsers\chromium-1243\chrome-win64\MEIPreload",,"14-9-2026 19:26:59"
"C:\Users\jori\AppData\Local\BrowserAI\browsers\chromium-1243\chrome-win64\PrivacySandboxAttestationsPreloaded",,"14-9-2026 19:26:59"
"C:\Users\jori\AppData\Local\BrowserAI\browsers\chromium-1243\chrome-win64\resources",,"14-9-2026 19:26:59"
"C:\Users\jori\AppData\Local\BrowserAI\browsers\chromium-1243\chrome-win64\153.0.8010.12.manifest","226","7-9-2026 10:27:11"
"C:\Users\jori\AppData\Local\BrowserAI\browsers\chromium-1243\chrome-win64\ABOUT","257","7-9-2026 10:27:11"
"C:\Users\jori\AppData\Local\BrowserAI\browsers\chromium-1243\chrome-win64\chrome_100_percent.pak","737731","7-9-2026 10:27:13"
"C:\Users\jori\AppData\Local\BrowserAI\browsers\chromium-1243\chrome-win64\chrome_200_percent.pak","1286352","7-9-2026 10:27:13"
"C:\Users\jori\AppData\Local\BrowserAI\browsers\chromium-1243\chrome-win64\chrome_elf.dll","2729984","7-9-2026 10:27:13"
"C:\Users\jori\AppData\Local\BrowserAI\browsers\chromium-1243\chrome-win64\chrome_proxy.exe","2553344","7-9-2026 10:27:13"
"C:\Users\jori\AppData\Local\BrowserAI\browsers\chromium-1243\chrome-win64\chrome_pwa_launcher.exe","3182592","7-9-2026 10:27:13"
"C:\Users\jori\AppData\Local\BrowserAI\browsers\chromium-1243\chrome-win64\chrome_wer.dll","115200","7-9-2026 10:27:13"
"C:\Users\jori\AppData\Local\BrowserAI\browsers\chromium-1243\chrome-win64\chrome.dll","301124096","7-9-2026 10:27:13"
"C:\Users\jori\AppData\Local\BrowserAI\browsers\chromium-1243\chrome-win64\chrome.exe","4508160","7-9-2026 10:27:13"
"C:\Users\jori\AppData\Local\BrowserAI\browsers\chromium-1243\chrome-win64\D3DCompiler_47.dll","4753864","7-9-2026 10:27:11"
"C:\Users\jori\AppData\Local\BrowserAI\browsers\chromium-1243\chrome-win64\dxcompiler.dll","25830400","7-9-2026 10:27:13"
"C:\Users\jori\AppData\Local\BrowserAI\browsers\chromium-1243\chrome-win64\dxil.dll","1503728","7-9-2026 10:27:13"
"C:\Users\jori\AppData\Local\BrowserAI\browsers\chromium-1243\chrome-win64\elevated_tracing_service.exe","4485120","7-9-2026 10:27:13"
"C:\Users\jori\AppData\Local\BrowserAI\browsers\chromium-1243\chrome-win64\elevation_service.exe","3840512","7-9-2026 10:27:13"
"C:\Users\jori\AppData\Local\BrowserAI\browsers\chromium-1243\chrome-win64\First Run","8","7-9-2026 10:27:11"
"C:\Users\jori\AppData\Local\BrowserAI\browsers\chromium-1243\chrome-win64\icudtl.dat","10823536","7-9-2026 10:27:13"
"C:\Users\jori\AppData\Local\BrowserAI\browsers\chromium-1243\chrome-win64\libEGL.dll","453120","7-9-2026 10:27:13"
"C:\Users\jori\AppData\Local\BrowserAI\browsers\chromium-1243\chrome-win64\libGLESv2.dll","453120","7-9-2026 10:27:13"
"C:\Users\jori\AppData\Local\BrowserAI\browsers\chromium-1243\chrome-win64\notification_helper.exe","2786304","7-9-2026 10:27:14"
"C:\Users\jori\AppData\Local\BrowserAI\browsers\chromium-1243\chrome-win64\resources.pak","22880170","7-9-2026 10:27:14"
"C:\Users\jori\AppData\Local\BrowserAI\browsers\chromium-1243\chrome-win64\setup.exe","6154240","7-9-2026 10:27:14"
"C:\Users\jori\AppData\Local\BrowserAI\browsers\chromium-1243\chrome-win64\v8_context_snapshot.bin","747232","7-9-2026 10:27:14"
"C:\Users\jori\AppData\Local\BrowserAI\browsers\chromium-1243\chrome-win64\vk_swiftshader_icd.json","106","7-9-2026 10:27:14"
"C:\Users\jori\AppData\Local\BrowserAI\browsers\chromium-1243\chrome-win64\vk_swiftshader.dll","5419008","7-9-2026 10:27:14"
"C:\Users\jori\AppData\Local\BrowserAI\browsers\chromium-1243\chrome-win64\vulkan-1.dll","986624","7-9-2026 10:27:14"
"C:\Users\jori\AppData\Local\BrowserAI\browsers\chromium-1243\chrome-win64\hyphen-data\hyph-af.hyb","72640","7-9-2026 10:27:14"
"C:\Users\jori\AppData\Local\BrowserAI\browsers\chromium-1243\chrome-win64\hyphen-data\hyph-as.hyb","703","7-9-2026 10:27:14"
"C:\Users\jori\AppData\Local\BrowserAI\browsers\chromium-1243\chrome-win64\hyphen-data\hyph-be.hyb","6098","7-9-2026 10:27:14"
"C:\Users\jori\AppData\Local\BrowserAI\browsers\chromium-1243\chrome-win64\hyphen-data\hyph-bg.hyb","3467","7-9-2026 10:27:14"
"C:\Users\jori\AppData\Local\BrowserAI\browsers\chromium-1243\chrome-win64\hyphen-data\hyph-bn.hyb","703","7-9-2026 10:27:14"
"C:\Users\jori\AppData\Local\BrowserAI\browsers\chromium-1243\chrome-win64\hyphen-data\hyph-cs.hyb","64245","7-9-2026 10:27:14"
"C:\Users\jori\AppData\Local\BrowserAI\browsers\chromium-1243\chrome-win64\hyphen-data\hyph-cu.hyb","52842","7-9-2026 10:27:14"
"C:\Users\jori\AppData\Local\BrowserAI\browsers\chromium-1243\chrome-win64\hyphen-data\hyph-cy.hyb","35913","7-9-2026 10:27:14"
"C:\Users\jori\AppData\Local\BrowserAI\browsers\chromium-1243\chrome-win64\hyphen-data\hyph-da.hyb","6967","7-9-2026 10:27:14"
"C:\Users\jori\AppData\Local\BrowserAI\browsers\chromium-1243\chrome-win64\hyphen-data\hyph-de-1901.hyb","121393","7-9-2026 10:27:14"
"C:\Users\jori\AppData\Local\BrowserAI\browsers\chromium-1243\chrome-win64\hyphen-data\hyph-de-1996.hyb","120412","7-9-2026 10:27:14"
"C:\Users\jori\AppData\Local\BrowserAI\browsers\chromium-1243\chrome-win64\hyphen-data\hyph-de-ch-1901.hyb","120218","7-9-2026 10:27:14"
"C:\Users\jori\AppData\Local\BrowserAI\browsers\chromium-1243\chrome-win64\hyphen-data\hyph-el.hyb","4219","7-9-2026 10:27:14"
"C:\Users\jori\AppData\Local\BrowserAI\browsers\chromium-1243\chrome-win64\hyphen-data\hyph-en-gb.hyb","46607","7-9-2026 10:27:14"
"C:\Users\jori\AppData\Local\BrowserAI\browsers\chromium-1243\chrome-win64\hyphen-data\hyph-en-us.hyb","59802","7-9-2026 10:27:14"
"C:\Users\jori\AppData\Local\BrowserAI\browsers\chromium-1243\chrome-win64\hyphen-data\hyph-es.hyb","14995","7-9-2026 10:27:14"
"C:\Users\jori\AppData\Local\BrowserAI\browsers\chromium-1243\chrome-win64\hyphen-data\hyph-et.hyb","21421","7-9-2026 10:27:14"
"C:\Users\jori\AppData\Local\BrowserAI\browsers\chromium-1243\chrome-win64\hyphen-data\hyph-eu.hyb","665","7-9-2026 10:27:14"
"C:\Users\jori\AppData\Local\BrowserAI\browsers\chromium-1243\chrome-win64\hyphen-data\hyph-fr.hyb","8165","7-9-2026 10:27:14"
"C:\Users\jori\AppData\Local\BrowserAI\browsers\chromium-1243\chrome-win64\hyphen-data\hyph-ga.hyb","35824","7-9-2026 10:27:14"
"C:\Users\jori\AppData\Local\BrowserAI\browsers\chromium-1243\chrome-win64\hyphen-data\hyph-gl.hyb","9289","7-9-2026 10:27:14"
"C:\Users\jori\AppData\Local\BrowserAI\browsers\chromium-1243\chrome-win64\hyphen-data\hyph-gu.hyb","655","7-9-2026 10:27:14"
"C:\Users\jori\AppData\Local\BrowserAI\browsers\chromium-1243\chrome-win64\hyphen-data\hyph-hi.hyb","687","7-9-2026 10:27:14"
"C:\Users\jori\AppData\Local\BrowserAI\browsers\chromium-1243\chrome-win64\hyphen-data\hyph-hr.hyb","3031","7-9-2026 10:27:14"
"C:\Users\jori\AppData\Local\BrowserAI\browsers\chromium-1243\chrome-win64\hyphen-data\hyph-hu.hyb","317251","7-9-2026 10:27:14"
"C:\Users\jori\AppData\Local\BrowserAI\browsers\chromium-1243\chrome-win64\hyphen-data\hyph-hy.hyb","605","7-9-2026 10:27:14"
"C:\Users\jori\AppData\Local\BrowserAI\browsers\chromium-1243\chrome-win64\hyphen-data\hyph-it.hyb","2512","7-9-2026 10:27:14"
"C:\Users\jori\AppData\Local\BrowserAI\browsers\chromium-1243\chrome-win64\hyphen-data\hyph-ka.hyb","9996","7-9-2026 10:27:14"
"C:\Users\jori\AppData\Local\BrowserAI\browsers\chromium-1243\chrome-win64\hyphen-data\hyph-kn.hyb","711","7-9-2026 10:27:14"
"C:\Users\jori\AppData\Local\BrowserAI\browsers\chromium-1243\chrome-win64\hyphen-data\hyph-la.hyb","1839","7-9-2026 10:27:14"
"C:\Users\jori\AppData\Local\BrowserAI\browsers\chromium-1243\chrome-win64\hyphen-data\hyph-lt.hyb","7774","7-9-2026 10:27:14"
"C:\Users\jori\AppData\Local\BrowserAI\browsers\chromium-1243\chrome-win64\hyphen-data\hyph-lv.hyb","38602","7-9-2026 10:27:14"
"C:\Users\jori\AppData\Local\BrowserAI\browsers\chromium-1243\chrome-win64\hyphen-data\hyph-ml.hyb","776","7-9-2026 10:27:14"
"C:\Users\jori\AppData\Local\BrowserAI\browsers\chromium-1243\chrome-win64\hyphen-data\hyph-mn-cyrl.hyb","5142","7-9-2026 10:27:14"
"C:\Users\jori\AppData\Local\BrowserAI\browsers\chromium-1243\chrome-win64\hyphen-data\hyph-mr.hyb","687","7-9-2026 10:27:14"
"C:\Users\jori\AppData\Local\BrowserAI\browsers\chromium-1243\chrome-win64\hyphen-data\hyph-mul-ethi.hyb","3740","7-9-2026 10:27:14"
"C:\Users\jori\AppData\Local\BrowserAI\browsers\chromium-1243\chrome-win64\hyphen-data\hyph-nb.hyb","145263","7-9-2026 10:27:14"
"C:\Users\jori\AppData\Local\BrowserAI\browsers\chromium-1243\chrome-win64\hyphen-data\hyph-nl.hyb","77080","7-9-2026 10:27:14"
"C:\Users\jori\AppData\Local\BrowserAI\browsers\chromium-1243\chrome-win64\hyphen-data\hyph-nn.hyb","145263","7-9-2026 10:27:14"
"C:\Users\jori\AppData\Local\BrowserAI\browsers\chromium-1243\chrome-win64\hyphen-data\hyph-or.hyb","647","7-9-2026 10:27:14"
"C:\Users\jori\AppData\Local\BrowserAI\browsers\chromium-1243\chrome-win64\hyphen-data\hyph-pa.hyb","607","7-9-2026 10:27:14"
"C:\Users\jori\AppData\Local\BrowserAI\browsers\chromium-1243\chrome-win64\hyphen-data\hyph-pt.hyb","1414","7-9-2026 10:27:14"
"C:\Users\jori\AppData\Local\BrowserAI\browsers\chromium-1243\chrome-win64\hyphen-data\hyph-ru.hyb","19886","7-9-2026 10:27:14"
"C:\Users\jori\AppData\Local\BrowserAI\browsers\chromium-1243\chrome-win64\hyphen-data\hyph-sk.hyb","64103","7-9-2026 10:27:14"
"C:\Users\jori\AppData\Local\BrowserAI\browsers\chromium-1243\chrome-win64\hyphen-data\hyph-sl.hyb","6631","7-9-2026 10:27:14"
"C:\Users\jori\AppData\Local\BrowserAI\browsers\chromium-1243\chrome-win64\hyphen-data\hyph-sq.hyb","2013","7-9-2026 10:27:14"
"C:\Users\jori\AppData\Local\BrowserAI\browsers\chromium-1243\chrome-win64\hyphen-data\hyph-sv.hyb","72119","7-9-2026 10:27:14"
"C:\Users\jori\AppData\Local\BrowserAI\browsers\chromium-1243\chrome-win64\hyphen-data\hyph-ta.hyb","554","7-9-2026 10:27:14"
"C:\Users\jori\AppData\Local\BrowserAI\browsers\chromium-1243\chrome-win64\hyphen-data\hyph-te.hyb","703","7-9-2026 10:27:14"
"C:\Users\jori\AppData\Local\BrowserAI\browsers\chromium-1243\chrome-win64\hyphen-data\hyph-tk.hyb","2712","7-9-2026 10:27:14"
"C:\Users\jori\AppData\Local\BrowserAI\browsers\chromium-1243\chrome-win64\hyphen-data\hyph-uk.hyb","19417","7-9-2026 10:27:14"
"C:\Users\jori\AppData\Local\BrowserAI\browsers\chromium-1243\chrome-win64\hyphen-data\hyph-und-ethi.hyb","3484","7-9-2026 10:27:14"
"C:\Users\jori\AppData\Local\BrowserAI\browsers\chromium-1243\chrome-win64\hyphen-data\manifest.json","77","7-9-2026 10:27:14"
"C:\Users\jori\AppData\Local\BrowserAI\browsers\chromium-1243\chrome-win64\IwaKeyDistribution\iwa-key-distribution.pb","3519","7-9-2026 10:27:11"
"C:\Users\jori\AppData\Local\BrowserAI\browsers\chromium-1243\chrome-win64\IwaKeyDistribution\manifest.json","113","7-9-2026 10:27:11"
"C:\Users\jori\AppData\Local\BrowserAI\browsers\chromium-1243\chrome-win64\locales\af_FEMININE.pak","18","7-9-2026 10:27:13"
"C:\Users\jori\AppData\Local\BrowserAI\browsers\chromium-1243\chrome-win64\locales\af_MASCULINE.pak","18","7-9-2026 10:27:13"
"C:\Users\jori\AppData\Local\BrowserAI\browsers\chromium-1243\chrome-win64\locales\af_NEUTER.pak","18","7-9-2026 10:27:13"
"C:\Users\jori\AppData\Local\BrowserAI\browsers\chromium-1243\chrome-win64\locales\af.pak","549250","7-9-2026 10:27:13"
"C:\Users\jori\AppData\Local\BrowserAI\browsers\chromium-1243\chrome-win64\locales\am_FEMININE.pak","18","7-9-2026 10:27:13"
"C:\Users\jori\AppData\Local\BrowserAI\browsers\chromium-1243\chrome-win64\locales\am_MASCULINE.pak","18","7-9-2026 10:27:13"
"C:\Users\jori\AppData\Local\BrowserAI\browsers\chromium-1243\chrome-win64\locales\am_NEUTER.pak","18","7-9-2026 10:27:13"
"C:\Users\jori\AppData\Local\BrowserAI\browsers\chromium-1243\chrome-win64\locales\am.pak","886152","7-9-2026 10:27:13"
"C:\Users\jori\AppData\Local\BrowserAI\browsers\chromium-1243\chrome-win64\locales\ar_FEMININE.pak","18","7-9-2026 10:27:13"
"C:\Users\jori\AppData\Local\BrowserAI\browsers\chromium-1243\chrome-win64\locales\ar_MASCULINE.pak","18","7-9-2026 10:27:13"
"C:\Users\jori\AppData\Local\BrowserAI\browsers\chromium-1243\chrome-win64\locales\ar_NEUTER.pak","18","7-9-2026 10:27:13"
"C:\Users\jori\AppData\Local\BrowserAI\browsers\chromium-1243\chrome-win64\locales\ar.pak","986595","7-9-2026 10:27:13"
"C:\Users\jori\AppData\Local\BrowserAI\browsers\chromium-1243\chrome-win64\locales\bg_FEMININE.pak","18","7-9-2026 10:27:13"
"C:\Users\jori\AppData\Local\BrowserAI\browsers\chromium-1243\chrome-win64\locales\bg_MASCULINE.pak","18","7-9-2026 10:27:13"
"C:\Users\jori\AppData\Local\BrowserAI\browsers\chromium-1243\chrome-win64\locales\bg_NEUTER.pak","18","7-9-2026 10:27:13"
"C:\Users\jori\AppData\Local\BrowserAI\browsers\chromium-1243\chrome-win64\locales\bg.pak","1018139","7-9-2026 10:27:13"
"C:\Users\jori\AppData\Local\BrowserAI\browsers\chromium-1243\chrome-win64\locales\bn_FEMININE.pak","18","7-9-2026 10:27:13"
"C:\Users\jori\AppData\Local\BrowserAI\browsers\chromium-1243\chrome-win64\locales\bn_MASCULINE.pak","18","7-9-2026 10:27:13"
"C:\Users\jori\AppData\Local\BrowserAI\browsers\chromium-1243\chrome-win64\locales\bn_NEUTER.pak","18","7-9-2026 10:27:13"
"C:\Users\jori\AppData\Local\BrowserAI\browsers\chromium-1243\chrome-win64\locales\bn.pak","1297180","7-9-2026 10:27:13"
"C:\Users\jori\AppData\Local\BrowserAI\browsers\chromium-1243\chrome-win64\locales\ca_FEMININE.pak","18","7-9-2026 10:27:13"
"C:\Users\jori\AppData\Local\BrowserAI\browsers\chromium-1243\chrome-win64\locales\ca_MASCULINE.pak","18","7-9-2026 10:27:13"
"C:\Users\jori\AppData\Local\BrowserAI\browsers\chromium-1243\chrome-win64\locales\ca_NEUTER.pak","18","7-9-2026 10:27:13"
"C:\Users\jori\AppData\Local\BrowserAI\browsers\chromium-1243\chrome-win64\locales\ca.pak","626198","7-9-2026 10:27:13"
"C:\Users\jori\AppData\Local\BrowserAI\browsers\chromium-1243\chrome-win64\locales\cs_FEMININE.pak","18","7-9-2026 10:27:13"
"C:\Users\jori\AppData\Local\BrowserAI\browsers\chromium-1243\chrome-win64\locales\cs_MASCULINE.pak","18","7-9-2026 10:27:13"
"C:\Users\jori\AppData\Local\BrowserAI\browsers\chromium-1243\chrome-win64\locales\cs_NEUTER.pak","18","7-9-2026 10:27:13"
"C:\Users\jori\AppData\Local\BrowserAI\browsers\chromium-1243\chrome-win64\locales\cs.pak","642463","7-9-2026 10:27:13"
"C:\Users\jori\AppData\Local\BrowserAI\browsers\chromium-1243\chrome-win64\locales\da_FEMININE.pak","18","7-9-2026 10:27:13"
"C:\Users\jori\AppData\Local\BrowserAI\browsers\chromium-1243\chrome-win64\locales\da_MASCULINE.pak","18","7-9-2026 10:27:13"
"C:\Users\jori\AppData\Local\BrowserAI\browsers\chromium-1243\chrome-win64\locales\da_NEUTER.pak","18","7-9-2026 10:27:13"
"C:\Users\jori\AppData\Local\BrowserAI\browsers\chromium-1243\chrome-win64\locales\da.pak","579820","7-9-2026 10:27:13"
"C:\Users\jori\AppData\Local\BrowserAI\browsers\chromium-1243\chrome-win64\locales\de_FEMININE.pak","18","7-9-2026 10:27:13"
"C:\Users\jori\AppData\Local\BrowserAI\browsers\chromium-1243\chrome-win64\locales\de_MASCULINE.pak","18","7-9-2026 10:27:13"
"C:\Users\jori\AppData\Local\BrowserAI\browsers\chromium-1243\chrome-win64\locales\de_NEUTER.pak","18","7-9-2026 10:27:13"
"C:\Users\jori\AppData\Local\BrowserAI\browsers\chromium-1243\chrome-win64\locales\de.pak","629329","7-9-2026 10:27:13"
"C:\Users\jori\AppData\Local\BrowserAI\browsers\chromium-1243\chrome-win64\locales\el_FEMININE.pak","18","7-9-2026 10:27:13"
"C:\Users\jori\AppData\Local\BrowserAI\browsers\chromium-1243\chrome-win64\locales\el_MASCULINE.pak","18","7-9-2026 10:27:13"
"C:\Users\jori\AppData\Local\BrowserAI\browsers\chromium-1243\chrome-win64\locales\el_NEUTER.pak","18","7-9-2026 10:27:13"
"C:\Users\jori\AppData\Local\BrowserAI\browsers\chromium-1243\chrome-win64\locales\el.pak","1118488","7-9-2026 10:27:13"
"C:\Users\jori\AppData\Local\BrowserAI\browsers\chromium-1243\chrome-win64\locales\en-GB_FEMININE.pak","18","7-9-2026 10:27:13"
"C:\Users\jori\AppData\Local\BrowserAI\browsers\chromium-1243\chrome-win64\locales\en-GB_MASCULINE.pak","18","7-9-2026 10:27:13"
"C:\Users\jori\AppData\Local\BrowserAI\browsers\chromium-1243\chrome-win64\locales\en-GB_NEUTER.pak","18","7-9-2026 10:27:13"
"C:\Users\jori\AppData\Local\BrowserAI\browsers\chromium-1243\chrome-win64\locales\en-GB.pak","500340","7-9-2026 10:27:13"
"C:\Users\jori\AppData\Local\BrowserAI\browsers\chromium-1243\chrome-win64\locales\en-US_FEMININE.pak","18","7-9-2026 10:27:13"
"C:\Users\jori\AppData\Local\BrowserAI\browsers\chromium-1243\chrome-win64\locales\en-US_MASCULINE.pak","18","7-9-2026 10:27:13"
"C:\Users\jori\AppData\Local\BrowserAI\browsers\chromium-1243\chrome-win64\locales\en-US_NEUTER.pak","18","7-9-2026 10:27:13"
"C:\Users\jori\AppData\Local\BrowserAI\browsers\chromium-1243\chrome-win64\locales\en-US.pak","506221","7-9-2026 10:27:13"
"C:\Users\jori\AppData\Local\BrowserAI\browsers\chromium-1243\chrome-win64\locales\es_FEMININE.pak","18","7-9-2026 10:27:13"
"C:\Users\jori\AppData\Local\BrowserAI\browsers\chromium-1243\chrome-win64\locales\es_MASCULINE.pak","18","7-9-2026 10:27:13"
"C:\Users\jori\AppData\Local\BrowserAI\browsers\chromium-1243\chrome-win64\locales\es_NEUTER.pak","18","7-9-2026 10:27:13"
"C:\Users\jori\AppData\Local\BrowserAI\browsers\chromium-1243\chrome-win64\locales\es-419_FEMININE.pak","18","7-9-2026 10:27:13"
"C:\Users\jori\AppData\Local\BrowserAI\browsers\chromium-1243\chrome-win64\locales\es-419_MASCULINE.pak","18","7-9-2026 10:27:13"
"C:\Users\jori\AppData\Local\BrowserAI\browsers\chromium-1243\chrome-win64\locales\es-419_NEUTER.pak","18","7-9-2026 10:27:13"
"C:\Users\jori\AppData\Local\BrowserAI\browsers\chromium-1243\chrome-win64\locales\es-419.pak","612905","7-9-2026 10:27:13"
"C:\Users\jori\AppData\Local\BrowserAI\browsers\chromium-1243\chrome-win64\locales\es.pak","608691","7-9-2026 10:27:13"
"C:\Users\jori\AppData\Local\BrowserAI\browsers\chromium-1243\chrome-win64\locales\et_FEMININE.pak","18","7-9-2026 10:27:13"
"C:\Users\jori\AppData\Local\BrowserAI\browsers\chromium-1243\chrome-win64\locales\et_MASCULINE.pak","18","7-9-2026 10:27:13"
"C:\Users\jori\AppData\Local\BrowserAI\browsers\chromium-1243\chrome-win64\locales\et_NEUTER.pak","18","7-9-2026 10:27:13"
"C:\Users\jori\AppData\Local\BrowserAI\browsers\chromium-1243\chrome-win64\locales\et.pak","558003","7-9-2026 10:27:13"
"C:\Users\jori\AppData\Local\BrowserAI\browsers\chromium-1243\chrome-win64\locales\fa_FEMININE.pak","18","7-9-2026 10:27:13"
"C:\Users\jori\AppData\Local\BrowserAI\browsers\chromium-1243\chrome-win64\locales\fa_MASCULINE.pak","18","7-9-2026 10:27:13"
"C:\Users\jori\AppData\Local\BrowserAI\browsers\chromium-1243\chrome-win64\locales\fa_NEUTER.pak","18","7-9-2026 10:27:13"
"C:\Users\jori\AppData\Local\BrowserAI\browsers\chromium-1243\chrome-win64\locales\fa.pak","918688","7-9-2026 10:27:13"
"C:\Users\jori\AppData\Local\BrowserAI\browsers\chromium-1243\chrome-win64\locales\fi_FEMININE.pak","18","7-9-2026 10:27:13"
"C:\Users\jori\AppData\Local\BrowserAI\browsers\chromium-1243\chrome-win64\locales\fi_MASCULINE.pak","18","7-9-2026 10:27:13"
"C:\Users\jori\AppData\Local\BrowserAI\browsers\chromium-1243\chrome-win64\locales\fi_NEUTER.pak","18","7-9-2026 10:27:13"
"C:\Users\jori\AppData\Local\BrowserAI\browsers\chromium-1243\chrome-win64\locales\fi.pak","566676","7-9-2026 10:27:13"
"C:\Users\jori\AppData\Local\BrowserAI\browsers\chromium-1243\chrome-win64\locales\fil_FEMININE.pak","18","7-9-2026 10:27:13"
"C:\Users\jori\AppData\Local\BrowserAI\browsers\chromium-1243\chrome-win64\locales\fil_MASCULINE.pak","18","7-9-2026 10:27:13"
"C:\Users\jori\AppData\Local\BrowserAI\browsers\chromium-1243\chrome-win64\locales\fil_NEUTER.pak","18","7-9-2026 10:27:13"
"C:\Users\jori\AppData\Local\BrowserAI\browsers\chromium-1243\chrome-win64\locales\fil.pak","641082","7-9-2026 10:27:13"
"C:\Users\jori\AppData\Local\BrowserAI\browsers\chromium-1243\chrome-win64\locales\fr_FEMININE.pak","18","7-9-2026 10:27:13"
"C:\Users\jori\AppData\Local\BrowserAI\browsers\chromium-1243\chrome-win64\locales\fr_MASCULINE.pak","18","7-9-2026 10:27:13"
"C:\Users\jori\AppData\Local\BrowserAI\browsers\chromium-1243\chrome-win64\locales\fr_NEUTER.pak","18","7-9-2026 10:27:13"
"C:\Users\jori\AppData\Local\BrowserAI\browsers\chromium-1243\chrome-win64\locales\fr.pak","665917","7-9-2026 10:27:13"
"C:\Users\jori\AppData\Local\BrowserAI\browsers\chromium-1243\chrome-win64\locales\gu_FEMININE.pak","18","7-9-2026 10:27:13"
"C:\Users\jori\AppData\Local\BrowserAI\browsers\chromium-1243\chrome-win64\locales\gu_MASCULINE.pak","18","7-9-2026 10:27:13"
"C:\Users\jori\AppData\Local\BrowserAI\browsers\chromium-1243\chrome-win64\locales\gu_NEUTER.pak","18","7-9-2026 10:27:13"
"C:\Users\jori\AppData\Local\BrowserAI\browsers\chromium-1243\chrome-win64\locales\gu.pak","1289444","7-9-2026 10:27:13"
"C:\Users\jori\AppData\Local\BrowserAI\browsers\chromium-1243\chrome-win64\locales\he_FEMININE.pak","18","7-9-2026 10:27:14"
"C:\Users\jori\AppData\Local\BrowserAI\browsers\chromium-1243\chrome-win64\locales\he_MASCULINE.pak","18","7-9-2026 10:27:14"
"C:\Users\jori\AppData\Local\BrowserAI\browsers\chromium-1243\chrome-win64\locales\he_NEUTER.pak","18","7-9-2026 10:27:14"
"C:\Users\jori\AppData\Local\BrowserAI\browsers\chromium-1243\chrome-win64\locales\he.pak","805746","7-9-2026 10:27:13"
"C:\Users\jori\AppData\Local\BrowserAI\browsers\chromium-1243\chrome-win64\locales\hi_FEMININE.pak","18","7-9-2026 10:27:14"
"C:\Users\jori\AppData\Local\BrowserAI\browsers\chromium-1243\chrome-win64\locales\hi_MASCULINE.pak","18","7-9-2026 10:27:14"
"C:\Users\jori\AppData\Local\BrowserAI\browsers\chromium-1243\chrome-win64\locales\hi_NEUTER.pak","18","7-9-2026 10:27:14"
"C:\Users\jori\AppData\Local\BrowserAI\browsers\chromium-1243\chrome-win64\locales\hi.pak","1372229","7-9-2026 10:27:14"
"C:\Users\jori\AppData\Local\BrowserAI\browsers\chromium-1243\chrome-win64\locales\hr_FEMININE.pak","18","7-9-2026 10:27:14"
"C:\Users\jori\AppData\Local\BrowserAI\browsers\chromium-1243\chrome-win64\locales\hr_MASCULINE.pak","18","7-9-2026 10:27:14"
"C:\Users\jori\AppData\Local\BrowserAI\browsers\chromium-1243\chrome-win64\locales\hr_NEUTER.pak","18","7-9-2026 10:27:14"
"C:\Users\jori\AppData\Local\BrowserAI\browsers\chromium-1243\chrome-win64\locales\hr.pak","618549","7-9-2026 10:27:14"
"C:\Users\jori\AppData\Local\BrowserAI\browsers\chromium-1243\chrome-win64\locales\hu_FEMININE.pak","18","7-9-2026 10:27:14"
"C:\Users\jori\AppData\Local\BrowserAI\browsers\chromium-1243\chrome-win64\locales\hu_MASCULINE.pak","18","7-9-2026 10:27:14"
"C:\Users\jori\AppData\Local\BrowserAI\browsers\chromium-1243\chrome-win64\locales\hu_NEUTER.pak","18","7-9-2026 10:27:14"
"C:\Users\jori\AppData\Local\BrowserAI\browsers\chromium-1243\chrome-win64\locales\hu.pak","663088","7-9-2026 10:27:14"
"C:\Users\jori\AppData\Local\BrowserAI\browsers\chromium-1243\chrome-win64\locales\id_FEMININE.pak","18","7-9-2026 10:27:14"
"C:\Users\jori\AppData\Local\BrowserAI\browsers\chromium-1243\chrome-win64\locales\id_MASCULINE.pak","18","7-9-2026 10:27:14"
"C:\Users\jori\AppData\Local\BrowserAI\browsers\chromium-1243\chrome-win64\locales\id_NEUTER.pak","18","7-9-2026 10:27:14"
"C:\Users\jori\AppData\Local\BrowserAI\browsers\chromium-1243\chrome-win64\locales\id.pak","548666","7-9-2026 10:27:14"
"C:\Users\jori\AppData\Local\BrowserAI\browsers\chromium-1243\chrome-win64\locales\it_FEMININE.pak","18","7-9-2026 10:27:14"
"C:\Users\jori\AppData\Local\BrowserAI\browsers\chromium-1243\chrome-win64\locales\it_MASCULINE.pak","18","7-9-2026 10:27:14"
"C:\Users\jori\AppData\Local\BrowserAI\browsers\chromium-1243\chrome-win64\locales\it_NEUTER.pak","18","7-9-2026 10:27:14"
"C:\Users\jori\AppData\Local\BrowserAI\browsers\chromium-1243\chrome-win64\locales\it.pak","607419","7-9-2026 10:27:14"
"C:\Users\jori\AppData\Local\BrowserAI\browsers\chromium-1243\chrome-win64\locales\ja_FEMININE.pak","18","7-9-2026 10:27:14"
"C:\Users\jori\AppData\Local\BrowserAI\browsers\chromium-1243\chrome-win64\locales\ja_MASCULINE.pak","18","7-9-2026 10:27:14"
"C:\Users\jori\AppData\Local\BrowserAI\browsers\chromium-1243\chrome-win64\locales\ja_NEUTER.pak","18","7-9-2026 10:27:14"
"C:\Users\jori\AppData\Local\BrowserAI\browsers\chromium-1243\chrome-win64\locales\ja.pak","734920","7-9-2026 10:27:14"
"C:\Users\jori\AppData\Local\BrowserAI\browsers\chromium-1243\chrome-win64\locales\kn_FEMININE.pak","18","7-9-2026 10:27:14"
"C:\Users\jori\AppData\Local\BrowserAI\browsers\chromium-1243\chrome-win64\locales\kn_MASCULINE.pak","18","7-9-2026 10:27:14"
"C:\Users\jori\AppData\Local\BrowserAI\browsers\chromium-1243\chrome-win64\locales\kn_NEUTER.pak","18","7-9-2026 10:27:14"
"C:\Users\jori\AppData\Local\BrowserAI\browsers\chromium-1243\chrome-win64\locales\kn.pak","1476030","7-9-2026 10:27:14"
"C:\Users\jori\AppData\Local\BrowserAI\browsers\chromium-1243\chrome-win64\locales\ko_FEMININE.pak","18","7-9-2026 10:27:14"
"C:\Users\jori\AppData\Local\BrowserAI\browsers\chromium-1243\chrome-win64\locales\ko_MASCULINE.pak","18","7-9-2026 10:27:14"
"C:\Users\jori\AppData\Local\BrowserAI\browsers\chromium-1243\chrome-win64\locales\ko_NEUTER.pak","18","7-9-2026 10:27:14"
"C:\Users\jori\AppData\Local\BrowserAI\browsers\chromium-1243\chrome-win64\locales\ko.pak","625300","7-9-2026 10:27:14"
"C:\Users\jori\AppData\Local\BrowserAI\browsers\chromium-1243\chrome-win64\locales\lt_FEMININE.pak","18","7-9-2026 10:27:14"
"C:\Users\jori\AppData\Local\BrowserAI\browsers\chromium-1243\chrome-win64\locales\lt_MASCULINE.pak","18","7-9-2026 10:27:14"
"C:\Users\jori\AppData\Local\BrowserAI\browsers\chromium-1243\chrome-win64\locales\lt_NEUTER.pak","18","7-9-2026 10:27:14"
"C:\Users\jori\AppData\Local\BrowserAI\browsers\chromium-1243\chrome-win64\locales\lt.pak","672783","7-9-2026 10:27:14"
"C:\Users\jori\AppData\Local\BrowserAI\browsers\chromium-1243\chrome-win64\locales\lv_FEMININE.pak","18","7-9-2026 10:27:14"
"C:\Users\jori\AppData\Local\BrowserAI\browsers\chromium-1243\chrome-win64\locales\lv_MASCULINE.pak","18","7-9-2026 10:27:14"
"C:\Users\jori\AppData\Local\BrowserAI\browsers\chromium-1243\chrome-win64\locales\lv_NEUTER.pak","18","7-9-2026 10:27:14"
"C:\Users\jori\AppData\Local\BrowserAI\browsers\chromium-1243\chrome-win64\locales\lv.pak","669278","7-9-2026 10:27:14"
"C:\Users\jori\AppData\Local\BrowserAI\browsers\chromium-1243\chrome-win64\locales\ml_FEMININE.pak","18","7-9-2026 10:27:14"
"C:\Users\jori\AppData\Local\BrowserAI\browsers\chromium-1243\chrome-win64\locales\ml_MASCULINE.pak","18","7-9-2026 10:27:14"
"C:\Users\jori\AppData\Local\BrowserAI\browsers\chromium-1243\chrome-win64\locales\ml_NEUTER.pak","18","7-9-2026 10:27:14"
"C:\Users\jori\AppData\Local\BrowserAI\browsers\chromium-1243\chrome-win64\locales\ml.pak","1518924","7-9-2026 10:27:14"
"C:\Users\jori\AppData\Local\BrowserAI\browsers\chromium-1243\chrome-win64\locales\mr_FEMININE.pak","18","7-9-2026 10:27:14"
"C:\Users\jori\AppData\Local\BrowserAI\browsers\chromium-1243\chrome-win64\locales\mr_MASCULINE.pak","18","7-9-2026 10:27:14"
"C:\Users\jori\AppData\Local\BrowserAI\browsers\chromium-1243\chrome-win64\locales\mr_NEUTER.pak","18","7-9-2026 10:27:14"
"C:\Users\jori\AppData\Local\BrowserAI\browsers\chromium-1243\chrome-win64\locales\mr.pak","1258815","7-9-2026 10:27:14"
"C:\Users\jori\AppData\Local\BrowserAI\browsers\chromium-1243\chrome-win64\locales\ms_FEMININE.pak","18","7-9-2026 10:27:14"
"C:\Users\jori\AppData\Local\BrowserAI\browsers\chromium-1243\chrome-win64\locales\ms_MASCULINE.pak","18","7-9-2026 10:27:14"
"C:\Users\jori\AppData\Local\BrowserAI\browsers\chromium-1243\chrome-win64\locales\ms_NEUTER.pak","18","7-9-2026 10:27:14"
"C:\Users\jori\AppData\Local\BrowserAI\browsers\chromium-1243\chrome-win64\locales\ms.pak","576664","7-9-2026 10:27:14"
"C:\Users\jori\AppData\Local\BrowserAI\browsers\chromium-1243\chrome-win64\locales\nb_FEMININE.pak","18","7-9-2026 10:27:14"
"C:\Users\jori\AppData\Local\BrowserAI\browsers\chromium-1243\chrome-win64\locales\nb_MASCULINE.pak","18","7-9-2026 10:27:14"
"C:\Users\jori\AppData\Local\BrowserAI\browsers\chromium-1243\chrome-win64\locales\nb_NEUTER.pak","18","7-9-2026 10:27:14"
"C:\Users\jori\AppData\Local\BrowserAI\browsers\chromium-1243\chrome-win64\locales\nb.pak","552411","7-9-2026 10:27:14"
"C:\Users\jori\AppData\Local\BrowserAI\browsers\chromium-1243\chrome-win64\locales\nl_FEMININE.pak","18","7-9-2026 10:27:14"
"C:\Users\jori\AppData\Local\BrowserAI\browsers\chromium-1243\chrome-win64\locales\nl_MASCULINE.pak","18","7-9-2026 10:27:14"
"C:\Users\jori\AppData\Local\BrowserAI\browsers\chromium-1243\chrome-win64\locales\nl_NEUTER.pak","18","7-9-2026 10:27:14"
"C:\Users\jori\AppData\Local\BrowserAI\browsers\chromium-1243\chrome-win64\locales\nl.pak","576177","7-9-2026 10:27:14"
"C:\Users\jori\AppData\Local\BrowserAI\browsers\chromium-1243\chrome-win64\locales\pl_FEMININE.pak","18","7-9-2026 10:27:14"
"C:\Users\jori\AppData\Local\BrowserAI\browsers\chromium-1243\chrome-win64\locales\pl_MASCULINE.pak","18","7-9-2026 10:27:14"
"C:\Users\jori\AppData\Local\BrowserAI\browsers\chromium-1243\chrome-win64\locales\pl_NEUTER.pak","18","7-9-2026 10:27:14"
"C:\Users\jori\AppData\Local\BrowserAI\browsers\chromium-1243\chrome-win64\locales\pl.pak","643607","7-9-2026 10:27:14"
"C:\Users\jori\AppData\Local\BrowserAI\browsers\chromium-1243\chrome-win64\locales\pt-BR_FEMININE.pak","18","7-9-2026 10:27:14"
"C:\Users\jori\AppData\Local\BrowserAI\browsers\chromium-1243\chrome-win64\locales\pt-BR_MASCULINE.pak","18","7-9-2026 10:27:14"
"C:\Users\jori\AppData\Local\BrowserAI\browsers\chromium-1243\chrome-win64\locales\pt-BR_NEUTER.pak","18","7-9-2026 10:27:14"
"C:\Users\jori\AppData\Local\BrowserAI\browsers\chromium-1243\chrome-win64\locales\pt-BR.pak","602421","7-9-2026 10:27:14"
"C:\Users\jori\AppData\Local\BrowserAI\browsers\chromium-1243\chrome-win64\locales\pt-PT_FEMININE.pak","18","7-9-2026 10:27:14"
"C:\Users\jori\AppData\Local\BrowserAI\browsers\chromium-1243\chrome-win64\locales\pt-PT_MASCULINE.pak","18","7-9-2026 10:27:14"
"C:\Users\jori\AppData\Local\BrowserAI\browsers\chromium-1243\chrome-win64\locales\pt-PT_NEUTER.pak","18","7-9-2026 10:27:14"
"C:\Users\jori\AppData\Local\BrowserAI\browsers\chromium-1243\chrome-win64\locales\pt-PT.pak","606281","7-9-2026 10:27:14"
"C:\Users\jori\AppData\Local\BrowserAI\browsers\chromium-1243\chrome-win64\locales\ro_FEMININE.pak","18","7-9-2026 10:27:14"
"C:\Users\jori\AppData\Local\BrowserAI\browsers\chromium-1243\chrome-win64\locales\ro_MASCULINE.pak","18","7-9-2026 10:27:14"
"C:\Users\jori\AppData\Local\BrowserAI\browsers\chromium-1243\chrome-win64\locales\ro_NEUTER.pak","18","7-9-2026 10:27:14"
"C:\Users\jori\AppData\Local\BrowserAI\browsers\chromium-1243\chrome-win64\locales\ro.pak","628181","7-9-2026 10:27:14"
"C:\Users\jori\AppData\Local\BrowserAI\browsers\chromium-1243\chrome-win64\locales\ru_FEMININE.pak","18","7-9-2026 10:27:14"
"C:\Users\jori\AppData\Local\BrowserAI\browsers\chromium-1243\chrome-win64\locales\ru_MASCULINE.pak","18","7-9-2026 10:27:14"
"C:\Users\jori\AppData\Local\BrowserAI\browsers\chromium-1243\chrome-win64\locales\ru_NEUTER.pak","18","7-9-2026 10:27:14"
"C:\Users\jori\AppData\Local\BrowserAI\browsers\chromium-1243\chrome-win64\locales\ru.pak","1036098","7-9-2026 10:27:14"
"C:\Users\jori\AppData\Local\BrowserAI\browsers\chromium-1243\chrome-win64\locales\sk_FEMININE.pak","18","7-9-2026 10:27:14"
"C:\Users\jori\AppData\Local\BrowserAI\browsers\chromium-1243\chrome-win64\locales\sk_MASCULINE.pak","18","7-9-2026 10:27:14"
"C:\Users\jori\AppData\Local\BrowserAI\browsers\chromium-1243\chrome-win64\locales\sk_NEUTER.pak","18","7-9-2026 10:27:14"
"C:\Users\jori\AppData\Local\BrowserAI\browsers\chromium-1243\chrome-win64\locales\sk.pak","652994","7-9-2026 10:27:14"
"C:\Users\jori\AppData\Local\BrowserAI\browsers\chromium-1243\chrome-win64\locales\sl_FEMININE.pak","18","7-9-2026 10:27:14"
"C:\Users\jori\AppData\Local\BrowserAI\browsers\chromium-1243\chrome-win64\locales\sl_MASCULINE.pak","18","7-9-2026 10:27:14"
"C:\Users\jori\AppData\Local\BrowserAI\browsers\chromium-1243\chrome-win64\locales\sl_NEUTER.pak","18","7-9-2026 10:27:14"
"C:\Users\jori\AppData\Local\BrowserAI\browsers\chromium-1243\chrome-win64\locales\sl.pak","623531","7-9-2026 10:27:14"
"C:\Users\jori\AppData\Local\BrowserAI\browsers\chromium-1243\chrome-win64\locales\sr_FEMININE.pak","18","7-9-2026 10:27:14"
"C:\Users\jori\AppData\Local\BrowserAI\browsers\chromium-1243\chrome-win64\locales\sr_MASCULINE.pak","18","7-9-2026 10:27:14"
"C:\Users\jori\AppData\Local\BrowserAI\browsers\chromium-1243\chrome-win64\locales\sr_NEUTER.pak","18","7-9-2026 10:27:14"
"C:\Users\jori\AppData\Local\BrowserAI\browsers\chromium-1243\chrome-win64\locales\sr.pak","958478","7-9-2026 10:27:14"
"C:\Users\jori\AppData\Local\BrowserAI\browsers\chromium-1243\chrome-win64\locales\sv_FEMININE.pak","18","7-9-2026 10:27:14"
"C:\Users\jori\AppData\Local\BrowserAI\browsers\chromium-1243\chrome-win64\locales\sv_MASCULINE.pak","18","7-9-2026 10:27:14"
"C:\Users\jori\AppData\Local\BrowserAI\browsers\chromium-1243\chrome-win64\locales\sv_NEUTER.pak","18","7-9-2026 10:27:14"
"C:\Users\jori\AppData\Local\BrowserAI\browsers\chromium-1243\chrome-win64\locales\sv.pak","559321","7-9-2026 10:27:14"
"C:\Users\jori\AppData\Local\BrowserAI\browsers\chromium-1243\chrome-win64\locales\sw_FEMININE.pak","18","7-9-2026 10:27:14"
"C:\Users\jori\AppData\Local\BrowserAI\browsers\chromium-1243\chrome-win64\locales\sw_MASCULINE.pak","18","7-9-2026 10:27:14"
"C:\Users\jori\AppData\Local\BrowserAI\browsers\chromium-1243\chrome-win64\locales\sw_NEUTER.pak","18","7-9-2026 10:27:14"
"C:\Users\jori\AppData\Local\BrowserAI\browsers\chromium-1243\chrome-win64\locales\sw.pak","591102","7-9-2026 10:27:14"
"C:\Users\jori\AppData\Local\BrowserAI\browsers\chromium-1243\chrome-win64\locales\ta_FEMININE.pak","18","7-9-2026 10:27:14"
"C:\Users\jori\AppData\Local\BrowserAI\browsers\chromium-1243\chrome-win64\locales\ta_MASCULINE.pak","18","7-9-2026 10:27:14"
"C:\Users\jori\AppData\Local\BrowserAI\browsers\chromium-1243\chrome-win64\locales\ta_NEUTER.pak","18","7-9-2026 10:27:14"
"C:\Users\jori\AppData\Local\BrowserAI\browsers\chromium-1243\chrome-win64\locales\ta.pak","1512590","7-9-2026 10:27:14"
"C:\Users\jori\AppData\Local\BrowserAI\browsers\chromium-1243\chrome-win64\locales\te_FEMININE.pak","18","7-9-2026 10:27:14"
"C:\Users\jori\AppData\Local\BrowserAI\browsers\chromium-1243\chrome-win64\locales\te_MASCULINE.pak","18","7-9-2026 10:27:14"
"C:\Users\jori\AppData\Local\BrowserAI\browsers\chromium-1243\chrome-win64\locales\te_NEUTER.pak","18","7-9-2026 10:27:14"
"C:\Users\jori\AppData\Local\BrowserAI\browsers\chromium-1243\chrome-win64\locales\te.pak","1401999","7-9-2026 10:27:14"
"C:\Users\jori\AppData\Local\BrowserAI\browsers\chromium-1243\chrome-win64\locales\th_FEMININE.pak","18","7-9-2026 10:27:14"
"C:\Users\jori\AppData\Local\BrowserAI\browsers\chromium-1243\chrome-win64\locales\th_MASCULINE.pak","18","7-9-2026 10:27:14"
"C:\Users\jori\AppData\Local\BrowserAI\browsers\chromium-1243\chrome-win64\locales\th_NEUTER.pak","18","7-9-2026 10:27:14"
"C:\Users\jori\AppData\Local\BrowserAI\browsers\chromium-1243\chrome-win64\locales\th.pak","1175060","7-9-2026 10:27:14"
"C:\Users\jori\AppData\Local\BrowserAI\browsers\chromium-1243\chrome-win64\locales\tr_FEMININE.pak","18","7-9-2026 10:27:14"
"C:\Users\jori\AppData\Local\BrowserAI\browsers\chromium-1243\chrome-win64\locales\tr_MASCULINE.pak","18","7-9-2026 10:27:14"
"C:\Users\jori\AppData\Local\BrowserAI\browsers\chromium-1243\chrome-win64\locales\tr_NEUTER.pak","18","7-9-2026 10:27:14"
"C:\Users\jori\AppData\Local\BrowserAI\browsers\chromium-1243\chrome-win64\locales\tr.pak","602416","7-9-2026 10:27:14"
"C:\Users\jori\AppData\Local\BrowserAI\browsers\chromium-1243\chrome-win64\locales\uk_FEMININE.pak","18","7-9-2026 10:27:14"
"C:\Users\jori\AppData\Local\BrowserAI\browsers\chromium-1243\chrome-win64\locales\uk_MASCULINE.pak","18","7-9-2026 10:27:14"
"C:\Users\jori\AppData\Local\BrowserAI\browsers\chromium-1243\chrome-win64\locales\uk_NEUTER.pak","18","7-9-2026 10:27:14"
"C:\Users\jori\AppData\Local\BrowserAI\browsers\chromium-1243\chrome-win64\locales\uk.pak","1043395","7-9-2026 10:27:14"
"C:\Users\jori\AppData\Local\BrowserAI\browsers\chromium-1243\chrome-win64\locales\ur_FEMININE.pak","18","7-9-2026 10:27:14"
"C:\Users\jori\AppData\Local\BrowserAI\browsers\chromium-1243\chrome-win64\locales\ur_MASCULINE.pak","18","7-9-2026 10:27:14"
"C:\Users\jori\AppData\Local\BrowserAI\browsers\chromium-1243\chrome-win64\locales\ur_NEUTER.pak","18","7-9-2026 10:27:14"
"C:\Users\jori\AppData\Local\BrowserAI\browsers\chromium-1243\chrome-win64\locales\ur.pak","900239","7-9-2026 10:27:14"
"C:\Users\jori\AppData\Local\BrowserAI\browsers\chromium-1243\chrome-win64\locales\vi_FEMININE.pak","18","7-9-2026 10:27:14"
"C:\Users\jori\AppData\Local\BrowserAI\browsers\chromium-1243\chrome-win64\locales\vi_MASCULINE.pak","18","7-9-2026 10:27:14"
"C:\Users\jori\AppData\Local\BrowserAI\browsers\chromium-1243\chrome-win64\locales\vi_NEUTER.pak","18","7-9-2026 10:27:14"
"C:\Users\jori\AppData\Local\BrowserAI\browsers\chromium-1243\chrome-win64\locales\vi.pak","716953","7-9-2026 10:27:14"
"C:\Users\jori\AppData\Local\BrowserAI\browsers\chromium-1243\chrome-win64\locales\zh-CN_FEMININE.pak","18","7-9-2026 10:27:14"
"C:\Users\jori\AppData\Local\BrowserAI\browsers\chromium-1243\chrome-win64\locales\zh-CN_MASCULINE.pak","18","7-9-2026 10:27:14"
"C:\Users\jori\AppData\Local\BrowserAI\browsers\chromium-1243\chrome-win64\locales\zh-CN_NEUTER.pak","18","7-9-2026 10:27:14"
"C:\Users\jori\AppData\Local\BrowserAI\browsers\chromium-1243\chrome-win64\locales\zh-CN.pak","514477","7-9-2026 10:27:14"
"C:\Users\jori\AppData\Local\BrowserAI\browsers\chromium-1243\chrome-win64\locales\zh-TW_FEMININE.pak","18","7-9-2026 10:27:14"
"C:\Users\jori\AppData\Local\BrowserAI\browsers\chromium-1243\chrome-win64\locales\zh-TW_MASCULINE.pak","18","7-9-2026 10:27:14"
"C:\Users\jori\AppData\Local\BrowserAI\browsers\chromium-1243\chrome-win64\locales\zh-TW_NEUTER.pak","18","7-9-2026 10:27:14"
"C:\Users\jori\AppData\Local\BrowserAI\browsers\chromium-1243\chrome-win64\locales\zh-TW.pak","508095","7-9-2026 10:27:14"
"C:\Users\jori\AppData\Local\BrowserAI\browsers\chromium-1243\chrome-win64\MEIPreload\manifest.json","238","7-9-2026 10:27:11"
"C:\Users\jori\AppData\Local\BrowserAI\browsers\chromium-1243\chrome-win64\MEIPreload\preloaded_data.pb","8254","7-9-2026 10:27:11"
"C:\Users\jori\AppData\Local\BrowserAI\browsers\chromium-1243\chrome-win64\PrivacySandboxAttestationsPreloaded\manifest.json","122","7-9-2026 10:27:11"
"C:\Users\jori\AppData\Local\BrowserAI\browsers\chromium-1243\chrome-win64\PrivacySandboxAttestationsPreloaded\privacy-sandbox-attestations.dat","7624","7-9-2026 10:27:11"
"C:\Users\jori\AppData\Local\BrowserAI\browsers\chromium-1243\chrome-win64\resources\accessibility",,"14-9-2026 19:26:59"
"C:\Users\jori\AppData\Local\BrowserAI\browsers\chromium-1243\chrome-win64\resources\accessibility\reading_mode_gdocs_helper",,"14-9-2026 19:26:59"
"C:\Users\jori\AppData\Local\BrowserAI\browsers\chromium-1243\chrome-win64\resources\accessibility\reading_mode_gdocs_helper_manifest.json","2400","7-9-2026 10:27:14"
"C:\Users\jori\AppData\Local\BrowserAI\browsers\chromium-1243\chrome-win64\resources\accessibility\reading_mode_gdocs_helper\content.js","439","7-9-2026 10:27:14"
"C:\Users\jori\AppData\Local\BrowserAI\browsers\chromium-1243\chrome-win64\resources\accessibility\reading_mode_gdocs_helper\gdocs_script.js","1425","7-9-2026 10:27:14"
"C:\Users\jori\AppData\Local\BrowserAI\browsers\chromium-1244\chrome-win64",,"15-9-2026 07:37:22"
"C:\Users\jori\AppData\Local\BrowserAI\browsers\chromium-1244\DEPENDENCIES_VALIDATED","0","15-9-2026 07:37:22"
"C:\Users\jori\AppData\Local\BrowserAI\browsers\chromium-1244\INSTALLATION_COMPLETE","0","15-9-2026 07:37:22"
"C:\Users\jori\AppData\Local\BrowserAI\browsers\chromium-1244\chrome-win64\hyphen-data",,"15-9-2026 07:37:22"
"C:\Users\jori\AppData\Local\BrowserAI\browsers\chromium-1244\chrome-win64\IwaKeyDistribution",,"15-9-2026 07:37:19"
"C:\Users\jori\AppData\Local\BrowserAI\browsers\chromium-1244\chrome-win64\locales",,"15-9-2026 07:37:22"
"C:\Users\jori\AppData\Local\BrowserAI\browsers\chromium-1244\chrome-win64\MEIPreload",,"15-9-2026 07:37:19"
"C:\Users\jori\AppData\Local\BrowserAI\browsers\chromium-1244\chrome-win64\resources",,"15-9-2026 07:37:22"
"C:\Users\jori\AppData\Local\BrowserAI\browsers\chromium-1244\chrome-win64\154.0.8037.0.manifest","224","15-9-2026 07:37:19"
"C:\Users\jori\AppData\Local\BrowserAI\browsers\chromium-1244\chrome-win64\ABOUT","257","15-9-2026 07:37:19"
"C:\Users\jori\AppData\Local\BrowserAI\browsers\chromium-1244\chrome-win64\chrome_100_percent.pak","585482","15-9-2026 07:37:21"
"C:\Users\jori\AppData\Local\BrowserAI\browsers\chromium-1244\chrome-win64\chrome_200_percent.pak","944308","15-9-2026 07:37:21"
"C:\Users\jori\AppData\Local\BrowserAI\browsers\chromium-1244\chrome-win64\chrome_elf.dll","2787840","15-9-2026 07:37:21"
"C:\Users\jori\AppData\Local\BrowserAI\browsers\chromium-1244\chrome-win64\chrome_proxy.exe","2552832","15-9-2026 07:37:21"
"C:\Users\jori\AppData\Local\BrowserAI\browsers\chromium-1244\chrome-win64\chrome_pwa_launcher.exe","3185152","15-9-2026 07:37:21"
"C:\Users\jori\AppData\Local\BrowserAI\browsers\chromium-1244\chrome-win64\chrome_wer.dll","115200","15-9-2026 07:37:21"
"C:\Users\jori\AppData\Local\BrowserAI\browsers\chromium-1244\chrome-win64\chrome.dll","302321664","15-9-2026 07:37:21"
"C:\Users\jori\AppData\Local\BrowserAI\browsers\chromium-1244\chrome-win64\chrome.exe","4490752","15-9-2026 07:37:21"
"C:\Users\jori\AppData\Local\BrowserAI\browsers\chromium-1244\chrome-win64\D3DCompiler_47.dll","4753864","15-9-2026 07:37:19"
"C:\Users\jori\AppData\Local\BrowserAI\browsers\chromium-1244\chrome-win64\dxcompiler.dll","25852928","15-9-2026 07:37:21"
"C:\Users\jori\AppData\Local\BrowserAI\browsers\chromium-1244\chrome-win64\dxil.dll","1503728","15-9-2026 07:37:21"
"C:\Users\jori\AppData\Local\BrowserAI\browsers\chromium-1244\chrome-win64\elevated_tracing_service.exe","4530688","15-9-2026 07:37:21"
"C:\Users\jori\AppData\Local\BrowserAI\browsers\chromium-1244\chrome-win64\elevation_service.exe","3898368","15-9-2026 07:37:21"
"C:\Users\jori\AppData\Local\BrowserAI\browsers\chromium-1244\chrome-win64\First Run","8","15-9-2026 07:37:19"
"C:\Users\jori\AppData\Local\BrowserAI\browsers\chromium-1244\chrome-win64\icudtl.dat","10823536","15-9-2026 07:37:21"
"C:\Users\jori\AppData\Local\BrowserAI\browsers\chromium-1244\chrome-win64\libEGL.dll","451584","15-9-2026 07:37:21"
"C:\Users\jori\AppData\Local\BrowserAI\browsers\chromium-1244\chrome-win64\libGLESv2.dll","451584","15-9-2026 07:37:21"
"C:\Users\jori\AppData\Local\BrowserAI\browsers\chromium-1244\chrome-win64\notification_helper.exe","2787840","15-9-2026 07:37:22"
"C:\Users\jori\AppData\Local\BrowserAI\browsers\chromium-1244\chrome-win64\resources.pak","23450819","15-9-2026 07:37:22"
"C:\Users\jori\AppData\Local\BrowserAI\browsers\chromium-1244\chrome-win64\setup.exe","6152704","15-9-2026 07:37:22"
"C:\Users\jori\AppData\Local\BrowserAI\browsers\chromium-1244\chrome-win64\v8_context_snapshot.bin","757576","15-9-2026 07:37:22"
"C:\Users\jori\AppData\Local\BrowserAI\browsers\chromium-1244\chrome-win64\vk_swiftshader_icd.json","106","15-9-2026 07:37:22"
"C:\Users\jori\AppData\Local\BrowserAI\browsers\chromium-1244\chrome-win64\vk_swiftshader.dll","5415936","15-9-2026 07:37:22"
"C:\Users\jori\AppData\Local\BrowserAI\browsers\chromium-1244\chrome-win64\vulkan-1.dll","985600","15-9-2026 07:37:22"
"C:\Users\jori\AppData\Local\BrowserAI\browsers\chromium-1244\chrome-win64\hyphen-data\hyph-af.hyb","72640","15-9-2026 07:37:22"
"C:\Users\jori\AppData\Local\BrowserAI\browsers\chromium-1244\chrome-win64\hyphen-data\hyph-as.hyb","703","15-9-2026 07:37:22"
"C:\Users\jori\AppData\Local\BrowserAI\browsers\chromium-1244\chrome-win64\hyphen-data\hyph-be.hyb","6098","15-9-2026 07:37:22"
"C:\Users\jori\AppData\Local\BrowserAI\browsers\chromium-1244\chrome-win64\hyphen-data\hyph-bg.hyb","3467","15-9-2026 07:37:22"
"C:\Users\jori\AppData\Local\BrowserAI\browsers\chromium-1244\chrome-win64\hyphen-data\hyph-bn.hyb","703","15-9-2026 07:37:22"
"C:\Users\jori\AppData\Local\BrowserAI\browsers\chromium-1244\chrome-win64\hyphen-data\hyph-cs.hyb","64245","15-9-2026 07:37:22"
"C:\Users\jori\AppData\Local\BrowserAI\browsers\chromium-1244\chrome-win64\hyphen-data\hyph-cu.hyb","52842","15-9-2026 07:37:22"
"C:\Users\jori\AppData\Local\BrowserAI\browsers\chromium-1244\chrome-win64\hyphen-data\hyph-cy.hyb","35913","15-9-2026 07:37:22"
"C:\Users\jori\AppData\Local\BrowserAI\browsers\chromium-1244\chrome-win64\hyphen-data\hyph-da.hyb","6967","15-9-2026 07:37:22"
"C:\Users\jori\AppData\Local\BrowserAI\browsers\chromium-1244\chrome-win64\hyphen-data\hyph-de-1901.hyb","121393","15-9-2026 07:37:22"
"C:\Users\jori\AppData\Local\BrowserAI\browsers\chromium-1244\chrome-win64\hyphen-data\hyph-de-1996.hyb","120412","15-9-2026 07:37:22"
"C:\Users\jori\AppData\Local\BrowserAI\browsers\chromium-1244\chrome-win64\hyphen-data\hyph-de-ch-1901.hyb","120218","15-9-2026 07:37:22"
"C:\Users\jori\AppData\Local\BrowserAI\browsers\chromium-1244\chrome-win64\hyphen-data\hyph-el.hyb","4219","15-9-2026 07:37:22"
"C:\Users\jori\AppData\Local\BrowserAI\browsers\chromium-1244\chrome-win64\hyphen-data\hyph-en-gb.hyb","46607","15-9-2026 07:37:22"
"C:\Users\jori\AppData\Local\BrowserAI\browsers\chromium-1244\chrome-win64\hyphen-data\hyph-en-us.hyb","59802","15-9-2026 07:37:22"
"C:\Users\jori\AppData\Local\BrowserAI\browsers\chromium-1244\chrome-win64\hyphen-data\hyph-es.hyb","14995","15-9-2026 07:37:22"
"C:\Users\jori\AppData\Local\BrowserAI\browsers\chromium-1244\chrome-win64\hyphen-data\hyph-et.hyb","21421","15-9-2026 07:37:22"
"C:\Users\jori\AppData\Local\BrowserAI\browsers\chromium-1244\chrome-win64\hyphen-data\hyph-eu.hyb","665","15-9-2026 07:37:22"
"C:\Users\jori\AppData\Local\BrowserAI\browsers\chromium-1244\chrome-win64\hyphen-data\hyph-fr.hyb","8165","15-9-2026 07:37:22"
"C:\Users\jori\AppData\Local\BrowserAI\browsers\chromium-1244\chrome-win64\hyphen-data\hyph-ga.hyb","35824","15-9-2026 07:37:22"
"C:\Users\jori\AppData\Local\BrowserAI\browsers\chromium-1244\chrome-win64\hyphen-data\hyph-gl.hyb","9289","15-9-2026 07:37:22"
"C:\Users\jori\AppData\Local\BrowserAI\browsers\chromium-1244\chrome-win64\hyphen-data\hyph-gu.hyb","655","15-9-2026 07:37:22"
"C:\Users\jori\AppData\Local\BrowserAI\browsers\chromium-1244\chrome-win64\hyphen-data\hyph-hi.hyb","687","15-9-2026 07:37:22"
"C:\Users\jori\AppData\Local\BrowserAI\browsers\chromium-1244\chrome-win64\hyphen-data\hyph-hr.hyb","3031","15-9-2026 07:37:22"
"C:\Users\jori\AppData\Local\BrowserAI\browsers\chromium-1244\chrome-win64\hyphen-data\hyph-hu.hyb","317251","15-9-2026 07:37:22"
"C:\Users\jori\AppData\Local\BrowserAI\browsers\chromium-1244\chrome-win64\hyphen-data\hyph-hy.hyb","605","15-9-2026 07:37:22"
"C:\Users\jori\AppData\Local\BrowserAI\browsers\chromium-1244\chrome-win64\hyphen-data\hyph-it.hyb","2512","15-9-2026 07:37:22"
"C:\Users\jori\AppData\Local\BrowserAI\browsers\chromium-1244\chrome-win64\hyphen-data\hyph-ka.hyb","9996","15-9-2026 07:37:22"
"C:\Users\jori\AppData\Local\BrowserAI\browsers\chromium-1244\chrome-win64\hyphen-data\hyph-kn.hyb","711","15-9-2026 07:37:22"
"C:\Users\jori\AppData\Local\BrowserAI\browsers\chromium-1244\chrome-win64\hyphen-data\hyph-la.hyb","1839","15-9-2026 07:37:22"
"C:\Users\jori\AppData\Local\BrowserAI\browsers\chromium-1244\chrome-win64\hyphen-data\hyph-lt.hyb","7774","15-9-2026 07:37:22"
"C:\Users\jori\AppData\Local\BrowserAI\browsers\chromium-1244\chrome-win64\hyphen-data\hyph-lv.hyb","38602","15-9-2026 07:37:22"
"C:\Users\jori\AppData\Local\BrowserAI\browsers\chromium-1244\chrome-win64\hyphen-data\hyph-ml.hyb","776","15-9-2026 07:37:22"
"C:\Users\jori\AppData\Local\BrowserAI\browsers\chromium-1244\chrome-win64\hyphen-data\hyph-mn-cyrl.hyb","5142","15-9-2026 07:37:22"
"C:\Users\jori\AppData\Local\BrowserAI\browsers\chromium-1244\chrome-win64\hyphen-data\hyph-mr.hyb","687","15-9-2026 07:37:22"
"C:\Users\jori\AppData\Local\BrowserAI\browsers\chromium-1244\chrome-win64\hyphen-data\hyph-mul-ethi.hyb","3740","15-9-2026 07:37:22"
"C:\Users\jori\AppData\Local\BrowserAI\browsers\chromium-1244\chrome-win64\hyphen-data\hyph-nb.hyb","145263","15-9-2026 07:37:22"
"C:\Users\jori\AppData\Local\BrowserAI\browsers\chromium-1244\chrome-win64\hyphen-data\hyph-nl.hyb","77080","15-9-2026 07:37:22"
"C:\Users\jori\AppData\Local\BrowserAI\browsers\chromium-1244\chrome-win64\hyphen-data\hyph-nn.hyb","145263","15-9-2026 07:37:22"
"C:\Users\jori\AppData\Local\BrowserAI\browsers\chromium-1244\chrome-win64\hyphen-data\hyph-or.hyb","647","15-9-2026 07:37:22"
"C:\Users\jori\AppData\Local\BrowserAI\browsers\chromium-1244\chrome-win64\hyphen-data\hyph-pa.hyb","607","15-9-2026 07:37:22"
"C:\Users\jori\AppData\Local\BrowserAI\browsers\chromium-1244\chrome-win64\hyphen-data\hyph-pt.hyb","1414","15-9-2026 07:37:22"
"C:\Users\jori\AppData\Local\BrowserAI\browsers\chromium-1244\chrome-win64\hyphen-data\hyph-ru.hyb","19886","15-9-2026 07:37:22"
"C:\Users\jori\AppData\Local\BrowserAI\browsers\chromium-1244\chrome-win64\hyphen-data\hyph-sk.hyb","64103","15-9-2026 07:37:22"
"C:\Users\jori\AppData\Local\BrowserAI\browsers\chromium-1244\chrome-win64\hyphen-data\hyph-sl.hyb","6631","15-9-2026 07:37:22"
"C:\Users\jori\AppData\Local\BrowserAI\browsers\chromium-1244\chrome-win64\hyphen-data\hyph-sq.hyb","2013","15-9-2026 07:37:22"
"C:\Users\jori\AppData\Local\BrowserAI\browsers\chromium-1244\chrome-win64\hyphen-data\hyph-sv.hyb","72119","15-9-2026 07:37:22"
"C:\Users\jori\AppData\Local\BrowserAI\browsers\chromium-1244\chrome-win64\hyphen-data\hyph-ta.hyb","554","15-9-2026 07:37:22"
"C:\Users\jori\AppData\Local\BrowserAI\browsers\chromium-1244\chrome-win64\hyphen-data\hyph-te.hyb","703","15-9-2026 07:37:22"
"C:\Users\jori\AppData\Local\BrowserAI\browsers\chromium-1244\chrome-win64\hyphen-data\hyph-tk.hyb","2712","15-9-2026 07:37:22"
"C:\Users\jori\AppData\Local\BrowserAI\browsers\chromium-1244\chrome-win64\hyphen-data\hyph-uk.hyb","19417","15-9-2026 07:37:22"
"C:\Users\jori\AppData\Local\BrowserAI\browsers\chromium-1244\chrome-win64\hyphen-data\hyph-und-ethi.hyb","3484","15-9-2026 07:37:22"
"C:\Users\jori\AppData\Local\BrowserAI\browsers\chromium-1244\chrome-win64\hyphen-data\manifest.json","77","15-9-2026 07:37:22"
"C:\Users\jori\AppData\Local\BrowserAI\browsers\chromium-1244\chrome-win64\IwaKeyDistribution\iwa-key-distribution.pb","3643","15-9-2026 07:37:19"
"C:\Users\jori\AppData\Local\BrowserAI\browsers\chromium-1244\chrome-win64\IwaKeyDistribution\manifest.json","114","15-9-2026 07:37:19"
"C:\Users\jori\AppData\Local\BrowserAI\browsers\chromium-1244\chrome-win64\locales\af_FEMININE.pak","18","15-9-2026 07:37:21"
"C:\Users\jori\AppData\Local\BrowserAI\browsers\chromium-1244\chrome-win64\locales\af_MASCULINE.pak","18","15-9-2026 07:37:21"
"C:\Users\jori\AppData\Local\BrowserAI\browsers\chromium-1244\chrome-win64\locales\af_NEUTER.pak","18","15-9-2026 07:37:21"
"C:\Users\jori\AppData\Local\BrowserAI\browsers\chromium-1244\chrome-win64\locales\af.pak","554715","15-9-2026 07:37:21"
"C:\Users\jori\AppData\Local\BrowserAI\browsers\chromium-1244\chrome-win64\locales\am_FEMININE.pak","18","15-9-2026 07:37:21"
"C:\Users\jori\AppData\Local\BrowserAI\browsers\chromium-1244\chrome-win64\locales\am_MASCULINE.pak","18","15-9-2026 07:37:21"
"C:\Users\jori\AppData\Local\BrowserAI\browsers\chromium-1244\chrome-win64\locales\am_NEUTER.pak","18","15-9-2026 07:37:21"
"C:\Users\jori\AppData\Local\BrowserAI\browsers\chromium-1244\chrome-win64\locales\am.pak","893307","15-9-2026 07:37:21"
"C:\Users\jori\AppData\Local\BrowserAI\browsers\chromium-1244\chrome-win64\locales\ar_FEMININE.pak","18","15-9-2026 07:37:21"
"C:\Users\jori\AppData\Local\BrowserAI\browsers\chromium-1244\chrome-win64\locales\ar_MASCULINE.pak","18","15-9-2026 07:37:21"
"C:\Users\jori\AppData\Local\BrowserAI\browsers\chromium-1244\chrome-win64\locales\ar_NEUTER.pak","18","15-9-2026 07:37:21"
"C:\Users\jori\AppData\Local\BrowserAI\browsers\chromium-1244\chrome-win64\locales\ar.pak","993526","15-9-2026 07:37:21"
"C:\Users\jori\AppData\Local\BrowserAI\browsers\chromium-1244\chrome-win64\locales\bg_FEMININE.pak","18","15-9-2026 07:37:21"
"C:\Users\jori\AppData\Local\BrowserAI\browsers\chromium-1244\chrome-win64\locales\bg_MASCULINE.pak","18","15-9-2026 07:37:21"
"C:\Users\jori\AppData\Local\BrowserAI\browsers\chromium-1244\chrome-win64\locales\bg_NEUTER.pak","18","15-9-2026 07:37:21"
"C:\Users\jori\AppData\Local\BrowserAI\browsers\chromium-1244\chrome-win64\locales\bg.pak","1025851","15-9-2026 07:37:21"
"C:\Users\jori\AppData\Local\BrowserAI\browsers\chromium-1244\chrome-win64\locales\bn_FEMININE.pak","18","15-9-2026 07:37:21"
"C:\Users\jori\AppData\Local\BrowserAI\browsers\chromium-1244\chrome-win64\locales\bn_MASCULINE.pak","18","15-9-2026 07:37:21"
"C:\Users\jori\AppData\Local\BrowserAI\browsers\chromium-1244\chrome-win64\locales\bn_NEUTER.pak","18","15-9-2026 07:37:21"
"C:\Users\jori\AppData\Local\BrowserAI\browsers\chromium-1244\chrome-win64\locales\bn.pak","1305326","15-9-2026 07:37:21"
"C:\Users\jori\AppData\Local\BrowserAI\browsers\chromium-1244\chrome-win64\locales\ca_FEMININE.pak","18","15-9-2026 07:37:21"
"C:\Users\jori\AppData\Local\BrowserAI\browsers\chromium-1244\chrome-win64\locales\ca_MASCULINE.pak","18","15-9-2026 07:37:21"
"C:\Users\jori\AppData\Local\BrowserAI\browsers\chromium-1244\chrome-win64\locales\ca_NEUTER.pak","18","15-9-2026 07:37:21"
"C:\Users\jori\AppData\Local\BrowserAI\browsers\chromium-1244\chrome-win64\locales\ca.pak","632493","15-9-2026 07:37:21"
"C:\Users\jori\AppData\Local\BrowserAI\browsers\chromium-1244\chrome-win64\locales\cs_FEMININE.pak","18","15-9-2026 07:37:21"
"C:\Users\jori\AppData\Local\BrowserAI\browsers\chromium-1244\chrome-win64\locales\cs_MASCULINE.pak","18","15-9-2026 07:37:21"
"C:\Users\jori\AppData\Local\BrowserAI\browsers\chromium-1244\chrome-win64\locales\cs_NEUTER.pak","18","15-9-2026 07:37:21"
"C:\Users\jori\AppData\Local\BrowserAI\browsers\chromium-1244\chrome-win64\locales\cs.pak","648439","15-9-2026 07:37:21"
"C:\Users\jori\AppData\Local\BrowserAI\browsers\chromium-1244\chrome-win64\locales\da_FEMININE.pak","18","15-9-2026 07:37:21"
"C:\Users\jori\AppData\Local\BrowserAI\browsers\chromium-1244\chrome-win64\locales\da_MASCULINE.pak","18","15-9-2026 07:37:21"
"C:\Users\jori\AppData\Local\BrowserAI\browsers\chromium-1244\chrome-win64\locales\da_NEUTER.pak","18","15-9-2026 07:37:21"
"C:\Users\jori\AppData\Local\BrowserAI\browsers\chromium-1244\chrome-win64\locales\da.pak","585582","15-9-2026 07:37:21"
"C:\Users\jori\AppData\Local\BrowserAI\browsers\chromium-1244\chrome-win64\locales\de_FEMININE.pak","18","15-9-2026 07:37:21"
"C:\Users\jori\AppData\Local\BrowserAI\browsers\chromium-1244\chrome-win64\locales\de_MASCULINE.pak","18","15-9-2026 07:37:21"
"C:\Users\jori\AppData\Local\BrowserAI\browsers\chromium-1244\chrome-win64\locales\de_NEUTER.pak","18","15-9-2026 07:37:21"
"C:\Users\jori\AppData\Local\BrowserAI\browsers\chromium-1244\chrome-win64\locales\de.pak","635109","15-9-2026 07:37:21"
"C:\Users\jori\AppData\Local\BrowserAI\browsers\chromium-1244\chrome-win64\locales\el_FEMININE.pak","18","15-9-2026 07:37:21"
"C:\Users\jori\AppData\Local\BrowserAI\browsers\chromium-1244\chrome-win64\locales\el_MASCULINE.pak","18","15-9-2026 07:37:21"
"C:\Users\jori\AppData\Local\BrowserAI\browsers\chromium-1244\chrome-win64\locales\el_NEUTER.pak","18","15-9-2026 07:37:21"
"C:\Users\jori\AppData\Local\BrowserAI\browsers\chromium-1244\chrome-win64\locales\el.pak","1126319","15-9-2026 07:37:21"
"C:\Users\jori\AppData\Local\BrowserAI\browsers\chromium-1244\chrome-win64\locales\en-GB_FEMININE.pak","18","15-9-2026 07:37:21"
"C:\Users\jori\AppData\Local\BrowserAI\browsers\chromium-1244\chrome-win64\locales\en-GB_MASCULINE.pak","18","15-9-2026 07:37:21"
"C:\Users\jori\AppData\Local\BrowserAI\browsers\chromium-1244\chrome-win64\locales\en-GB_NEUTER.pak","18","15-9-2026 07:37:21"
"C:\Users\jori\AppData\Local\BrowserAI\browsers\chromium-1244\chrome-win64\locales\en-GB.pak","505652","15-9-2026 07:37:21"
"C:\Users\jori\AppData\Local\BrowserAI\browsers\chromium-1244\chrome-win64\locales\en-US_FEMININE.pak","18","15-9-2026 07:37:21"
"C:\Users\jori\AppData\Local\BrowserAI\browsers\chromium-1244\chrome-win64\locales\en-US_MASCULINE.pak","18","15-9-2026 07:37:21"
"C:\Users\jori\AppData\Local\BrowserAI\browsers\chromium-1244\chrome-win64\locales\en-US_NEUTER.pak","18","15-9-2026 07:37:21"
"C:\Users\jori\AppData\Local\BrowserAI\browsers\chromium-1244\chrome-win64\locales\en-US.pak","511603","15-9-2026 07:37:21"
"C:\Users\jori\AppData\Local\BrowserAI\browsers\chromium-1244\chrome-win64\locales\es_FEMININE.pak","18","15-9-2026 07:37:21"
"C:\Users\jori\AppData\Local\BrowserAI\browsers\chromium-1244\chrome-win64\locales\es_MASCULINE.pak","18","15-9-2026 07:37:21"
"C:\Users\jori\AppData\Local\BrowserAI\browsers\chromium-1244\chrome-win64\locales\es_NEUTER.pak","18","15-9-2026 07:37:21"
"C:\Users\jori\AppData\Local\BrowserAI\browsers\chromium-1244\chrome-win64\locales\es-419_FEMININE.pak","18","15-9-2026 07:37:21"
"C:\Users\jori\AppData\Local\BrowserAI\browsers\chromium-1244\chrome-win64\locales\es-419_MASCULINE.pak","18","15-9-2026 07:37:21"
"C:\Users\jori\AppData\Local\BrowserAI\browsers\chromium-1244\chrome-win64\locales\es-419_NEUTER.pak","18","15-9-2026 07:37:21"
"C:\Users\jori\AppData\Local\BrowserAI\browsers\chromium-1244\chrome-win64\locales\es-419.pak","619058","15-9-2026 07:37:21"
"C:\Users\jori\AppData\Local\BrowserAI\browsers\chromium-1244\chrome-win64\locales\es.pak","614614","15-9-2026 07:37:21"
"C:\Users\jori\AppData\Local\BrowserAI\browsers\chromium-1244\chrome-win64\locales\et_FEMININE.pak","18","15-9-2026 07:37:21"
"C:\Users\jori\AppData\Local\BrowserAI\browsers\chromium-1244\chrome-win64\locales\et_MASCULINE.pak","18","15-9-2026 07:37:21"
"C:\Users\jori\AppData\Local\BrowserAI\browsers\chromium-1244\chrome-win64\locales\et_NEUTER.pak","18","15-9-2026 07:37:21"
"C:\Users\jori\AppData\Local\BrowserAI\browsers\chromium-1244\chrome-win64\locales\et.pak","563599","15-9-2026 07:37:21"
"C:\Users\jori\AppData\Local\BrowserAI\browsers\chromium-1244\chrome-win64\locales\fa_FEMININE.pak","18","15-9-2026 07:37:21"
"C:\Users\jori\AppData\Local\BrowserAI\browsers\chromium-1244\chrome-win64\locales\fa_MASCULINE.pak","18","15-9-2026 07:37:21"
"C:\Users\jori\AppData\Local\BrowserAI\browsers\chromium-1244\chrome-win64\locales\fa_NEUTER.pak","18","15-9-2026 07:37:21"
"C:\Users\jori\AppData\Local\BrowserAI\browsers\chromium-1244\chrome-win64\locales\fa.pak","925533","15-9-2026 07:37:21"
"C:\Users\jori\AppData\Local\BrowserAI\browsers\chromium-1244\chrome-win64\locales\fi_FEMININE.pak","18","15-9-2026 07:37:21"
"C:\Users\jori\AppData\Local\BrowserAI\browsers\chromium-1244\chrome-win64\locales\fi_MASCULINE.pak","18","15-9-2026 07:37:21"
"C:\Users\jori\AppData\Local\BrowserAI\browsers\chromium-1244\chrome-win64\locales\fi_NEUTER.pak","18","15-9-2026 07:37:21"
"C:\Users\jori\AppData\Local\BrowserAI\browsers\chromium-1244\chrome-win64\locales\fi.pak","572384","15-9-2026 07:37:21"
"C:\Users\jori\AppData\Local\BrowserAI\browsers\chromium-1244\chrome-win64\locales\fil_FEMININE.pak","18","15-9-2026 07:37:21"
"C:\Users\jori\AppData\Local\BrowserAI\browsers\chromium-1244\chrome-win64\locales\fil_MASCULINE.pak","18","15-9-2026 07:37:21"
"C:\Users\jori\AppData\Local\BrowserAI\browsers\chromium-1244\chrome-win64\locales\fil_NEUTER.pak","18","15-9-2026 07:37:21"
"C:\Users\jori\AppData\Local\BrowserAI\browsers\chromium-1244\chrome-win64\locales\fil.pak","647007","15-9-2026 07:37:21"
"C:\Users\jori\AppData\Local\BrowserAI\browsers\chromium-1244\chrome-win64\locales\fr_FEMININE.pak","18","15-9-2026 07:37:21"
"C:\Users\jori\AppData\Local\BrowserAI\browsers\chromium-1244\chrome-win64\locales\fr_MASCULINE.pak","18","15-9-2026 07:37:21"
"C:\Users\jori\AppData\Local\BrowserAI\browsers\chromium-1244\chrome-win64\locales\fr_NEUTER.pak","18","15-9-2026 07:37:21"
"C:\Users\jori\AppData\Local\BrowserAI\browsers\chromium-1244\chrome-win64\locales\fr.pak","672381","15-9-2026 07:37:21"
"C:\Users\jori\AppData\Local\BrowserAI\browsers\chromium-1244\chrome-win64\locales\gu_FEMININE.pak","18","15-9-2026 07:37:21"
"C:\Users\jori\AppData\Local\BrowserAI\browsers\chromium-1244\chrome-win64\locales\gu_MASCULINE.pak","18","15-9-2026 07:37:21"
"C:\Users\jori\AppData\Local\BrowserAI\browsers\chromium-1244\chrome-win64\locales\gu_NEUTER.pak","18","15-9-2026 07:37:21"
"C:\Users\jori\AppData\Local\BrowserAI\browsers\chromium-1244\chrome-win64\locales\gu.pak","1297838","15-9-2026 07:37:21"
"C:\Users\jori\AppData\Local\BrowserAI\browsers\chromium-1244\chrome-win64\locales\he_FEMININE.pak","18","15-9-2026 07:37:21"
"C:\Users\jori\AppData\Local\BrowserAI\browsers\chromium-1244\chrome-win64\locales\he_MASCULINE.pak","18","15-9-2026 07:37:21"
"C:\Users\jori\AppData\Local\BrowserAI\browsers\chromium-1244\chrome-win64\locales\he_NEUTER.pak","18","15-9-2026 07:37:21"
"C:\Users\jori\AppData\Local\BrowserAI\browsers\chromium-1244\chrome-win64\locales\he.pak","812185","15-9-2026 07:37:21"
"C:\Users\jori\AppData\Local\BrowserAI\browsers\chromium-1244\chrome-win64\locales\hi_FEMININE.pak","18","15-9-2026 07:37:21"
"C:\Users\jori\AppData\Local\BrowserAI\browsers\chromium-1244\chrome-win64\locales\hi_MASCULINE.pak","18","15-9-2026 07:37:21"
"C:\Users\jori\AppData\Local\BrowserAI\browsers\chromium-1244\chrome-win64\locales\hi_NEUTER.pak","18","15-9-2026 07:37:21"
"C:\Users\jori\AppData\Local\BrowserAI\browsers\chromium-1244\chrome-win64\locales\hi.pak","1381190","15-9-2026 07:37:21"
"C:\Users\jori\AppData\Local\BrowserAI\browsers\chromium-1244\chrome-win64\locales\hr_FEMININE.pak","18","15-9-2026 07:37:21"
"C:\Users\jori\AppData\Local\BrowserAI\browsers\chromium-1244\chrome-win64\locales\hr_MASCULINE.pak","18","15-9-2026 07:37:22"
"C:\Users\jori\AppData\Local\BrowserAI\browsers\chromium-1244\chrome-win64\locales\hr_NEUTER.pak","18","15-9-2026 07:37:22"
"C:\Users\jori\AppData\Local\BrowserAI\browsers\chromium-1244\chrome-win64\locales\hr.pak","624500","15-9-2026 07:37:21"
"C:\Users\jori\AppData\Local\BrowserAI\browsers\chromium-1244\chrome-win64\locales\hu_FEMININE.pak","18","15-9-2026 07:37:22"
"C:\Users\jori\AppData\Local\BrowserAI\browsers\chromium-1244\chrome-win64\locales\hu_MASCULINE.pak","18","15-9-2026 07:37:22"
"C:\Users\jori\AppData\Local\BrowserAI\browsers\chromium-1244\chrome-win64\locales\hu_NEUTER.pak","18","15-9-2026 07:37:22"
"C:\Users\jori\AppData\Local\BrowserAI\browsers\chromium-1244\chrome-win64\locales\hu.pak","669366","15-9-2026 07:37:22"
"C:\Users\jori\AppData\Local\BrowserAI\browsers\chromium-1244\chrome-win64\locales\id_FEMININE.pak","18","15-9-2026 07:37:22"
"C:\Users\jori\AppData\Local\BrowserAI\browsers\chromium-1244\chrome-win64\locales\id_MASCULINE.pak","18","15-9-2026 07:37:22"
"C:\Users\jori\AppData\Local\BrowserAI\browsers\chromium-1244\chrome-win64\locales\id_NEUTER.pak","18","15-9-2026 07:37:22"
"C:\Users\jori\AppData\Local\BrowserAI\browsers\chromium-1244\chrome-win64\locales\id.pak","554417","15-9-2026 07:37:22"
"C:\Users\jori\AppData\Local\BrowserAI\browsers\chromium-1244\chrome-win64\locales\it_FEMININE.pak","18","15-9-2026 07:37:22"
"C:\Users\jori\AppData\Local\BrowserAI\browsers\chromium-1244\chrome-win64\locales\it_MASCULINE.pak","18","15-9-2026 07:37:22"
"C:\Users\jori\AppData\Local\BrowserAI\browsers\chromium-1244\chrome-win64\locales\it_NEUTER.pak","18","15-9-2026 07:37:22"
"C:\Users\jori\AppData\Local\BrowserAI\browsers\chromium-1244\chrome-win64\locales\it.pak","613337","15-9-2026 07:37:22"
"C:\Users\jori\AppData\Local\BrowserAI\browsers\chromium-1244\chrome-win64\locales\ja_FEMININE.pak","18","15-9-2026 07:37:22"
"C:\Users\jori\AppData\Local\BrowserAI\browsers\chromium-1244\chrome-win64\locales\ja_MASCULINE.pak","18","15-9-2026 07:37:22"
"C:\Users\jori\AppData\Local\BrowserAI\browsers\chromium-1244\chrome-win64\locales\ja_NEUTER.pak","18","15-9-2026 07:37:22"
"C:\Users\jori\AppData\Local\BrowserAI\browsers\chromium-1244\chrome-win64\locales\ja.pak","741031","15-9-2026 07:37:22"
"C:\Users\jori\AppData\Local\BrowserAI\browsers\chromium-1244\chrome-win64\locales\kn_FEMININE.pak","18","15-9-2026 07:37:22"
"C:\Users\jori\AppData\Local\BrowserAI\browsers\chromium-1244\chrome-win64\locales\kn_MASCULINE.pak","18","15-9-2026 07:37:22"
"C:\Users\jori\AppData\Local\BrowserAI\browsers\chromium-1244\chrome-win64\locales\kn_NEUTER.pak","18","15-9-2026 07:37:22"
"C:\Users\jori\AppData\Local\BrowserAI\browsers\chromium-1244\chrome-win64\locales\kn.pak","1484986","15-9-2026 07:37:22"
"C:\Users\jori\AppData\Local\BrowserAI\browsers\chromium-1244\chrome-win64\locales\ko_FEMININE.pak","18","15-9-2026 07:37:22"
"C:\Users\jori\AppData\Local\BrowserAI\browsers\chromium-1244\chrome-win64\locales\ko_MASCULINE.pak","18","15-9-2026 07:37:22"
"C:\Users\jori\AppData\Local\BrowserAI\browsers\chromium-1244\chrome-win64\locales\ko_NEUTER.pak","18","15-9-2026 07:37:22"
"C:\Users\jori\AppData\Local\BrowserAI\browsers\chromium-1244\chrome-win64\locales\ko.pak","631109","15-9-2026 07:37:22"
"C:\Users\jori\AppData\Local\BrowserAI\browsers\chromium-1244\chrome-win64\locales\lt_FEMININE.pak","18","15-9-2026 07:37:22"
"C:\Users\jori\AppData\Local\BrowserAI\browsers\chromium-1244\chrome-win64\locales\lt_MASCULINE.pak","18","15-9-2026 07:37:22"
"C:\Users\jori\AppData\Local\BrowserAI\browsers\chromium-1244\chrome-win64\locales\lt_NEUTER.pak","18","15-9-2026 07:37:22"
"C:\Users\jori\AppData\Local\BrowserAI\browsers\chromium-1244\chrome-win64\locales\lt.pak","679010","15-9-2026 07:37:22"
"C:\Users\jori\AppData\Local\BrowserAI\browsers\chromium-1244\chrome-win64\locales\lv_FEMININE.pak","18","15-9-2026 07:37:22"
"C:\Users\jori\AppData\Local\BrowserAI\browsers\chromium-1244\chrome-win64\locales\lv_MASCULINE.pak","18","15-9-2026 07:37:22"
"C:\Users\jori\AppData\Local\BrowserAI\browsers\chromium-1244\chrome-win64\locales\lv_NEUTER.pak","18","15-9-2026 07:37:22"
"C:\Users\jori\AppData\Local\BrowserAI\browsers\chromium-1244\chrome-win64\locales\lv.pak","675370","15-9-2026 07:37:22"
"C:\Users\jori\AppData\Local\BrowserAI\browsers\chromium-1244\chrome-win64\locales\ml_FEMININE.pak","18","15-9-2026 07:37:22"
"C:\Users\jori\AppData\Local\BrowserAI\browsers\chromium-1244\chrome-win64\locales\ml_MASCULINE.pak","18","15-9-2026 07:37:22"
"C:\Users\jori\AppData\Local\BrowserAI\browsers\chromium-1244\chrome-win64\locales\ml_NEUTER.pak","18","15-9-2026 07:37:22"
"C:\Users\jori\AppData\Local\BrowserAI\browsers\chromium-1244\chrome-win64\locales\ml.pak","1527927","15-9-2026 07:37:22"
"C:\Users\jori\AppData\Local\BrowserAI\browsers\chromium-1244\chrome-win64\locales\mr_FEMININE.pak","18","15-9-2026 07:37:22"
"C:\Users\jori\AppData\Local\BrowserAI\browsers\chromium-1244\chrome-win64\locales\mr_MASCULINE.pak","18","15-9-2026 07:37:22"
"C:\Users\jori\AppData\Local\BrowserAI\browsers\chromium-1244\chrome-win64\locales\mr_NEUTER.pak","18","15-9-2026 07:37:22"
"C:\Users\jori\AppData\Local\BrowserAI\browsers\chromium-1244\chrome-win64\locales\mr.pak","1266917","15-9-2026 07:37:22"
"C:\Users\jori\AppData\Local\BrowserAI\browsers\chromium-1244\chrome-win64\locales\ms_FEMININE.pak","18","15-9-2026 07:37:22"
"C:\Users\jori\AppData\Local\BrowserAI\browsers\chromium-1244\chrome-win64\locales\ms_MASCULINE.pak","18","15-9-2026 07:37:22"
"C:\Users\jori\AppData\Local\BrowserAI\browsers\chromium-1244\chrome-win64\locales\ms_NEUTER.pak","18","15-9-2026 07:37:22"
"C:\Users\jori\AppData\Local\BrowserAI\browsers\chromium-1244\chrome-win64\locales\ms.pak","582655","15-9-2026 07:37:22"
"C:\Users\jori\AppData\Local\BrowserAI\browsers\chromium-1244\chrome-win64\locales\nb_FEMININE.pak","18","15-9-2026 07:37:22"
"C:\Users\jori\AppData\Local\BrowserAI\browsers\chromium-1244\chrome-win64\locales\nb_MASCULINE.pak","18","15-9-2026 07:37:22"
"C:\Users\jori\AppData\Local\BrowserAI\browsers\chromium-1244\chrome-win64\locales\nb_NEUTER.pak","18","15-9-2026 07:37:22"
"C:\Users\jori\AppData\Local\BrowserAI\browsers\chromium-1244\chrome-win64\locales\nb.pak","558133","15-9-2026 07:37:22"
"C:\Users\jori\AppData\Local\BrowserAI\browsers\chromium-1244\chrome-win64\locales\nl_FEMININE.pak","18","15-9-2026 07:37:22"
"C:\Users\jori\AppData\Local\BrowserAI\browsers\chromium-1244\chrome-win64\locales\nl_MASCULINE.pak","18","15-9-2026 07:37:22"
"C:\Users\jori\AppData\Local\BrowserAI\browsers\chromium-1244\chrome-win64\locales\nl_NEUTER.pak","18","15-9-2026 07:37:22"
"C:\Users\jori\AppData\Local\BrowserAI\browsers\chromium-1244\chrome-win64\locales\nl.pak","581768","15-9-2026 07:37:22"
"C:\Users\jori\AppData\Local\BrowserAI\browsers\chromium-1244\chrome-win64\locales\pl_FEMININE.pak","18","15-9-2026 07:37:22"
"C:\Users\jori\AppData\Local\BrowserAI\browsers\chromium-1244\chrome-win64\locales\pl_MASCULINE.pak","18","15-9-2026 07:37:22"
"C:\Users\jori\AppData\Local\BrowserAI\browsers\chromium-1244\chrome-win64\locales\pl_NEUTER.pak","18","15-9-2026 07:37:22"
"C:\Users\jori\AppData\Local\BrowserAI\browsers\chromium-1244\chrome-win64\locales\pl.pak","649641","15-9-2026 07:37:22"
"C:\Users\jori\AppData\Local\BrowserAI\browsers\chromium-1244\chrome-win64\locales\pt-BR_FEMININE.pak","18","15-9-2026 07:37:22"
"C:\Users\jori\AppData\Local\BrowserAI\browsers\chromium-1244\chrome-win64\locales\pt-BR_MASCULINE.pak","18","15-9-2026 07:37:22"
"C:\Users\jori\AppData\Local\BrowserAI\browsers\chromium-1244\chrome-win64\locales\pt-BR_NEUTER.pak","18","15-9-2026 07:37:22"
"C:\Users\jori\AppData\Local\BrowserAI\browsers\chromium-1244\chrome-win64\locales\pt-BR.pak","608379","15-9-2026 07:37:22"
"C:\Users\jori\AppData\Local\BrowserAI\browsers\chromium-1244\chrome-win64\locales\pt-PT_FEMININE.pak","18","15-9-2026 07:37:22"
"C:\Users\jori\AppData\Local\BrowserAI\browsers\chromium-1244\chrome-win64\locales\pt-PT_MASCULINE.pak","18","15-9-2026 07:37:22"
"C:\Users\jori\AppData\Local\BrowserAI\browsers\chromium-1244\chrome-win64\locales\pt-PT_NEUTER.pak","18","15-9-2026 07:37:22"
"C:\Users\jori\AppData\Local\BrowserAI\browsers\chromium-1244\chrome-win64\locales\pt-PT.pak","612253","15-9-2026 07:37:22"
"C:\Users\jori\AppData\Local\BrowserAI\browsers\chromium-1244\chrome-win64\locales\ro_FEMININE.pak","18","15-9-2026 07:37:22"
"C:\Users\jori\AppData\Local\BrowserAI\browsers\chromium-1244\chrome-win64\locales\ro_MASCULINE.pak","18","15-9-2026 07:37:22"
"C:\Users\jori\AppData\Local\BrowserAI\browsers\chromium-1244\chrome-win64\locales\ro_NEUTER.pak","18","15-9-2026 07:37:22"
"C:\Users\jori\AppData\Local\BrowserAI\browsers\chromium-1244\chrome-win64\locales\ro.pak","634429","15-9-2026 07:37:22"
"C:\Users\jori\AppData\Local\BrowserAI\browsers\chromium-1244\chrome-win64\locales\ru_FEMININE.pak","18","15-9-2026 07:37:22"
"C:\Users\jori\AppData\Local\BrowserAI\browsers\chromium-1244\chrome-win64\locales\ru_MASCULINE.pak","18","15-9-2026 07:37:22"
"C:\Users\jori\AppData\Local\BrowserAI\browsers\chromium-1244\chrome-win64\locales\ru_NEUTER.pak","18","15-9-2026 07:37:22"
"C:\Users\jori\AppData\Local\BrowserAI\browsers\chromium-1244\chrome-win64\locales\ru.pak","1044150","15-9-2026 07:37:22"
"C:\Users\jori\AppData\Local\BrowserAI\browsers\chromium-1244\chrome-win64\locales\sk_FEMININE.pak","18","15-9-2026 07:37:22"
"C:\Users\jori\AppData\Local\BrowserAI\browsers\chromium-1244\chrome-win64\locales\sk_MASCULINE.pak","18","15-9-2026 07:37:22"
"C:\Users\jori\AppData\Local\BrowserAI\browsers\chromium-1244\chrome-win64\locales\sk_NEUTER.pak","18","15-9-2026 07:37:22"
"C:\Users\jori\AppData\Local\BrowserAI\browsers\chromium-1244\chrome-win64\locales\sk.pak","658936","15-9-2026 07:37:22"
"C:\Users\jori\AppData\Local\BrowserAI\browsers\chromium-1244\chrome-win64\locales\sl_FEMININE.pak","18","15-9-2026 07:37:22"
"C:\Users\jori\AppData\Local\BrowserAI\browsers\chromium-1244\chrome-win64\locales\sl_MASCULINE.pak","18","15-9-2026 07:37:22"
"C:\Users\jori\AppData\Local\BrowserAI\browsers\chromium-1244\chrome-win64\locales\sl_NEUTER.pak","18","15-9-2026 07:37:22"
"C:\Users\jori\AppData\Local\BrowserAI\browsers\chromium-1244\chrome-win64\locales\sl.pak","629393","15-9-2026 07:37:22"
"C:\Users\jori\AppData\Local\BrowserAI\browsers\chromium-1244\chrome-win64\locales\sr_FEMININE.pak","18","15-9-2026 07:37:22"
"C:\Users\jori\AppData\Local\BrowserAI\browsers\chromium-1244\chrome-win64\locales\sr_MASCULINE.pak","18","15-9-2026 07:37:22"
"C:\Users\jori\AppData\Local\BrowserAI\browsers\chromium-1244\chrome-win64\locales\sr_NEUTER.pak","18","15-9-2026 07:37:22"
"C:\Users\jori\AppData\Local\BrowserAI\browsers\chromium-1244\chrome-win64\locales\sr.pak","965560","15-9-2026 07:37:22"
"C:\Users\jori\AppData\Local\BrowserAI\browsers\chromium-1244\chrome-win64\locales\sv_FEMININE.pak","18","15-9-2026 07:37:22"
"C:\Users\jori\AppData\Local\BrowserAI\browsers\chromium-1244\chrome-win64\locales\sv_MASCULINE.pak","18","15-9-2026 07:37:22"
"C:\Users\jori\AppData\Local\BrowserAI\browsers\chromium-1244\chrome-win64\locales\sv_NEUTER.pak","18","15-9-2026 07:37:22"
"C:\Users\jori\AppData\Local\BrowserAI\browsers\chromium-1244\chrome-win64\locales\sv.pak","565190","15-9-2026 07:37:22"
"C:\Users\jori\AppData\Local\BrowserAI\browsers\chromium-1244\chrome-win64\locales\sw_FEMININE.pak","18","15-9-2026 07:37:22"
"C:\Users\jori\AppData\Local\BrowserAI\browsers\chromium-1244\chrome-win64\locales\sw_MASCULINE.pak","18","15-9-2026 07:37:22"
"C:\Users\jori\AppData\Local\BrowserAI\browsers\chromium-1244\chrome-win64\locales\sw_NEUTER.pak","18","15-9-2026 07:37:22"
"C:\Users\jori\AppData\Local\BrowserAI\browsers\chromium-1244\chrome-win64\locales\sw.pak","596699","15-9-2026 07:37:22"
"C:\Users\jori\AppData\Local\BrowserAI\browsers\chromium-1244\chrome-win64\locales\ta_FEMININE.pak","18","15-9-2026 07:37:22"
"C:\Users\jori\AppData\Local\BrowserAI\browsers\chromium-1244\chrome-win64\locales\ta_MASCULINE.pak","18","15-9-2026 07:37:22"
"C:\Users\jori\AppData\Local\BrowserAI\browsers\chromium-1244\chrome-win64\locales\ta_NEUTER.pak","18","15-9-2026 07:37:22"
"C:\Users\jori\AppData\Local\BrowserAI\browsers\chromium-1244\chrome-win64\locales\ta.pak","1522085","15-9-2026 07:37:22"
"C:\Users\jori\AppData\Local\BrowserAI\browsers\chromium-1244\chrome-win64\locales\te_FEMININE.pak","18","15-9-2026 07:37:22"
"C:\Users\jori\AppData\Local\BrowserAI\browsers\chromium-1244\chrome-win64\locales\te_MASCULINE.pak","18","15-9-2026 07:37:22"
"C:\Users\jori\AppData\Local\BrowserAI\browsers\chromium-1244\chrome-win64\locales\te_NEUTER.pak","18","15-9-2026 07:37:22"
"C:\Users\jori\AppData\Local\BrowserAI\browsers\chromium-1244\chrome-win64\locales\te.pak","1410677","15-9-2026 07:37:22"
"C:\Users\jori\AppData\Local\BrowserAI\browsers\chromium-1244\chrome-win64\locales\th_FEMININE.pak","18","15-9-2026 07:37:22"
"C:\Users\jori\AppData\Local\BrowserAI\browsers\chromium-1244\chrome-win64\locales\th_MASCULINE.pak","18","15-9-2026 07:37:22"
"C:\Users\jori\AppData\Local\BrowserAI\browsers\chromium-1244\chrome-win64\locales\th_NEUTER.pak","18","15-9-2026 07:37:22"
"C:\Users\jori\AppData\Local\BrowserAI\browsers\chromium-1244\chrome-win64\locales\th.pak","1182853","15-9-2026 07:37:22"
"C:\Users\jori\AppData\Local\BrowserAI\browsers\chromium-1244\chrome-win64\locales\tr_FEMININE.pak","18","15-9-2026 07:37:22"
"C:\Users\jori\AppData\Local\BrowserAI\browsers\chromium-1244\chrome-win64\locales\tr_MASCULINE.pak","18","15-9-2026 07:37:22"
"C:\Users\jori\AppData\Local\BrowserAI\browsers\chromium-1244\chrome-win64\locales\tr_NEUTER.pak","18","15-9-2026 07:37:22"
"C:\Users\jori\AppData\Local\BrowserAI\browsers\chromium-1244\chrome-win64\locales\tr.pak","608286","15-9-2026 07:37:22"
"C:\Users\jori\AppData\Local\BrowserAI\browsers\chromium-1244\chrome-win64\locales\uk_FEMININE.pak","18","15-9-2026 07:37:22"
"C:\Users\jori\AppData\Local\BrowserAI\browsers\chromium-1244\chrome-win64\locales\uk_MASCULINE.pak","18","15-9-2026 07:37:22"
"C:\Users\jori\AppData\Local\BrowserAI\browsers\chromium-1244\chrome-win64\locales\uk_NEUTER.pak","18","15-9-2026 07:37:22"
"C:\Users\jori\AppData\Local\BrowserAI\browsers\chromium-1244\chrome-win64\locales\uk.pak","1051132","15-9-2026 07:37:22"
"C:\Users\jori\AppData\Local\BrowserAI\browsers\chromium-1244\chrome-win64\locales\ur_FEMININE.pak","18","15-9-2026 07:37:22"
"C:\Users\jori\AppData\Local\BrowserAI\browsers\chromium-1244\chrome-win64\locales\ur_MASCULINE.pak","18","15-9-2026 07:37:22"
"C:\Users\jori\AppData\Local\BrowserAI\browsers\chromium-1244\chrome-win64\locales\ur_NEUTER.pak","18","15-9-2026 07:37:22"
"C:\Users\jori\AppData\Local\BrowserAI\browsers\chromium-1244\chrome-win64\locales\ur.pak","907145","15-9-2026 07:37:22"
"C:\Users\jori\AppData\Local\BrowserAI\browsers\chromium-1244\chrome-win64\locales\vi_FEMININE.pak","18","15-9-2026 07:37:22"
"C:\Users\jori\AppData\Local\BrowserAI\browsers\chromium-1244\chrome-win64\locales\vi_MASCULINE.pak","18","15-9-2026 07:37:22"
"C:\Users\jori\AppData\Local\BrowserAI\browsers\chromium-1244\chrome-win64\locales\vi_NEUTER.pak","18","15-9-2026 07:37:22"
"C:\Users\jori\AppData\Local\BrowserAI\browsers\chromium-1244\chrome-win64\locales\vi.pak","722925","15-9-2026 07:37:22"
"C:\Users\jori\AppData\Local\BrowserAI\browsers\chromium-1244\chrome-win64\locales\zh-CN_FEMININE.pak","18","15-9-2026 07:37:22"
"C:\Users\jori\AppData\Local\BrowserAI\browsers\chromium-1244\chrome-win64\locales\zh-CN_MASCULINE.pak","18","15-9-2026 07:37:22"
"C:\Users\jori\AppData\Local\BrowserAI\browsers\chromium-1244\chrome-win64\locales\zh-CN_NEUTER.pak","18","15-9-2026 07:37:22"
"C:\Users\jori\AppData\Local\BrowserAI\browsers\chromium-1244\chrome-win64\locales\zh-CN.pak","519955","15-9-2026 07:37:22"
"C:\Users\jori\AppData\Local\BrowserAI\browsers\chromium-1244\chrome-win64\locales\zh-TW_FEMININE.pak","18","15-9-2026 07:37:22"
"C:\Users\jori\AppData\Local\BrowserAI\browsers\chromium-1244\chrome-win64\locales\zh-TW_MASCULINE.pak","18","15-9-2026 07:37:22"
"C:\Users\jori\AppData\Local\BrowserAI\browsers\chromium-1244\chrome-win64\locales\zh-TW_NEUTER.pak","18","15-9-2026 07:37:22"
"C:\Users\jori\AppData\Local\BrowserAI\browsers\chromium-1244\chrome-win64\locales\zh-TW.pak","513396","15-9-2026 07:37:22"
"C:\Users\jori\AppData\Local\BrowserAI\browsers\chromium-1244\chrome-win64\MEIPreload\manifest.json","238","15-9-2026 07:37:19"
"C:\Users\jori\AppData\Local\BrowserAI\browsers\chromium-1244\chrome-win64\MEIPreload\preloaded_data.pb","8254","15-9-2026 07:37:19"
"C:\Users\jori\AppData\Local\BrowserAI\browsers\chromium-1244\chrome-win64\resources\accessibility",,"15-9-2026 07:37:22"
"C:\Users\jori\AppData\Local\BrowserAI\browsers\chromium-1244\chrome-win64\resources\accessibility\reading_mode_gdocs_helper",,"15-9-2026 07:37:22"
"C:\Users\jori\AppData\Local\BrowserAI\browsers\chromium-1244\chrome-win64\resources\accessibility\reading_mode_gdocs_helper_manifest.json","2399","15-9-2026 07:37:22"
"C:\Users\jori\AppData\Local\BrowserAI\browsers\chromium-1244\chrome-win64\resources\accessibility\reading_mode_gdocs_helper\content.js","439","15-9-2026 07:37:22"
"C:\Users\jori\AppData\Local\BrowserAI\browsers\chromium-1244\chrome-win64\resources\accessibility\reading_mode_gdocs_helper\gdocs_script.js","1425","15-9-2026 07:37:22"
"C:\Users\jori\AppData\Local\BrowserAI\browsers\ffmpeg-1011\COPYING.LGPLv2.1","26526","16-8-2026 12:47:24"
"C:\Users\jori\AppData\Local\BrowserAI\browsers\ffmpeg-1011\DEPENDENCIES_VALIDATED","0","15-9-2026 13:01:48"
"C:\Users\jori\AppData\Local\BrowserAI\browsers\ffmpeg-1011\ffmpeg-win64.exe","3490816","16-8-2026 12:47:24"
"C:\Users\jori\AppData\Local\BrowserAI\browsers\ffmpeg-1011\INSTALLATION_COMPLETE","0","16-8-2026 12:47:24"
"C:\Users\jori\AppData\Local\BrowserAI\browsers\firefox-1542\firefox",,"14-9-2026 19:28:18"
"C:\Users\jori\AppData\Local\BrowserAI\browsers\firefox-1542\DEPENDENCIES_VALIDATED","0","14-9-2026 19:28:19"
"C:\Users\jori\AppData\Local\BrowserAI\browsers\firefox-1542\INSTALLATION_COMPLETE","0","14-9-2026 19:28:19"
"C:\Users\jori\AppData\Local\BrowserAI\browsers\firefox-1542\firefox\browser",,"14-9-2026 19:28:17"
"C:\Users\jori\AppData\Local\BrowserAI\browsers\firefox-1542\firefox\defaults",,"14-9-2026 19:28:17"
"C:\Users\jori\AppData\Local\BrowserAI\browsers\firefox-1542\firefox\desktop-launcher",,"14-9-2026 19:28:17"
"C:\Users\jori\AppData\Local\BrowserAI\browsers\firefox-1542\firefox\fonts",,"14-9-2026 19:28:18"
"C:\Users\jori\AppData\Local\BrowserAI\browsers\firefox-1542\firefox\gmp-clearkey",,"14-9-2026 19:28:18"
"C:\Users\jori\AppData\Local\BrowserAI\browsers\firefox-1542\firefox\installation_dir_layout",,"14-9-2026 19:28:18"
"C:\Users\jori\AppData\Local\BrowserAI\browsers\firefox-1542\firefox\uninstall",,"14-9-2026 19:28:18"
"C:\Users\jori\AppData\Local\BrowserAI\browsers\firefox-1542\firefox\AccessibleMarshal.dll","20480","14-9-2026 19:28:17"
"C:\Users\jori\AppData\Local\BrowserAI\browsers\firefox-1542\firefox\application.ini","442","14-9-2026 19:28:17"
"C:\Users\jori\AppData\Local\BrowserAI\browsers\firefox-1542\firefox\CoreMessagingXP.dll","1042232","14-9-2026 19:28:17"
"C:\Users\jori\AppData\Local\BrowserAI\browsers\firefox-1542\firefox\dependentlibs.list","55","14-9-2026 19:28:17"
"C:\Users\jori\AppData\Local\BrowserAI\browsers\firefox-1542\firefox\dxcompiler.dll","24297984","14-9-2026 19:28:18"
"C:\Users\jori\AppData\Local\BrowserAI\browsers\firefox-1542\firefox\firefox.exe","1362432","14-9-2026 19:28:18"
"C:\Users\jori\AppData\Local\BrowserAI\browsers\firefox-1542\firefox\firefox.VisualElementsManifest.xml","557","14-9-2026 19:28:18"
"C:\Users\jori\AppData\Local\BrowserAI\browsers\firefox-1542\firefox\freebl3.dll","1029120","14-9-2026 19:28:18"
"C:\Users\jori\AppData\Local\BrowserAI\browsers\firefox-1542\firefox\gkcodecs.dll","11591168","14-9-2026 19:28:18"
"C:\Users\jori\AppData\Local\BrowserAI\browsers\firefox-1542\firefox\InstallationDirLayout.dll","9728","14-9-2026 19:28:18"
"C:\Users\jori\AppData\Local\BrowserAI\browsers\firefox-1542\firefox\lgpllibs.dll","50688","14-9-2026 19:28:18"
"C:\Users\jori\AppData\Local\BrowserAI\browsers\firefox-1542\firefox\libEGL.dll","52736","14-9-2026 19:28:18"
"C:\Users\jori\AppData\Local\BrowserAI\browsers\firefox-1542\firefox\libGLESv2.dll","5091840","14-9-2026 19:28:18"
"C:\Users\jori\AppData\Local\BrowserAI\browsers\firefox-1542\firefox\marshal.dll","509752","14-9-2026 19:28:18"
"C:\Users\jori\AppData\Local\BrowserAI\browsers\firefox-1542\firefox\Microsoft.InputStateManager.dll","456504","14-9-2026 19:28:18"
"C:\Users\jori\AppData\Local\BrowserAI\browsers\firefox-1542\firefox\Microsoft.Internal.FrameworkUdk.dll","931208","14-9-2026 19:28:18"
"C:\Users\jori\AppData\Local\BrowserAI\browsers\firefox-1542\firefox\Microsoft.UI.Composition.OSSupport.dll","67384","14-9-2026 19:28:18"
"C:\Users\jori\AppData\Local\BrowserAI\browsers\firefox-1542\firefox\Microsoft.UI.Input.dll","1570616","14-9-2026 19:28:18"
"C:\Users\jori\AppData\Local\BrowserAI\browsers\firefox-1542\firefox\Microsoft.UI.Windowing.Core.dll","542520","14-9-2026 19:28:18"
"C:\Users\jori\AppData\Local\BrowserAI\browsers\firefox-1542\firefox\Microsoft.UI.Windowing.dll","550712","14-9-2026 19:28:18"
"C:\Users\jori\AppData\Local\BrowserAI\browsers\firefox-1542\firefox\mozavcodec.dll","4557312","14-9-2026 19:28:18"
"C:\Users\jori\AppData\Local\BrowserAI\browsers\firefox-1542\firefox\mozavutil.dll","608256","14-9-2026 19:28:18"
"C:\Users\jori\AppData\Local\BrowserAI\browsers\firefox-1542\firefox\mozglue.dll","662016","14-9-2026 19:28:18"
"C:\Users\jori\AppData\Local\BrowserAI\browsers\firefox-1542\firefox\mozinference.dll","3157504","14-9-2026 19:28:18"
"C:\Users\jori\AppData\Local\BrowserAI\browsers\firefox-1542\firefox\msvcp140_atomic_wait.dll","57792","14-9-2026 19:28:18"
"C:\Users\jori\AppData\Local\BrowserAI\browsers\firefox-1542\firefox\msvcp140.dll","643512","14-9-2026 19:28:18"
"C:\Users\jori\AppData\Local\BrowserAI\browsers\firefox-1542\firefox\nmhproxy.exe","653312","14-9-2026 19:28:18"
"C:\Users\jori\AppData\Local\BrowserAI\browsers\firefox-1542\firefox\notificationserver.dll","54272","14-9-2026 19:28:18"
"C:\Users\jori\AppData\Local\BrowserAI\browsers\firefox-1542\firefox\nss3.dll","2972160","14-9-2026 19:28:18"
"C:\Users\jori\AppData\Local\BrowserAI\browsers\firefox-1542\firefox\omni.ja","44745456","14-9-2026 19:28:18"
"C:\Users\jori\AppData\Local\BrowserAI\browsers\firefox-1542\firefox\onnxruntime.dll","9778688","14-9-2026 19:28:18"
"C:\Users\jori\AppData\Local\BrowserAI\browsers\firefox-1542\firefox\pingsender.exe","72192","14-9-2026 19:28:18"
"C:\Users\jori\AppData\Local\BrowserAI\browsers\firefox-1542\firefox\platform.ini","47","14-9-2026 19:28:18"
"C:\Users\jori\AppData\Local\BrowserAI\browsers\firefox-1542\firefox\playwright.cfg","14515","14-9-2026 19:28:18"
"C:\Users\jori\AppData\Local\BrowserAI\browsers\firefox-1542\firefox\plugin-container.exe","193536","14-9-2026 19:28:18"
"C:\Users\jori\AppData\Local\BrowserAI\browsers\firefox-1542\firefox\precomplete","2160","14-9-2026 19:28:18"
"C:\Users\jori\AppData\Local\BrowserAI\browsers\firefox-1542\firefox\private_browsing.exe","36352","14-9-2026 19:28:18"
"C:\Users\jori\AppData\Local\BrowserAI\browsers\firefox-1542\firefox\private_browsing.VisualElementsManifest.xml","559","14-9-2026 19:28:18"
"C:\Users\jori\AppData\Local\BrowserAI\browsers\firefox-1542\firefox\removed-files","16","14-9-2026 19:28:18"
"C:\Users\jori\AppData\Local\BrowserAI\browsers\firefox-1542\firefox\softokn3.dll","325120","14-9-2026 19:28:18"
"C:\Users\jori\AppData\Local\BrowserAI\browsers\firefox-1542\firefox\vcruntime140_1.dll","50112","14-9-2026 19:28:18"
"C:\Users\jori\AppData\Local\BrowserAI\browsers\firefox-1542\firefox\vcruntime140.dll","178616","14-9-2026 19:28:18"
"C:\Users\jori\AppData\Local\BrowserAI\browsers\firefox-1542\firefox\xul.dll","180022784","14-9-2026 19:28:19"
"C:\Users\jori\AppData\Local\BrowserAI\browsers\firefox-1542\firefox\browser\components",,"14-9-2026 19:28:17"
"C:\Users\jori\AppData\Local\BrowserAI\browsers\firefox-1542\firefox\browser\VisualElements",,"14-9-2026 19:28:17"
"C:\Users\jori\AppData\Local\BrowserAI\browsers\firefox-1542\firefox\browser\blank.pdf","8959","14-9-2026 19:28:17"
"C:\Users\jori\AppData\Local\BrowserAI\browsers\firefox-1542\firefox\browser\confused_fox.pdf","53103","14-9-2026 19:28:17"
"C:\Users\jori\AppData\Local\BrowserAI\browsers\firefox-1542\firefox\browser\omni.ja","56078241","14-9-2026 19:28:17"
"C:\Users\jori\AppData\Local\BrowserAI\browsers\firefox-1542\firefox\browser\components\shell",,"14-9-2026 19:28:17"
"C:\Users\jori\AppData\Local\BrowserAI\browsers\firefox-1542\firefox\browser\components\shell\assets",,"14-9-2026 19:28:17"
"C:\Users\jori\AppData\Local\BrowserAI\browsers\firefox-1542\firefox\browser\components\shell\assets\kit.gif","814995","14-9-2026 19:28:17"
"C:\Users\jori\AppData\Local\BrowserAI\browsers\firefox-1542\firefox\browser\VisualElements\PrivateBrowsing_150.png","13574","14-9-2026 19:28:17"
"C:\Users\jori\AppData\Local\BrowserAI\browsers\firefox-1542\firefox\browser\VisualElements\PrivateBrowsing_70.png","5742","14-9-2026 19:28:17"
"C:\Users\jori\AppData\Local\BrowserAI\browsers\firefox-1542\firefox\browser\VisualElements\VisualElements_150.png","25784","14-9-2026 19:28:17"
"C:\Users\jori\AppData\Local\BrowserAI\browsers\firefox-1542\firefox\browser\VisualElements\VisualElements_70.png","10790","14-9-2026 19:28:17"
"C:\Users\jori\AppData\Local\BrowserAI\browsers\firefox-1542\firefox\defaults\pref",,"14-9-2026 19:28:17"
"C:\Users\jori\AppData\Local\BrowserAI\browsers\firefox-1542\firefox\defaults\pref\00-playwright-prefs.js","160","14-9-2026 19:28:17"
"C:\Users\jori\AppData\Local\BrowserAI\browsers\firefox-1542\firefox\defaults\pref\channel-prefs.js","429","14-9-2026 19:28:17"
"C:\Users\jori\AppData\Local\BrowserAI\browsers\firefox-1542\firefox\desktop-launcher\desktop-launcher.exe","391680","14-9-2026 19:28:17"
"C:\Users\jori\AppData\Local\BrowserAI\browsers\firefox-1542\firefox\fonts\TwemojiMozilla.ttf","1474284","14-9-2026 19:28:18"
"C:\Users\jori\AppData\Local\BrowserAI\browsers\firefox-1542\firefox\gmp-clearkey\0.1",,"14-9-2026 19:28:18"
"C:\Users\jori\AppData\Local\BrowserAI\browsers\firefox-1542\firefox\gmp-clearkey\0.1\clearkey.dll","108032","14-9-2026 19:28:18"
"C:\Users\jori\AppData\Local\BrowserAI\browsers\firefox-1542\firefox\gmp-clearkey\0.1\manifest.json","229","14-9-2026 19:28:18"
"C:\Users\jori\AppData\Local\BrowserAI\browsers\firefox-1542\firefox\installation_dir_layout\versioned",,"14-9-2026 19:28:18"
"C:\Users\jori\AppData\Local\BrowserAI\browsers\firefox-1542\firefox\installation_dir_layout\versioned\InstallationDirLayout.dll","9728","14-9-2026 19:28:18"
"C:\Users\jori\AppData\Local\BrowserAI\browsers\firefox-1542\firefox\uninstall\helper.exe","1384407","14-9-2026 19:28:18"
"C:\Users\jori\AppData\Local\BrowserAI\browsers\firefox-1544\firefox",,"15-9-2026 07:44:21"
"C:\Users\jori\AppData\Local\BrowserAI\browsers\firefox-1544\DEPENDENCIES_VALIDATED","0","15-9-2026 07:44:22"
"C:\Users\jori\AppData\Local\BrowserAI\browsers\firefox-1544\INSTALLATION_COMPLETE","0","15-9-2026 07:44:21"
"C:\Users\jori\AppData\Local\BrowserAI\browsers\firefox-1544\firefox\browser",,"15-9-2026 07:44:20"
"C:\Users\jori\AppData\Local\BrowserAI\browsers\firefox-1544\firefox\defaults",,"15-9-2026 07:44:20"
"C:\Users\jori\AppData\Local\BrowserAI\browsers\firefox-1544\firefox\desktop-launcher",,"15-9-2026 07:44:20"
"C:\Users\jori\AppData\Local\BrowserAI\browsers\firefox-1544\firefox\fonts",,"15-9-2026 07:44:20"
"C:\Users\jori\AppData\Local\BrowserAI\browsers\firefox-1544\firefox\gmp-clearkey",,"15-9-2026 07:44:20"
"C:\Users\jori\AppData\Local\BrowserAI\browsers\firefox-1544\firefox\installation_dir_layout",,"15-9-2026 07:44:20"
"C:\Users\jori\AppData\Local\BrowserAI\browsers\firefox-1544\firefox\uninstall",,"15-9-2026 07:44:21"
"C:\Users\jori\AppData\Local\BrowserAI\browsers\firefox-1544\firefox\AccessibleMarshal.dll","20480","15-9-2026 07:44:20"
"C:\Users\jori\AppData\Local\BrowserAI\browsers\firefox-1544\firefox\application.ini","442","15-9-2026 07:44:20"
"C:\Users\jori\AppData\Local\BrowserAI\browsers\firefox-1544\firefox\CoreMessagingXP.dll","1042232","15-9-2026 07:44:20"
"C:\Users\jori\AppData\Local\BrowserAI\browsers\firefox-1544\firefox\dependentlibs.list","55","15-9-2026 07:44:20"
"C:\Users\jori\AppData\Local\BrowserAI\browsers\firefox-1544\firefox\dxcompiler.dll","24297984","15-9-2026 07:44:20"
"C:\Users\jori\AppData\Local\BrowserAI\browsers\firefox-1544\firefox\firefox.exe","1362432","15-9-2026 07:44:20"
"C:\Users\jori\AppData\Local\BrowserAI\browsers\firefox-1544\firefox\firefox.VisualElementsManifest.xml","557","15-9-2026 07:44:20"
"C:\Users\jori\AppData\Local\BrowserAI\browsers\firefox-1544\firefox\freebl3.dll","1029120","15-9-2026 07:44:20"
"C:\Users\jori\AppData\Local\BrowserAI\browsers\firefox-1544\firefox\gkcodecs.dll","11591168","15-9-2026 07:44:20"
"C:\Users\jori\AppData\Local\BrowserAI\browsers\firefox-1544\firefox\InstallationDirLayout.dll","9728","15-9-2026 07:44:20"
"C:\Users\jori\AppData\Local\BrowserAI\browsers\firefox-1544\firefox\lgpllibs.dll","50688","15-9-2026 07:44:20"
"C:\Users\jori\AppData\Local\BrowserAI\browsers\firefox-1544\firefox\libEGL.dll","52736","15-9-2026 07:44:20"
"C:\Users\jori\AppData\Local\BrowserAI\browsers\firefox-1544\firefox\libGLESv2.dll","5091840","15-9-2026 07:44:20"
"C:\Users\jori\AppData\Local\BrowserAI\browsers\firefox-1544\firefox\marshal.dll","509752","15-9-2026 07:44:20"
"C:\Users\jori\AppData\Local\BrowserAI\browsers\firefox-1544\firefox\Microsoft.InputStateManager.dll","456504","15-9-2026 07:44:20"
"C:\Users\jori\AppData\Local\BrowserAI\browsers\firefox-1544\firefox\Microsoft.Internal.FrameworkUdk.dll","931208","15-9-2026 07:44:20"
"C:\Users\jori\AppData\Local\BrowserAI\browsers\firefox-1544\firefox\Microsoft.UI.Composition.OSSupport.dll","67384","15-9-2026 07:44:20"
"C:\Users\jori\AppData\Local\BrowserAI\browsers\firefox-1544\firefox\Microsoft.UI.Input.dll","1570616","15-9-2026 07:44:20"
"C:\Users\jori\AppData\Local\BrowserAI\browsers\firefox-1544\firefox\Microsoft.UI.Windowing.Core.dll","542520","15-9-2026 07:44:20"
"C:\Users\jori\AppData\Local\BrowserAI\browsers\firefox-1544\firefox\Microsoft.UI.Windowing.dll","550712","15-9-2026 07:44:20"
"C:\Users\jori\AppData\Local\BrowserAI\browsers\firefox-1544\firefox\mozavcodec.dll","4557312","15-9-2026 07:44:20"
"C:\Users\jori\AppData\Local\BrowserAI\browsers\firefox-1544\firefox\mozavutil.dll","608256","15-9-2026 07:44:20"
"C:\Users\jori\AppData\Local\BrowserAI\browsers\firefox-1544\firefox\mozglue.dll","662016","15-9-2026 07:44:20"
"C:\Users\jori\AppData\Local\BrowserAI\browsers\firefox-1544\firefox\mozinference.dll","3157504","15-9-2026 07:44:20"
"C:\Users\jori\AppData\Local\BrowserAI\browsers\firefox-1544\firefox\msvcp140_atomic_wait.dll","57792","15-9-2026 07:44:20"
"C:\Users\jori\AppData\Local\BrowserAI\browsers\firefox-1544\firefox\msvcp140.dll","643512","15-9-2026 07:44:20"
"C:\Users\jori\AppData\Local\BrowserAI\browsers\firefox-1544\firefox\nmhproxy.exe","653312","15-9-2026 07:44:20"
"C:\Users\jori\AppData\Local\BrowserAI\browsers\firefox-1544\firefox\notificationserver.dll","54272","15-9-2026 07:44:20"
"C:\Users\jori\AppData\Local\BrowserAI\browsers\firefox-1544\firefox\nss3.dll","2972160","15-9-2026 07:44:20"
"C:\Users\jori\AppData\Local\BrowserAI\browsers\firefox-1544\firefox\omni.ja","44745790","15-9-2026 07:44:20"
"C:\Users\jori\AppData\Local\BrowserAI\browsers\firefox-1544\firefox\onnxruntime.dll","9778688","15-9-2026 07:44:21"
"C:\Users\jori\AppData\Local\BrowserAI\browsers\firefox-1544\firefox\pingsender.exe","72192","15-9-2026 07:44:21"
"C:\Users\jori\AppData\Local\BrowserAI\browsers\firefox-1544\firefox\platform.ini","47","15-9-2026 07:44:21"
"C:\Users\jori\AppData\Local\BrowserAI\browsers\firefox-1544\firefox\playwright.cfg","14515","15-9-2026 07:44:21"
"C:\Users\jori\AppData\Local\BrowserAI\browsers\firefox-1544\firefox\plugin-container.exe","193536","15-9-2026 07:44:21"
"C:\Users\jori\AppData\Local\BrowserAI\browsers\firefox-1544\firefox\precomplete","2160","15-9-2026 07:44:21"
"C:\Users\jori\AppData\Local\BrowserAI\browsers\firefox-1544\firefox\private_browsing.exe","36352","15-9-2026 07:44:21"
"C:\Users\jori\AppData\Local\BrowserAI\browsers\firefox-1544\firefox\private_browsing.VisualElementsManifest.xml","559","15-9-2026 07:44:21"
"C:\Users\jori\AppData\Local\BrowserAI\browsers\firefox-1544\firefox\removed-files","16","15-9-2026 07:44:21"
"C:\Users\jori\AppData\Local\BrowserAI\browsers\firefox-1544\firefox\softokn3.dll","325120","15-9-2026 07:44:21"
"C:\Users\jori\AppData\Local\BrowserAI\browsers\firefox-1544\firefox\vcruntime140_1.dll","50112","15-9-2026 07:44:21"
"C:\Users\jori\AppData\Local\BrowserAI\browsers\firefox-1544\firefox\vcruntime140.dll","178616","15-9-2026 07:44:21"
"C:\Users\jori\AppData\Local\BrowserAI\browsers\firefox-1544\firefox\xul.dll","180022784","15-9-2026 07:44:21"
"C:\Users\jori\AppData\Local\BrowserAI\browsers\firefox-1544\firefox\browser\components",,"15-9-2026 07:44:20"
"C:\Users\jori\AppData\Local\BrowserAI\browsers\firefox-1544\firefox\browser\VisualElements",,"15-9-2026 07:44:20"
"C:\Users\jori\AppData\Local\BrowserAI\browsers\firefox-1544\firefox\browser\blank.pdf","8959","15-9-2026 07:44:20"
"C:\Users\jori\AppData\Local\BrowserAI\browsers\firefox-1544\firefox\browser\confused_fox.pdf","53103","15-9-2026 07:44:20"
"C:\Users\jori\AppData\Local\BrowserAI\browsers\firefox-1544\firefox\browser\omni.ja","56078241","15-9-2026 07:44:20"
"C:\Users\jori\AppData\Local\BrowserAI\browsers\firefox-1544\firefox\browser\components\shell",,"15-9-2026 07:44:20"
"C:\Users\jori\AppData\Local\BrowserAI\browsers\firefox-1544\firefox\browser\components\shell\assets",,"15-9-2026 07:44:20"
"C:\Users\jori\AppData\Local\BrowserAI\browsers\firefox-1544\firefox\browser\components\shell\assets\kit.gif","814995","15-9-2026 07:44:20"
"C:\Users\jori\AppData\Local\BrowserAI\browsers\firefox-1544\firefox\browser\VisualElements\PrivateBrowsing_150.png","13574","15-9-2026 07:44:20"
"C:\Users\jori\AppData\Local\BrowserAI\browsers\firefox-1544\firefox\browser\VisualElements\PrivateBrowsing_70.png","5742","15-9-2026 07:44:20"
"C:\Users\jori\AppData\Local\BrowserAI\browsers\firefox-1544\firefox\browser\VisualElements\VisualElements_150.png","25784","15-9-2026 07:44:20"
"C:\Users\jori\AppData\Local\BrowserAI\browsers\firefox-1544\firefox\browser\VisualElements\VisualElements_70.png","10790","15-9-2026 07:44:20"
"C:\Users\jori\AppData\Local\BrowserAI\browsers\firefox-1544\firefox\defaults\pref",,"15-9-2026 07:44:20"
"C:\Users\jori\AppData\Local\BrowserAI\browsers\firefox-1544\firefox\defaults\pref\00-playwright-prefs.js","160","15-9-2026 07:44:20"
"C:\Users\jori\AppData\Local\BrowserAI\browsers\firefox-1544\firefox\defaults\pref\channel-prefs.js","429","15-9-2026 07:44:20"
"C:\Users\jori\AppData\Local\BrowserAI\browsers\firefox-1544\firefox\desktop-launcher\desktop-launcher.exe","391680","15-9-2026 07:44:20"
"C:\Users\jori\AppData\Local\BrowserAI\browsers\firefox-1544\firefox\fonts\TwemojiMozilla.ttf","1474284","15-9-2026 07:44:20"
"C:\Users\jori\AppData\Local\BrowserAI\browsers\firefox-1544\firefox\gmp-clearkey\0.1",,"15-9-2026 07:44:20"
"C:\Users\jori\AppData\Local\BrowserAI\browsers\firefox-1544\firefox\gmp-clearkey\0.1\clearkey.dll","108032","15-9-2026 07:44:20"
"C:\Users\jori\AppData\Local\BrowserAI\browsers\firefox-1544\firefox\gmp-clearkey\0.1\manifest.json","229","15-9-2026 07:44:20"
"C:\Users\jori\AppData\Local\BrowserAI\browsers\firefox-1544\firefox\installation_dir_layout\versioned",,"15-9-2026 07:44:20"
"C:\Users\jori\AppData\Local\BrowserAI\browsers\firefox-1544\firefox\installation_dir_layout\versioned\InstallationDirLayout.dll","9728","15-9-2026 07:44:20"
"C:\Users\jori\AppData\Local\BrowserAI\browsers\firefox-1544\firefox\uninstall\helper.exe","1384407","15-9-2026 07:44:21"
"C:\Users\jori\AppData\Local\BrowserAI\browsers\winldd-1007\DEPENDENCIES_VALIDATED","0","15-9-2026 13:01:48"
"C:\Users\jori\AppData\Local\BrowserAI\browsers\winldd-1007\INSTALLATION_COMPLETE","0","16-8-2026 12:47:25"
"C:\Users\jori\AppData\Local\BrowserAI\browsers\winldd-1007\PrintDeps.exe","258560","16-8-2026 12:47:25"
"C:\Users\jori\AppData\Local\BrowserAI\index\6B4BD3B76B105EB019E9722713E491A10E095BDF31A06CD79B8DB8520D6D87DF","101","15-9-2026 16:12:31"
"C:\Users\jori\AppData\Local\BrowserAI\index\89F63076BB62B4E4CD48547D828ECFB4E12BDCD0D0A005D16B0AA63480407D9F","95","15-9-2026 16:12:22"
"C:\Users\jori\AppData\Local\BrowserAI\index\B0729E866BEAD01929B90E99824DD1444BDD1FF2E14518B31EEB0FA0EB294E55","100","15-9-2026 16:12:32"
"C:\Users\jori\AppData\Local\BrowserAI\instances\103172-754a51a9c251401286cc8ecbd1273a44",,"15-9-2026 16:09:32"
"C:\Users\jori\AppData\Local\BrowserAI\instances\111288-694b0df3a57547eb8f430cf5ddbf1f7d",,"15-9-2026 16:12:31"
"C:\Users\jori\AppData\Local\BrowserAI\instances\114348-3d6babd200c64750b2a8b467c2647603",,"15-9-2026 16:09:34"
"C:\Users\jori\AppData\Local\BrowserAI\instances\60936-eb8320607faf4fd98741965e99a2037c",,"15-9-2026 16:09:32"
"C:\Users\jori\AppData\Local\BrowserAI\instances\66232-5d9bade04a994542935cabd856491e4d",,"15-9-2026 16:12:27"
"C:\Users\jori\AppData\Local\BrowserAI\instances\80884-7325c8c4ecc2475f86577bcd8345f8dc",,"15-9-2026 16:09:32"
"C:\Users\jori\AppData\Local\BrowserAI\instances\83068-0a60cb8f7858456e93be7ea9063a343d",,"15-9-2026 16:09:30"
"C:\Users\jori\AppData\Local\BrowserAI\instances\83492-823970c95a254f769319674919deac4d",,"15-9-2026 16:12:31"
"C:\Users\jori\AppData\Local\BrowserAI\instances\84556-1271cbb65fb9477da8f3694637972f07",,"15-9-2026 16:12:30"
"C:\Users\jori\AppData\Local\BrowserAI\instances\87696-e586da97142549f0ad0f1fe34f84c066",,"15-9-2026 16:12:21"
"C:\Users\jori\AppData\Local\BrowserAI\instances\98868-01d9a1061c3749678c0d31422982df3e",,"15-9-2026 16:09:20"
"C:\Users\jori\AppData\Local\BrowserAI\instances\99916-f98f2d731266410897fc427ca7bdf723",,"15-9-2026 16:12:32"
"C:\Users\jori\AppData\Local\BrowserAI\instances\103172-754a51a9c251401286cc8ecbd1273a44\downloads",,"15-9-2026 16:09:22"
"C:\Users\jori\AppData\Local\BrowserAI\instances\103172-754a51a9c251401286cc8ecbd1273a44\output",,"15-9-2026 16:09:22"
"C:\Users\jori\AppData\Local\BrowserAI\instances\103172-754a51a9c251401286cc8ecbd1273a44\profile",,"15-9-2026 16:09:22"
"C:\Users\jori\AppData\Local\BrowserAI\instances\103172-754a51a9c251401286cc8ecbd1273a44\instance.live","0","15-9-2026 16:09:22"
"C:\Users\jori\AppData\Local\BrowserAI\instances\103172-754a51a9c251401286cc8ecbd1273a44\playwright-mcp.config.json","1155","15-9-2026 16:09:22"
"C:\Users\jori\AppData\Local\BrowserAI\instances\111288-694b0df3a57547eb8f430cf5ddbf1f7d\downloads",,"15-9-2026 16:12:31"
"C:\Users\jori\AppData\Local\BrowserAI\instances\111288-694b0df3a57547eb8f430cf5ddbf1f7d\output",,"15-9-2026 16:12:31"
"C:\Users\jori\AppData\Local\BrowserAI\instances\111288-694b0df3a57547eb8f430cf5ddbf1f7d\profile",,"15-9-2026 16:12:31"
"C:\Users\jori\AppData\Local\BrowserAI\instances\111288-694b0df3a57547eb8f430cf5ddbf1f7d\instance.live","0","15-9-2026 16:12:31"
"C:\Users\jori\AppData\Local\BrowserAI\instances\111288-694b0df3a57547eb8f430cf5ddbf1f7d\playwright-mcp.config.json","1155","15-9-2026 16:12:31"
"C:\Users\jori\AppData\Local\BrowserAI\instances\114348-3d6babd200c64750b2a8b467c2647603\downloads",,"15-9-2026 16:09:22"
"C:\Users\jori\AppData\Local\BrowserAI\instances\114348-3d6babd200c64750b2a8b467c2647603\output",,"15-9-2026 16:09:22"
"C:\Users\jori\AppData\Local\BrowserAI\instances\114348-3d6babd200c64750b2a8b467c2647603\profile",,"15-9-2026 16:09:22"
"C:\Users\jori\AppData\Local\BrowserAI\instances\114348-3d6babd200c64750b2a8b467c2647603\instance.live","0","15-9-2026 16:09:22"
"C:\Users\jori\AppData\Local\BrowserAI\instances\114348-3d6babd200c64750b2a8b467c2647603\playwright-mcp.config.json","1155","15-9-2026 16:09:22"
"C:\Users\jori\AppData\Local\BrowserAI\instances\60936-eb8320607faf4fd98741965e99a2037c\downloads",,"15-9-2026 16:09:22"
"C:\Users\jori\AppData\Local\BrowserAI\instances\60936-eb8320607faf4fd98741965e99a2037c\output",,"15-9-2026 16:09:22"
"C:\Users\jori\AppData\Local\BrowserAI\instances\60936-eb8320607faf4fd98741965e99a2037c\profile",,"15-9-2026 16:09:22"
"C:\Users\jori\AppData\Local\BrowserAI\instances\60936-eb8320607faf4fd98741965e99a2037c\instance.live","0","15-9-2026 16:09:22"
"C:\Users\jori\AppData\Local\BrowserAI\instances\60936-eb8320607faf4fd98741965e99a2037c\playwright-mcp.config.json","1152","15-9-2026 16:09:22"
"C:\Users\jori\AppData\Local\BrowserAI\instances\66232-5d9bade04a994542935cabd856491e4d\downloads",,"15-9-2026 16:12:23"
"C:\Users\jori\AppData\Local\BrowserAI\instances\66232-5d9bade04a994542935cabd856491e4d\output",,"15-9-2026 16:12:23"
"C:\Users\jori\AppData\Local\BrowserAI\instances\66232-5d9bade04a994542935cabd856491e4d\profile",,"15-9-2026 16:12:23"
"C:\Users\jori\AppData\Local\BrowserAI\instances\66232-5d9bade04a994542935cabd856491e4d\instance.live","0","15-9-2026 16:12:23"
"C:\Users\jori\AppData\Local\BrowserAI\instances\66232-5d9bade04a994542935cabd856491e4d\playwright-mcp.config.json","1152","15-9-2026 16:12:23"
"C:\Users\jori\AppData\Local\BrowserAI\instances\80884-7325c8c4ecc2475f86577bcd8345f8dc\downloads",,"15-9-2026 16:09:32"
"C:\Users\jori\AppData\Local\BrowserAI\instances\80884-7325c8c4ecc2475f86577bcd8345f8dc\output",,"15-9-2026 16:09:32"
"C:\Users\jori\AppData\Local\BrowserAI\instances\80884-7325c8c4ecc2475f86577bcd8345f8dc\profile",,"15-9-2026 16:09:32"
"C:\Users\jori\AppData\Local\BrowserAI\instances\80884-7325c8c4ecc2475f86577bcd8345f8dc\instance.live","0","15-9-2026 16:09:32"
"C:\Users\jori\AppData\Local\BrowserAI\instances\80884-7325c8c4ecc2475f86577bcd8345f8dc\playwright-mcp.config.json","1152","15-9-2026 16:09:32"
"C:\Users\jori\AppData\Local\BrowserAI\instances\83068-0a60cb8f7858456e93be7ea9063a343d\downloads",,"15-9-2026 16:09:30"
"C:\Users\jori\AppData\Local\BrowserAI\instances\83068-0a60cb8f7858456e93be7ea9063a343d\output",,"15-9-2026 16:09:30"
"C:\Users\jori\AppData\Local\BrowserAI\instances\83068-0a60cb8f7858456e93be7ea9063a343d\profile",,"15-9-2026 16:09:30"
"C:\Users\jori\AppData\Local\BrowserAI\instances\83068-0a60cb8f7858456e93be7ea9063a343d\instance.live","0","15-9-2026 16:09:30"
"C:\Users\jori\AppData\Local\BrowserAI\instances\83068-0a60cb8f7858456e93be7ea9063a343d\playwright-mcp.config.json","1152","15-9-2026 16:09:30"
"C:\Users\jori\AppData\Local\BrowserAI\instances\83492-823970c95a254f769319674919deac4d\downloads",,"15-9-2026 16:12:31"
"C:\Users\jori\AppData\Local\BrowserAI\instances\83492-823970c95a254f769319674919deac4d\output",,"15-9-2026 16:12:31"
"C:\Users\jori\AppData\Local\BrowserAI\instances\83492-823970c95a254f769319674919deac4d\profile",,"15-9-2026 16:12:31"
"C:\Users\jori\AppData\Local\BrowserAI\instances\83492-823970c95a254f769319674919deac4d\instance.live","0","15-9-2026 16:12:31"
"C:\Users\jori\AppData\Local\BrowserAI\instances\83492-823970c95a254f769319674919deac4d\playwright-mcp.config.json","1152","15-9-2026 16:12:31"
"C:\Users\jori\AppData\Local\BrowserAI\instances\84556-1271cbb65fb9477da8f3694637972f07\downloads",,"15-9-2026 16:12:24"
"C:\Users\jori\AppData\Local\BrowserAI\instances\84556-1271cbb65fb9477da8f3694637972f07\output",,"15-9-2026 16:12:24"
"C:\Users\jori\AppData\Local\BrowserAI\instances\84556-1271cbb65fb9477da8f3694637972f07\profile",,"15-9-2026 16:12:24"
"C:\Users\jori\AppData\Local\BrowserAI\instances\84556-1271cbb65fb9477da8f3694637972f07\instance.live","0","15-9-2026 16:12:24"
"C:\Users\jori\AppData\Local\BrowserAI\instances\84556-1271cbb65fb9477da8f3694637972f07\playwright-mcp.config.json","1152","15-9-2026 16:12:24"
"C:\Users\jori\AppData\Local\BrowserAI\instances\87696-e586da97142549f0ad0f1fe34f84c066\downloads",,"15-9-2026 16:12:20"
"C:\Users\jori\AppData\Local\BrowserAI\instances\87696-e586da97142549f0ad0f1fe34f84c066\output",,"15-9-2026 16:12:20"
"C:\Users\jori\AppData\Local\BrowserAI\instances\87696-e586da97142549f0ad0f1fe34f84c066\profile",,"15-9-2026 16:12:20"
"C:\Users\jori\AppData\Local\BrowserAI\instances\87696-e586da97142549f0ad0f1fe34f84c066\instance.live","0","15-9-2026 16:12:20"
"C:\Users\jori\AppData\Local\BrowserAI\instances\87696-e586da97142549f0ad0f1fe34f84c066\playwright-mcp-BCD47814FCD7BB2E.json","1194","15-9-2026 16:12:21"
"C:\Users\jori\AppData\Local\BrowserAI\instances\87696-e586da97142549f0ad0f1fe34f84c066\playwright-mcp.config.json","1152","15-9-2026 16:12:20"
"C:\Users\jori\AppData\Local\BrowserAI\instances\98868-01d9a1061c3749678c0d31422982df3e\downloads",,"15-9-2026 16:09:19"
"C:\Users\jori\AppData\Local\BrowserAI\instances\98868-01d9a1061c3749678c0d31422982df3e\output",,"15-9-2026 16:09:19"
"C:\Users\jori\AppData\Local\BrowserAI\instances\98868-01d9a1061c3749678c0d31422982df3e\profile",,"15-9-2026 16:09:19"
"C:\Users\jori\AppData\Local\BrowserAI\instances\98868-01d9a1061c3749678c0d31422982df3e\instance.live","0","15-9-2026 16:09:19"
"C:\Users\jori\AppData\Local\BrowserAI\instances\98868-01d9a1061c3749678c0d31422982df3e\playwright-mcp-43D59E92F32F5012.json","1194","15-9-2026 16:09:20"
"C:\Users\jori\AppData\Local\BrowserAI\instances\98868-01d9a1061c3749678c0d31422982df3e\playwright-mcp.config.json","1152","15-9-2026 16:09:19"
"C:\Users\jori\AppData\Local\BrowserAI\instances\99916-f98f2d731266410897fc427ca7bdf723\downloads",,"15-9-2026 16:12:24"
"C:\Users\jori\AppData\Local\BrowserAI\instances\99916-f98f2d731266410897fc427ca7bdf723\output",,"15-9-2026 16:12:24"
"C:\Users\jori\AppData\Local\BrowserAI\instances\99916-f98f2d731266410897fc427ca7bdf723\profile",,"15-9-2026 16:12:24"
"C:\Users\jori\AppData\Local\BrowserAI\instances\99916-f98f2d731266410897fc427ca7bdf723\instance.live","0","15-9-2026 16:12:24"
"C:\Users\jori\AppData\Local\BrowserAI\instances\99916-f98f2d731266410897fc427ca7bdf723\playwright-mcp.config.json","1152","15-9-2026 16:12:24"
"C:\Users\jori\AppData\Local\BrowserAI\logs\browserai-20260816-000.log","8388706","16-8-2026 20:36:30"
"C:\Users\jori\AppData\Local\BrowserAI\logs\browserai-20260816-001.log","2656056","17-8-2026 01:53:09"
"C:\Users\jori\AppData\Local\BrowserAI\logs\browserai-20260817-000.log","8403080","17-8-2026 22:33:10"
"C:\Users\jori\AppData\Local\BrowserAI\logs\browserai-20260817-001.log","8396370","17-8-2026 23:25:06"
"C:\Users\jori\AppData\Local\BrowserAI\logs\browserai-20260817-002.log","8801690","17-8-2026 23:54:55"
"C:\Users\jori\AppData\Local\BrowserAI\logs\browserai-20260817-003.log","8632339","18-8-2026 00:20:13"
"C:\Users\jori\AppData\Local\BrowserAI\logs\browserai-20260817-004.log","8745566","18-8-2026 01:27:54"
"C:\Users\jori\AppData\Local\BrowserAI\logs\browserai-20260817-005.log","8690450","18-8-2026 01:58:25"
"C:\Users\jori\AppData\Local\BrowserAI\logs\browserai-20260817-006.log","707648","18-8-2026 01:59:58"
"C:\Users\jori\AppData\Local\BrowserAI\logs\browserai-20260818-000.log","8653296","18-8-2026 02:20:34"
"C:\Users\jori\AppData\Local\BrowserAI\logs\browserai-20260818-001.log","8689265","18-8-2026 02:44:21"
"C:\Users\jori\AppData\Local\BrowserAI\logs\browserai-20260818-002.log","8715901","18-8-2026 03:03:43"
"C:\Users\jori\AppData\Local\BrowserAI\logs\browserai-20260818-003.log","8751854","18-8-2026 03:25:56"
"C:\Users\jori\AppData\Local\BrowserAI\logs\browserai-20260818-004.log","8696279","18-8-2026 03:55:20"
"C:\Users\jori\AppData\Local\BrowserAI\logs\browserai-20260818-005.log","8770714","18-8-2026 04:17:13"
"C:\Users\jori\AppData\Local\BrowserAI\logs\browserai-20260818-006.log","8707213","18-8-2026 05:52:56"
"C:\Users\jori\AppData\Local\BrowserAI\logs\browserai-20260818-007.log","8691804","18-8-2026 06:10:56"
"C:\Users\jori\AppData\Local\BrowserAI\logs\browserai-20260818-008.log","8714656","18-8-2026 07:20:17"
"C:\Users\jori\AppData\Local\BrowserAI\logs\browserai-20260818-009.log","8731705","18-8-2026 07:49:54"
"C:\Users\jori\AppData\Local\BrowserAI\logs\browserai-20260818-010.log","8734383","18-8-2026 08:49:58"
"C:\Users\jori\AppData\Local\BrowserAI\logs\browserai-20260818-011.log","8510917","18-8-2026 10:33:35"
"C:\Users\jori\AppData\Local\BrowserAI\logs\browserai-20260818-012.log","8433604","18-8-2026 12:39:03"
"C:\Users\jori\AppData\Local\BrowserAI\logs\browserai-20260818-013.log","8466788","18-8-2026 13:20:02"
"C:\Users\jori\AppData\Local\BrowserAI\logs\browserai-20260818-014.log","8472827","18-8-2026 14:37:12"
"C:\Users\jori\AppData\Local\BrowserAI\logs\browserai-20260818-015.log","8463317","18-8-2026 16:31:51"
"C:\Users\jori\AppData\Local\BrowserAI\logs\browserai-20260818-016.log","8549334","19-8-2026 01:06:30"
"C:\Users\jori\AppData\Local\BrowserAI\logs\browserai-20260818-017.log","5194758","19-8-2026 01:59:59"
"C:\Users\jori\AppData\Local\BrowserAI\logs\browserai-20260819-000.log","8606664","19-8-2026 04:06:06"
"C:\Users\jori\AppData\Local\BrowserAI\logs\browserai-20260819-001.log","8526320","19-8-2026 05:26:38"
"C:\Users\jori\AppData\Local\BrowserAI\logs\browserai-20260819-002.log","8531768","19-8-2026 06:25:24"
"C:\Users\jori\AppData\Local\BrowserAI\logs\browserai-20260819-003.log","8569227","19-8-2026 07:59:08"
"C:\Users\jori\AppData\Local\BrowserAI\logs\browserai-20260819-004.log","8559851","19-8-2026 08:54:10"
"C:\Users\jori\AppData\Local\BrowserAI\logs\browserai-20260819-005.log","8560752","19-8-2026 18:54:23"
"C:\Users\jori\AppData\Local\BrowserAI\logs\browserai-20260819-006.log","8569684","20-8-2026 01:37:51"
"C:\Users\jori\AppData\Local\BrowserAI\logs\browserai-20260819-007.log","6588255","20-8-2026 01:59:59"
"C:\Users\jori\AppData\Local\BrowserAI\logs\browserai-20260820-000.log","8566037","20-8-2026 11:22:57"
"C:\Users\jori\AppData\Local\BrowserAI\logs\browserai-20260820-001.log","8633833","20-8-2026 13:42:37"
"C:\Users\jori\AppData\Local\BrowserAI\logs\browserai-20260820-002.log","8655048","20-8-2026 14:52:30"
"C:\Users\jori\AppData\Local\BrowserAI\logs\browserai-20260820-003.log","8406385","20-8-2026 15:46:37"
"C:\Users\jori\AppData\Local\BrowserAI\logs\browserai-20260820-004.log","8735778","20-8-2026 16:40:05"
"C:\Users\jori\AppData\Local\BrowserAI\logs\browserai-20260820-005.log","8810483","20-8-2026 17:23:06"
"C:\Users\jori\AppData\Local\BrowserAI\logs\browserai-20260820-006.log","8643799","20-8-2026 18:33:17"
"C:\Users\jori\AppData\Local\BrowserAI\logs\browserai-20260820-007.log","4728138","20-8-2026 18:49:01"
"C:\Users\jori\AppData\Local\BrowserAI\logs\browserai-20260823-000.log","8802927","23-8-2026 23:34:35"
"C:\Users\jori\AppData\Local\BrowserAI\logs\browserai-20260823-001.log","8761280","24-8-2026 00:56:48"
"C:\Users\jori\AppData\Local\BrowserAI\logs\browserai-20260823-002.log","86959","24-8-2026 01:57:47"
"C:\Users\jori\AppData\Local\BrowserAI\logs\browserai-20260824-000.log","8733474","24-8-2026 04:03:03"
"C:\Users\jori\AppData\Local\BrowserAI\logs\browserai-20260824-001.log","8772831","24-8-2026 06:10:07"
"C:\Users\jori\AppData\Local\BrowserAI\logs\browserai-20260824-002.log","8388510","24-8-2026 17:44:09"
"C:\Users\jori\AppData\Local\BrowserAI\logs\browserai-20260824-003.log","3220864","24-8-2026 23:39:34"
"C:\Users\jori\AppData\Local\BrowserAI\logs\browserai-20260826-000.log","8388537","26-8-2026 16:19:17"
"C:\Users\jori\AppData\Local\BrowserAI\logs\browserai-20260826-001.log","8388471","26-8-2026 19:50:19"
"C:\Users\jori\AppData\Local\BrowserAI\logs\browserai-20260826-002.log","4029459","26-8-2026 23:22:04"
"C:\Users\jori\AppData\Local\BrowserAI\logs\browserai-20260827-000.log","5165691","27-8-2026 18:06:02"
"C:\Users\jori\AppData\Local\BrowserAI\logs\browserai-20260828-000.log","4625","29-8-2026 01:40:42"
"C:\Users\jori\AppData\Local\BrowserAI\logs\browserai-20260829-000.log","8388513","29-8-2026 23:40:30"
"C:\Users\jori\AppData\Local\BrowserAI\logs\browserai-20260829-001.log","5134200","30-8-2026 01:43:53"
"C:\Users\jori\AppData\Local\BrowserAI\logs\browserai-20260830-000.log","6572527","30-8-2026 04:31:54"
"C:\Users\jori\AppData\Local\BrowserAI\logs\browserai-20260914-000.log","1756797","14-9-2026 22:47:40"
"C:\Users\jori\AppData\Local\BrowserAI\logs\browserai-20260915-000.log","8388312","15-9-2026 10:08:42"
"C:\Users\jori\AppData\Local\BrowserAI\logs\browserai-20260915-001.log","8388555","15-9-2026 16:08:09"
"C:\Users\jori\AppData\Local\BrowserAI\logs\browserai-20260915-002.log","968577","15-9-2026 16:14:24"
"C:\Users\jori\AppData\Local\BrowserAI\logs\browserai-agent-experiment-900.log","1286442","18-8-2026 06:44:30"
