[setup:73920] [13:49:56] [INFO] Starting Velopack Setup (1.2.158)
[setup:73920] [13:49:56] [INFO]     Location: "C:\\Source\\SixFive7\\BrowserAI\\Releases\\test-pack\\BrowserAI.test-installer.exe"
[setup:73920] [13:49:56] [INFO]     Silent: true
[setup:73920] [13:49:56] [INFO]     Verbose: true
[setup:73920] [13:49:56] [INFO]     Log: "C:\\Source\\SixFive7\\BrowserAI\\.work\\coordinator-lifecycle\\logs2\\setup.log"
[setup:73920] [13:49:56] [INFO]     Install To: Some("C:\\Users\\jori\\Downloads\\tmp-coordinator-lifecycle\\root")
[setup:73920] [13:49:56] [TRACE] (2) os_info::imp: [C:\Users\runneradmin\.cargo\registry\src\index.crates.io-1949cf8c6b5b557f\os_info-3.15.0\src\windows\mod.rs:8] windows::current_platform is called
[setup:73920] [13:49:56] [TRACE] (2) os_info::imp: [C:\Users\runneradmin\.cargo\registry\src\index.crates.io-1949cf8c6b5b557f\os_info-3.15.0\src\windows\mod.rs:10] Returning Info { os_type: Windows, version: Semantic(10, 0, 26200), edition: Some("Windows 11 Professional"), codename: None, bitness: X64, architecture: Some("x86_64") }
[setup:73920] [13:49:56] [INFO] OS: Windows 10.0.26200 (Windows 11 Professional) [64-bit], Arch=Some(
    X64,
)
[setup:73920] [13:49:56] [INFO] Reading bundle header...
[setup:73920] [13:49:56] [INFO] Bundle offset = 7562752, length = 55022766
[setup:73920] [13:49:56] [INFO] Loading bundle from embedded zip...
[setup:73920] [13:49:56] [INFO] No channel override tag found in installer signature.
[setup:73920] [13:49:56] [INFO] Loading bundle from embedded zip...
[setup:73920] [13:49:56] [INFO] Reading package manifest...
[setup:73920] [13:49:56] [INFO] Package manifest loaded successfully.
[setup:73920] [13:49:56] [INFO]     Package ID: BrowserAI.app.test
[setup:73920] [13:49:56] [INFO]     Package Version: 1.1.0
[setup:73920] [13:49:56] [INFO]     Package Title: BrowserAI (suite)
[setup:73920] [13:49:56] [INFO]     Package Authors: Jori Huisman
[setup:73920] [13:49:56] [INFO]     Package Description: BrowserAI (suite)
[setup:73920] [13:49:56] [INFO]     Package Machine Architecture: x64
[setup:73920] [13:49:56] [INFO]     Package Runtime Dependencies: 
[setup:73920] [13:49:56] [INFO] Checking application pre-requisites...
[setup:73920] [13:49:56] [INFO] Determining install directory...
[setup:73920] [13:49:56] [INFO] Installation Directory: "C:\\Users\\jori\\Downloads\\tmp-coordinator-lifecycle\\root"
[setup:73920] [13:49:56] [INFO] There is 383.32 GB free space available at destination, this package requires 253.22 MB.
[setup:73920] [13:49:56] [INFO] Preparing and cleaning installation directory...
[setup:73920] [13:49:56] [INFO] Acquiring lock...
[setup:73920] [13:49:56] [INFO] Root directory 'C:\Users\jori\Downloads\tmp-coordinator-lifecycle\root' writable: true
[setup:73920] [13:49:56] [INFO] Using root packages directory: C:\Users\jori\Downloads\tmp-coordinator-lifecycle\root\packages
[setup:73920] [13:49:56] [INFO] Attempting to acquire exclusive lock on packages directory (non-blocking)...
[setup:73920] [13:49:56] [INFO] Will not show splash because silent mode is on.
[setup:73920] [13:49:56] [INFO] Starting installation!
[setup:73920] [13:49:56] [INFO] Extracting Update.exe...
[setup:73920] [13:49:56] [DEBUG] (2) velopack::bundle: Extracting zip file to path: "C:\\Users\\jori\\Downloads\\tmp-coordinator-lifecycle\\root\\Update.exe"
[setup:73920] [13:49:56] [DEBUG] (2) velopack::bundle: Writing file to disk with 64k buffer: "C:\\Users\\jori\\Downloads\\tmp-coordinator-lifecycle\\root\\Update.exe"
[setup:73920] [13:49:56] [INFO] Extracting stub 'BrowserAI (suite)_ExecutionStub.exe' to '"C:\\Users\\jori\\Downloads\\tmp-coordinator-lifecycle\\root\\BrowserAI (suite).exe"'
[setup:73920] [13:49:56] [DEBUG] (2) velopack::bundle: Extracting zip file to path: "C:\\Users\\jori\\Downloads\\tmp-coordinator-lifecycle\\root\\BrowserAI (suite).exe"
[setup:73920] [13:49:56] [DEBUG] (2) velopack::bundle: Writing file to disk with 64k buffer: "C:\\Users\\jori\\Downloads\\tmp-coordinator-lifecycle\\root\\BrowserAI (suite).exe"
[setup:73920] [13:49:56] [INFO] Successfully extracted stub executable: "C:\\Users\\jori\\Downloads\\tmp-coordinator-lifecycle\\root\\BrowserAI (suite).exe"
[setup:73920] [13:49:56] [INFO] Copying nupkg to packages directory...
[setup:73920] [13:49:56] [INFO] Extracting 213 app files to '"C:\\Users\\jori\\Downloads\\tmp-coordinator-lifecycle\\root\\current"'...
[setup:73920] [13:49:56] [DEBUG] (2) velopack::bundle: Extracting zip file to path: "C:\\Users\\jori\\Downloads\\tmp-coordinator-lifecycle\\root\\current\\sq.version"
[setup:73920] [13:49:56] [DEBUG] (2) velopack::bundle: Creating parent directory: "C:\\Users\\jori\\Downloads\\tmp-coordinator-lifecycle\\root\\current"
[setup:73920] [13:49:56] [DEBUG] (2) velopack::bundle: Writing file to disk with 64k buffer: "C:\\Users\\jori\\Downloads\\tmp-coordinator-lifecycle\\root\\current\\sq.version"
[setup:73920] [13:49:56] [DEBUG] (2) velopack::bundle:     0 Skipped '[Content_Types].xml'
[setup:73920] [13:49:56] [DEBUG] (2) velopack::bundle:     1 Skipped 'BrowserAI.app.test.nuspec'
[setup:73920] [13:49:56] [DEBUG] (2) velopack::bundle:     2 Skipped 'setup.ico'
[setup:73920] [13:49:56] [DEBUG] (2) velopack::bundle:     3 Skipped '_rels/.rels'
[setup:73920] [13:49:56] [DEBUG] (2) velopack::bundle:     4 Skipped Stub (obsolete) 'lib/app/BrowserAI (suite)_ExecutionStub.exe'
[setup:73920] [13:49:56] [DEBUG] (2) velopack::bundle:     5 Extracting 'lib/app/BrowserAI.Core.xml' to '"C:\\Users\\jori\\Downloads\\tmp-coordinator-lifecycle\\root\\current\\BrowserAI.Core.xml"'
[setup:73920] [13:49:56] [DEBUG] (2) velopack::bundle: Extracting zip file to path: "C:\\Users\\jori\\Downloads\\tmp-coordinator-lifecycle\\root\\current\\BrowserAI.Core.xml"
[setup:73920] [13:49:56] [DEBUG] (2) velopack::bundle: Writing file to disk with 64k buffer: "C:\\Users\\jori\\Downloads\\tmp-coordinator-lifecycle\\root\\current\\BrowserAI.Core.xml"
[setup:73920] [13:49:56] [DEBUG] (2) velopack::bundle:     6 Extracting 'lib/app/BrowserAI.exe' to '"C:\\Users\\jori\\Downloads\\tmp-coordinator-lifecycle\\root\\current\\BrowserAI.exe"'
[setup:73920] [13:49:56] [DEBUG] (2) velopack::bundle: Extracting zip file to path: "C:\\Users\\jori\\Downloads\\tmp-coordinator-lifecycle\\root\\current\\BrowserAI.exe"
[setup:73920] [13:49:56] [DEBUG] (2) velopack::bundle: Writing file to disk with 64k buffer: "C:\\Users\\jori\\Downloads\\tmp-coordinator-lifecycle\\root\\current\\BrowserAI.exe"
[setup:73920] [13:49:56] [DEBUG] (2) velopack::bundle:     7 Extracting 'lib/app/BrowserAI.Server.exe' to '"C:\\Users\\jori\\Downloads\\tmp-coordinator-lifecycle\\root\\current\\BrowserAI.Server.exe"'
[setup:73920] [13:49:56] [DEBUG] (2) velopack::bundle: Extracting zip file to path: "C:\\Users\\jori\\Downloads\\tmp-coordinator-lifecycle\\root\\current\\BrowserAI.Server.exe"
[setup:73920] [13:49:56] [DEBUG] (2) velopack::bundle: Writing file to disk with 64k buffer: "C:\\Users\\jori\\Downloads\\tmp-coordinator-lifecycle\\root\\current\\BrowserAI.Server.exe"
[setup:73920] [13:49:56] [DEBUG] (2) velopack::bundle:     8 Extracting 'lib/app/BrowserAI.Server.xml' to '"C:\\Users\\jori\\Downloads\\tmp-coordinator-lifecycle\\root\\current\\BrowserAI.Server.xml"'
[setup:73920] [13:49:56] [DEBUG] (2) velopack::bundle: Extracting zip file to path: "C:\\Users\\jori\\Downloads\\tmp-coordinator-lifecycle\\root\\current\\BrowserAI.Server.xml"
[setup:73920] [13:49:56] [DEBUG] (2) velopack::bundle: Writing file to disk with 64k buffer: "C:\\Users\\jori\\Downloads\\tmp-coordinator-lifecycle\\root\\current\\BrowserAI.Server.xml"
[setup:73920] [13:49:56] [DEBUG] (2) velopack::bundle:     9 Extracting 'lib/app/BrowserAI.xml' to '"C:\\Users\\jori\\Downloads\\tmp-coordinator-lifecycle\\root\\current\\BrowserAI.xml"'
[setup:73920] [13:49:56] [DEBUG] (2) velopack::bundle: Extracting zip file to path: "C:\\Users\\jori\\Downloads\\tmp-coordinator-lifecycle\\root\\current\\BrowserAI.xml"
[setup:73920] [13:49:56] [DEBUG] (2) velopack::bundle: Writing file to disk with 64k buffer: "C:\\Users\\jori\\Downloads\\tmp-coordinator-lifecycle\\root\\current\\BrowserAI.xml"
[setup:73920] [13:49:56] [DEBUG] (2) velopack::bundle:     10 Extracting 'lib/app/sq.version' to '"C:\\Users\\jori\\Downloads\\tmp-coordinator-lifecycle\\root\\current\\sq.version"'
[setup:73920] [13:49:56] [DEBUG] (2) velopack::bundle: Extracting zip file to path: "C:\\Users\\jori\\Downloads\\tmp-coordinator-lifecycle\\root\\current\\sq.version"
[setup:73920] [13:49:56] [DEBUG] (2) velopack::bundle: Writing file to disk with 64k buffer: "C:\\Users\\jori\\Downloads\\tmp-coordinator-lifecycle\\root\\current\\sq.version"
[setup:73920] [13:49:56] [DEBUG] (2) velopack::bundle:     11 Skipped 'lib/app/Squirrel.exe'
[setup:73920] [13:49:56] [DEBUG] (2) velopack::bundle:     12 Extracting 'lib/app/THIRD-PARTY-NOTICES.txt' to '"C:\\Users\\jori\\Downloads\\tmp-coordinator-lifecycle\\root\\current\\THIRD-PARTY-NOTICES.txt"'
[setup:73920] [13:49:56] [DEBUG] (2) velopack::bundle: Extracting zip file to path: "C:\\Users\\jori\\Downloads\\tmp-coordinator-lifecycle\\root\\current\\THIRD-PARTY-NOTICES.txt"
[setup:73920] [13:49:56] [DEBUG] (2) velopack::bundle: Writing file to disk with 64k buffer: "C:\\Users\\jori\\Downloads\\tmp-coordinator-lifecycle\\root\\current\\THIRD-PARTY-NOTICES.txt"
[setup:73920] [13:49:56] [DEBUG] (2) velopack::bundle:     13 Extracting 'lib/app/payload/payload.json' to '"C:\\Users\\jori\\Downloads\\tmp-coordinator-lifecycle\\root\\current\\payload\\payload.json"'
[setup:73920] [13:49:56] [DEBUG] (2) velopack::bundle: Extracting zip file to path: "C:\\Users\\jori\\Downloads\\tmp-coordinator-lifecycle\\root\\current\\payload\\payload.json"
[setup:73920] [13:49:56] [DEBUG] (2) velopack::bundle: Creating parent directory: "C:\\Users\\jori\\Downloads\\tmp-coordinator-lifecycle\\root\\current\\payload"
[setup:73920] [13:49:56] [DEBUG] (2) velopack::bundle: Writing file to disk with 64k buffer: "C:\\Users\\jori\\Downloads\\tmp-coordinator-lifecycle\\root\\current\\payload\\payload.json"
[setup:73920] [13:49:56] [DEBUG] (2) velopack::bundle:     14 Extracting 'lib/app/payload/tool-verdicts.json' to '"C:\\Users\\jori\\Downloads\\tmp-coordinator-lifecycle\\root\\current\\payload\\tool-verdicts.json"'
[setup:73920] [13:49:56] [DEBUG] (2) velopack::bundle: Extracting zip file to path: "C:\\Users\\jori\\Downloads\\tmp-coordinator-lifecycle\\root\\current\\payload\\tool-verdicts.json"
[setup:73920] [13:49:56] [DEBUG] (2) velopack::bundle: Writing file to disk with 64k buffer: "C:\\Users\\jori\\Downloads\\tmp-coordinator-lifecycle\\root\\current\\payload\\tool-verdicts.json"
[setup:73920] [13:49:56] [DEBUG] (2) velopack::bundle:     15 Extracting 'lib/app/payload/node/LICENSE' to '"C:\\Users\\jori\\Downloads\\tmp-coordinator-lifecycle\\root\\current\\payload\\node\\LICENSE"'
[setup:73920] [13:49:56] [DEBUG] (2) velopack::bundle: Extracting zip file to path: "C:\\Users\\jori\\Downloads\\tmp-coordinator-lifecycle\\root\\current\\payload\\node\\LICENSE"
[setup:73920] [13:49:56] [DEBUG] (2) velopack::bundle: Creating parent directory: "C:\\Users\\jori\\Downloads\\tmp-coordinator-lifecycle\\root\\current\\payload\\node"
[setup:73920] [13:49:56] [DEBUG] (2) velopack::bundle: Writing file to disk with 64k buffer: "C:\\Users\\jori\\Downloads\\tmp-coordinator-lifecycle\\root\\current\\payload\\node\\LICENSE"
[setup:73920] [13:49:56] [DEBUG] (2) velopack::bundle:     16 Extracting 'lib/app/payload/node/node.exe' to '"C:\\Users\\jori\\Downloads\\tmp-coordinator-lifecycle\\root\\current\\payload\\node\\node.exe"'
[setup:73920] [13:49:56] [DEBUG] (2) velopack::bundle: Extracting zip file to path: "C:\\Users\\jori\\Downloads\\tmp-coordinator-lifecycle\\root\\current\\payload\\node\\node.exe"
[setup:73920] [13:49:56] [DEBUG] (2) velopack::bundle: Writing file to disk with 64k buffer: "C:\\Users\\jori\\Downloads\\tmp-coordinator-lifecycle\\root\\current\\payload\\node\\node.exe"
[setup:73920] [13:49:57] [DEBUG] (2) velopack::bundle:     17 Extracting 'lib/app/payload/mcp/package-lock.json' to '"C:\\Users\\jori\\Downloads\\tmp-coordinator-lifecycle\\root\\current\\payload\\mcp\\package-lock.json"'
[setup:73920] [13:49:57] [DEBUG] (2) velopack::bundle: Extracting zip file to path: "C:\\Users\\jori\\Downloads\\tmp-coordinator-lifecycle\\root\\current\\payload\\mcp\\package-lock.json"
[setup:73920] [13:49:57] [DEBUG] (2) velopack::bundle: Creating parent directory: "C:\\Users\\jori\\Downloads\\tmp-coordinator-lifecycle\\root\\current\\payload\\mcp"
[setup:73920] [13:49:57] [DEBUG] (2) velopack::bundle: Writing file to disk with 64k buffer: "C:\\Users\\jori\\Downloads\\tmp-coordinator-lifecycle\\root\\current\\payload\\mcp\\package-lock.json"
[setup:73920] [13:49:57] [DEBUG] (2) velopack::bundle:     18 Extracting 'lib/app/payload/mcp/package.json' to '"C:\\Users\\jori\\Downloads\\tmp-coordinator-lifecycle\\root\\current\\payload\\mcp\\package.json"'
[setup:73920] [13:49:57] [DEBUG] (2) velopack::bundle: Extracting zip file to path: "C:\\Users\\jori\\Downloads\\tmp-coordinator-lifecycle\\root\\current\\payload\\mcp\\package.json"
[setup:73920] [13:49:57] [DEBUG] (2) velopack::bundle: Writing file to disk with 64k buffer: "C:\\Users\\jori\\Downloads\\tmp-coordinator-lifecycle\\root\\current\\payload\\mcp\\package.json"
[setup:73920] [13:49:57] [DEBUG] (2) velopack::bundle:     19 Extracting 'lib/app/payload/mcp/node_modules/.package-lock.json' to '"C:\\Users\\jori\\Downloads\\tmp-coordinator-lifecycle\\root\\current\\payload\\mcp\\node_modules\\.package-lock.json"'
[setup:73920] [13:49:57] [DEBUG] (2) velopack::bundle: Extracting zip file to path: "C:\\Users\\jori\\Downloads\\tmp-coordinator-lifecycle\\root\\current\\payload\\mcp\\node_modules\\.package-lock.json"
[setup:73920] [13:49:57] [DEBUG] (2) velopack::bundle: Creating parent directory: "C:\\Users\\jori\\Downloads\\tmp-coordinator-lifecycle\\root\\current\\payload\\mcp\\node_modules"
[setup:73920] [13:49:57] [DEBUG] (2) velopack::bundle: Writing file to disk with 64k buffer: "C:\\Users\\jori\\Downloads\\tmp-coordinator-lifecycle\\root\\current\\payload\\mcp\\node_modules\\.package-lock.json"
[setup:73920] [13:49:57] [DEBUG] (2) velopack::bundle:     20 Extracting 'lib/app/payload/mcp/node_modules/playwright-core/browsers.json' to '"C:\\Users\\jori\\Downloads\\tmp-coordinator-lifecycle\\root\\current\\payload\\mcp\\node_modules\\playwright-core\\browsers.json"'
[setup:73920] [13:49:57] [DEBUG] (2) velopack::bundle: Extracting zip file to path: "C:\\Users\\jori\\Downloads\\tmp-coordinator-lifecycle\\root\\current\\payload\\mcp\\node_modules\\playwright-core\\browsers.json"
[setup:73920] [13:49:57] [DEBUG] (2) velopack::bundle: Creating parent directory: "C:\\Users\\jori\\Downloads\\tmp-coordinator-lifecycle\\root\\current\\payload\\mcp\\node_modules\\playwright-core"
[setup:73920] [13:49:57] [DEBUG] (2) velopack::bundle: Writing file to disk with 64k buffer: "C:\\Users\\jori\\Downloads\\tmp-coordinator-lifecycle\\root\\current\\payload\\mcp\\node_modules\\playwright-core\\browsers.json"
[setup:73920] [13:49:57] [DEBUG] (2) velopack::bundle:     21 Extracting 'lib/app/payload/mcp/node_modules/playwright-core/cli.js' to '"C:\\Users\\jori\\Downloads\\tmp-coordinator-lifecycle\\root\\current\\payload\\mcp\\node_modules\\playwright-core\\cli.js"'
[setup:73920] [13:49:57] [DEBUG] (2) velopack::bundle: Extracting zip file to path: "C:\\Users\\jori\\Downloads\\tmp-coordinator-lifecycle\\root\\current\\payload\\mcp\\node_modules\\playwright-core\\cli.js"
[setup:73920] [13:49:57] [DEBUG] (2) velopack::bundle: Writing file to disk with 64k buffer: "C:\\Users\\jori\\Downloads\\tmp-coordinator-lifecycle\\root\\current\\payload\\mcp\\node_modules\\playwright-core\\cli.js"
[setup:73920] [13:49:57] [DEBUG] (2) velopack::bundle:     22 Extracting 'lib/app/payload/mcp/node_modules/playwright-core/index.d.ts' to '"C:\\Users\\jori\\Downloads\\tmp-coordinator-lifecycle\\root\\current\\payload\\mcp\\node_modules\\playwright-core\\index.d.ts"'
[setup:73920] [13:49:57] [DEBUG] (2) velopack::bundle: Extracting zip file to path: "C:\\Users\\jori\\Downloads\\tmp-coordinator-lifecycle\\root\\current\\payload\\mcp\\node_modules\\playwright-core\\index.d.ts"
[setup:73920] [13:49:57] [DEBUG] (2) velopack::bundle: Writing file to disk with 64k buffer: "C:\\Users\\jori\\Downloads\\tmp-coordinator-lifecycle\\root\\current\\payload\\mcp\\node_modules\\playwright-core\\index.d.ts"
[setup:73920] [13:49:57] [DEBUG] (2) velopack::bundle:     23 Extracting 'lib/app/payload/mcp/node_modules/playwright-core/index.js' to '"C:\\Users\\jori\\Downloads\\tmp-coordinator-lifecycle\\root\\current\\payload\\mcp\\node_modules\\playwright-core\\index.js"'
[setup:73920] [13:49:57] [DEBUG] (2) velopack::bundle: Extracting zip file to path: "C:\\Users\\jori\\Downloads\\tmp-coordinator-lifecycle\\root\\current\\payload\\mcp\\node_modules\\playwright-core\\index.js"
[setup:73920] [13:49:57] [DEBUG] (2) velopack::bundle: Writing file to disk with 64k buffer: "C:\\Users\\jori\\Downloads\\tmp-coordinator-lifecycle\\root\\current\\payload\\mcp\\node_modules\\playwright-core\\index.js"
[setup:73920] [13:49:57] [DEBUG] (2) velopack::bundle:     24 Extracting 'lib/app/payload/mcp/node_modules/playwright-core/index.mjs' to '"C:\\Users\\jori\\Downloads\\tmp-coordinator-lifecycle\\root\\current\\payload\\mcp\\node_modules\\playwright-core\\index.mjs"'
[setup:73920] [13:49:57] [DEBUG] (2) velopack::bundle: Extracting zip file to path: "C:\\Users\\jori\\Downloads\\tmp-coordinator-lifecycle\\root\\current\\payload\\mcp\\node_modules\\playwright-core\\index.mjs"
[setup:73920] [13:49:57] [DEBUG] (2) velopack::bundle: Writing file to disk with 64k buffer: "C:\\Users\\jori\\Downloads\\tmp-coordinator-lifecycle\\root\\current\\payload\\mcp\\node_modules\\playwright-core\\index.mjs"
[setup:73920] [13:49:57] [DEBUG] (2) velopack::bundle:     25 Extracting 'lib/app/payload/mcp/node_modules/playwright-core/LICENSE' to '"C:\\Users\\jori\\Downloads\\tmp-coordinator-lifecycle\\root\\current\\payload\\mcp\\node_modules\\playwright-core\\LICENSE"'
[setup:73920] [13:49:57] [DEBUG] (2) velopack::bundle: Extracting zip file to path: "C:\\Users\\jori\\Downloads\\tmp-coordinator-lifecycle\\root\\current\\payload\\mcp\\node_modules\\playwright-core\\LICENSE"
[setup:73920] [13:49:57] [DEBUG] (2) velopack::bundle: Writing file to disk with 64k buffer: "C:\\Users\\jori\\Downloads\\tmp-coordinator-lifecycle\\root\\current\\payload\\mcp\\node_modules\\playwright-core\\LICENSE"
[setup:73920] [13:49:57] [DEBUG] (2) velopack::bundle:     26 Extracting 'lib/app/payload/mcp/node_modules/playwright-core/NOTICE' to '"C:\\Users\\jori\\Downloads\\tmp-coordinator-lifecycle\\root\\current\\payload\\mcp\\node_modules\\playwright-core\\NOTICE"'
[setup:73920] [13:49:57] [DEBUG] (2) velopack::bundle: Extracting zip file to path: "C:\\Users\\jori\\Downloads\\tmp-coordinator-lifecycle\\root\\current\\payload\\mcp\\node_modules\\playwright-core\\NOTICE"
[setup:73920] [13:49:57] [DEBUG] (2) velopack::bundle: Writing file to disk with 64k buffer: "C:\\Users\\jori\\Downloads\\tmp-coordinator-lifecycle\\root\\current\\payload\\mcp\\node_modules\\playwright-core\\NOTICE"
[setup:73920] [13:49:57] [DEBUG] (2) velopack::bundle:     27 Extracting 'lib/app/payload/mcp/node_modules/playwright-core/package.json' to '"C:\\Users\\jori\\Downloads\\tmp-coordinator-lifecycle\\root\\current\\payload\\mcp\\node_modules\\playwright-core\\package.json"'
[setup:73920] [13:49:57] [DEBUG] (2) velopack::bundle: Extracting zip file to path: "C:\\Users\\jori\\Downloads\\tmp-coordinator-lifecycle\\root\\current\\payload\\mcp\\node_modules\\playwright-core\\package.json"
[setup:73920] [13:49:57] [DEBUG] (2) velopack::bundle: Writing file to disk with 64k buffer: "C:\\Users\\jori\\Downloads\\tmp-coordinator-lifecycle\\root\\current\\payload\\mcp\\node_modules\\playwright-core\\package.json"
[setup:73920] [13:49:57] [DEBUG] (2) velopack::bundle:     28 Extracting 'lib/app/payload/mcp/node_modules/playwright-core/README.md' to '"C:\\Users\\jori\\Downloads\\tmp-coordinator-lifecycle\\root\\current\\payload\\mcp\\node_modules\\playwright-core\\README.md"'
[setup:73920] [13:49:57] [DEBUG] (2) velopack::bundle: Extracting zip file to path: "C:\\Users\\jori\\Downloads\\tmp-coordinator-lifecycle\\root\\current\\payload\\mcp\\node_modules\\playwright-core\\README.md"
[setup:73920] [13:49:57] [DEBUG] (2) velopack::bundle: Writing file to disk with 64k buffer: "C:\\Users\\jori\\Downloads\\tmp-coordinator-lifecycle\\root\\current\\payload\\mcp\\node_modules\\playwright-core\\README.md"
[setup:73920] [13:49:57] [DEBUG] (2) velopack::bundle:     29 Extracting 'lib/app/payload/mcp/node_modules/playwright-core/ThirdPartyNotices.txt' to '"C:\\Users\\jori\\Downloads\\tmp-coordinator-lifecycle\\root\\current\\payload\\mcp\\node_modules\\playwright-core\\ThirdPartyNotices.txt"'
[setup:73920] [13:49:57] [DEBUG] (2) velopack::bundle: Extracting zip file to path: "C:\\Users\\jori\\Downloads\\tmp-coordinator-lifecycle\\root\\current\\payload\\mcp\\node_modules\\playwright-core\\ThirdPartyNotices.txt"
[setup:73920] [13:49:57] [DEBUG] (2) velopack::bundle: Writing file to disk with 64k buffer: "C:\\Users\\jori\\Downloads\\tmp-coordinator-lifecycle\\root\\current\\payload\\mcp\\node_modules\\playwright-core\\ThirdPartyNotices.txt"
[setup:73920] [13:49:57] [DEBUG] (2) velopack::bundle:     30 Extracting 'lib/app/payload/mcp/node_modules/playwright-core/types/protocol.d.ts' to '"C:\\Users\\jori\\Downloads\\tmp-coordinator-lifecycle\\root\\current\\payload\\mcp\\node_modules\\playwright-core\\types\\protocol.d.ts"'
[setup:73920] [13:49:57] [DEBUG] (2) velopack::bundle: Extracting zip file to path: "C:\\Users\\jori\\Downloads\\tmp-coordinator-lifecycle\\root\\current\\payload\\mcp\\node_modules\\playwright-core\\types\\protocol.d.ts"
[setup:73920] [13:49:57] [DEBUG] (2) velopack::bundle: Creating parent directory: "C:\\Users\\jori\\Downloads\\tmp-coordinator-lifecycle\\root\\current\\payload\\mcp\\node_modules\\playwright-core\\types"
[setup:73920] [13:49:57] [DEBUG] (2) velopack::bundle: Writing file to disk with 64k buffer: "C:\\Users\\jori\\Downloads\\tmp-coordinator-lifecycle\\root\\current\\payload\\mcp\\node_modules\\playwright-core\\types\\protocol.d.ts"
[setup:73920] [13:49:57] [DEBUG] (2) velopack::bundle:     31 Extracting 'lib/app/payload/mcp/node_modules/playwright-core/types/structs.d.ts' to '"C:\\Users\\jori\\Downloads\\tmp-coordinator-lifecycle\\root\\current\\payload\\mcp\\node_modules\\playwright-core\\types\\structs.d.ts"'
[setup:73920] [13:49:57] [DEBUG] (2) velopack::bundle: Extracting zip file to path: "C:\\Users\\jori\\Downloads\\tmp-coordinator-lifecycle\\root\\current\\payload\\mcp\\node_modules\\playwright-core\\types\\structs.d.ts"
[setup:73920] [13:49:57] [DEBUG] (2) velopack::bundle: Writing file to disk with 64k buffer: "C:\\Users\\jori\\Downloads\\tmp-coordinator-lifecycle\\root\\current\\payload\\mcp\\node_modules\\playwright-core\\types\\structs.d.ts"
[setup:73920] [13:49:57] [DEBUG] (2) velopack::bundle:     32 Extracting 'lib/app/payload/mcp/node_modules/playwright-core/types/types.d.ts' to '"C:\\Users\\jori\\Downloads\\tmp-coordinator-lifecycle\\root\\current\\payload\\mcp\\node_modules\\playwright-core\\types\\types.d.ts"'
[setup:73920] [13:49:57] [DEBUG] (2) velopack::bundle: Extracting zip file to path: "C:\\Users\\jori\\Downloads\\tmp-coordinator-lifecycle\\root\\current\\payload\\mcp\\node_modules\\playwright-core\\types\\types.d.ts"
[setup:73920] [13:49:57] [DEBUG] (2) velopack::bundle: Writing file to disk with 64k buffer: "C:\\Users\\jori\\Downloads\\tmp-coordinator-lifecycle\\root\\current\\payload\\mcp\\node_modules\\playwright-core\\types\\types.d.ts"
[setup:73920] [13:49:57] [DEBUG] (2) velopack::bundle:     33 Extracting 'lib/app/payload/mcp/node_modules/playwright-core/lib/bootstrap.js' to '"C:\\Users\\jori\\Downloads\\tmp-coordinator-lifecycle\\root\\current\\payload\\mcp\\node_modules\\playwright-core\\lib\\bootstrap.js"'
[setup:73920] [13:49:57] [DEBUG] (2) velopack::bundle: Extracting zip file to path: "C:\\Users\\jori\\Downloads\\tmp-coordinator-lifecycle\\root\\current\\payload\\mcp\\node_modules\\playwright-core\\lib\\bootstrap.js"
[setup:73920] [13:49:57] [DEBUG] (2) velopack::bundle: Creating parent directory: "C:\\Users\\jori\\Downloads\\tmp-coordinator-lifecycle\\root\\current\\payload\\mcp\\node_modules\\playwright-core\\lib"
[setup:73920] [13:49:57] [DEBUG] (2) velopack::bundle: Writing file to disk with 64k buffer: "C:\\Users\\jori\\Downloads\\tmp-coordinator-lifecycle\\root\\current\\payload\\mcp\\node_modules\\playwright-core\\lib\\bootstrap.js"
[setup:73920] [13:49:57] [DEBUG] (2) velopack::bundle:     34 Extracting 'lib/app/payload/mcp/node_modules/playwright-core/lib/coreBundle.js' to '"C:\\Users\\jori\\Downloads\\tmp-coordinator-lifecycle\\root\\current\\payload\\mcp\\node_modules\\playwright-core\\lib\\coreBundle.js"'
[setup:73920] [13:49:57] [DEBUG] (2) velopack::bundle: Extracting zip file to path: "C:\\Users\\jori\\Downloads\\tmp-coordinator-lifecycle\\root\\current\\payload\\mcp\\node_modules\\playwright-core\\lib\\coreBundle.js"
[setup:73920] [13:49:57] [DEBUG] (2) velopack::bundle: Writing file to disk with 64k buffer: "C:\\Users\\jori\\Downloads\\tmp-coordinator-lifecycle\\root\\current\\payload\\mcp\\node_modules\\playwright-core\\lib\\coreBundle.js"
[setup:73920] [13:49:57] [DEBUG] (2) velopack::bundle:     35 Extracting 'lib/app/payload/mcp/node_modules/playwright-core/lib/package.js' to '"C:\\Users\\jori\\Downloads\\tmp-coordinator-lifecycle\\root\\current\\payload\\mcp\\node_modules\\playwright-core\\lib\\package.js"'
[setup:73920] [13:49:57] [DEBUG] (2) velopack::bundle: Extracting zip file to path: "C:\\Users\\jori\\Downloads\\tmp-coordinator-lifecycle\\root\\current\\payload\\mcp\\node_modules\\playwright-core\\lib\\package.js"
[setup:73920] [13:49:57] [DEBUG] (2) velopack::bundle: Writing file to disk with 64k buffer: "C:\\Users\\jori\\Downloads\\tmp-coordinator-lifecycle\\root\\current\\payload\\mcp\\node_modules\\playwright-core\\lib\\package.js"
[setup:73920] [13:49:57] [DEBUG] (2) velopack::bundle:     36 Extracting 'lib/app/payload/mcp/node_modules/playwright-core/lib/serverRegistry.js' to '"C:\\Users\\jori\\Downloads\\tmp-coordinator-lifecycle\\root\\current\\payload\\mcp\\node_modules\\playwright-core\\lib\\serverRegistry.js"'
[setup:73920] [13:49:57] [DEBUG] (2) velopack::bundle: Extracting zip file to path: "C:\\Users\\jori\\Downloads\\tmp-coordinator-lifecycle\\root\\current\\payload\\mcp\\node_modules\\playwright-core\\lib\\serverRegistry.js"
[setup:73920] [13:49:57] [DEBUG] (2) velopack::bundle: Writing file to disk with 64k buffer: "C:\\Users\\jori\\Downloads\\tmp-coordinator-lifecycle\\root\\current\\payload\\mcp\\node_modules\\playwright-core\\lib\\serverRegistry.js"
[setup:73920] [13:49:57] [DEBUG] (2) velopack::bundle:     37 Extracting 'lib/app/payload/mcp/node_modules/playwright-core/lib/serverRegistry.js.LICENSE' to '"C:\\Users\\jori\\Downloads\\tmp-coordinator-lifecycle\\root\\current\\payload\\mcp\\node_modules\\playwright-core\\lib\\serverRegistry.js.LICENSE"'
[setup:73920] [13:49:57] [DEBUG] (2) velopack::bundle: Extracting zip file to path: "C:\\Users\\jori\\Downloads\\tmp-coordinator-lifecycle\\root\\current\\payload\\mcp\\node_modules\\playwright-core\\lib\\serverRegistry.js.LICENSE"
[setup:73920] [13:49:57] [DEBUG] (2) velopack::bundle: Writing file to disk with 64k buffer: "C:\\Users\\jori\\Downloads\\tmp-coordinator-lifecycle\\root\\current\\payload\\mcp\\node_modules\\playwright-core\\lib\\serverRegistry.js.LICENSE"
[setup:73920] [13:49:57] [DEBUG] (2) velopack::bundle:     38 Extracting 'lib/app/payload/mcp/node_modules/playwright-core/lib/utilsBundle.js' to '"C:\\Users\\jori\\Downloads\\tmp-coordinator-lifecycle\\root\\current\\payload\\mcp\\node_modules\\playwright-core\\lib\\utilsBundle.js"'
[setup:73920] [13:49:57] [DEBUG] (2) velopack::bundle: Extracting zip file to path: "C:\\Users\\jori\\Downloads\\tmp-coordinator-lifecycle\\root\\current\\payload\\mcp\\node_modules\\playwright-core\\lib\\utilsBundle.js"
[setup:73920] [13:49:57] [DEBUG] (2) velopack::bundle: Writing file to disk with 64k buffer: "C:\\Users\\jori\\Downloads\\tmp-coordinator-lifecycle\\root\\current\\payload\\mcp\\node_modules\\playwright-core\\lib\\utilsBundle.js"
[setup:73920] [13:49:57] [DEBUG] (2) velopack::bundle:     39 Extracting 'lib/app/payload/mcp/node_modules/playwright-core/lib/utilsBundle.js.LICENSE' to '"C:\\Users\\jori\\Downloads\\tmp-coordinator-lifecycle\\root\\current\\payload\\mcp\\node_modules\\playwright-core\\lib\\utilsBundle.js.LICENSE"'
[setup:73920] [13:49:57] [DEBUG] (2) velopack::bundle: Extracting zip file to path: "C:\\Users\\jori\\Downloads\\tmp-coordinator-lifecycle\\root\\current\\payload\\mcp\\node_modules\\playwright-core\\lib\\utilsBundle.js.LICENSE"
[setup:73920] [13:49:57] [DEBUG] (2) velopack::bundle: Writing file to disk with 64k buffer: "C:\\Users\\jori\\Downloads\\tmp-coordinator-lifecycle\\root\\current\\payload\\mcp\\node_modules\\playwright-core\\lib\\utilsBundle.js.LICENSE"
[setup:73920] [13:49:57] [DEBUG] (2) velopack::bundle:     40 Extracting 'lib/app/payload/mcp/node_modules/playwright-core/lib/webp_codec.LICENSE' to '"C:\\Users\\jori\\Downloads\\tmp-coordinator-lifecycle\\root\\current\\payload\\mcp\\node_modules\\playwright-core\\lib\\webp_codec.LICENSE"'
[setup:73920] [13:49:57] [DEBUG] (2) velopack::bundle: Extracting zip file to path: "C:\\Users\\jori\\Downloads\\tmp-coordinator-lifecycle\\root\\current\\payload\\mcp\\node_modules\\playwright-core\\lib\\webp_codec.LICENSE"
[setup:73920] [13:49:57] [DEBUG] (2) velopack::bundle: Writing file to disk with 64k buffer: "C:\\Users\\jori\\Downloads\\tmp-coordinator-lifecycle\\root\\current\\payload\\mcp\\node_modules\\playwright-core\\lib\\webp_codec.LICENSE"
[setup:73920] [13:49:57] [DEBUG] (2) velopack::bundle:     41 Extracting 'lib/app/payload/mcp/node_modules/playwright-core/lib/webp_codec.wasm' to '"C:\\Users\\jori\\Downloads\\tmp-coordinator-lifecycle\\root\\current\\payload\\mcp\\node_modules\\playwright-core\\lib\\webp_codec.wasm"'
[setup:73920] [13:49:57] [DEBUG] (2) velopack::bundle: Extracting zip file to path: "C:\\Users\\jori\\Downloads\\tmp-coordinator-lifecycle\\root\\current\\payload\\mcp\\node_modules\\playwright-core\\lib\\webp_codec.wasm"
[setup:73920] [13:49:57] [DEBUG] (2) velopack::bundle: Writing file to disk with 64k buffer: "C:\\Users\\jori\\Downloads\\tmp-coordinator-lifecycle\\root\\current\\payload\\mcp\\node_modules\\playwright-core\\lib\\webp_codec.wasm"
[setup:73920] [13:49:57] [DEBUG] (2) velopack::bundle:     42 Extracting 'lib/app/payload/mcp/node_modules/playwright-core/lib/xdg-open' to '"C:\\Users\\jori\\Downloads\\tmp-coordinator-lifecycle\\root\\current\\payload\\mcp\\node_modules\\playwright-core\\lib\\xdg-open"'
[setup:73920] [13:49:57] [DEBUG] (2) velopack::bundle: Extracting zip file to path: "C:\\Users\\jori\\Downloads\\tmp-coordinator-lifecycle\\root\\current\\payload\\mcp\\node_modules\\playwright-core\\lib\\xdg-open"
[setup:73920] [13:49:57] [DEBUG] (2) velopack::bundle: Writing file to disk with 64k buffer: "C:\\Users\\jori\\Downloads\\tmp-coordinator-lifecycle\\root\\current\\payload\\mcp\\node_modules\\playwright-core\\lib\\xdg-open"
[setup:73920] [13:49:57] [DEBUG] (2) velopack::bundle:     43 Extracting 'lib/app/payload/mcp/node_modules/playwright-core/lib/vite/traceViewer/codeMirrorModule.-QdMvsKi.css' to '"C:\\Users\\jori\\Downloads\\tmp-coordinator-lifecycle\\root\\current\\payload\\mcp\\node_modules\\playwright-core\\lib\\vite\\traceViewer\\codeMirrorModule.-QdMvsKi.css"'
[setup:73920] [13:49:57] [DEBUG] (2) velopack::bundle: Extracting zip file to path: "C:\\Users\\jori\\Downloads\\tmp-coordinator-lifecycle\\root\\current\\payload\\mcp\\node_modules\\playwright-core\\lib\\vite\\traceViewer\\codeMirrorModule.-QdMvsKi.css"
[setup:73920] [13:49:57] [DEBUG] (2) velopack::bundle: Creating parent directory: "C:\\Users\\jori\\Downloads\\tmp-coordinator-lifecycle\\root\\current\\payload\\mcp\\node_modules\\playwright-core\\lib\\vite\\traceViewer"
[setup:73920] [13:49:57] [DEBUG] (2) velopack::bundle: Writing file to disk with 64k buffer: "C:\\Users\\jori\\Downloads\\tmp-coordinator-lifecycle\\root\\current\\payload\\mcp\\node_modules\\playwright-core\\lib\\vite\\traceViewer\\codeMirrorModule.-QdMvsKi.css"
[setup:73920] [13:49:57] [DEBUG] (2) velopack::bundle:     44 Extracting 'lib/app/payload/mcp/node_modules/playwright-core/lib/vite/traceViewer/codicon.DCmgc-ay.ttf' to '"C:\\Users\\jori\\Downloads\\tmp-coordinator-lifecycle\\root\\current\\payload\\mcp\\node_modules\\playwright-core\\lib\\vite\\traceViewer\\codicon.DCmgc-ay.ttf"'
[setup:73920] [13:49:57] [DEBUG] (2) velopack::bundle: Extracting zip file to path: "C:\\Users\\jori\\Downloads\\tmp-coordinator-lifecycle\\root\\current\\payload\\mcp\\node_modules\\playwright-core\\lib\\vite\\traceViewer\\codicon.DCmgc-ay.ttf"
[setup:73920] [13:49:57] [DEBUG] (2) velopack::bundle: Writing file to disk with 64k buffer: "C:\\Users\\jori\\Downloads\\tmp-coordinator-lifecycle\\root\\current\\payload\\mcp\\node_modules\\playwright-core\\lib\\vite\\traceViewer\\codicon.DCmgc-ay.ttf"
[setup:73920] [13:49:57] [DEBUG] (2) velopack::bundle:     45 Extracting 'lib/app/payload/mcp/node_modules/playwright-core/lib/vite/traceViewer/defaultSettingsView.C8BeHuxd.css' to '"C:\\Users\\jori\\Downloads\\tmp-coordinator-lifecycle\\root\\current\\payload\\mcp\\node_modules\\playwright-core\\lib\\vite\\traceViewer\\defaultSettingsView.C8BeHuxd.css"'
[setup:73920] [13:49:57] [DEBUG] (2) velopack::bundle: Extracting zip file to path: "C:\\Users\\jori\\Downloads\\tmp-coordinator-lifecycle\\root\\current\\payload\\mcp\\node_modules\\playwright-core\\lib\\vite\\traceViewer\\defaultSettingsView.C8BeHuxd.css"
[setup:73920] [13:49:57] [DEBUG] (2) velopack::bundle: Writing file to disk with 64k buffer: "C:\\Users\\jori\\Downloads\\tmp-coordinator-lifecycle\\root\\current\\payload\\mcp\\node_modules\\playwright-core\\lib\\vite\\traceViewer\\defaultSettingsView.C8BeHuxd.css"
[setup:73920] [13:49:57] [DEBUG] (2) velopack::bundle:     46 Extracting 'lib/app/payload/mcp/node_modules/playwright-core/lib/vite/traceViewer/index.B_TqY17P.css' to '"C:\\Users\\jori\\Downloads\\tmp-coordinator-lifecycle\\root\\current\\payload\\mcp\\node_modules\\playwright-core\\lib\\vite\\traceViewer\\index.B_TqY17P.css"'
[setup:73920] [13:49:57] [DEBUG] (2) velopack::bundle: Extracting zip file to path: "C:\\Users\\jori\\Downloads\\tmp-coordinator-lifecycle\\root\\current\\payload\\mcp\\node_modules\\playwright-core\\lib\\vite\\traceViewer\\index.B_TqY17P.css"
[setup:73920] [13:49:57] [DEBUG] (2) velopack::bundle: Writing file to disk with 64k buffer: "C:\\Users\\jori\\Downloads\\tmp-coordinator-lifecycle\\root\\current\\payload\\mcp\\node_modules\\playwright-core\\lib\\vite\\traceViewer\\index.B_TqY17P.css"
[setup:73920] [13:49:57] [DEBUG] (2) velopack::bundle:     47 Extracting 'lib/app/payload/mcp/node_modules/playwright-core/lib/vite/traceViewer/index.BvNK4UpQ.js' to '"C:\\Users\\jori\\Downloads\\tmp-coordinator-lifecycle\\root\\current\\payload\\mcp\\node_modules\\playwright-core\\lib\\vite\\traceViewer\\index.BvNK4UpQ.js"'
[setup:73920] [13:49:57] [DEBUG] (2) velopack::bundle: Extracting zip file to path: "C:\\Users\\jori\\Downloads\\tmp-coordinator-lifecycle\\root\\current\\payload\\mcp\\node_modules\\playwright-core\\lib\\vite\\traceViewer\\index.BvNK4UpQ.js"
[setup:73920] [13:49:57] [DEBUG] (2) velopack::bundle: Writing file to disk with 64k buffer: "C:\\Users\\jori\\Downloads\\tmp-coordinator-lifecycle\\root\\current\\payload\\mcp\\node_modules\\playwright-core\\lib\\vite\\traceViewer\\index.BvNK4UpQ.js"
[setup:73920] [13:49:57] [DEBUG] (2) velopack::bundle:     48 Extracting 'lib/app/payload/mcp/node_modules/playwright-core/lib/vite/traceViewer/index.html' to '"C:\\Users\\jori\\Downloads\\tmp-coordinator-lifecycle\\root\\current\\payload\\mcp\\node_modules\\playwright-core\\lib\\vite\\traceViewer\\index.html"'
[setup:73920] [13:49:57] [DEBUG] (2) velopack::bundle: Extracting zip file to path: "C:\\Users\\jori\\Downloads\\tmp-coordinator-lifecycle\\root\\current\\payload\\mcp\\node_modules\\playwright-core\\lib\\vite\\traceViewer\\index.html"
[setup:73920] [13:49:57] [DEBUG] (2) velopack::bundle: Writing file to disk with 64k buffer: "C:\\Users\\jori\\Downloads\\tmp-coordinator-lifecycle\\root\\current\\payload\\mcp\\node_modules\\playwright-core\\lib\\vite\\traceViewer\\index.html"
[setup:73920] [13:49:57] [DEBUG] (2) velopack::bundle:     49 Extracting 'lib/app/payload/mcp/node_modules/playwright-core/lib/vite/traceViewer/manifest.webmanifest' to '"C:\\Users\\jori\\Downloads\\tmp-coordinator-lifecycle\\root\\current\\payload\\mcp\\node_modules\\playwright-core\\lib\\vite\\traceViewer\\manifest.webmanifest"'
[setup:73920] [13:49:57] [DEBUG] (2) velopack::bundle: Extracting zip file to path: "C:\\Users\\jori\\Downloads\\tmp-coordinator-lifecycle\\root\\current\\payload\\mcp\\node_modules\\playwright-core\\lib\\vite\\traceViewer\\manifest.webmanifest"
[setup:73920] [13:49:57] [DEBUG] (2) velopack::bundle: Writing file to disk with 64k buffer: "C:\\Users\\jori\\Downloads\\tmp-coordinator-lifecycle\\root\\current\\payload\\mcp\\node_modules\\playwright-core\\lib\\vite\\traceViewer\\manifest.webmanifest"
[setup:73920] [13:49:57] [DEBUG] (2) velopack::bundle:     50 Extracting 'lib/app/payload/mcp/node_modules/playwright-core/lib/vite/traceViewer/playwright-logo.svg' to '"C:\\Users\\jori\\Downloads\\tmp-coordinator-lifecycle\\root\\current\\payload\\mcp\\node_modules\\playwright-core\\lib\\vite\\traceViewer\\playwright-logo.svg"'
[setup:73920] [13:49:57] [DEBUG] (2) velopack::bundle: Extracting zip file to path: "C:\\Users\\jori\\Downloads\\tmp-coordinator-lifecycle\\root\\current\\payload\\mcp\\node_modules\\playwright-core\\lib\\vite\\traceViewer\\playwright-logo.svg"
[setup:73920] [13:49:57] [DEBUG] (2) velopack::bundle: Writing file to disk with 64k buffer: "C:\\Users\\jori\\Downloads\\tmp-coordinator-lifecycle\\root\\current\\payload\\mcp\\node_modules\\playwright-core\\lib\\vite\\traceViewer\\playwright-logo.svg"
[setup:73920] [13:49:57] [DEBUG] (2) velopack::bundle:     51 Extracting 'lib/app/payload/mcp/node_modules/playwright-core/lib/vite/traceViewer/snapshot.B_Jk1wbt.js' to '"C:\\Users\\jori\\Downloads\\tmp-coordinator-lifecycle\\root\\current\\payload\\mcp\\node_modules\\playwright-core\\lib\\vite\\traceViewer\\snapshot.B_Jk1wbt.js"'
[setup:73920] [13:49:57] [DEBUG] (2) velopack::bundle: Extracting zip file to path: "C:\\Users\\jori\\Downloads\\tmp-coordinator-lifecycle\\root\\current\\payload\\mcp\\node_modules\\playwright-core\\lib\\vite\\traceViewer\\snapshot.B_Jk1wbt.js"
[setup:73920] [13:49:57] [DEBUG] (2) velopack::bundle: Writing file to disk with 64k buffer: "C:\\Users\\jori\\Downloads\\tmp-coordinator-lifecycle\\root\\current\\payload\\mcp\\node_modules\\playwright-core\\lib\\vite\\traceViewer\\snapshot.B_Jk1wbt.js"
[setup:73920] [13:49:57] [DEBUG] (2) velopack::bundle:     52 Extracting 'lib/app/payload/mcp/node_modules/playwright-core/lib/vite/traceViewer/snapshot.html' to '"C:\\Users\\jori\\Downloads\\tmp-coordinator-lifecycle\\root\\current\\payload\\mcp\\node_modules\\playwright-core\\lib\\vite\\traceViewer\\snapshot.html"'
[setup:73920] [13:49:57] [DEBUG] (2) velopack::bundle: Extracting zip file to path: "C:\\Users\\jori\\Downloads\\tmp-coordinator-lifecycle\\root\\current\\payload\\mcp\\node_modules\\playwright-core\\lib\\vite\\traceViewer\\snapshot.html"
[setup:73920] [13:49:57] [DEBUG] (2) velopack::bundle: Writing file to disk with 64k buffer: "C:\\Users\\jori\\Downloads\\tmp-coordinator-lifecycle\\root\\current\\payload\\mcp\\node_modules\\playwright-core\\lib\\vite\\traceViewer\\snapshot.html"
[setup:73920] [13:49:57] [DEBUG] (2) velopack::bundle:     53 Extracting 'lib/app/payload/mcp/node_modules/playwright-core/lib/vite/traceViewer/sw.bundle.js' to '"C:\\Users\\jori\\Downloads\\tmp-coordinator-lifecycle\\root\\current\\payload\\mcp\\node_modules\\playwright-core\\lib\\vite\\traceViewer\\sw.bundle.js"'
[setup:73920] [13:49:57] [DEBUG] (2) velopack::bundle: Extracting zip file to path: "C:\\Users\\jori\\Downloads\\tmp-coordinator-lifecycle\\root\\current\\payload\\mcp\\node_modules\\playwright-core\\lib\\vite\\traceViewer\\sw.bundle.js"
[setup:73920] [13:49:57] [DEBUG] (2) velopack::bundle: Writing file to disk with 64k buffer: "C:\\Users\\jori\\Downloads\\tmp-coordinator-lifecycle\\root\\current\\payload\\mcp\\node_modules\\playwright-core\\lib\\vite\\traceViewer\\sw.bundle.js"
[setup:73920] [13:49:57] [DEBUG] (2) velopack::bundle:     54 Extracting 'lib/app/payload/mcp/node_modules/playwright-core/lib/vite/traceViewer/uiMode.CyMfwkXJ.css' to '"C:\\Users\\jori\\Downloads\\tmp-coordinator-lifecycle\\root\\current\\payload\\mcp\\node_modules\\playwright-core\\lib\\vite\\traceViewer\\uiMode.CyMfwkXJ.css"'
[setup:73920] [13:49:57] [DEBUG] (2) velopack::bundle: Extracting zip file to path: "C:\\Users\\jori\\Downloads\\tmp-coordinator-lifecycle\\root\\current\\payload\\mcp\\node_modules\\playwright-core\\lib\\vite\\traceViewer\\uiMode.CyMfwkXJ.css"
[setup:73920] [13:49:57] [DEBUG] (2) velopack::bundle: Writing file to disk with 64k buffer: "C:\\Users\\jori\\Downloads\\tmp-coordinator-lifecycle\\root\\current\\payload\\mcp\\node_modules\\playwright-core\\lib\\vite\\traceViewer\\uiMode.CyMfwkXJ.css"
[setup:73920] [13:49:57] [DEBUG] (2) velopack::bundle:     55 Extracting 'lib/app/payload/mcp/node_modules/playwright-core/lib/vite/traceViewer/uiMode.html' to '"C:\\Users\\jori\\Downloads\\tmp-coordinator-lifecycle\\root\\current\\payload\\mcp\\node_modules\\playwright-core\\lib\\vite\\traceViewer\\uiMode.html"'
[setup:73920] [13:49:57] [DEBUG] (2) velopack::bundle: Extracting zip file to path: "C:\\Users\\jori\\Downloads\\tmp-coordinator-lifecycle\\root\\current\\payload\\mcp\\node_modules\\playwright-core\\lib\\vite\\traceViewer\\uiMode.html"
[setup:73920] [13:49:57] [DEBUG] (2) velopack::bundle: Writing file to disk with 64k buffer: "C:\\Users\\jori\\Downloads\\tmp-coordinator-lifecycle\\root\\current\\payload\\mcp\\node_modules\\playwright-core\\lib\\vite\\traceViewer\\uiMode.html"
[setup:73920] [13:49:57] [DEBUG] (2) velopack::bundle:     56 Extracting 'lib/app/payload/mcp/node_modules/playwright-core/lib/vite/traceViewer/uiMode.nHvs885n.js' to '"C:\\Users\\jori\\Downloads\\tmp-coordinator-lifecycle\\root\\current\\payload\\mcp\\node_modules\\playwright-core\\lib\\vite\\traceViewer\\uiMode.nHvs885n.js"'
[setup:73920] [13:49:57] [DEBUG] (2) velopack::bundle: Extracting zip file to path: "C:\\Users\\jori\\Downloads\\tmp-coordinator-lifecycle\\root\\current\\payload\\mcp\\node_modules\\playwright-core\\lib\\vite\\traceViewer\\uiMode.nHvs885n.js"
[setup:73920] [13:49:57] [DEBUG] (2) velopack::bundle: Writing file to disk with 64k buffer: "C:\\Users\\jori\\Downloads\\tmp-coordinator-lifecycle\\root\\current\\payload\\mcp\\node_modules\\playwright-core\\lib\\vite\\traceViewer\\uiMode.nHvs885n.js"
[setup:73920] [13:49:57] [DEBUG] (2) velopack::bundle:     57 Extracting 'lib/app/payload/mcp/node_modules/playwright-core/lib/vite/traceViewer/xtermModule.kHJ-D0s7.css' to '"C:\\Users\\jori\\Downloads\\tmp-coordinator-lifecycle\\root\\current\\payload\\mcp\\node_modules\\playwright-core\\lib\\vite\\traceViewer\\xtermModule.kHJ-D0s7.css"'
[setup:73920] [13:49:57] [DEBUG] (2) velopack::bundle: Extracting zip file to path: "C:\\Users\\jori\\Downloads\\tmp-coordinator-lifecycle\\root\\current\\payload\\mcp\\node_modules\\playwright-core\\lib\\vite\\traceViewer\\xtermModule.kHJ-D0s7.css"
[setup:73920] [13:49:57] [DEBUG] (2) velopack::bundle: Writing file to disk with 64k buffer: "C:\\Users\\jori\\Downloads\\tmp-coordinator-lifecycle\\root\\current\\payload\\mcp\\node_modules\\playwright-core\\lib\\vite\\traceViewer\\xtermModule.kHJ-D0s7.css"
[setup:73920] [13:49:57] [DEBUG] (2) velopack::bundle:     58 Extracting 'lib/app/payload/mcp/node_modules/playwright-core/lib/vite/traceViewer/assets/codeMirrorModule-CGLh_cgl.js' to '"C:\\Users\\jori\\Downloads\\tmp-coordinator-lifecycle\\root\\current\\payload\\mcp\\node_modules\\playwright-core\\lib\\vite\\traceViewer\\assets\\codeMirrorModule-CGLh_cgl.js"'
[setup:73920] [13:49:57] [DEBUG] (2) velopack::bundle: Extracting zip file to path: "C:\\Users\\jori\\Downloads\\tmp-coordinator-lifecycle\\root\\current\\payload\\mcp\\node_modules\\playwright-core\\lib\\vite\\traceViewer\\assets\\codeMirrorModule-CGLh_cgl.js"
[setup:73920] [13:49:57] [DEBUG] (2) velopack::bundle: Creating parent directory: "C:\\Users\\jori\\Downloads\\tmp-coordinator-lifecycle\\root\\current\\payload\\mcp\\node_modules\\playwright-core\\lib\\vite\\traceViewer\\assets"
[setup:73920] [13:49:57] [DEBUG] (2) velopack::bundle: Writing file to disk with 64k buffer: "C:\\Users\\jori\\Downloads\\tmp-coordinator-lifecycle\\root\\current\\payload\\mcp\\node_modules\\playwright-core\\lib\\vite\\traceViewer\\assets\\codeMirrorModule-CGLh_cgl.js"
[setup:73920] [13:49:57] [DEBUG] (2) velopack::bundle:     59 Extracting 'lib/app/payload/mcp/node_modules/playwright-core/lib/vite/traceViewer/assets/defaultSettingsView-DChdxQei.js' to '"C:\\Users\\jori\\Downloads\\tmp-coordinator-lifecycle\\root\\current\\payload\\mcp\\node_modules\\playwright-core\\lib\\vite\\traceViewer\\assets\\defaultSettingsView-DChdxQei.js"'
[setup:73920] [13:49:57] [DEBUG] (2) velopack::bundle: Extracting zip file to path: "C:\\Users\\jori\\Downloads\\tmp-coordinator-lifecycle\\root\\current\\payload\\mcp\\node_modules\\playwright-core\\lib\\vite\\traceViewer\\assets\\defaultSettingsView-DChdxQei.js"
[setup:73920] [13:49:57] [DEBUG] (2) velopack::bundle: Writing file to disk with 64k buffer: "C:\\Users\\jori\\Downloads\\tmp-coordinator-lifecycle\\root\\current\\payload\\mcp\\node_modules\\playwright-core\\lib\\vite\\traceViewer\\assets\\defaultSettingsView-DChdxQei.js"
[setup:73920] [13:49:57] [DEBUG] (2) velopack::bundle:     60 Extracting 'lib/app/payload/mcp/node_modules/playwright-core/lib/vite/traceViewer/assets/urlMatch-L3liM589.js' to '"C:\\Users\\jori\\Downloads\\tmp-coordinator-lifecycle\\root\\current\\payload\\mcp\\node_modules\\playwright-core\\lib\\vite\\traceViewer\\assets\\urlMatch-L3liM589.js"'
[setup:73920] [13:49:57] [DEBUG] (2) velopack::bundle: Extracting zip file to path: "C:\\Users\\jori\\Downloads\\tmp-coordinator-lifecycle\\root\\current\\payload\\mcp\\node_modules\\playwright-core\\lib\\vite\\traceViewer\\assets\\urlMatch-L3liM589.js"
[setup:73920] [13:49:57] [DEBUG] (2) velopack::bundle: Writing file to disk with 64k buffer: "C:\\Users\\jori\\Downloads\\tmp-coordinator-lifecycle\\root\\current\\payload\\mcp\\node_modules\\playwright-core\\lib\\vite\\traceViewer\\assets\\urlMatch-L3liM589.js"
[setup:73920] [13:49:57] [DEBUG] (2) velopack::bundle:     61 Extracting 'lib/app/payload/mcp/node_modules/playwright-core/lib/vite/traceViewer/assets/xtermModule-Dxt0fa0b.js' to '"C:\\Users\\jori\\Downloads\\tmp-coordinator-lifecycle\\root\\current\\payload\\mcp\\node_modules\\playwright-core\\lib\\vite\\traceViewer\\assets\\xtermModule-Dxt0fa0b.js"'
[setup:73920] [13:49:57] [DEBUG] (2) velopack::bundle: Extracting zip file to path: "C:\\Users\\jori\\Downloads\\tmp-coordinator-lifecycle\\root\\current\\payload\\mcp\\node_modules\\playwright-core\\lib\\vite\\traceViewer\\assets\\xtermModule-Dxt0fa0b.js"
[setup:73920] [13:49:57] [DEBUG] (2) velopack::bundle: Writing file to disk with 64k buffer: "C:\\Users\\jori\\Downloads\\tmp-coordinator-lifecycle\\root\\current\\payload\\mcp\\node_modules\\playwright-core\\lib\\vite\\traceViewer\\assets\\xtermModule-Dxt0fa0b.js"
[setup:73920] [13:49:57] [DEBUG] (2) velopack::bundle:     62 Extracting 'lib/app/payload/mcp/node_modules/playwright-core/lib/vite/recorder/index.html' to '"C:\\Users\\jori\\Downloads\\tmp-coordinator-lifecycle\\root\\current\\payload\\mcp\\node_modules\\playwright-core\\lib\\vite\\recorder\\index.html"'
[setup:73920] [13:49:57] [DEBUG] (2) velopack::bundle: Extracting zip file to path: "C:\\Users\\jori\\Downloads\\tmp-coordinator-lifecycle\\root\\current\\payload\\mcp\\node_modules\\playwright-core\\lib\\vite\\recorder\\index.html"
[setup:73920] [13:49:57] [DEBUG] (2) velopack::bundle: Creating parent directory: "C:\\Users\\jori\\Downloads\\tmp-coordinator-lifecycle\\root\\current\\payload\\mcp\\node_modules\\playwright-core\\lib\\vite\\recorder"
[setup:73920] [13:49:57] [DEBUG] (2) velopack::bundle: Writing file to disk with 64k buffer: "C:\\Users\\jori\\Downloads\\tmp-coordinator-lifecycle\\root\\current\\payload\\mcp\\node_modules\\playwright-core\\lib\\vite\\recorder\\index.html"
[setup:73920] [13:49:57] [DEBUG] (2) velopack::bundle:     63 Extracting 'lib/app/payload/mcp/node_modules/playwright-core/lib/vite/recorder/playwright-logo.svg' to '"C:\\Users\\jori\\Downloads\\tmp-coordinator-lifecycle\\root\\current\\payload\\mcp\\node_modules\\playwright-core\\lib\\vite\\recorder\\playwright-logo.svg"'
[setup:73920] [13:49:57] [DEBUG] (2) velopack::bundle: Extracting zip file to path: "C:\\Users\\jori\\Downloads\\tmp-coordinator-lifecycle\\root\\current\\payload\\mcp\\node_modules\\playwright-core\\lib\\vite\\recorder\\playwright-logo.svg"
[setup:73920] [13:49:57] [DEBUG] (2) velopack::bundle: Writing file to disk with 64k buffer: "C:\\Users\\jori\\Downloads\\tmp-coordinator-lifecycle\\root\\current\\payload\\mcp\\node_modules\\playwright-core\\lib\\vite\\recorder\\playwright-logo.svg"
[setup:73920] [13:49:57] [DEBUG] (2) velopack::bundle:     64 Extracting 'lib/app/payload/mcp/node_modules/playwright-core/lib/vite/recorder/assets/codeMirrorModule--QdMvsKi.css' to '"C:\\Users\\jori\\Downloads\\tmp-coordinator-lifecycle\\root\\current\\payload\\mcp\\node_modules\\playwright-core\\lib\\vite\\recorder\\assets\\codeMirrorModule--QdMvsKi.css"'
[setup:73920] [13:49:57] [DEBUG] (2) velopack::bundle: Extracting zip file to path: "C:\\Users\\jori\\Downloads\\tmp-coordinator-lifecycle\\root\\current\\payload\\mcp\\node_modules\\playwright-core\\lib\\vite\\recorder\\assets\\codeMirrorModule--QdMvsKi.css"
[setup:73920] [13:49:57] [DEBUG] (2) velopack::bundle: Creating parent directory: "C:\\Users\\jori\\Downloads\\tmp-coordinator-lifecycle\\root\\current\\payload\\mcp\\node_modules\\playwright-core\\lib\\vite\\recorder\\assets"
[setup:73920] [13:49:57] [DEBUG] (2) velopack::bundle: Writing file to disk with 64k buffer: "C:\\Users\\jori\\Downloads\\tmp-coordinator-lifecycle\\root\\current\\payload\\mcp\\node_modules\\playwright-core\\lib\\vite\\recorder\\assets\\codeMirrorModule--QdMvsKi.css"
[setup:73920] [13:49:57] [DEBUG] (2) velopack::bundle:     65 Extracting 'lib/app/payload/mcp/node_modules/playwright-core/lib/vite/recorder/assets/codeMirrorModule-CVQWJZAA.js' to '"C:\\Users\\jori\\Downloads\\tmp-coordinator-lifecycle\\root\\current\\payload\\mcp\\node_modules\\playwright-core\\lib\\vite\\recorder\\assets\\codeMirrorModule-CVQWJZAA.js"'
[setup:73920] [13:49:57] [DEBUG] (2) velopack::bundle: Extracting zip file to path: "C:\\Users\\jori\\Downloads\\tmp-coordinator-lifecycle\\root\\current\\payload\\mcp\\node_modules\\playwright-core\\lib\\vite\\recorder\\assets\\codeMirrorModule-CVQWJZAA.js"
[setup:73920] [13:49:57] [DEBUG] (2) velopack::bundle: Writing file to disk with 64k buffer: "C:\\Users\\jori\\Downloads\\tmp-coordinator-lifecycle\\root\\current\\payload\\mcp\\node_modules\\playwright-core\\lib\\vite\\recorder\\assets\\codeMirrorModule-CVQWJZAA.js"
[setup:73920] [13:49:57] [DEBUG] (2) velopack::bundle:     66 Extracting 'lib/app/payload/mcp/node_modules/playwright-core/lib/vite/recorder/assets/codicon-DCmgc-ay.ttf' to '"C:\\Users\\jori\\Downloads\\tmp-coordinator-lifecycle\\root\\current\\payload\\mcp\\node_modules\\playwright-core\\lib\\vite\\recorder\\assets\\codicon-DCmgc-ay.ttf"'
[setup:73920] [13:49:57] [DEBUG] (2) velopack::bundle: Extracting zip file to path: "C:\\Users\\jori\\Downloads\\tmp-coordinator-lifecycle\\root\\current\\payload\\mcp\\node_modules\\playwright-core\\lib\\vite\\recorder\\assets\\codicon-DCmgc-ay.ttf"
[setup:73920] [13:49:57] [DEBUG] (2) velopack::bundle: Writing file to disk with 64k buffer: "C:\\Users\\jori\\Downloads\\tmp-coordinator-lifecycle\\root\\current\\payload\\mcp\\node_modules\\playwright-core\\lib\\vite\\recorder\\assets\\codicon-DCmgc-ay.ttf"
[setup:73920] [13:49:57] [DEBUG] (2) velopack::bundle:     67 Extracting 'lib/app/payload/mcp/node_modules/playwright-core/lib/vite/recorder/assets/index-BZpYJZ-P.css' to '"C:\\Users\\jori\\Downloads\\tmp-coordinator-lifecycle\\root\\current\\payload\\mcp\\node_modules\\playwright-core\\lib\\vite\\recorder\\assets\\index-BZpYJZ-P.css"'
[setup:73920] [13:49:57] [DEBUG] (2) velopack::bundle: Extracting zip file to path: "C:\\Users\\jori\\Downloads\\tmp-coordinator-lifecycle\\root\\current\\payload\\mcp\\node_modules\\playwright-core\\lib\\vite\\recorder\\assets\\index-BZpYJZ-P.css"
[setup:73920] [13:49:57] [DEBUG] (2) velopack::bundle: Writing file to disk with 64k buffer: "C:\\Users\\jori\\Downloads\\tmp-coordinator-lifecycle\\root\\current\\payload\\mcp\\node_modules\\playwright-core\\lib\\vite\\recorder\\assets\\index-BZpYJZ-P.css"
[setup:73920] [13:49:57] [DEBUG] (2) velopack::bundle:     68 Extracting 'lib/app/payload/mcp/node_modules/playwright-core/lib/vite/recorder/assets/index-hrlLqLtq.js' to '"C:\\Users\\jori\\Downloads\\tmp-coordinator-lifecycle\\root\\current\\payload\\mcp\\node_modules\\playwright-core\\lib\\vite\\recorder\\assets\\index-hrlLqLtq.js"'
[setup:73920] [13:49:57] [DEBUG] (2) velopack::bundle: Extracting zip file to path: "C:\\Users\\jori\\Downloads\\tmp-coordinator-lifecycle\\root\\current\\payload\\mcp\\node_modules\\playwright-core\\lib\\vite\\recorder\\assets\\index-hrlLqLtq.js"
[setup:73920] [13:49:57] [DEBUG] (2) velopack::bundle: Writing file to disk with 64k buffer: "C:\\Users\\jori\\Downloads\\tmp-coordinator-lifecycle\\root\\current\\payload\\mcp\\node_modules\\playwright-core\\lib\\vite\\recorder\\assets\\index-hrlLqLtq.js"
[setup:73920] [13:49:57] [DEBUG] (2) velopack::bundle:     69 Extracting 'lib/app/payload/mcp/node_modules/playwright-core/lib/vite/htmlReport/index.html' to '"C:\\Users\\jori\\Downloads\\tmp-coordinator-lifecycle\\root\\current\\payload\\mcp\\node_modules\\playwright-core\\lib\\vite\\htmlReport\\index.html"'
[setup:73920] [13:49:57] [DEBUG] (2) velopack::bundle: Extracting zip file to path: "C:\\Users\\jori\\Downloads\\tmp-coordinator-lifecycle\\root\\current\\payload\\mcp\\node_modules\\playwright-core\\lib\\vite\\htmlReport\\index.html"
[setup:73920] [13:49:57] [DEBUG] (2) velopack::bundle: Creating parent directory: "C:\\Users\\jori\\Downloads\\tmp-coordinator-lifecycle\\root\\current\\payload\\mcp\\node_modules\\playwright-core\\lib\\vite\\htmlReport"
[setup:73920] [13:49:57] [DEBUG] (2) velopack::bundle: Writing file to disk with 64k buffer: "C:\\Users\\jori\\Downloads\\tmp-coordinator-lifecycle\\root\\current\\payload\\mcp\\node_modules\\playwright-core\\lib\\vite\\htmlReport\\index.html"
[setup:73920] [13:49:57] [DEBUG] (2) velopack::bundle:     70 Extracting 'lib/app/payload/mcp/node_modules/playwright-core/lib/vite/htmlReport/report.css' to '"C:\\Users\\jori\\Downloads\\tmp-coordinator-lifecycle\\root\\current\\payload\\mcp\\node_modules\\playwright-core\\lib\\vite\\htmlReport\\report.css"'
[setup:73920] [13:49:57] [DEBUG] (2) velopack::bundle: Extracting zip file to path: "C:\\Users\\jori\\Downloads\\tmp-coordinator-lifecycle\\root\\current\\payload\\mcp\\node_modules\\playwright-core\\lib\\vite\\htmlReport\\report.css"
[setup:73920] [13:49:57] [DEBUG] (2) velopack::bundle: Writing file to disk with 64k buffer: "C:\\Users\\jori\\Downloads\\tmp-coordinator-lifecycle\\root\\current\\payload\\mcp\\node_modules\\playwright-core\\lib\\vite\\htmlReport\\report.css"
[setup:73920] [13:49:57] [DEBUG] (2) velopack::bundle:     71 Extracting 'lib/app/payload/mcp/node_modules/playwright-core/lib/vite/htmlReport/report.js' to '"C:\\Users\\jori\\Downloads\\tmp-coordinator-lifecycle\\root\\current\\payload\\mcp\\node_modules\\playwright-core\\lib\\vite\\htmlReport\\report.js"'
[setup:73920] [13:49:57] [DEBUG] (2) velopack::bundle: Extracting zip file to path: "C:\\Users\\jori\\Downloads\\tmp-coordinator-lifecycle\\root\\current\\payload\\mcp\\node_modules\\playwright-core\\lib\\vite\\htmlReport\\report.js"
[setup:73920] [13:49:57] [DEBUG] (2) velopack::bundle: Writing file to disk with 64k buffer: "C:\\Users\\jori\\Downloads\\tmp-coordinator-lifecycle\\root\\current\\payload\\mcp\\node_modules\\playwright-core\\lib\\vite\\htmlReport\\report.js"
[setup:73920] [13:49:57] [DEBUG] (2) velopack::bundle:     72 Extracting 'lib/app/payload/mcp/node_modules/playwright-core/lib/vite/dashboard/index.html' to '"C:\\Users\\jori\\Downloads\\tmp-coordinator-lifecycle\\root\\current\\payload\\mcp\\node_modules\\playwright-core\\lib\\vite\\dashboard\\index.html"'
[setup:73920] [13:49:57] [DEBUG] (2) velopack::bundle: Extracting zip file to path: "C:\\Users\\jori\\Downloads\\tmp-coordinator-lifecycle\\root\\current\\payload\\mcp\\node_modules\\playwright-core\\lib\\vite\\dashboard\\index.html"
[setup:73920] [13:49:57] [DEBUG] (2) velopack::bundle: Creating parent directory: "C:\\Users\\jori\\Downloads\\tmp-coordinator-lifecycle\\root\\current\\payload\\mcp\\node_modules\\playwright-core\\lib\\vite\\dashboard"
[setup:73920] [13:49:57] [DEBUG] (2) velopack::bundle: Writing file to disk with 64k buffer: "C:\\Users\\jori\\Downloads\\tmp-coordinator-lifecycle\\root\\current\\payload\\mcp\\node_modules\\playwright-core\\lib\\vite\\dashboard\\index.html"
[setup:73920] [13:49:57] [DEBUG] (2) velopack::bundle:     73 Extracting 'lib/app/payload/mcp/node_modules/playwright-core/lib/vite/dashboard/playwright-logo.svg' to '"C:\\Users\\jori\\Downloads\\tmp-coordinator-lifecycle\\root\\current\\payload\\mcp\\node_modules\\playwright-core\\lib\\vite\\dashboard\\playwright-logo.svg"'
[setup:73920] [13:49:57] [DEBUG] (2) velopack::bundle: Extracting zip file to path: "C:\\Users\\jori\\Downloads\\tmp-coordinator-lifecycle\\root\\current\\payload\\mcp\\node_modules\\playwright-core\\lib\\vite\\dashboard\\playwright-logo.svg"
[setup:73920] [13:49:57] [DEBUG] (2) velopack::bundle: Writing file to disk with 64k buffer: "C:\\Users\\jori\\Downloads\\tmp-coordinator-lifecycle\\root\\current\\payload\\mcp\\node_modules\\playwright-core\\lib\\vite\\dashboard\\playwright-logo.svg"
[setup:73920] [13:49:57] [DEBUG] (2) velopack::bundle:     74 Extracting 'lib/app/payload/mcp/node_modules/playwright-core/lib/vite/dashboard/assets/codeMirrorModule--QdMvsKi.css' to '"C:\\Users\\jori\\Downloads\\tmp-coordinator-lifecycle\\root\\current\\payload\\mcp\\node_modules\\playwright-core\\lib\\vite\\dashboard\\assets\\codeMirrorModule--QdMvsKi.css"'
[setup:73920] [13:49:57] [DEBUG] (2) velopack::bundle: Extracting zip file to path: "C:\\Users\\jori\\Downloads\\tmp-coordinator-lifecycle\\root\\current\\payload\\mcp\\node_modules\\playwright-core\\lib\\vite\\dashboard\\assets\\codeMirrorModule--QdMvsKi.css"
[setup:73920] [13:49:57] [DEBUG] (2) velopack::bundle: Creating parent directory: "C:\\Users\\jori\\Downloads\\tmp-coordinator-lifecycle\\root\\current\\payload\\mcp\\node_modules\\playwright-core\\lib\\vite\\dashboard\\assets"
[setup:73920] [13:49:57] [DEBUG] (2) velopack::bundle: Writing file to disk with 64k buffer: "C:\\Users\\jori\\Downloads\\tmp-coordinator-lifecycle\\root\\current\\payload\\mcp\\node_modules\\playwright-core\\lib\\vite\\dashboard\\assets\\codeMirrorModule--QdMvsKi.css"
[setup:73920] [13:49:57] [DEBUG] (2) velopack::bundle:     75 Extracting 'lib/app/payload/mcp/node_modules/playwright-core/lib/vite/dashboard/assets/codeMirrorModule-CQ8RZGBm.js' to '"C:\\Users\\jori\\Downloads\\tmp-coordinator-lifecycle\\root\\current\\payload\\mcp\\node_modules\\playwright-core\\lib\\vite\\dashboard\\assets\\codeMirrorModule-CQ8RZGBm.js"'
[setup:73920] [13:49:57] [DEBUG] (2) velopack::bundle: Extracting zip file to path: "C:\\Users\\jori\\Downloads\\tmp-coordinator-lifecycle\\root\\current\\payload\\mcp\\node_modules\\playwright-core\\lib\\vite\\dashboard\\assets\\codeMirrorModule-CQ8RZGBm.js"
[setup:73920] [13:49:57] [DEBUG] (2) velopack::bundle: Writing file to disk with 64k buffer: "C:\\Users\\jori\\Downloads\\tmp-coordinator-lifecycle\\root\\current\\payload\\mcp\\node_modules\\playwright-core\\lib\\vite\\dashboard\\assets\\codeMirrorModule-CQ8RZGBm.js"
[setup:73920] [13:49:57] [DEBUG] (2) velopack::bundle:     76 Extracting 'lib/app/payload/mcp/node_modules/playwright-core/lib/vite/dashboard/assets/codicon-DCmgc-ay.ttf' to '"C:\\Users\\jori\\Downloads\\tmp-coordinator-lifecycle\\root\\current\\payload\\mcp\\node_modules\\playwright-core\\lib\\vite\\dashboard\\assets\\codicon-DCmgc-ay.ttf"'
[setup:73920] [13:49:57] [DEBUG] (2) velopack::bundle: Extracting zip file to path: "C:\\Users\\jori\\Downloads\\tmp-coordinator-lifecycle\\root\\current\\payload\\mcp\\node_modules\\playwright-core\\lib\\vite\\dashboard\\assets\\codicon-DCmgc-ay.ttf"
[setup:73920] [13:49:57] [DEBUG] (2) velopack::bundle: Writing file to disk with 64k buffer: "C:\\Users\\jori\\Downloads\\tmp-coordinator-lifecycle\\root\\current\\payload\\mcp\\node_modules\\playwright-core\\lib\\vite\\dashboard\\assets\\codicon-DCmgc-ay.ttf"
[setup:73920] [13:49:57] [DEBUG] (2) velopack::bundle:     77 Extracting 'lib/app/payload/mcp/node_modules/playwright-core/lib/vite/dashboard/assets/firefox-1bWoP6pv.svg' to '"C:\\Users\\jori\\Downloads\\tmp-coordinator-lifecycle\\root\\current\\payload\\mcp\\node_modules\\playwright-core\\lib\\vite\\dashboard\\assets\\firefox-1bWoP6pv.svg"'
[setup:73920] [13:49:57] [DEBUG] (2) velopack::bundle: Extracting zip file to path: "C:\\Users\\jori\\Downloads\\tmp-coordinator-lifecycle\\root\\current\\payload\\mcp\\node_modules\\playwright-core\\lib\\vite\\dashboard\\assets\\firefox-1bWoP6pv.svg"
[setup:73920] [13:49:57] [DEBUG] (2) velopack::bundle: Writing file to disk with 64k buffer: "C:\\Users\\jori\\Downloads\\tmp-coordinator-lifecycle\\root\\current\\payload\\mcp\\node_modules\\playwright-core\\lib\\vite\\dashboard\\assets\\firefox-1bWoP6pv.svg"
[setup:73920] [13:49:57] [DEBUG] (2) velopack::bundle:     78 Extracting 'lib/app/payload/mcp/node_modules/playwright-core/lib/vite/dashboard/assets/firefox-beta-k3eOH_eK.svg' to '"C:\\Users\\jori\\Downloads\\tmp-coordinator-lifecycle\\root\\current\\payload\\mcp\\node_modules\\playwright-core\\lib\\vite\\dashboard\\assets\\firefox-beta-k3eOH_eK.svg"'
[setup:73920] [13:49:57] [DEBUG] (2) velopack::bundle: Extracting zip file to path: "C:\\Users\\jori\\Downloads\\tmp-coordinator-lifecycle\\root\\current\\payload\\mcp\\node_modules\\playwright-core\\lib\\vite\\dashboard\\assets\\firefox-beta-k3eOH_eK.svg"
[setup:73920] [13:49:57] [DEBUG] (2) velopack::bundle: Writing file to disk with 64k buffer: "C:\\Users\\jori\\Downloads\\tmp-coordinator-lifecycle\\root\\current\\payload\\mcp\\node_modules\\playwright-core\\lib\\vite\\dashboard\\assets\\firefox-beta-k3eOH_eK.svg"
[setup:73920] [13:49:57] [DEBUG] (2) velopack::bundle:     79 Extracting 'lib/app/payload/mcp/node_modules/playwright-core/lib/vite/dashboard/assets/firefox-nightly-Cp5nfeDT.svg' to '"C:\\Users\\jori\\Downloads\\tmp-coordinator-lifecycle\\root\\current\\payload\\mcp\\node_modules\\playwright-core\\lib\\vite\\dashboard\\assets\\firefox-nightly-Cp5nfeDT.svg"'
[setup:73920] [13:49:57] [DEBUG] (2) velopack::bundle: Extracting zip file to path: "C:\\Users\\jori\\Downloads\\tmp-coordinator-lifecycle\\root\\current\\payload\\mcp\\node_modules\\playwright-core\\lib\\vite\\dashboard\\assets\\firefox-nightly-Cp5nfeDT.svg"
[setup:73920] [13:49:57] [DEBUG] (2) velopack::bundle: Writing file to disk with 64k buffer: "C:\\Users\\jori\\Downloads\\tmp-coordinator-lifecycle\\root\\current\\payload\\mcp\\node_modules\\playwright-core\\lib\\vite\\dashboard\\assets\\firefox-nightly-Cp5nfeDT.svg"
[setup:73920] [13:49:57] [DEBUG] (2) velopack::bundle:     80 Extracting 'lib/app/payload/mcp/node_modules/playwright-core/lib/vite/dashboard/assets/index-AwgwcYie.css' to '"C:\\Users\\jori\\Downloads\\tmp-coordinator-lifecycle\\root\\current\\payload\\mcp\\node_modules\\playwright-core\\lib\\vite\\dashboard\\assets\\index-AwgwcYie.css"'
[setup:73920] [13:49:57] [DEBUG] (2) velopack::bundle: Extracting zip file to path: "C:\\Users\\jori\\Downloads\\tmp-coordinator-lifecycle\\root\\current\\payload\\mcp\\node_modules\\playwright-core\\lib\\vite\\dashboard\\assets\\index-AwgwcYie.css"
[setup:73920] [13:49:57] [DEBUG] (2) velopack::bundle: Writing file to disk with 64k buffer: "C:\\Users\\jori\\Downloads\\tmp-coordinator-lifecycle\\root\\current\\payload\\mcp\\node_modules\\playwright-core\\lib\\vite\\dashboard\\assets\\index-AwgwcYie.css"
[setup:73920] [13:49:57] [DEBUG] (2) velopack::bundle:     81 Extracting 'lib/app/payload/mcp/node_modules/playwright-core/lib/vite/dashboard/assets/index-hRvO4yU2.js' to '"C:\\Users\\jori\\Downloads\\tmp-coordinator-lifecycle\\root\\current\\payload\\mcp\\node_modules\\playwright-core\\lib\\vite\\dashboard\\assets\\index-hRvO4yU2.js"'
[setup:73920] [13:49:57] [DEBUG] (2) velopack::bundle: Extracting zip file to path: "C:\\Users\\jori\\Downloads\\tmp-coordinator-lifecycle\\root\\current\\payload\\mcp\\node_modules\\playwright-core\\lib\\vite\\dashboard\\assets\\index-hRvO4yU2.js"
[setup:73920] [13:49:57] [DEBUG] (2) velopack::bundle: Writing file to disk with 64k buffer: "C:\\Users\\jori\\Downloads\\tmp-coordinator-lifecycle\\root\\current\\payload\\mcp\\node_modules\\playwright-core\\lib\\vite\\dashboard\\assets\\index-hRvO4yU2.js"
[setup:73920] [13:49:57] [DEBUG] (2) velopack::bundle:     82 Extracting 'lib/app/payload/mcp/node_modules/playwright-core/lib/vite/dashboard/assets/safari-na3_-uQk.svg' to '"C:\\Users\\jori\\Downloads\\tmp-coordinator-lifecycle\\root\\current\\payload\\mcp\\node_modules\\playwright-core\\lib\\vite\\dashboard\\assets\\safari-na3_-uQk.svg"'
[setup:73920] [13:49:57] [DEBUG] (2) velopack::bundle: Extracting zip file to path: "C:\\Users\\jori\\Downloads\\tmp-coordinator-lifecycle\\root\\current\\payload\\mcp\\node_modules\\playwright-core\\lib\\vite\\dashboard\\assets\\safari-na3_-uQk.svg"
[setup:73920] [13:49:57] [DEBUG] (2) velopack::bundle: Writing file to disk with 64k buffer: "C:\\Users\\jori\\Downloads\\tmp-coordinator-lifecycle\\root\\current\\payload\\mcp\\node_modules\\playwright-core\\lib\\vite\\dashboard\\assets\\safari-na3_-uQk.svg"
[setup:73920] [13:49:57] [DEBUG] (2) velopack::bundle:     83 Extracting 'lib/app/payload/mcp/node_modules/playwright-core/lib/tools/utils/extension.js' to '"C:\\Users\\jori\\Downloads\\tmp-coordinator-lifecycle\\root\\current\\payload\\mcp\\node_modules\\playwright-core\\lib\\tools\\utils\\extension.js"'
[setup:73920] [13:49:57] [DEBUG] (2) velopack::bundle: Extracting zip file to path: "C:\\Users\\jori\\Downloads\\tmp-coordinator-lifecycle\\root\\current\\payload\\mcp\\node_modules\\playwright-core\\lib\\tools\\utils\\extension.js"
[setup:73920] [13:49:57] [DEBUG] (2) velopack::bundle: Creating parent directory: "C:\\Users\\jori\\Downloads\\tmp-coordinator-lifecycle\\root\\current\\payload\\mcp\\node_modules\\playwright-core\\lib\\tools\\utils"
[setup:73920] [13:49:57] [DEBUG] (2) velopack::bundle: Writing file to disk with 64k buffer: "C:\\Users\\jori\\Downloads\\tmp-coordinator-lifecycle\\root\\current\\payload\\mcp\\node_modules\\playwright-core\\lib\\tools\\utils\\extension.js"
[setup:73920] [13:49:57] [DEBUG] (2) velopack::bundle:     84 Extracting 'lib/app/payload/mcp/node_modules/playwright-core/lib/tools/utils/socketConnection.js' to '"C:\\Users\\jori\\Downloads\\tmp-coordinator-lifecycle\\root\\current\\payload\\mcp\\node_modules\\playwright-core\\lib\\tools\\utils\\socketConnection.js"'
[setup:73920] [13:49:57] [DEBUG] (2) velopack::bundle: Extracting zip file to path: "C:\\Users\\jori\\Downloads\\tmp-coordinator-lifecycle\\root\\current\\payload\\mcp\\node_modules\\playwright-core\\lib\\tools\\utils\\socketConnection.js"
[setup:73920] [13:49:57] [DEBUG] (2) velopack::bundle: Writing file to disk with 64k buffer: "C:\\Users\\jori\\Downloads\\tmp-coordinator-lifecycle\\root\\current\\payload\\mcp\\node_modules\\playwright-core\\lib\\tools\\utils\\socketConnection.js"
[setup:73920] [13:49:57] [DEBUG] (2) velopack::bundle:     85 Extracting 'lib/app/payload/mcp/node_modules/playwright-core/lib/tools/skills/playwright-trace/SKILL.md' to '"C:\\Users\\jori\\Downloads\\tmp-coordinator-lifecycle\\root\\current\\payload\\mcp\\node_modules\\playwright-core\\lib\\tools\\skills\\playwright-trace\\SKILL.md"'
[setup:73920] [13:49:57] [DEBUG] (2) velopack::bundle: Extracting zip file to path: "C:\\Users\\jori\\Downloads\\tmp-coordinator-lifecycle\\root\\current\\payload\\mcp\\node_modules\\playwright-core\\lib\\tools\\skills\\playwright-trace\\SKILL.md"
[setup:73920] [13:49:57] [DEBUG] (2) velopack::bundle: Creating parent directory: "C:\\Users\\jori\\Downloads\\tmp-coordinator-lifecycle\\root\\current\\payload\\mcp\\node_modules\\playwright-core\\lib\\tools\\skills\\playwright-trace"
[setup:73920] [13:49:57] [DEBUG] (2) velopack::bundle: Writing file to disk with 64k buffer: "C:\\Users\\jori\\Downloads\\tmp-coordinator-lifecycle\\root\\current\\payload\\mcp\\node_modules\\playwright-core\\lib\\tools\\skills\\playwright-trace\\SKILL.md"
[setup:73920] [13:49:57] [DEBUG] (2) velopack::bundle:     86 Extracting 'lib/app/payload/mcp/node_modules/playwright-core/lib/tools/skills/playwright-component-testing/SKILL.md' to '"C:\\Users\\jori\\Downloads\\tmp-coordinator-lifecycle\\root\\current\\payload\\mcp\\node_modules\\playwright-core\\lib\\tools\\skills\\playwright-component-testing\\SKILL.md"'
[setup:73920] [13:49:57] [DEBUG] (2) velopack::bundle: Extracting zip file to path: "C:\\Users\\jori\\Downloads\\tmp-coordinator-lifecycle\\root\\current\\payload\\mcp\\node_modules\\playwright-core\\lib\\tools\\skills\\playwright-component-testing\\SKILL.md"
[setup:73920] [13:49:57] [DEBUG] (2) velopack::bundle: Creating parent directory: "C:\\Users\\jori\\Downloads\\tmp-coordinator-lifecycle\\root\\current\\payload\\mcp\\node_modules\\playwright-core\\lib\\tools\\skills\\playwright-component-testing"
[setup:73920] [13:49:57] [DEBUG] (2) velopack::bundle: Writing file to disk with 64k buffer: "C:\\Users\\jori\\Downloads\\tmp-coordinator-lifecycle\\root\\current\\payload\\mcp\\node_modules\\playwright-core\\lib\\tools\\skills\\playwright-component-testing\\SKILL.md"
[setup:73920] [13:49:57] [DEBUG] (2) velopack::bundle:     87 Extracting 'lib/app/payload/mcp/node_modules/playwright-core/lib/tools/skills/playwright-component-testing/references/gallery-spec.md' to '"C:\\Users\\jori\\Downloads\\tmp-coordinator-lifecycle\\root\\current\\payload\\mcp\\node_modules\\playwright-core\\lib\\tools\\skills\\playwright-component-testing\\references\\gallery-spec.md"'
[setup:73920] [13:49:57] [DEBUG] (2) velopack::bundle: Extracting zip file to path: "C:\\Users\\jori\\Downloads\\tmp-coordinator-lifecycle\\root\\current\\payload\\mcp\\node_modules\\playwright-core\\lib\\tools\\skills\\playwright-component-testing\\references\\gallery-spec.md"
[setup:73920] [13:49:57] [DEBUG] (2) velopack::bundle: Creating parent directory: "C:\\Users\\jori\\Downloads\\tmp-coordinator-lifecycle\\root\\current\\payload\\mcp\\node_modules\\playwright-core\\lib\\tools\\skills\\playwright-component-testing\\references"
[setup:73920] [13:49:57] [DEBUG] (2) velopack::bundle: Writing file to disk with 64k buffer: "C:\\Users\\jori\\Downloads\\tmp-coordinator-lifecycle\\root\\current\\payload\\mcp\\node_modules\\playwright-core\\lib\\tools\\skills\\playwright-component-testing\\references\\gallery-spec.md"
[setup:73920] [13:49:57] [DEBUG] (2) velopack::bundle:     88 Extracting 'lib/app/payload/mcp/node_modules/playwright-core/lib/tools/skills/playwright-component-testing/references/migration.md' to '"C:\\Users\\jori\\Downloads\\tmp-coordinator-lifecycle\\root\\current\\payload\\mcp\\node_modules\\playwright-core\\lib\\tools\\skills\\playwright-component-testing\\references\\migration.md"'
[setup:73920] [13:49:57] [DEBUG] (2) velopack::bundle: Extracting zip file to path: "C:\\Users\\jori\\Downloads\\tmp-coordinator-lifecycle\\root\\current\\payload\\mcp\\node_modules\\playwright-core\\lib\\tools\\skills\\playwright-component-testing\\references\\migration.md"
[setup:73920] [13:49:57] [DEBUG] (2) velopack::bundle: Writing file to disk with 64k buffer: "C:\\Users\\jori\\Downloads\\tmp-coordinator-lifecycle\\root\\current\\payload\\mcp\\node_modules\\playwright-core\\lib\\tools\\skills\\playwright-component-testing\\references\\migration.md"
[setup:73920] [13:49:57] [DEBUG] (2) velopack::bundle:     89 Extracting 'lib/app/payload/mcp/node_modules/playwright-core/lib/tools/skills/playwright-component-testing/references/react.md' to '"C:\\Users\\jori\\Downloads\\tmp-coordinator-lifecycle\\root\\current\\payload\\mcp\\node_modules\\playwright-core\\lib\\tools\\skills\\playwright-component-testing\\references\\react.md"'
[setup:73920] [13:49:57] [DEBUG] (2) velopack::bundle: Extracting zip file to path: "C:\\Users\\jori\\Downloads\\tmp-coordinator-lifecycle\\root\\current\\payload\\mcp\\node_modules\\playwright-core\\lib\\tools\\skills\\playwright-component-testing\\references\\react.md"
[setup:73920] [13:49:57] [DEBUG] (2) velopack::bundle: Writing file to disk with 64k buffer: "C:\\Users\\jori\\Downloads\\tmp-coordinator-lifecycle\\root\\current\\payload\\mcp\\node_modules\\playwright-core\\lib\\tools\\skills\\playwright-component-testing\\references\\react.md"
[setup:73920] [13:49:57] [DEBUG] (2) velopack::bundle:     90 Extracting 'lib/app/payload/mcp/node_modules/playwright-core/lib/tools/skills/playwright-component-testing/references/typing.md' to '"C:\\Users\\jori\\Downloads\\tmp-coordinator-lifecycle\\root\\current\\payload\\mcp\\node_modules\\playwright-core\\lib\\tools\\skills\\playwright-component-testing\\references\\typing.md"'
[setup:73920] [13:49:57] [DEBUG] (2) velopack::bundle: Extracting zip file to path: "C:\\Users\\jori\\Downloads\\tmp-coordinator-lifecycle\\root\\current\\payload\\mcp\\node_modules\\playwright-core\\lib\\tools\\skills\\playwright-component-testing\\references\\typing.md"
[setup:73920] [13:49:57] [DEBUG] (2) velopack::bundle: Writing file to disk with 64k buffer: "C:\\Users\\jori\\Downloads\\tmp-coordinator-lifecycle\\root\\current\\payload\\mcp\\node_modules\\playwright-core\\lib\\tools\\skills\\playwright-component-testing\\references\\typing.md"
[setup:73920] [13:49:57] [DEBUG] (2) velopack::bundle:     91 Extracting 'lib/app/payload/mcp/node_modules/playwright-core/lib/tools/skills/playwright-component-testing/references/vue.md' to '"C:\\Users\\jori\\Downloads\\tmp-coordinator-lifecycle\\root\\current\\payload\\mcp\\node_modules\\playwright-core\\lib\\tools\\skills\\playwright-component-testing\\references\\vue.md"'
[setup:73920] [13:49:57] [DEBUG] (2) velopack::bundle: Extracting zip file to path: "C:\\Users\\jori\\Downloads\\tmp-coordinator-lifecycle\\root\\current\\payload\\mcp\\node_modules\\playwright-core\\lib\\tools\\skills\\playwright-component-testing\\references\\vue.md"
[setup:73920] [13:49:57] [DEBUG] (2) velopack::bundle: Writing file to disk with 64k buffer: "C:\\Users\\jori\\Downloads\\tmp-coordinator-lifecycle\\root\\current\\payload\\mcp\\node_modules\\playwright-core\\lib\\tools\\skills\\playwright-component-testing\\references\\vue.md"
[setup:73920] [13:49:57] [DEBUG] (2) velopack::bundle:     92 Extracting 'lib/app/payload/mcp/node_modules/playwright-core/lib/tools/skills/playwright-cli/SKILL.md' to '"C:\\Users\\jori\\Downloads\\tmp-coordinator-lifecycle\\root\\current\\payload\\mcp\\node_modules\\playwright-core\\lib\\tools\\skills\\playwright-cli\\SKILL.md"'
[setup:73920] [13:49:57] [DEBUG] (2) velopack::bundle: Extracting zip file to path: "C:\\Users\\jori\\Downloads\\tmp-coordinator-lifecycle\\root\\current\\payload\\mcp\\node_modules\\playwright-core\\lib\\tools\\skills\\playwright-cli\\SKILL.md"
[setup:73920] [13:49:57] [DEBUG] (2) velopack::bundle: Creating parent directory: "C:\\Users\\jori\\Downloads\\tmp-coordinator-lifecycle\\root\\current\\payload\\mcp\\node_modules\\playwright-core\\lib\\tools\\skills\\playwright-cli"
[setup:73920] [13:49:57] [DEBUG] (2) velopack::bundle: Writing file to disk with 64k buffer: "C:\\Users\\jori\\Downloads\\tmp-coordinator-lifecycle\\root\\current\\payload\\mcp\\node_modules\\playwright-core\\lib\\tools\\skills\\playwright-cli\\SKILL.md"
[setup:73920] [13:49:57] [DEBUG] (2) velopack::bundle:     93 Extracting 'lib/app/payload/mcp/node_modules/playwright-core/lib/tools/skills/playwright-cli/references/element-attributes.md' to '"C:\\Users\\jori\\Downloads\\tmp-coordinator-lifecycle\\root\\current\\payload\\mcp\\node_modules\\playwright-core\\lib\\tools\\skills\\playwright-cli\\references\\element-attributes.md"'
[setup:73920] [13:49:57] [DEBUG] (2) velopack::bundle: Extracting zip file to path: "C:\\Users\\jori\\Downloads\\tmp-coordinator-lifecycle\\root\\current\\payload\\mcp\\node_modules\\playwright-core\\lib\\tools\\skills\\playwright-cli\\references\\element-attributes.md"
[setup:73920] [13:49:57] [DEBUG] (2) velopack::bundle: Creating parent directory: "C:\\Users\\jori\\Downloads\\tmp-coordinator-lifecycle\\root\\current\\payload\\mcp\\node_modules\\playwright-core\\lib\\tools\\skills\\playwright-cli\\references"
[setup:73920] [13:49:57] [DEBUG] (2) velopack::bundle: Writing file to disk with 64k buffer: "C:\\Users\\jori\\Downloads\\tmp-coordinator-lifecycle\\root\\current\\payload\\mcp\\node_modules\\playwright-core\\lib\\tools\\skills\\playwright-cli\\references\\element-attributes.md"
[setup:73920] [13:49:57] [DEBUG] (2) velopack::bundle:     94 Extracting 'lib/app/payload/mcp/node_modules/playwright-core/lib/tools/skills/playwright-cli/references/playwright-tests.md' to '"C:\\Users\\jori\\Downloads\\tmp-coordinator-lifecycle\\root\\current\\payload\\mcp\\node_modules\\playwright-core\\lib\\tools\\skills\\playwright-cli\\references\\playwright-tests.md"'
[setup:73920] [13:49:57] [DEBUG] (2) velopack::bundle: Extracting zip file to path: "C:\\Users\\jori\\Downloads\\tmp-coordinator-lifecycle\\root\\current\\payload\\mcp\\node_modules\\playwright-core\\lib\\tools\\skills\\playwright-cli\\references\\playwright-tests.md"
[setup:73920] [13:49:57] [DEBUG] (2) velopack::bundle: Writing file to disk with 64k buffer: "C:\\Users\\jori\\Downloads\\tmp-coordinator-lifecycle\\root\\current\\payload\\mcp\\node_modules\\playwright-core\\lib\\tools\\skills\\playwright-cli\\references\\playwright-tests.md"
[setup:73920] [13:49:57] [DEBUG] (2) velopack::bundle:     95 Extracting 'lib/app/payload/mcp/node_modules/playwright-core/lib/tools/skills/playwright-cli/references/pr-attachments.md' to '"C:\\Users\\jori\\Downloads\\tmp-coordinator-lifecycle\\root\\current\\payload\\mcp\\node_modules\\playwright-core\\lib\\tools\\skills\\playwright-cli\\references\\pr-attachments.md"'
[setup:73920] [13:49:57] [DEBUG] (2) velopack::bundle: Extracting zip file to path: "C:\\Users\\jori\\Downloads\\tmp-coordinator-lifecycle\\root\\current\\payload\\mcp\\node_modules\\playwright-core\\lib\\tools\\skills\\playwright-cli\\references\\pr-attachments.md"
[setup:73920] [13:49:57] [DEBUG] (2) velopack::bundle: Writing file to disk with 64k buffer: "C:\\Users\\jori\\Downloads\\tmp-coordinator-lifecycle\\root\\current\\payload\\mcp\\node_modules\\playwright-core\\lib\\tools\\skills\\playwright-cli\\references\\pr-attachments.md"
[setup:73920] [13:49:57] [DEBUG] (2) velopack::bundle:     96 Extracting 'lib/app/payload/mcp/node_modules/playwright-core/lib/tools/skills/playwright-cli/references/request-mocking.md' to '"C:\\Users\\jori\\Downloads\\tmp-coordinator-lifecycle\\root\\current\\payload\\mcp\\node_modules\\playwright-core\\lib\\tools\\skills\\playwright-cli\\references\\request-mocking.md"'
[setup:73920] [13:49:57] [DEBUG] (2) velopack::bundle: Extracting zip file to path: "C:\\Users\\jori\\Downloads\\tmp-coordinator-lifecycle\\root\\current\\payload\\mcp\\node_modules\\playwright-core\\lib\\tools\\skills\\playwright-cli\\references\\request-mocking.md"
[setup:73920] [13:49:57] [DEBUG] (2) velopack::bundle: Writing file to disk with 64k buffer: "C:\\Users\\jori\\Downloads\\tmp-coordinator-lifecycle\\root\\current\\payload\\mcp\\node_modules\\playwright-core\\lib\\tools\\skills\\playwright-cli\\references\\request-mocking.md"
[setup:73920] [13:49:57] [DEBUG] (2) velopack::bundle:     97 Extracting 'lib/app/payload/mcp/node_modules/playwright-core/lib/tools/skills/playwright-cli/references/running-code.md' to '"C:\\Users\\jori\\Downloads\\tmp-coordinator-lifecycle\\root\\current\\payload\\mcp\\node_modules\\playwright-core\\lib\\tools\\skills\\playwright-cli\\references\\running-code.md"'
[setup:73920] [13:49:57] [DEBUG] (2) velopack::bundle: Extracting zip file to path: "C:\\Users\\jori\\Downloads\\tmp-coordinator-lifecycle\\root\\current\\payload\\mcp\\node_modules\\playwright-core\\lib\\tools\\skills\\playwright-cli\\references\\running-code.md"
[setup:73920] [13:49:57] [DEBUG] (2) velopack::bundle: Writing file to disk with 64k buffer: "C:\\Users\\jori\\Downloads\\tmp-coordinator-lifecycle\\root\\current\\payload\\mcp\\node_modules\\playwright-core\\lib\\tools\\skills\\playwright-cli\\references\\running-code.md"
[setup:73920] [13:49:57] [DEBUG] (2) velopack::bundle:     98 Extracting 'lib/app/payload/mcp/node_modules/playwright-core/lib/tools/skills/playwright-cli/references/session-management.md' to '"C:\\Users\\jori\\Downloads\\tmp-coordinator-lifecycle\\root\\current\\payload\\mcp\\node_modules\\playwright-core\\lib\\tools\\skills\\playwright-cli\\references\\session-management.md"'
[setup:73920] [13:49:57] [DEBUG] (2) velopack::bundle: Extracting zip file to path: "C:\\Users\\jori\\Downloads\\tmp-coordinator-lifecycle\\root\\current\\payload\\mcp\\node_modules\\playwright-core\\lib\\tools\\skills\\playwright-cli\\references\\session-management.md"
[setup:73920] [13:49:57] [DEBUG] (2) velopack::bundle: Writing file to disk with 64k buffer: "C:\\Users\\jori\\Downloads\\tmp-coordinator-lifecycle\\root\\current\\payload\\mcp\\node_modules\\playwright-core\\lib\\tools\\skills\\playwright-cli\\references\\session-management.md"
[setup:73920] [13:49:57] [DEBUG] (2) velopack::bundle:     99 Extracting 'lib/app/payload/mcp/node_modules/playwright-core/lib/tools/skills/playwright-cli/references/storage-state.md' to '"C:\\Users\\jori\\Downloads\\tmp-coordinator-lifecycle\\root\\current\\payload\\mcp\\node_modules\\playwright-core\\lib\\tools\\skills\\playwright-cli\\references\\storage-state.md"'
[setup:73920] [13:49:57] [DEBUG] (2) velopack::bundle: Extracting zip file to path: "C:\\Users\\jori\\Downloads\\tmp-coordinator-lifecycle\\root\\current\\payload\\mcp\\node_modules\\playwright-core\\lib\\tools\\skills\\playwright-cli\\references\\storage-state.md"
[setup:73920] [13:49:57] [DEBUG] (2) velopack::bundle: Writing file to disk with 64k buffer: "C:\\Users\\jori\\Downloads\\tmp-coordinator-lifecycle\\root\\current\\payload\\mcp\\node_modules\\playwright-core\\lib\\tools\\skills\\playwright-cli\\references\\storage-state.md"
[setup:73920] [13:49:57] [DEBUG] (2) velopack::bundle:     100 Extracting 'lib/app/payload/mcp/node_modules/playwright-core/lib/tools/skills/playwright-cli/references/test-generation.md' to '"C:\\Users\\jori\\Downloads\\tmp-coordinator-lifecycle\\root\\current\\payload\\mcp\\node_modules\\playwright-core\\lib\\tools\\skills\\playwright-cli\\references\\test-generation.md"'
[setup:73920] [13:49:57] [DEBUG] (2) velopack::bundle: Extracting zip file to path: "C:\\Users\\jori\\Downloads\\tmp-coordinator-lifecycle\\root\\current\\payload\\mcp\\node_modules\\playwright-core\\lib\\tools\\skills\\playwright-cli\\references\\test-generation.md"
[setup:73920] [13:49:57] [DEBUG] (2) velopack::bundle: Writing file to disk with 64k buffer: "C:\\Users\\jori\\Downloads\\tmp-coordinator-lifecycle\\root\\current\\payload\\mcp\\node_modules\\playwright-core\\lib\\tools\\skills\\playwright-cli\\references\\test-generation.md"
[setup:73920] [13:49:57] [DEBUG] (2) velopack::bundle:     101 Extracting 'lib/app/payload/mcp/node_modules/playwright-core/lib/tools/skills/playwright-cli/references/tracing.md' to '"C:\\Users\\jori\\Downloads\\tmp-coordinator-lifecycle\\root\\current\\payload\\mcp\\node_modules\\playwright-core\\lib\\tools\\skills\\playwright-cli\\references\\tracing.md"'
[setup:73920] [13:49:57] [DEBUG] (2) velopack::bundle: Extracting zip file to path: "C:\\Users\\jori\\Downloads\\tmp-coordinator-lifecycle\\root\\current\\payload\\mcp\\node_modules\\playwright-core\\lib\\tools\\skills\\playwright-cli\\references\\tracing.md"
[setup:73920] [13:49:57] [DEBUG] (2) velopack::bundle: Writing file to disk with 64k buffer: "C:\\Users\\jori\\Downloads\\tmp-coordinator-lifecycle\\root\\current\\payload\\mcp\\node_modules\\playwright-core\\lib\\tools\\skills\\playwright-cli\\references\\tracing.md"
[setup:73920] [13:49:57] [DEBUG] (2) velopack::bundle:     102 Extracting 'lib/app/payload/mcp/node_modules/playwright-core/lib/tools/skills/playwright-cli/references/video-recording.md' to '"C:\\Users\\jori\\Downloads\\tmp-coordinator-lifecycle\\root\\current\\payload\\mcp\\node_modules\\playwright-core\\lib\\tools\\skills\\playwright-cli\\references\\video-recording.md"'
[setup:73920] [13:49:57] [DEBUG] (2) velopack::bundle: Extracting zip file to path: "C:\\Users\\jori\\Downloads\\tmp-coordinator-lifecycle\\root\\current\\payload\\mcp\\node_modules\\playwright-core\\lib\\tools\\skills\\playwright-cli\\references\\video-recording.md"
[setup:73920] [13:49:57] [DEBUG] (2) velopack::bundle: Writing file to disk with 64k buffer: "C:\\Users\\jori\\Downloads\\tmp-coordinator-lifecycle\\root\\current\\payload\\mcp\\node_modules\\playwright-core\\lib\\tools\\skills\\playwright-cli\\references\\video-recording.md"
[setup:73920] [13:49:57] [DEBUG] (2) velopack::bundle:     103 Extracting 'lib/app/payload/mcp/node_modules/playwright-core/lib/tools/dashboard/appIcon.png' to '"C:\\Users\\jori\\Downloads\\tmp-coordinator-lifecycle\\root\\current\\payload\\mcp\\node_modules\\playwright-core\\lib\\tools\\dashboard\\appIcon.png"'
[setup:73920] [13:49:57] [DEBUG] (2) velopack::bundle: Extracting zip file to path: "C:\\Users\\jori\\Downloads\\tmp-coordinator-lifecycle\\root\\current\\payload\\mcp\\node_modules\\playwright-core\\lib\\tools\\dashboard\\appIcon.png"
[setup:73920] [13:49:57] [DEBUG] (2) velopack::bundle: Creating parent directory: "C:\\Users\\jori\\Downloads\\tmp-coordinator-lifecycle\\root\\current\\payload\\mcp\\node_modules\\playwright-core\\lib\\tools\\dashboard"
[setup:73920] [13:49:57] [DEBUG] (2) velopack::bundle: Writing file to disk with 64k buffer: "C:\\Users\\jori\\Downloads\\tmp-coordinator-lifecycle\\root\\current\\payload\\mcp\\node_modules\\playwright-core\\lib\\tools\\dashboard\\appIcon.png"
[setup:73920] [13:49:57] [DEBUG] (2) velopack::bundle:     104 Extracting 'lib/app/payload/mcp/node_modules/playwright-core/lib/tools/cli-client/channelSessions.js' to '"C:\\Users\\jori\\Downloads\\tmp-coordinator-lifecycle\\root\\current\\payload\\mcp\\node_modules\\playwright-core\\lib\\tools\\cli-client\\channelSessions.js"'
[setup:73920] [13:49:57] [DEBUG] (2) velopack::bundle: Extracting zip file to path: "C:\\Users\\jori\\Downloads\\tmp-coordinator-lifecycle\\root\\current\\payload\\mcp\\node_modules\\playwright-core\\lib\\tools\\cli-client\\channelSessions.js"
[setup:73920] [13:49:57] [DEBUG] (2) velopack::bundle: Creating parent directory: "C:\\Users\\jori\\Downloads\\tmp-coordinator-lifecycle\\root\\current\\payload\\mcp\\node_modules\\playwright-core\\lib\\tools\\cli-client"
[setup:73920] [13:49:57] [DEBUG] (2) velopack::bundle: Writing file to disk with 64k buffer: "C:\\Users\\jori\\Downloads\\tmp-coordinator-lifecycle\\root\\current\\payload\\mcp\\node_modules\\playwright-core\\lib\\tools\\cli-client\\channelSessions.js"
[setup:73920] [13:49:57] [DEBUG] (2) velopack::bundle:     105 Extracting 'lib/app/payload/mcp/node_modules/playwright-core/lib/tools/cli-client/cli.js' to '"C:\\Users\\jori\\Downloads\\tmp-coordinator-lifecycle\\root\\current\\payload\\mcp\\node_modules\\playwright-core\\lib\\tools\\cli-client\\cli.js"'
[setup:73920] [13:49:57] [DEBUG] (2) velopack::bundle: Extracting zip file to path: "C:\\Users\\jori\\Downloads\\tmp-coordinator-lifecycle\\root\\current\\payload\\mcp\\node_modules\\playwright-core\\lib\\tools\\cli-client\\cli.js"
[setup:73920] [13:49:57] [DEBUG] (2) velopack::bundle: Writing file to disk with 64k buffer: "C:\\Users\\jori\\Downloads\\tmp-coordinator-lifecycle\\root\\current\\payload\\mcp\\node_modules\\playwright-core\\lib\\tools\\cli-client\\cli.js"
[setup:73920] [13:49:57] [DEBUG] (2) velopack::bundle:     106 Extracting 'lib/app/payload/mcp/node_modules/playwright-core/lib/tools/cli-client/help.json' to '"C:\\Users\\jori\\Downloads\\tmp-coordinator-lifecycle\\root\\current\\payload\\mcp\\node_modules\\playwright-core\\lib\\tools\\cli-client\\help.json"'
[setup:73920] [13:49:57] [DEBUG] (2) velopack::bundle: Extracting zip file to path: "C:\\Users\\jori\\Downloads\\tmp-coordinator-lifecycle\\root\\current\\payload\\mcp\\node_modules\\playwright-core\\lib\\tools\\cli-client\\help.json"
[setup:73920] [13:49:57] [DEBUG] (2) velopack::bundle: Writing file to disk with 64k buffer: "C:\\Users\\jori\\Downloads\\tmp-coordinator-lifecycle\\root\\current\\payload\\mcp\\node_modules\\playwright-core\\lib\\tools\\cli-client\\help.json"
[setup:73920] [13:49:57] [DEBUG] (2) velopack::bundle:     107 Extracting 'lib/app/payload/mcp/node_modules/playwright-core/lib/tools/cli-client/minimist.js' to '"C:\\Users\\jori\\Downloads\\tmp-coordinator-lifecycle\\root\\current\\payload\\mcp\\node_modules\\playwright-core\\lib\\tools\\cli-client\\minimist.js"'
[setup:73920] [13:49:57] [DEBUG] (2) velopack::bundle: Extracting zip file to path: "C:\\Users\\jori\\Downloads\\tmp-coordinator-lifecycle\\root\\current\\payload\\mcp\\node_modules\\playwright-core\\lib\\tools\\cli-client\\minimist.js"
[setup:73920] [13:49:57] [DEBUG] (2) velopack::bundle: Writing file to disk with 64k buffer: "C:\\Users\\jori\\Downloads\\tmp-coordinator-lifecycle\\root\\current\\payload\\mcp\\node_modules\\playwright-core\\lib\\tools\\cli-client\\minimist.js"
[setup:73920] [13:49:57] [DEBUG] (2) velopack::bundle:     108 Extracting 'lib/app/payload/mcp/node_modules/playwright-core/lib/tools/cli-client/output.js' to '"C:\\Users\\jori\\Downloads\\tmp-coordinator-lifecycle\\root\\current\\payload\\mcp\\node_modules\\playwright-core\\lib\\tools\\cli-client\\output.js"'
[setup:73920] [13:49:57] [DEBUG] (2) velopack::bundle: Extracting zip file to path: "C:\\Users\\jori\\Downloads\\tmp-coordinator-lifecycle\\root\\current\\payload\\mcp\\node_modules\\playwright-core\\lib\\tools\\cli-client\\output.js"
[setup:73920] [13:49:57] [DEBUG] (2) velopack::bundle: Writing file to disk with 64k buffer: "C:\\Users\\jori\\Downloads\\tmp-coordinator-lifecycle\\root\\current\\payload\\mcp\\node_modules\\playwright-core\\lib\\tools\\cli-client\\output.js"
[setup:73920] [13:49:57] [DEBUG] (2) velopack::bundle:     109 Extracting 'lib/app/payload/mcp/node_modules/playwright-core/lib/tools/cli-client/program.js' to '"C:\\Users\\jori\\Downloads\\tmp-coordinator-lifecycle\\root\\current\\payload\\mcp\\node_modules\\playwright-core\\lib\\tools\\cli-client\\program.js"'
[setup:73920] [13:49:57] [DEBUG] (2) velopack::bundle: Extracting zip file to path: "C:\\Users\\jori\\Downloads\\tmp-coordinator-lifecycle\\root\\current\\payload\\mcp\\node_modules\\playwright-core\\lib\\tools\\cli-client\\program.js"
[setup:73920] [13:49:57] [DEBUG] (2) velopack::bundle: Writing file to disk with 64k buffer: "C:\\Users\\jori\\Downloads\\tmp-coordinator-lifecycle\\root\\current\\payload\\mcp\\node_modules\\playwright-core\\lib\\tools\\cli-client\\program.js"
[setup:73920] [13:49:57] [DEBUG] (2) velopack::bundle:     110 Extracting 'lib/app/payload/mcp/node_modules/playwright-core/lib/tools/cli-client/registry.js' to '"C:\\Users\\jori\\Downloads\\tmp-coordinator-lifecycle\\root\\current\\payload\\mcp\\node_modules\\playwright-core\\lib\\tools\\cli-client\\registry.js"'
[setup:73920] [13:49:57] [DEBUG] (2) velopack::bundle: Extracting zip file to path: "C:\\Users\\jori\\Downloads\\tmp-coordinator-lifecycle\\root\\current\\payload\\mcp\\node_modules\\playwright-core\\lib\\tools\\cli-client\\registry.js"
[setup:73920] [13:49:57] [DEBUG] (2) velopack::bundle: Writing file to disk with 64k buffer: "C:\\Users\\jori\\Downloads\\tmp-coordinator-lifecycle\\root\\current\\payload\\mcp\\node_modules\\playwright-core\\lib\\tools\\cli-client\\registry.js"
[setup:73920] [13:49:57] [DEBUG] (2) velopack::bundle:     111 Extracting 'lib/app/payload/mcp/node_modules/playwright-core/lib/tools/cli-client/session.js' to '"C:\\Users\\jori\\Downloads\\tmp-coordinator-lifecycle\\root\\current\\payload\\mcp\\node_modules\\playwright-core\\lib\\tools\\cli-client\\session.js"'
[setup:73920] [13:49:57] [DEBUG] (2) velopack::bundle: Extracting zip file to path: "C:\\Users\\jori\\Downloads\\tmp-coordinator-lifecycle\\root\\current\\payload\\mcp\\node_modules\\playwright-core\\lib\\tools\\cli-client\\session.js"
[setup:73920] [13:49:57] [DEBUG] (2) velopack::bundle: Writing file to disk with 64k buffer: "C:\\Users\\jori\\Downloads\\tmp-coordinator-lifecycle\\root\\current\\payload\\mcp\\node_modules\\playwright-core\\lib\\tools\\cli-client\\session.js"
[setup:73920] [13:49:57] [DEBUG] (2) velopack::bundle:     112 Extracting 'lib/app/payload/mcp/node_modules/playwright-core/lib/server/electron/loader.js' to '"C:\\Users\\jori\\Downloads\\tmp-coordinator-lifecycle\\root\\current\\payload\\mcp\\node_modules\\playwright-core\\lib\\server\\electron\\loader.js"'
[setup:73920] [13:49:57] [DEBUG] (2) velopack::bundle: Extracting zip file to path: "C:\\Users\\jori\\Downloads\\tmp-coordinator-lifecycle\\root\\current\\payload\\mcp\\node_modules\\playwright-core\\lib\\server\\electron\\loader.js"
[setup:73920] [13:49:57] [DEBUG] (2) velopack::bundle: Creating parent directory: "C:\\Users\\jori\\Downloads\\tmp-coordinator-lifecycle\\root\\current\\payload\\mcp\\node_modules\\playwright-core\\lib\\server\\electron"
[setup:73920] [13:49:57] [DEBUG] (2) velopack::bundle: Writing file to disk with 64k buffer: "C:\\Users\\jori\\Downloads\\tmp-coordinator-lifecycle\\root\\current\\payload\\mcp\\node_modules\\playwright-core\\lib\\server\\electron\\loader.js"
[setup:73920] [13:49:57] [DEBUG] (2) velopack::bundle:     113 Extracting 'lib/app/payload/mcp/node_modules/playwright-core/lib/server/chromium/appIcon.png' to '"C:\\Users\\jori\\Downloads\\tmp-coordinator-lifecycle\\root\\current\\payload\\mcp\\node_modules\\playwright-core\\lib\\server\\chromium\\appIcon.png"'
[setup:73920] [13:49:57] [DEBUG] (2) velopack::bundle: Extracting zip file to path: "C:\\Users\\jori\\Downloads\\tmp-coordinator-lifecycle\\root\\current\\payload\\mcp\\node_modules\\playwright-core\\lib\\server\\chromium\\appIcon.png"
[setup:73920] [13:49:57] [DEBUG] (2) velopack::bundle: Creating parent directory: "C:\\Users\\jori\\Downloads\\tmp-coordinator-lifecycle\\root\\current\\payload\\mcp\\node_modules\\playwright-core\\lib\\server\\chromium"
[setup:73920] [13:49:57] [DEBUG] (2) velopack::bundle: Writing file to disk with 64k buffer: "C:\\Users\\jori\\Downloads\\tmp-coordinator-lifecycle\\root\\current\\payload\\mcp\\node_modules\\playwright-core\\lib\\server\\chromium\\appIcon.png"
[setup:73920] [13:49:57] [DEBUG] (2) velopack::bundle:     114 Extracting 'lib/app/payload/mcp/node_modules/playwright-core/lib/entry/cliDaemon.js' to '"C:\\Users\\jori\\Downloads\\tmp-coordinator-lifecycle\\root\\current\\payload\\mcp\\node_modules\\playwright-core\\lib\\entry\\cliDaemon.js"'
[setup:73920] [13:49:57] [DEBUG] (2) velopack::bundle: Extracting zip file to path: "C:\\Users\\jori\\Downloads\\tmp-coordinator-lifecycle\\root\\current\\payload\\mcp\\node_modules\\playwright-core\\lib\\entry\\cliDaemon.js"
[setup:73920] [13:49:57] [DEBUG] (2) velopack::bundle: Creating parent directory: "C:\\Users\\jori\\Downloads\\tmp-coordinator-lifecycle\\root\\current\\payload\\mcp\\node_modules\\playwright-core\\lib\\entry"
[setup:73920] [13:49:57] [DEBUG] (2) velopack::bundle: Writing file to disk with 64k buffer: "C:\\Users\\jori\\Downloads\\tmp-coordinator-lifecycle\\root\\current\\payload\\mcp\\node_modules\\playwright-core\\lib\\entry\\cliDaemon.js"
[setup:73920] [13:49:57] [DEBUG] (2) velopack::bundle:     115 Extracting 'lib/app/payload/mcp/node_modules/playwright-core/lib/entry/dashboardApp.js' to '"C:\\Users\\jori\\Downloads\\tmp-coordinator-lifecycle\\root\\current\\payload\\mcp\\node_modules\\playwright-core\\lib\\entry\\dashboardApp.js"'
[setup:73920] [13:49:57] [DEBUG] (2) velopack::bundle: Extracting zip file to path: "C:\\Users\\jori\\Downloads\\tmp-coordinator-lifecycle\\root\\current\\payload\\mcp\\node_modules\\playwright-core\\lib\\entry\\dashboardApp.js"
[setup:73920] [13:49:57] [DEBUG] (2) velopack::bundle: Writing file to disk with 64k buffer: "C:\\Users\\jori\\Downloads\\tmp-coordinator-lifecycle\\root\\current\\payload\\mcp\\node_modules\\playwright-core\\lib\\entry\\dashboardApp.js"
[setup:73920] [13:49:57] [DEBUG] (2) velopack::bundle:     116 Extracting 'lib/app/payload/mcp/node_modules/playwright-core/lib/entry/mcp.js' to '"C:\\Users\\jori\\Downloads\\tmp-coordinator-lifecycle\\root\\current\\payload\\mcp\\node_modules\\playwright-core\\lib\\entry\\mcp.js"'
[setup:73920] [13:49:57] [DEBUG] (2) velopack::bundle: Extracting zip file to path: "C:\\Users\\jori\\Downloads\\tmp-coordinator-lifecycle\\root\\current\\payload\\mcp\\node_modules\\playwright-core\\lib\\entry\\mcp.js"
[setup:73920] [13:49:57] [DEBUG] (2) velopack::bundle: Writing file to disk with 64k buffer: "C:\\Users\\jori\\Downloads\\tmp-coordinator-lifecycle\\root\\current\\payload\\mcp\\node_modules\\playwright-core\\lib\\entry\\mcp.js"
[setup:73920] [13:49:57] [DEBUG] (2) velopack::bundle:     117 Extracting 'lib/app/payload/mcp/node_modules/playwright-core/lib/entry/oopBrowserDownload.js' to '"C:\\Users\\jori\\Downloads\\tmp-coordinator-lifecycle\\root\\current\\payload\\mcp\\node_modules\\playwright-core\\lib\\entry\\oopBrowserDownload.js"'
[setup:73920] [13:49:57] [DEBUG] (2) velopack::bundle: Extracting zip file to path: "C:\\Users\\jori\\Downloads\\tmp-coordinator-lifecycle\\root\\current\\payload\\mcp\\node_modules\\playwright-core\\lib\\entry\\oopBrowserDownload.js"
[setup:73920] [13:49:57] [DEBUG] (2) velopack::bundle: Writing file to disk with 64k buffer: "C:\\Users\\jori\\Downloads\\tmp-coordinator-lifecycle\\root\\current\\payload\\mcp\\node_modules\\playwright-core\\lib\\entry\\oopBrowserDownload.js"
[setup:73920] [13:49:57] [DEBUG] (2) velopack::bundle:     118 Extracting 'lib/app/payload/mcp/node_modules/playwright-core/bin/install_media_pack.ps1' to '"C:\\Users\\jori\\Downloads\\tmp-coordinator-lifecycle\\root\\current\\payload\\mcp\\node_modules\\playwright-core\\bin\\install_media_pack.ps1"'
[setup:73920] [13:49:57] [DEBUG] (2) velopack::bundle: Extracting zip file to path: "C:\\Users\\jori\\Downloads\\tmp-coordinator-lifecycle\\root\\current\\payload\\mcp\\node_modules\\playwright-core\\bin\\install_media_pack.ps1"
[setup:73920] [13:49:57] [DEBUG] (2) velopack::bundle: Creating parent directory: "C:\\Users\\jori\\Downloads\\tmp-coordinator-lifecycle\\root\\current\\payload\\mcp\\node_modules\\playwright-core\\bin"
[setup:73920] [13:49:57] [DEBUG] (2) velopack::bundle: Writing file to disk with 64k buffer: "C:\\Users\\jori\\Downloads\\tmp-coordinator-lifecycle\\root\\current\\payload\\mcp\\node_modules\\playwright-core\\bin\\install_media_pack.ps1"
[setup:73920] [13:49:57] [DEBUG] (2) velopack::bundle:     119 Extracting 'lib/app/payload/mcp/node_modules/playwright-core/bin/install_webkit_wsl.ps1' to '"C:\\Users\\jori\\Downloads\\tmp-coordinator-lifecycle\\root\\current\\payload\\mcp\\node_modules\\playwright-core\\bin\\install_webkit_wsl.ps1"'
[setup:73920] [13:49:57] [DEBUG] (2) velopack::bundle: Extracting zip file to path: "C:\\Users\\jori\\Downloads\\tmp-coordinator-lifecycle\\root\\current\\payload\\mcp\\node_modules\\playwright-core\\bin\\install_webkit_wsl.ps1"
[setup:73920] [13:49:57] [DEBUG] (2) velopack::bundle: Writing file to disk with 64k buffer: "C:\\Users\\jori\\Downloads\\tmp-coordinator-lifecycle\\root\\current\\payload\\mcp\\node_modules\\playwright-core\\bin\\install_webkit_wsl.ps1"
[setup:73920] [13:49:57] [DEBUG] (2) velopack::bundle:     120 Extracting 'lib/app/payload/mcp/node_modules/playwright-core/bin/reinstall_chrome_beta_linux.sh' to '"C:\\Users\\jori\\Downloads\\tmp-coordinator-lifecycle\\root\\current\\payload\\mcp\\node_modules\\playwright-core\\bin\\reinstall_chrome_beta_linux.sh"'
[setup:73920] [13:49:57] [DEBUG] (2) velopack::bundle: Extracting zip file to path: "C:\\Users\\jori\\Downloads\\tmp-coordinator-lifecycle\\root\\current\\payload\\mcp\\node_modules\\playwright-core\\bin\\reinstall_chrome_beta_linux.sh"
[setup:73920] [13:49:57] [DEBUG] (2) velopack::bundle: Writing file to disk with 64k buffer: "C:\\Users\\jori\\Downloads\\tmp-coordinator-lifecycle\\root\\current\\payload\\mcp\\node_modules\\playwright-core\\bin\\reinstall_chrome_beta_linux.sh"
[setup:73920] [13:49:57] [DEBUG] (2) velopack::bundle:     121 Extracting 'lib/app/payload/mcp/node_modules/playwright-core/bin/reinstall_chrome_beta_mac.sh' to '"C:\\Users\\jori\\Downloads\\tmp-coordinator-lifecycle\\root\\current\\payload\\mcp\\node_modules\\playwright-core\\bin\\reinstall_chrome_beta_mac.sh"'
[setup:73920] [13:49:57] [DEBUG] (2) velopack::bundle: Extracting zip file to path: "C:\\Users\\jori\\Downloads\\tmp-coordinator-lifecycle\\root\\current\\payload\\mcp\\node_modules\\playwright-core\\bin\\reinstall_chrome_beta_mac.sh"
[setup:73920] [13:49:57] [DEBUG] (2) velopack::bundle: Writing file to disk with 64k buffer: "C:\\Users\\jori\\Downloads\\tmp-coordinator-lifecycle\\root\\current\\payload\\mcp\\node_modules\\playwright-core\\bin\\reinstall_chrome_beta_mac.sh"
[setup:73920] [13:49:57] [DEBUG] (2) velopack::bundle:     122 Extracting 'lib/app/payload/mcp/node_modules/playwright-core/bin/reinstall_chrome_beta_win.ps1' to '"C:\\Users\\jori\\Downloads\\tmp-coordinator-lifecycle\\root\\current\\payload\\mcp\\node_modules\\playwright-core\\bin\\reinstall_chrome_beta_win.ps1"'
[setup:73920] [13:49:57] [DEBUG] (2) velopack::bundle: Extracting zip file to path: "C:\\Users\\jori\\Downloads\\tmp-coordinator-lifecycle\\root\\current\\payload\\mcp\\node_modules\\playwright-core\\bin\\reinstall_chrome_beta_win.ps1"
[setup:73920] [13:49:57] [DEBUG] (2) velopack::bundle: Writing file to disk with 64k buffer: "C:\\Users\\jori\\Downloads\\tmp-coordinator-lifecycle\\root\\current\\payload\\mcp\\node_modules\\playwright-core\\bin\\reinstall_chrome_beta_win.ps1"
[setup:73920] [13:49:57] [DEBUG] (2) velopack::bundle:     123 Extracting 'lib/app/payload/mcp/node_modules/playwright-core/bin/reinstall_chrome_stable_linux.sh' to '"C:\\Users\\jori\\Downloads\\tmp-coordinator-lifecycle\\root\\current\\payload\\mcp\\node_modules\\playwright-core\\bin\\reinstall_chrome_stable_linux.sh"'
[setup:73920] [13:49:57] [DEBUG] (2) velopack::bundle: Extracting zip file to path: "C:\\Users\\jori\\Downloads\\tmp-coordinator-lifecycle\\root\\current\\payload\\mcp\\node_modules\\playwright-core\\bin\\reinstall_chrome_stable_linux.sh"
[setup:73920] [13:49:57] [DEBUG] (2) velopack::bundle: Writing file to disk with 64k buffer: "C:\\Users\\jori\\Downloads\\tmp-coordinator-lifecycle\\root\\current\\payload\\mcp\\node_modules\\playwright-core\\bin\\reinstall_chrome_stable_linux.sh"
[setup:73920] [13:49:57] [DEBUG] (2) velopack::bundle:     124 Extracting 'lib/app/payload/mcp/node_modules/playwright-core/bin/reinstall_chrome_stable_mac.sh' to '"C:\\Users\\jori\\Downloads\\tmp-coordinator-lifecycle\\root\\current\\payload\\mcp\\node_modules\\playwright-core\\bin\\reinstall_chrome_stable_mac.sh"'
[setup:73920] [13:49:57] [DEBUG] (2) velopack::bundle: Extracting zip file to path: "C:\\Users\\jori\\Downloads\\tmp-coordinator-lifecycle\\root\\current\\payload\\mcp\\node_modules\\playwright-core\\bin\\reinstall_chrome_stable_mac.sh"
[setup:73920] [13:49:57] [DEBUG] (2) velopack::bundle: Writing file to disk with 64k buffer: "C:\\Users\\jori\\Downloads\\tmp-coordinator-lifecycle\\root\\current\\payload\\mcp\\node_modules\\playwright-core\\bin\\reinstall_chrome_stable_mac.sh"
[setup:73920] [13:49:57] [DEBUG] (2) velopack::bundle:     125 Extracting 'lib/app/payload/mcp/node_modules/playwright-core/bin/reinstall_chrome_stable_win.ps1' to '"C:\\Users\\jori\\Downloads\\tmp-coordinator-lifecycle\\root\\current\\payload\\mcp\\node_modules\\playwright-core\\bin\\reinstall_chrome_stable_win.ps1"'
[setup:73920] [13:49:57] [DEBUG] (2) velopack::bundle: Extracting zip file to path: "C:\\Users\\jori\\Downloads\\tmp-coordinator-lifecycle\\root\\current\\payload\\mcp\\node_modules\\playwright-core\\bin\\reinstall_chrome_stable_win.ps1"
[setup:73920] [13:49:57] [DEBUG] (2) velopack::bundle: Writing file to disk with 64k buffer: "C:\\Users\\jori\\Downloads\\tmp-coordinator-lifecycle\\root\\current\\payload\\mcp\\node_modules\\playwright-core\\bin\\reinstall_chrome_stable_win.ps1"
[setup:73920] [13:49:57] [DEBUG] (2) velopack::bundle:     126 Extracting 'lib/app/payload/mcp/node_modules/playwright-core/bin/reinstall_msedge_beta_linux.sh' to '"C:\\Users\\jori\\Downloads\\tmp-coordinator-lifecycle\\root\\current\\payload\\mcp\\node_modules\\playwright-core\\bin\\reinstall_msedge_beta_linux.sh"'
[setup:73920] [13:49:57] [DEBUG] (2) velopack::bundle: Extracting zip file to path: "C:\\Users\\jori\\Downloads\\tmp-coordinator-lifecycle\\root\\current\\payload\\mcp\\node_modules\\playwright-core\\bin\\reinstall_msedge_beta_linux.sh"
[setup:73920] [13:49:57] [DEBUG] (2) velopack::bundle: Writing file to disk with 64k buffer: "C:\\Users\\jori\\Downloads\\tmp-coordinator-lifecycle\\root\\current\\payload\\mcp\\node_modules\\playwright-core\\bin\\reinstall_msedge_beta_linux.sh"
[setup:73920] [13:49:57] [DEBUG] (2) velopack::bundle:     127 Extracting 'lib/app/payload/mcp/node_modules/playwright-core/bin/reinstall_msedge_beta_mac.sh' to '"C:\\Users\\jori\\Downloads\\tmp-coordinator-lifecycle\\root\\current\\payload\\mcp\\node_modules\\playwright-core\\bin\\reinstall_msedge_beta_mac.sh"'
[setup:73920] [13:49:57] [DEBUG] (2) velopack::bundle: Extracting zip file to path: "C:\\Users\\jori\\Downloads\\tmp-coordinator-lifecycle\\root\\current\\payload\\mcp\\node_modules\\playwright-core\\bin\\reinstall_msedge_beta_mac.sh"
[setup:73920] [13:49:57] [DEBUG] (2) velopack::bundle: Writing file to disk with 64k buffer: "C:\\Users\\jori\\Downloads\\tmp-coordinator-lifecycle\\root\\current\\payload\\mcp\\node_modules\\playwright-core\\bin\\reinstall_msedge_beta_mac.sh"
[setup:73920] [13:49:57] [DEBUG] (2) velopack::bundle:     128 Extracting 'lib/app/payload/mcp/node_modules/playwright-core/bin/reinstall_msedge_beta_win.ps1' to '"C:\\Users\\jori\\Downloads\\tmp-coordinator-lifecycle\\root\\current\\payload\\mcp\\node_modules\\playwright-core\\bin\\reinstall_msedge_beta_win.ps1"'
[setup:73920] [13:49:57] [DEBUG] (2) velopack::bundle: Extracting zip file to path: "C:\\Users\\jori\\Downloads\\tmp-coordinator-lifecycle\\root\\current\\payload\\mcp\\node_modules\\playwright-core\\bin\\reinstall_msedge_beta_win.ps1"
[setup:73920] [13:49:57] [DEBUG] (2) velopack::bundle: Writing file to disk with 64k buffer: "C:\\Users\\jori\\Downloads\\tmp-coordinator-lifecycle\\root\\current\\payload\\mcp\\node_modules\\playwright-core\\bin\\reinstall_msedge_beta_win.ps1"
[setup:73920] [13:49:57] [DEBUG] (2) velopack::bundle:     129 Extracting 'lib/app/payload/mcp/node_modules/playwright-core/bin/reinstall_msedge_dev_linux.sh' to '"C:\\Users\\jori\\Downloads\\tmp-coordinator-lifecycle\\root\\current\\payload\\mcp\\node_modules\\playwright-core\\bin\\reinstall_msedge_dev_linux.sh"'
[setup:73920] [13:49:57] [DEBUG] (2) velopack::bundle: Extracting zip file to path: "C:\\Users\\jori\\Downloads\\tmp-coordinator-lifecycle\\root\\current\\payload\\mcp\\node_modules\\playwright-core\\bin\\reinstall_msedge_dev_linux.sh"
[setup:73920] [13:49:57] [DEBUG] (2) velopack::bundle: Writing file to disk with 64k buffer: "C:\\Users\\jori\\Downloads\\tmp-coordinator-lifecycle\\root\\current\\payload\\mcp\\node_modules\\playwright-core\\bin\\reinstall_msedge_dev_linux.sh"
[setup:73920] [13:49:57] [DEBUG] (2) velopack::bundle:     130 Extracting 'lib/app/payload/mcp/node_modules/playwright-core/bin/reinstall_msedge_dev_mac.sh' to '"C:\\Users\\jori\\Downloads\\tmp-coordinator-lifecycle\\root\\current\\payload\\mcp\\node_modules\\playwright-core\\bin\\reinstall_msedge_dev_mac.sh"'
[setup:73920] [13:49:57] [DEBUG] (2) velopack::bundle: Extracting zip file to path: "C:\\Users\\jori\\Downloads\\tmp-coordinator-lifecycle\\root\\current\\payload\\mcp\\node_modules\\playwright-core\\bin\\reinstall_msedge_dev_mac.sh"
[setup:73920] [13:49:57] [DEBUG] (2) velopack::bundle: Writing file to disk with 64k buffer: "C:\\Users\\jori\\Downloads\\tmp-coordinator-lifecycle\\root\\current\\payload\\mcp\\node_modules\\playwright-core\\bin\\reinstall_msedge_dev_mac.sh"
[setup:73920] [13:49:57] [DEBUG] (2) velopack::bundle:     131 Extracting 'lib/app/payload/mcp/node_modules/playwright-core/bin/reinstall_msedge_dev_win.ps1' to '"C:\\Users\\jori\\Downloads\\tmp-coordinator-lifecycle\\root\\current\\payload\\mcp\\node_modules\\playwright-core\\bin\\reinstall_msedge_dev_win.ps1"'
[setup:73920] [13:49:57] [DEBUG] (2) velopack::bundle: Extracting zip file to path: "C:\\Users\\jori\\Downloads\\tmp-coordinator-lifecycle\\root\\current\\payload\\mcp\\node_modules\\playwright-core\\bin\\reinstall_msedge_dev_win.ps1"
[setup:73920] [13:49:57] [DEBUG] (2) velopack::bundle: Writing file to disk with 64k buffer: "C:\\Users\\jori\\Downloads\\tmp-coordinator-lifecycle\\root\\current\\payload\\mcp\\node_modules\\playwright-core\\bin\\reinstall_msedge_dev_win.ps1"
[setup:73920] [13:49:57] [DEBUG] (2) velopack::bundle:     132 Extracting 'lib/app/payload/mcp/node_modules/playwright-core/bin/reinstall_msedge_stable_linux.sh' to '"C:\\Users\\jori\\Downloads\\tmp-coordinator-lifecycle\\root\\current\\payload\\mcp\\node_modules\\playwright-core\\bin\\reinstall_msedge_stable_linux.sh"'
[setup:73920] [13:49:57] [DEBUG] (2) velopack::bundle: Extracting zip file to path: "C:\\Users\\jori\\Downloads\\tmp-coordinator-lifecycle\\root\\current\\payload\\mcp\\node_modules\\playwright-core\\bin\\reinstall_msedge_stable_linux.sh"
[setup:73920] [13:49:57] [DEBUG] (2) velopack::bundle: Writing file to disk with 64k buffer: "C:\\Users\\jori\\Downloads\\tmp-coordinator-lifecycle\\root\\current\\payload\\mcp\\node_modules\\playwright-core\\bin\\reinstall_msedge_stable_linux.sh"
[setup:73920] [13:49:57] [DEBUG] (2) velopack::bundle:     133 Extracting 'lib/app/payload/mcp/node_modules/playwright-core/bin/reinstall_msedge_stable_mac.sh' to '"C:\\Users\\jori\\Downloads\\tmp-coordinator-lifecycle\\root\\current\\payload\\mcp\\node_modules\\playwright-core\\bin\\reinstall_msedge_stable_mac.sh"'
[setup:73920] [13:49:57] [DEBUG] (2) velopack::bundle: Extracting zip file to path: "C:\\Users\\jori\\Downloads\\tmp-coordinator-lifecycle\\root\\current\\payload\\mcp\\node_modules\\playwright-core\\bin\\reinstall_msedge_stable_mac.sh"
[setup:73920] [13:49:57] [DEBUG] (2) velopack::bundle: Writing file to disk with 64k buffer: "C:\\Users\\jori\\Downloads\\tmp-coordinator-lifecycle\\root\\current\\payload\\mcp\\node_modules\\playwright-core\\bin\\reinstall_msedge_stable_mac.sh"
[setup:73920] [13:49:57] [DEBUG] (2) velopack::bundle:     134 Extracting 'lib/app/payload/mcp/node_modules/playwright-core/bin/reinstall_msedge_stable_win.ps1' to '"C:\\Users\\jori\\Downloads\\tmp-coordinator-lifecycle\\root\\current\\payload\\mcp\\node_modules\\playwright-core\\bin\\reinstall_msedge_stable_win.ps1"'
[setup:73920] [13:49:57] [DEBUG] (2) velopack::bundle: Extracting zip file to path: "C:\\Users\\jori\\Downloads\\tmp-coordinator-lifecycle\\root\\current\\payload\\mcp\\node_modules\\playwright-core\\bin\\reinstall_msedge_stable_win.ps1"
[setup:73920] [13:49:57] [DEBUG] (2) velopack::bundle: Writing file to disk with 64k buffer: "C:\\Users\\jori\\Downloads\\tmp-coordinator-lifecycle\\root\\current\\payload\\mcp\\node_modules\\playwright-core\\bin\\reinstall_msedge_stable_win.ps1"
[setup:73920] [13:49:57] [DEBUG] (2) velopack::bundle:     135 Extracting 'lib/app/payload/mcp/node_modules/playwright/cli.js' to '"C:\\Users\\jori\\Downloads\\tmp-coordinator-lifecycle\\root\\current\\payload\\mcp\\node_modules\\playwright\\cli.js"'
[setup:73920] [13:49:57] [DEBUG] (2) velopack::bundle: Extracting zip file to path: "C:\\Users\\jori\\Downloads\\tmp-coordinator-lifecycle\\root\\current\\payload\\mcp\\node_modules\\playwright\\cli.js"
[setup:73920] [13:49:57] [DEBUG] (2) velopack::bundle: Creating parent directory: "C:\\Users\\jori\\Downloads\\tmp-coordinator-lifecycle\\root\\current\\payload\\mcp\\node_modules\\playwright"
[setup:73920] [13:49:57] [DEBUG] (2) velopack::bundle: Writing file to disk with 64k buffer: "C:\\Users\\jori\\Downloads\\tmp-coordinator-lifecycle\\root\\current\\payload\\mcp\\node_modules\\playwright\\cli.js"
[setup:73920] [13:49:57] [DEBUG] (2) velopack::bundle:     136 Extracting 'lib/app/payload/mcp/node_modules/playwright/index.d.ts' to '"C:\\Users\\jori\\Downloads\\tmp-coordinator-lifecycle\\root\\current\\payload\\mcp\\node_modules\\playwright\\index.d.ts"'
[setup:73920] [13:49:57] [DEBUG] (2) velopack::bundle: Extracting zip file to path: "C:\\Users\\jori\\Downloads\\tmp-coordinator-lifecycle\\root\\current\\payload\\mcp\\node_modules\\playwright\\index.d.ts"
[setup:73920] [13:49:57] [DEBUG] (2) velopack::bundle: Writing file to disk with 64k buffer: "C:\\Users\\jori\\Downloads\\tmp-coordinator-lifecycle\\root\\current\\payload\\mcp\\node_modules\\playwright\\index.d.ts"
[setup:73920] [13:49:57] [DEBUG] (2) velopack::bundle:     137 Extracting 'lib/app/payload/mcp/node_modules/playwright/index.js' to '"C:\\Users\\jori\\Downloads\\tmp-coordinator-lifecycle\\root\\current\\payload\\mcp\\node_modules\\playwright\\index.js"'
[setup:73920] [13:49:57] [DEBUG] (2) velopack::bundle: Extracting zip file to path: "C:\\Users\\jori\\Downloads\\tmp-coordinator-lifecycle\\root\\current\\payload\\mcp\\node_modules\\playwright\\index.js"
[setup:73920] [13:49:57] [DEBUG] (2) velopack::bundle: Writing file to disk with 64k buffer: "C:\\Users\\jori\\Downloads\\tmp-coordinator-lifecycle\\root\\current\\payload\\mcp\\node_modules\\playwright\\index.js"
[setup:73920] [13:49:57] [DEBUG] (2) velopack::bundle:     138 Extracting 'lib/app/payload/mcp/node_modules/playwright/index.mjs' to '"C:\\Users\\jori\\Downloads\\tmp-coordinator-lifecycle\\root\\current\\payload\\mcp\\node_modules\\playwright\\index.mjs"'
[setup:73920] [13:49:57] [DEBUG] (2) velopack::bundle: Extracting zip file to path: "C:\\Users\\jori\\Downloads\\tmp-coordinator-lifecycle\\root\\current\\payload\\mcp\\node_modules\\playwright\\index.mjs"
[setup:73920] [13:49:57] [DEBUG] (2) velopack::bundle: Writing file to disk with 64k buffer: "C:\\Users\\jori\\Downloads\\tmp-coordinator-lifecycle\\root\\current\\payload\\mcp\\node_modules\\playwright\\index.mjs"
[setup:73920] [13:49:57] [DEBUG] (2) velopack::bundle:     139 Extracting 'lib/app/payload/mcp/node_modules/playwright/jsx-runtime.js' to '"C:\\Users\\jori\\Downloads\\tmp-coordinator-lifecycle\\root\\current\\payload\\mcp\\node_modules\\playwright\\jsx-runtime.js"'
[setup:73920] [13:49:57] [DEBUG] (2) velopack::bundle: Extracting zip file to path: "C:\\Users\\jori\\Downloads\\tmp-coordinator-lifecycle\\root\\current\\payload\\mcp\\node_modules\\playwright\\jsx-runtime.js"
[setup:73920] [13:49:57] [DEBUG] (2) velopack::bundle: Writing file to disk with 64k buffer: "C:\\Users\\jori\\Downloads\\tmp-coordinator-lifecycle\\root\\current\\payload\\mcp\\node_modules\\playwright\\jsx-runtime.js"
[setup:73920] [13:49:57] [DEBUG] (2) velopack::bundle:     140 Extracting 'lib/app/payload/mcp/node_modules/playwright/jsx-runtime.mjs' to '"C:\\Users\\jori\\Downloads\\tmp-coordinator-lifecycle\\root\\current\\payload\\mcp\\node_modules\\playwright\\jsx-runtime.mjs"'
[setup:73920] [13:49:57] [DEBUG] (2) velopack::bundle: Extracting zip file to path: "C:\\Users\\jori\\Downloads\\tmp-coordinator-lifecycle\\root\\current\\payload\\mcp\\node_modules\\playwright\\jsx-runtime.mjs"
[setup:73920] [13:49:57] [DEBUG] (2) velopack::bundle: Writing file to disk with 64k buffer: "C:\\Users\\jori\\Downloads\\tmp-coordinator-lifecycle\\root\\current\\payload\\mcp\\node_modules\\playwright\\jsx-runtime.mjs"
[setup:73920] [13:49:57] [DEBUG] (2) velopack::bundle:     141 Extracting 'lib/app/payload/mcp/node_modules/playwright/LICENSE' to '"C:\\Users\\jori\\Downloads\\tmp-coordinator-lifecycle\\root\\current\\payload\\mcp\\node_modules\\playwright\\LICENSE"'
[setup:73920] [13:49:57] [DEBUG] (2) velopack::bundle: Extracting zip file to path: "C:\\Users\\jori\\Downloads\\tmp-coordinator-lifecycle\\root\\current\\payload\\mcp\\node_modules\\playwright\\LICENSE"
[setup:73920] [13:49:57] [DEBUG] (2) velopack::bundle: Writing file to disk with 64k buffer: "C:\\Users\\jori\\Downloads\\tmp-coordinator-lifecycle\\root\\current\\payload\\mcp\\node_modules\\playwright\\LICENSE"
[setup:73920] [13:49:57] [DEBUG] (2) velopack::bundle:     142 Extracting 'lib/app/payload/mcp/node_modules/playwright/NOTICE' to '"C:\\Users\\jori\\Downloads\\tmp-coordinator-lifecycle\\root\\current\\payload\\mcp\\node_modules\\playwright\\NOTICE"'
[setup:73920] [13:49:57] [DEBUG] (2) velopack::bundle: Extracting zip file to path: "C:\\Users\\jori\\Downloads\\tmp-coordinator-lifecycle\\root\\current\\payload\\mcp\\node_modules\\playwright\\NOTICE"
[setup:73920] [13:49:57] [DEBUG] (2) velopack::bundle: Writing file to disk with 64k buffer: "C:\\Users\\jori\\Downloads\\tmp-coordinator-lifecycle\\root\\current\\payload\\mcp\\node_modules\\playwright\\NOTICE"
[setup:73920] [13:49:57] [DEBUG] (2) velopack::bundle:     143 Extracting 'lib/app/payload/mcp/node_modules/playwright/package.json' to '"C:\\Users\\jori\\Downloads\\tmp-coordinator-lifecycle\\root\\current\\payload\\mcp\\node_modules\\playwright\\package.json"'
[setup:73920] [13:49:57] [DEBUG] (2) velopack::bundle: Extracting zip file to path: "C:\\Users\\jori\\Downloads\\tmp-coordinator-lifecycle\\root\\current\\payload\\mcp\\node_modules\\playwright\\package.json"
[setup:73920] [13:49:57] [DEBUG] (2) velopack::bundle: Writing file to disk with 64k buffer: "C:\\Users\\jori\\Downloads\\tmp-coordinator-lifecycle\\root\\current\\payload\\mcp\\node_modules\\playwright\\package.json"
[setup:73920] [13:49:57] [DEBUG] (2) velopack::bundle:     144 Extracting 'lib/app/payload/mcp/node_modules/playwright/README.md' to '"C:\\Users\\jori\\Downloads\\tmp-coordinator-lifecycle\\root\\current\\payload\\mcp\\node_modules\\playwright\\README.md"'
[setup:73920] [13:49:57] [DEBUG] (2) velopack::bundle: Extracting zip file to path: "C:\\Users\\jori\\Downloads\\tmp-coordinator-lifecycle\\root\\current\\payload\\mcp\\node_modules\\playwright\\README.md"
[setup:73920] [13:49:57] [DEBUG] (2) velopack::bundle: Writing file to disk with 64k buffer: "C:\\Users\\jori\\Downloads\\tmp-coordinator-lifecycle\\root\\current\\payload\\mcp\\node_modules\\playwright\\README.md"
[setup:73920] [13:49:57] [DEBUG] (2) velopack::bundle:     145 Extracting 'lib/app/payload/mcp/node_modules/playwright/test.d.ts' to '"C:\\Users\\jori\\Downloads\\tmp-coordinator-lifecycle\\root\\current\\payload\\mcp\\node_modules\\playwright\\test.d.ts"'
[setup:73920] [13:49:57] [DEBUG] (2) velopack::bundle: Extracting zip file to path: "C:\\Users\\jori\\Downloads\\tmp-coordinator-lifecycle\\root\\current\\payload\\mcp\\node_modules\\playwright\\test.d.ts"
[setup:73920] [13:49:57] [DEBUG] (2) velopack::bundle: Writing file to disk with 64k buffer: "C:\\Users\\jori\\Downloads\\tmp-coordinator-lifecycle\\root\\current\\payload\\mcp\\node_modules\\playwright\\test.d.ts"
[setup:73920] [13:49:57] [DEBUG] (2) velopack::bundle:     146 Extracting 'lib/app/payload/mcp/node_modules/playwright/test.js' to '"C:\\Users\\jori\\Downloads\\tmp-coordinator-lifecycle\\root\\current\\payload\\mcp\\node_modules\\playwright\\test.js"'
[setup:73920] [13:49:57] [DEBUG] (2) velopack::bundle: Extracting zip file to path: "C:\\Users\\jori\\Downloads\\tmp-coordinator-lifecycle\\root\\current\\payload\\mcp\\node_modules\\playwright\\test.js"
[setup:73920] [13:49:57] [DEBUG] (2) velopack::bundle: Writing file to disk with 64k buffer: "C:\\Users\\jori\\Downloads\\tmp-coordinator-lifecycle\\root\\current\\payload\\mcp\\node_modules\\playwright\\test.js"
[setup:73920] [13:49:57] [DEBUG] (2) velopack::bundle:     147 Extracting 'lib/app/payload/mcp/node_modules/playwright/test.mjs' to '"C:\\Users\\jori\\Downloads\\tmp-coordinator-lifecycle\\root\\current\\payload\\mcp\\node_modules\\playwright\\test.mjs"'
[setup:73920] [13:49:57] [DEBUG] (2) velopack::bundle: Extracting zip file to path: "C:\\Users\\jori\\Downloads\\tmp-coordinator-lifecycle\\root\\current\\payload\\mcp\\node_modules\\playwright\\test.mjs"
[setup:73920] [13:49:57] [DEBUG] (2) velopack::bundle: Writing file to disk with 64k buffer: "C:\\Users\\jori\\Downloads\\tmp-coordinator-lifecycle\\root\\current\\payload\\mcp\\node_modules\\playwright\\test.mjs"
[setup:73920] [13:49:57] [DEBUG] (2) velopack::bundle:     148 Extracting 'lib/app/payload/mcp/node_modules/playwright/ThirdPartyNotices.txt' to '"C:\\Users\\jori\\Downloads\\tmp-coordinator-lifecycle\\root\\current\\payload\\mcp\\node_modules\\playwright\\ThirdPartyNotices.txt"'
[setup:73920] [13:49:57] [DEBUG] (2) velopack::bundle: Extracting zip file to path: "C:\\Users\\jori\\Downloads\\tmp-coordinator-lifecycle\\root\\current\\payload\\mcp\\node_modules\\playwright\\ThirdPartyNotices.txt"
[setup:73920] [13:49:57] [DEBUG] (2) velopack::bundle: Writing file to disk with 64k buffer: "C:\\Users\\jori\\Downloads\\tmp-coordinator-lifecycle\\root\\current\\payload\\mcp\\node_modules\\playwright\\ThirdPartyNotices.txt"
[setup:73920] [13:49:57] [DEBUG] (2) velopack::bundle:     149 Extracting 'lib/app/payload/mcp/node_modules/playwright/types/test.d.ts' to '"C:\\Users\\jori\\Downloads\\tmp-coordinator-lifecycle\\root\\current\\payload\\mcp\\node_modules\\playwright\\types\\test.d.ts"'
[setup:73920] [13:49:57] [DEBUG] (2) velopack::bundle: Extracting zip file to path: "C:\\Users\\jori\\Downloads\\tmp-coordinator-lifecycle\\root\\current\\payload\\mcp\\node_modules\\playwright\\types\\test.d.ts"
[setup:73920] [13:49:57] [DEBUG] (2) velopack::bundle: Creating parent directory: "C:\\Users\\jori\\Downloads\\tmp-coordinator-lifecycle\\root\\current\\payload\\mcp\\node_modules\\playwright\\types"
[setup:73920] [13:49:57] [DEBUG] (2) velopack::bundle: Writing file to disk with 64k buffer: "C:\\Users\\jori\\Downloads\\tmp-coordinator-lifecycle\\root\\current\\payload\\mcp\\node_modules\\playwright\\types\\test.d.ts"
[setup:73920] [13:49:57] [DEBUG] (2) velopack::bundle:     150 Extracting 'lib/app/payload/mcp/node_modules/playwright/types/testReporter.d.ts' to '"C:\\Users\\jori\\Downloads\\tmp-coordinator-lifecycle\\root\\current\\payload\\mcp\\node_modules\\playwright\\types\\testReporter.d.ts"'
[setup:73920] [13:49:57] [DEBUG] (2) velopack::bundle: Extracting zip file to path: "C:\\Users\\jori\\Downloads\\tmp-coordinator-lifecycle\\root\\current\\payload\\mcp\\node_modules\\playwright\\types\\testReporter.d.ts"
[setup:73920] [13:49:57] [DEBUG] (2) velopack::bundle: Writing file to disk with 64k buffer: "C:\\Users\\jori\\Downloads\\tmp-coordinator-lifecycle\\root\\current\\payload\\mcp\\node_modules\\playwright\\types\\testReporter.d.ts"
[setup:73920] [13:49:57] [DEBUG] (2) velopack::bundle:     151 Extracting 'lib/app/payload/mcp/node_modules/playwright/lib/errorContext.js' to '"C:\\Users\\jori\\Downloads\\tmp-coordinator-lifecycle\\root\\current\\payload\\mcp\\node_modules\\playwright\\lib\\errorContext.js"'
[setup:73920] [13:49:57] [DEBUG] (2) velopack::bundle: Extracting zip file to path: "C:\\Users\\jori\\Downloads\\tmp-coordinator-lifecycle\\root\\current\\payload\\mcp\\node_modules\\playwright\\lib\\errorContext.js"
[setup:73920] [13:49:57] [DEBUG] (2) velopack::bundle: Creating parent directory: "C:\\Users\\jori\\Downloads\\tmp-coordinator-lifecycle\\root\\current\\payload\\mcp\\node_modules\\playwright\\lib"
[setup:73920] [13:49:57] [DEBUG] (2) velopack::bundle: Writing file to disk with 64k buffer: "C:\\Users\\jori\\Downloads\\tmp-coordinator-lifecycle\\root\\current\\payload\\mcp\\node_modules\\playwright\\lib\\errorContext.js"
[setup:73920] [13:49:57] [DEBUG] (2) velopack::bundle:     152 Extracting 'lib/app/payload/mcp/node_modules/playwright/lib/globals.js' to '"C:\\Users\\jori\\Downloads\\tmp-coordinator-lifecycle\\root\\current\\payload\\mcp\\node_modules\\playwright\\lib\\globals.js"'
[setup:73920] [13:49:57] [DEBUG] (2) velopack::bundle: Extracting zip file to path: "C:\\Users\\jori\\Downloads\\tmp-coordinator-lifecycle\\root\\current\\payload\\mcp\\node_modules\\playwright\\lib\\globals.js"
[setup:73920] [13:49:57] [DEBUG] (2) velopack::bundle: Writing file to disk with 64k buffer: "C:\\Users\\jori\\Downloads\\tmp-coordinator-lifecycle\\root\\current\\payload\\mcp\\node_modules\\playwright\\lib\\globals.js"
[setup:73920] [13:49:57] [DEBUG] (2) velopack::bundle:     153 Extracting 'lib/app/payload/mcp/node_modules/playwright/lib/index.js' to '"C:\\Users\\jori\\Downloads\\tmp-coordinator-lifecycle\\root\\current\\payload\\mcp\\node_modules\\playwright\\lib\\index.js"'
[setup:73920] [13:49:57] [DEBUG] (2) velopack::bundle: Extracting zip file to path: "C:\\Users\\jori\\Downloads\\tmp-coordinator-lifecycle\\root\\current\\payload\\mcp\\node_modules\\playwright\\lib\\index.js"
[setup:73920] [13:49:57] [DEBUG] (2) velopack::bundle: Writing file to disk with 64k buffer: "C:\\Users\\jori\\Downloads\\tmp-coordinator-lifecycle\\root\\current\\payload\\mcp\\node_modules\\playwright\\lib\\index.js"
[setup:73920] [13:49:57] [DEBUG] (2) velopack::bundle:     154 Extracting 'lib/app/payload/mcp/node_modules/playwright/lib/isomorphic.js' to '"C:\\Users\\jori\\Downloads\\tmp-coordinator-lifecycle\\root\\current\\payload\\mcp\\node_modules\\playwright\\lib\\isomorphic.js"'
[setup:73920] [13:49:57] [DEBUG] (2) velopack::bundle: Extracting zip file to path: "C:\\Users\\jori\\Downloads\\tmp-coordinator-lifecycle\\root\\current\\payload\\mcp\\node_modules\\playwright\\lib\\isomorphic.js"
[setup:73920] [13:49:57] [DEBUG] (2) velopack::bundle: Writing file to disk with 64k buffer: "C:\\Users\\jori\\Downloads\\tmp-coordinator-lifecycle\\root\\current\\payload\\mcp\\node_modules\\playwright\\lib\\isomorphic.js"
[setup:73920] [13:49:57] [DEBUG] (2) velopack::bundle:     155 Extracting 'lib/app/payload/mcp/node_modules/playwright/lib/isomorphic.js.txt' to '"C:\\Users\\jori\\Downloads\\tmp-coordinator-lifecycle\\root\\current\\payload\\mcp\\node_modules\\playwright\\lib\\isomorphic.js.txt"'
[setup:73920] [13:49:57] [DEBUG] (2) velopack::bundle: Extracting zip file to path: "C:\\Users\\jori\\Downloads\\tmp-coordinator-lifecycle\\root\\current\\payload\\mcp\\node_modules\\playwright\\lib\\isomorphic.js.txt"
[setup:73920] [13:49:57] [DEBUG] (2) velopack::bundle: Writing file to disk with 64k buffer: "C:\\Users\\jori\\Downloads\\tmp-coordinator-lifecycle\\root\\current\\payload\\mcp\\node_modules\\playwright\\lib\\isomorphic.js.txt"
[setup:73920] [13:49:57] [DEBUG] (2) velopack::bundle:     156 Extracting 'lib/app/payload/mcp/node_modules/playwright/lib/package.js' to '"C:\\Users\\jori\\Downloads\\tmp-coordinator-lifecycle\\root\\current\\payload\\mcp\\node_modules\\playwright\\lib\\package.js"'
[setup:73920] [13:49:57] [DEBUG] (2) velopack::bundle: Extracting zip file to path: "C:\\Users\\jori\\Downloads\\tmp-coordinator-lifecycle\\root\\current\\payload\\mcp\\node_modules\\playwright\\lib\\package.js"
[setup:73920] [13:49:57] [DEBUG] (2) velopack::bundle: Writing file to disk with 64k buffer: "C:\\Users\\jori\\Downloads\\tmp-coordinator-lifecycle\\root\\current\\payload\\mcp\\node_modules\\playwright\\lib\\package.js"
[setup:73920] [13:49:57] [DEBUG] (2) velopack::bundle:     157 Extracting 'lib/app/payload/mcp/node_modules/playwright/lib/program.js' to '"C:\\Users\\jori\\Downloads\\tmp-coordinator-lifecycle\\root\\current\\payload\\mcp\\node_modules\\playwright\\lib\\program.js"'
[setup:73920] [13:49:57] [DEBUG] (2) velopack::bundle: Extracting zip file to path: "C:\\Users\\jori\\Downloads\\tmp-coordinator-lifecycle\\root\\current\\payload\\mcp\\node_modules\\playwright\\lib\\program.js"
[setup:73920] [13:49:57] [DEBUG] (2) velopack::bundle: Writing file to disk with 64k buffer: "C:\\Users\\jori\\Downloads\\tmp-coordinator-lifecycle\\root\\current\\payload\\mcp\\node_modules\\playwright\\lib\\program.js"
[setup:73920] [13:49:57] [DEBUG] (2) velopack::bundle:     158 Extracting 'lib/app/payload/mcp/node_modules/playwright/lib/util.js' to '"C:\\Users\\jori\\Downloads\\tmp-coordinator-lifecycle\\root\\current\\payload\\mcp\\node_modules\\playwright\\lib\\util.js"'
[setup:73920] [13:49:57] [DEBUG] (2) velopack::bundle: Extracting zip file to path: "C:\\Users\\jori\\Downloads\\tmp-coordinator-lifecycle\\root\\current\\payload\\mcp\\node_modules\\playwright\\lib\\util.js"
[setup:73920] [13:49:57] [DEBUG] (2) velopack::bundle: Writing file to disk with 64k buffer: "C:\\Users\\jori\\Downloads\\tmp-coordinator-lifecycle\\root\\current\\payload\\mcp\\node_modules\\playwright\\lib\\util.js"
[setup:73920] [13:49:57] [DEBUG] (2) velopack::bundle:     159 Extracting 'lib/app/payload/mcp/node_modules/playwright/lib/worker/workerProcessEntry.js' to '"C:\\Users\\jori\\Downloads\\tmp-coordinator-lifecycle\\root\\current\\payload\\mcp\\node_modules\\playwright\\lib\\worker\\workerProcessEntry.js"'
[setup:73920] [13:49:57] [DEBUG] (2) velopack::bundle: Extracting zip file to path: "C:\\Users\\jori\\Downloads\\tmp-coordinator-lifecycle\\root\\current\\payload\\mcp\\node_modules\\playwright\\lib\\worker\\workerProcessEntry.js"
[setup:73920] [13:49:57] [DEBUG] (2) velopack::bundle: Creating parent directory: "C:\\Users\\jori\\Downloads\\tmp-coordinator-lifecycle\\root\\current\\payload\\mcp\\node_modules\\playwright\\lib\\worker"
[setup:73920] [13:49:57] [DEBUG] (2) velopack::bundle: Writing file to disk with 64k buffer: "C:\\Users\\jori\\Downloads\\tmp-coordinator-lifecycle\\root\\current\\payload\\mcp\\node_modules\\playwright\\lib\\worker\\workerProcessEntry.js"
[setup:73920] [13:49:57] [DEBUG] (2) velopack::bundle:     160 Extracting 'lib/app/payload/mcp/node_modules/playwright/lib/worker/workerProcessEntry.js.txt' to '"C:\\Users\\jori\\Downloads\\tmp-coordinator-lifecycle\\root\\current\\payload\\mcp\\node_modules\\playwright\\lib\\worker\\workerProcessEntry.js.txt"'
[setup:73920] [13:49:57] [DEBUG] (2) velopack::bundle: Extracting zip file to path: "C:\\Users\\jori\\Downloads\\tmp-coordinator-lifecycle\\root\\current\\payload\\mcp\\node_modules\\playwright\\lib\\worker\\workerProcessEntry.js.txt"
[setup:73920] [13:49:57] [DEBUG] (2) velopack::bundle: Writing file to disk with 64k buffer: "C:\\Users\\jori\\Downloads\\tmp-coordinator-lifecycle\\root\\current\\payload\\mcp\\node_modules\\playwright\\lib\\worker\\workerProcessEntry.js.txt"
[setup:73920] [13:49:57] [DEBUG] (2) velopack::bundle:     161 Extracting 'lib/app/payload/mcp/node_modules/playwright/lib/transform/babelBundle.js' to '"C:\\Users\\jori\\Downloads\\tmp-coordinator-lifecycle\\root\\current\\payload\\mcp\\node_modules\\playwright\\lib\\transform\\babelBundle.js"'
[setup:73920] [13:49:57] [DEBUG] (2) velopack::bundle: Extracting zip file to path: "C:\\Users\\jori\\Downloads\\tmp-coordinator-lifecycle\\root\\current\\payload\\mcp\\node_modules\\playwright\\lib\\transform\\babelBundle.js"
[setup:73920] [13:49:57] [DEBUG] (2) velopack::bundle: Creating parent directory: "C:\\Users\\jori\\Downloads\\tmp-coordinator-lifecycle\\root\\current\\payload\\mcp\\node_modules\\playwright\\lib\\transform"
[setup:73920] [13:49:57] [DEBUG] (2) velopack::bundle: Writing file to disk with 64k buffer: "C:\\Users\\jori\\Downloads\\tmp-coordinator-lifecycle\\root\\current\\payload\\mcp\\node_modules\\playwright\\lib\\transform\\babelBundle.js"
[setup:73920] [13:49:57] [DEBUG] (2) velopack::bundle:     162 Extracting 'lib/app/payload/mcp/node_modules/playwright/lib/transform/babelBundle.js.LICENSE' to '"C:\\Users\\jori\\Downloads\\tmp-coordinator-lifecycle\\root\\current\\payload\\mcp\\node_modules\\playwright\\lib\\transform\\babelBundle.js.LICENSE"'
[setup:73920] [13:49:57] [DEBUG] (2) velopack::bundle: Extracting zip file to path: "C:\\Users\\jori\\Downloads\\tmp-coordinator-lifecycle\\root\\current\\payload\\mcp\\node_modules\\playwright\\lib\\transform\\babelBundle.js.LICENSE"
[setup:73920] [13:49:57] [DEBUG] (2) velopack::bundle: Writing file to disk with 64k buffer: "C:\\Users\\jori\\Downloads\\tmp-coordinator-lifecycle\\root\\current\\payload\\mcp\\node_modules\\playwright\\lib\\transform\\babelBundle.js.LICENSE"
[setup:73920] [13:49:57] [DEBUG] (2) velopack::bundle:     163 Extracting 'lib/app/payload/mcp/node_modules/playwright/lib/transform/babelBundle.js.txt' to '"C:\\Users\\jori\\Downloads\\tmp-coordinator-lifecycle\\root\\current\\payload\\mcp\\node_modules\\playwright\\lib\\transform\\babelBundle.js.txt"'
[setup:73920] [13:49:57] [DEBUG] (2) velopack::bundle: Extracting zip file to path: "C:\\Users\\jori\\Downloads\\tmp-coordinator-lifecycle\\root\\current\\payload\\mcp\\node_modules\\playwright\\lib\\transform\\babelBundle.js.txt"
[setup:73920] [13:49:57] [DEBUG] (2) velopack::bundle: Writing file to disk with 64k buffer: "C:\\Users\\jori\\Downloads\\tmp-coordinator-lifecycle\\root\\current\\payload\\mcp\\node_modules\\playwright\\lib\\transform\\babelBundle.js.txt"
[setup:73920] [13:49:57] [DEBUG] (2) velopack::bundle:     164 Extracting 'lib/app/payload/mcp/node_modules/playwright/lib/transform/esmLoader.js' to '"C:\\Users\\jori\\Downloads\\tmp-coordinator-lifecycle\\root\\current\\payload\\mcp\\node_modules\\playwright\\lib\\transform\\esmLoader.js"'
[setup:73920] [13:49:57] [DEBUG] (2) velopack::bundle: Extracting zip file to path: "C:\\Users\\jori\\Downloads\\tmp-coordinator-lifecycle\\root\\current\\payload\\mcp\\node_modules\\playwright\\lib\\transform\\esmLoader.js"
[setup:73920] [13:49:57] [DEBUG] (2) velopack::bundle: Writing file to disk with 64k buffer: "C:\\Users\\jori\\Downloads\\tmp-coordinator-lifecycle\\root\\current\\payload\\mcp\\node_modules\\playwright\\lib\\transform\\esmLoader.js"
[setup:73920] [13:49:57] [DEBUG] (2) velopack::bundle:     165 Extracting 'lib/app/payload/mcp/node_modules/playwright/lib/transform/esmLoader.js.LICENSE' to '"C:\\Users\\jori\\Downloads\\tmp-coordinator-lifecycle\\root\\current\\payload\\mcp\\node_modules\\playwright\\lib\\transform\\esmLoader.js.LICENSE"'
[setup:73920] [13:49:57] [DEBUG] (2) velopack::bundle: Extracting zip file to path: "C:\\Users\\jori\\Downloads\\tmp-coordinator-lifecycle\\root\\current\\payload\\mcp\\node_modules\\playwright\\lib\\transform\\esmLoader.js.LICENSE"
[setup:73920] [13:49:57] [DEBUG] (2) velopack::bundle: Writing file to disk with 64k buffer: "C:\\Users\\jori\\Downloads\\tmp-coordinator-lifecycle\\root\\current\\payload\\mcp\\node_modules\\playwright\\lib\\transform\\esmLoader.js.LICENSE"
[setup:73920] [13:49:57] [DEBUG] (2) velopack::bundle:     166 Extracting 'lib/app/payload/mcp/node_modules/playwright/lib/transform/esmLoader.js.txt' to '"C:\\Users\\jori\\Downloads\\tmp-coordinator-lifecycle\\root\\current\\payload\\mcp\\node_modules\\playwright\\lib\\transform\\esmLoader.js.txt"'
[setup:73920] [13:49:57] [DEBUG] (2) velopack::bundle: Extracting zip file to path: "C:\\Users\\jori\\Downloads\\tmp-coordinator-lifecycle\\root\\current\\payload\\mcp\\node_modules\\playwright\\lib\\transform\\esmLoader.js.txt"
[setup:73920] [13:49:57] [DEBUG] (2) velopack::bundle: Writing file to disk with 64k buffer: "C:\\Users\\jori\\Downloads\\tmp-coordinator-lifecycle\\root\\current\\payload\\mcp\\node_modules\\playwright\\lib\\transform\\esmLoader.js.txt"
[setup:73920] [13:49:57] [DEBUG] (2) velopack::bundle:     167 Extracting 'lib/app/payload/mcp/node_modules/playwright/lib/runner/index.js' to '"C:\\Users\\jori\\Downloads\\tmp-coordinator-lifecycle\\root\\current\\payload\\mcp\\node_modules\\playwright\\lib\\runner\\index.js"'
[setup:73920] [13:49:57] [DEBUG] (2) velopack::bundle: Extracting zip file to path: "C:\\Users\\jori\\Downloads\\tmp-coordinator-lifecycle\\root\\current\\payload\\mcp\\node_modules\\playwright\\lib\\runner\\index.js"
[setup:73920] [13:49:57] [DEBUG] (2) velopack::bundle: Creating parent directory: "C:\\Users\\jori\\Downloads\\tmp-coordinator-lifecycle\\root\\current\\payload\\mcp\\node_modules\\playwright\\lib\\runner"
[setup:73920] [13:49:57] [DEBUG] (2) velopack::bundle: Writing file to disk with 64k buffer: "C:\\Users\\jori\\Downloads\\tmp-coordinator-lifecycle\\root\\current\\payload\\mcp\\node_modules\\playwright\\lib\\runner\\index.js"
[setup:73920] [13:49:57] [DEBUG] (2) velopack::bundle:     168 Extracting 'lib/app/payload/mcp/node_modules/playwright/lib/runner/index.js.txt' to '"C:\\Users\\jori\\Downloads\\tmp-coordinator-lifecycle\\root\\current\\payload\\mcp\\node_modules\\playwright\\lib\\runner\\index.js.txt"'
[setup:73920] [13:49:57] [DEBUG] (2) velopack::bundle: Extracting zip file to path: "C:\\Users\\jori\\Downloads\\tmp-coordinator-lifecycle\\root\\current\\payload\\mcp\\node_modules\\playwright\\lib\\runner\\index.js.txt"
[setup:73920] [13:49:57] [DEBUG] (2) velopack::bundle: Writing file to disk with 64k buffer: "C:\\Users\\jori\\Downloads\\tmp-coordinator-lifecycle\\root\\current\\payload\\mcp\\node_modules\\playwright\\lib\\runner\\index.js.txt"
[setup:73920] [13:49:57] [DEBUG] (2) velopack::bundle:     169 Extracting 'lib/app/payload/mcp/node_modules/playwright/lib/mcp/test/browserBackend.js' to '"C:\\Users\\jori\\Downloads\\tmp-coordinator-lifecycle\\root\\current\\payload\\mcp\\node_modules\\playwright\\lib\\mcp\\test\\browserBackend.js"'
[setup:73920] [13:49:57] [DEBUG] (2) velopack::bundle: Extracting zip file to path: "C:\\Users\\jori\\Downloads\\tmp-coordinator-lifecycle\\root\\current\\payload\\mcp\\node_modules\\playwright\\lib\\mcp\\test\\browserBackend.js"
[setup:73920] [13:49:57] [DEBUG] (2) velopack::bundle: Creating parent directory: "C:\\Users\\jori\\Downloads\\tmp-coordinator-lifecycle\\root\\current\\payload\\mcp\\node_modules\\playwright\\lib\\mcp\\test"
[setup:73920] [13:49:57] [DEBUG] (2) velopack::bundle: Writing file to disk with 64k buffer: "C:\\Users\\jori\\Downloads\\tmp-coordinator-lifecycle\\root\\current\\payload\\mcp\\node_modules\\playwright\\lib\\mcp\\test\\browserBackend.js"
[setup:73920] [13:49:57] [DEBUG] (2) velopack::bundle:     170 Extracting 'lib/app/payload/mcp/node_modules/playwright/lib/mcp/test/generatorTools.js' to '"C:\\Users\\jori\\Downloads\\tmp-coordinator-lifecycle\\root\\current\\payload\\mcp\\node_modules\\playwright\\lib\\mcp\\test\\generatorTools.js"'
[setup:73920] [13:49:57] [DEBUG] (2) velopack::bundle: Extracting zip file to path: "C:\\Users\\jori\\Downloads\\tmp-coordinator-lifecycle\\root\\current\\payload\\mcp\\node_modules\\playwright\\lib\\mcp\\test\\generatorTools.js"
[setup:73920] [13:49:57] [DEBUG] (2) velopack::bundle: Writing file to disk with 64k buffer: "C:\\Users\\jori\\Downloads\\tmp-coordinator-lifecycle\\root\\current\\payload\\mcp\\node_modules\\playwright\\lib\\mcp\\test\\generatorTools.js"
[setup:73920] [13:49:57] [DEBUG] (2) velopack::bundle:     171 Extracting 'lib/app/payload/mcp/node_modules/playwright/lib/mcp/test/plannerTools.js' to '"C:\\Users\\jori\\Downloads\\tmp-coordinator-lifecycle\\root\\current\\payload\\mcp\\node_modules\\playwright\\lib\\mcp\\test\\plannerTools.js"'
[setup:73920] [13:49:57] [DEBUG] (2) velopack::bundle: Extracting zip file to path: "C:\\Users\\jori\\Downloads\\tmp-coordinator-lifecycle\\root\\current\\payload\\mcp\\node_modules\\playwright\\lib\\mcp\\test\\plannerTools.js"
[setup:73920] [13:49:57] [DEBUG] (2) velopack::bundle: Writing file to disk with 64k buffer: "C:\\Users\\jori\\Downloads\\tmp-coordinator-lifecycle\\root\\current\\payload\\mcp\\node_modules\\playwright\\lib\\mcp\\test\\plannerTools.js"
[setup:73920] [13:49:57] [DEBUG] (2) velopack::bundle:     172 Extracting 'lib/app/payload/mcp/node_modules/playwright/lib/mcp/test/seed.js' to '"C:\\Users\\jori\\Downloads\\tmp-coordinator-lifecycle\\root\\current\\payload\\mcp\\node_modules\\playwright\\lib\\mcp\\test\\seed.js"'
[setup:73920] [13:49:57] [DEBUG] (2) velopack::bundle: Extracting zip file to path: "C:\\Users\\jori\\Downloads\\tmp-coordinator-lifecycle\\root\\current\\payload\\mcp\\node_modules\\playwright\\lib\\mcp\\test\\seed.js"
[setup:73920] [13:49:57] [DEBUG] (2) velopack::bundle: Writing file to disk with 64k buffer: "C:\\Users\\jori\\Downloads\\tmp-coordinator-lifecycle\\root\\current\\payload\\mcp\\node_modules\\playwright\\lib\\mcp\\test\\seed.js"
[setup:73920] [13:49:57] [DEBUG] (2) velopack::bundle:     173 Extracting 'lib/app/payload/mcp/node_modules/playwright/lib/mcp/test/streams.js' to '"C:\\Users\\jori\\Downloads\\tmp-coordinator-lifecycle\\root\\current\\payload\\mcp\\node_modules\\playwright\\lib\\mcp\\test\\streams.js"'
[setup:73920] [13:49:57] [DEBUG] (2) velopack::bundle: Extracting zip file to path: "C:\\Users\\jori\\Downloads\\tmp-coordinator-lifecycle\\root\\current\\payload\\mcp\\node_modules\\playwright\\lib\\mcp\\test\\streams.js"
[setup:73920] [13:49:57] [DEBUG] (2) velopack::bundle: Writing file to disk with 64k buffer: "C:\\Users\\jori\\Downloads\\tmp-coordinator-lifecycle\\root\\current\\payload\\mcp\\node_modules\\playwright\\lib\\mcp\\test\\streams.js"
[setup:73920] [13:49:57] [DEBUG] (2) velopack::bundle:     174 Extracting 'lib/app/payload/mcp/node_modules/playwright/lib/mcp/test/testBackend.js' to '"C:\\Users\\jori\\Downloads\\tmp-coordinator-lifecycle\\root\\current\\payload\\mcp\\node_modules\\playwright\\lib\\mcp\\test\\testBackend.js"'
[setup:73920] [13:49:57] [DEBUG] (2) velopack::bundle: Extracting zip file to path: "C:\\Users\\jori\\Downloads\\tmp-coordinator-lifecycle\\root\\current\\payload\\mcp\\node_modules\\playwright\\lib\\mcp\\test\\testBackend.js"
[setup:73920] [13:49:57] [DEBUG] (2) velopack::bundle: Writing file to disk with 64k buffer: "C:\\Users\\jori\\Downloads\\tmp-coordinator-lifecycle\\root\\current\\payload\\mcp\\node_modules\\playwright\\lib\\mcp\\test\\testBackend.js"
[setup:73920] [13:49:57] [DEBUG] (2) velopack::bundle:     175 Extracting 'lib/app/payload/mcp/node_modules/playwright/lib/mcp/test/testContext.js' to '"C:\\Users\\jori\\Downloads\\tmp-coordinator-lifecycle\\root\\current\\payload\\mcp\\node_modules\\playwright\\lib\\mcp\\test\\testContext.js"'
[setup:73920] [13:49:57] [DEBUG] (2) velopack::bundle: Extracting zip file to path: "C:\\Users\\jori\\Downloads\\tmp-coordinator-lifecycle\\root\\current\\payload\\mcp\\node_modules\\playwright\\lib\\mcp\\test\\testContext.js"
[setup:73920] [13:49:57] [DEBUG] (2) velopack::bundle: Writing file to disk with 64k buffer: "C:\\Users\\jori\\Downloads\\tmp-coordinator-lifecycle\\root\\current\\payload\\mcp\\node_modules\\playwright\\lib\\mcp\\test\\testContext.js"
[setup:73920] [13:49:57] [DEBUG] (2) velopack::bundle:     176 Extracting 'lib/app/payload/mcp/node_modules/playwright/lib/mcp/test/testTool.js' to '"C:\\Users\\jori\\Downloads\\tmp-coordinator-lifecycle\\root\\current\\payload\\mcp\\node_modules\\playwright\\lib\\mcp\\test\\testTool.js"'
[setup:73920] [13:49:57] [DEBUG] (2) velopack::bundle: Extracting zip file to path: "C:\\Users\\jori\\Downloads\\tmp-coordinator-lifecycle\\root\\current\\payload\\mcp\\node_modules\\playwright\\lib\\mcp\\test\\testTool.js"
[setup:73920] [13:49:57] [DEBUG] (2) velopack::bundle: Writing file to disk with 64k buffer: "C:\\Users\\jori\\Downloads\\tmp-coordinator-lifecycle\\root\\current\\payload\\mcp\\node_modules\\playwright\\lib\\mcp\\test\\testTool.js"
[setup:73920] [13:49:57] [DEBUG] (2) velopack::bundle:     177 Extracting 'lib/app/payload/mcp/node_modules/playwright/lib/mcp/test/testTools.js' to '"C:\\Users\\jori\\Downloads\\tmp-coordinator-lifecycle\\root\\current\\payload\\mcp\\node_modules\\playwright\\lib\\mcp\\test\\testTools.js"'
[setup:73920] [13:49:57] [DEBUG] (2) velopack::bundle: Extracting zip file to path: "C:\\Users\\jori\\Downloads\\tmp-coordinator-lifecycle\\root\\current\\payload\\mcp\\node_modules\\playwright\\lib\\mcp\\test\\testTools.js"
[setup:73920] [13:49:57] [DEBUG] (2) velopack::bundle: Writing file to disk with 64k buffer: "C:\\Users\\jori\\Downloads\\tmp-coordinator-lifecycle\\root\\current\\payload\\mcp\\node_modules\\playwright\\lib\\mcp\\test\\testTools.js"
[setup:73920] [13:49:57] [DEBUG] (2) velopack::bundle:     178 Extracting 'lib/app/payload/mcp/node_modules/playwright/lib/matchers/expect.js' to '"C:\\Users\\jori\\Downloads\\tmp-coordinator-lifecycle\\root\\current\\payload\\mcp\\node_modules\\playwright\\lib\\matchers\\expect.js"'
[setup:73920] [13:49:57] [DEBUG] (2) velopack::bundle: Extracting zip file to path: "C:\\Users\\jori\\Downloads\\tmp-coordinator-lifecycle\\root\\current\\payload\\mcp\\node_modules\\playwright\\lib\\matchers\\expect.js"
[setup:73920] [13:49:57] [DEBUG] (2) velopack::bundle: Creating parent directory: "C:\\Users\\jori\\Downloads\\tmp-coordinator-lifecycle\\root\\current\\payload\\mcp\\node_modules\\playwright\\lib\\matchers"
[setup:73920] [13:49:57] [DEBUG] (2) velopack::bundle: Writing file to disk with 64k buffer: "C:\\Users\\jori\\Downloads\\tmp-coordinator-lifecycle\\root\\current\\payload\\mcp\\node_modules\\playwright\\lib\\matchers\\expect.js"
[setup:73920] [13:49:57] [DEBUG] (2) velopack::bundle:     179 Extracting 'lib/app/payload/mcp/node_modules/playwright/lib/matchers/expect.js.LICENSE' to '"C:\\Users\\jori\\Downloads\\tmp-coordinator-lifecycle\\root\\current\\payload\\mcp\\node_modules\\playwright\\lib\\matchers\\expect.js.LICENSE"'
[setup:73920] [13:49:57] [DEBUG] (2) velopack::bundle: Extracting zip file to path: "C:\\Users\\jori\\Downloads\\tmp-coordinator-lifecycle\\root\\current\\payload\\mcp\\node_modules\\playwright\\lib\\matchers\\expect.js.LICENSE"
[setup:73920] [13:49:57] [DEBUG] (2) velopack::bundle: Writing file to disk with 64k buffer: "C:\\Users\\jori\\Downloads\\tmp-coordinator-lifecycle\\root\\current\\payload\\mcp\\node_modules\\playwright\\lib\\matchers\\expect.js.LICENSE"
[setup:73920] [13:49:57] [DEBUG] (2) velopack::bundle:     180 Extracting 'lib/app/payload/mcp/node_modules/playwright/lib/matchers/expect.js.txt' to '"C:\\Users\\jori\\Downloads\\tmp-coordinator-lifecycle\\root\\current\\payload\\mcp\\node_modules\\playwright\\lib\\matchers\\expect.js.txt"'
[setup:73920] [13:49:57] [DEBUG] (2) velopack::bundle: Extracting zip file to path: "C:\\Users\\jori\\Downloads\\tmp-coordinator-lifecycle\\root\\current\\payload\\mcp\\node_modules\\playwright\\lib\\matchers\\expect.js.txt"
[setup:73920] [13:49:57] [DEBUG] (2) velopack::bundle: Writing file to disk with 64k buffer: "C:\\Users\\jori\\Downloads\\tmp-coordinator-lifecycle\\root\\current\\payload\\mcp\\node_modules\\playwright\\lib\\matchers\\expect.js.txt"
[setup:73920] [13:49:57] [DEBUG] (2) velopack::bundle:     181 Extracting 'lib/app/payload/mcp/node_modules/playwright/lib/loader/loaderProcessEntry.js' to '"C:\\Users\\jori\\Downloads\\tmp-coordinator-lifecycle\\root\\current\\payload\\mcp\\node_modules\\playwright\\lib\\loader\\loaderProcessEntry.js"'
[setup:73920] [13:49:57] [DEBUG] (2) velopack::bundle: Extracting zip file to path: "C:\\Users\\jori\\Downloads\\tmp-coordinator-lifecycle\\root\\current\\payload\\mcp\\node_modules\\playwright\\lib\\loader\\loaderProcessEntry.js"
[setup:73920] [13:49:57] [DEBUG] (2) velopack::bundle: Creating parent directory: "C:\\Users\\jori\\Downloads\\tmp-coordinator-lifecycle\\root\\current\\payload\\mcp\\node_modules\\playwright\\lib\\loader"
[setup:73920] [13:49:57] [DEBUG] (2) velopack::bundle: Writing file to disk with 64k buffer: "C:\\Users\\jori\\Downloads\\tmp-coordinator-lifecycle\\root\\current\\payload\\mcp\\node_modules\\playwright\\lib\\loader\\loaderProcessEntry.js"
[setup:73920] [13:49:57] [DEBUG] (2) velopack::bundle:     182 Extracting 'lib/app/payload/mcp/node_modules/playwright/lib/loader/loaderProcessEntry.js.txt' to '"C:\\Users\\jori\\Downloads\\tmp-coordinator-lifecycle\\root\\current\\payload\\mcp\\node_modules\\playwright\\lib\\loader\\loaderProcessEntry.js.txt"'
[setup:73920] [13:49:57] [DEBUG] (2) velopack::bundle: Extracting zip file to path: "C:\\Users\\jori\\Downloads\\tmp-coordinator-lifecycle\\root\\current\\payload\\mcp\\node_modules\\playwright\\lib\\loader\\loaderProcessEntry.js.txt"
[setup:73920] [13:49:57] [DEBUG] (2) velopack::bundle: Writing file to disk with 64k buffer: "C:\\Users\\jori\\Downloads\\tmp-coordinator-lifecycle\\root\\current\\payload\\mcp\\node_modules\\playwright\\lib\\loader\\loaderProcessEntry.js.txt"
[setup:73920] [13:49:57] [DEBUG] (2) velopack::bundle:     183 Extracting 'lib/app/payload/mcp/node_modules/playwright/lib/common/index.js' to '"C:\\Users\\jori\\Downloads\\tmp-coordinator-lifecycle\\root\\current\\payload\\mcp\\node_modules\\playwright\\lib\\common\\index.js"'
[setup:73920] [13:49:57] [DEBUG] (2) velopack::bundle: Extracting zip file to path: "C:\\Users\\jori\\Downloads\\tmp-coordinator-lifecycle\\root\\current\\payload\\mcp\\node_modules\\playwright\\lib\\common\\index.js"
[setup:73920] [13:49:57] [DEBUG] (2) velopack::bundle: Creating parent directory: "C:\\Users\\jori\\Downloads\\tmp-coordinator-lifecycle\\root\\current\\payload\\mcp\\node_modules\\playwright\\lib\\common"
[setup:73920] [13:49:57] [DEBUG] (2) velopack::bundle: Writing file to disk with 64k buffer: "C:\\Users\\jori\\Downloads\\tmp-coordinator-lifecycle\\root\\current\\payload\\mcp\\node_modules\\playwright\\lib\\common\\index.js"
[setup:73920] [13:49:57] [DEBUG] (2) velopack::bundle:     184 Extracting 'lib/app/payload/mcp/node_modules/playwright/lib/common/index.js.txt' to '"C:\\Users\\jori\\Downloads\\tmp-coordinator-lifecycle\\root\\current\\payload\\mcp\\node_modules\\playwright\\lib\\common\\index.js.txt"'
[setup:73920] [13:49:57] [DEBUG] (2) velopack::bundle: Extracting zip file to path: "C:\\Users\\jori\\Downloads\\tmp-coordinator-lifecycle\\root\\current\\payload\\mcp\\node_modules\\playwright\\lib\\common\\index.js.txt"
[setup:73920] [13:49:57] [DEBUG] (2) velopack::bundle: Writing file to disk with 64k buffer: "C:\\Users\\jori\\Downloads\\tmp-coordinator-lifecycle\\root\\current\\payload\\mcp\\node_modules\\playwright\\lib\\common\\index.js.txt"
[setup:73920] [13:49:57] [DEBUG] (2) velopack::bundle:     185 Extracting 'lib/app/payload/mcp/node_modules/playwright/lib/cli/reportActions.js' to '"C:\\Users\\jori\\Downloads\\tmp-coordinator-lifecycle\\root\\current\\payload\\mcp\\node_modules\\playwright\\lib\\cli\\reportActions.js"'
[setup:73920] [13:49:57] [DEBUG] (2) velopack::bundle: Extracting zip file to path: "C:\\Users\\jori\\Downloads\\tmp-coordinator-lifecycle\\root\\current\\payload\\mcp\\node_modules\\playwright\\lib\\cli\\reportActions.js"
[setup:73920] [13:49:57] [DEBUG] (2) velopack::bundle: Creating parent directory: "C:\\Users\\jori\\Downloads\\tmp-coordinator-lifecycle\\root\\current\\payload\\mcp\\node_modules\\playwright\\lib\\cli"
[setup:73920] [13:49:57] [DEBUG] (2) velopack::bundle: Writing file to disk with 64k buffer: "C:\\Users\\jori\\Downloads\\tmp-coordinator-lifecycle\\root\\current\\payload\\mcp\\node_modules\\playwright\\lib\\cli\\reportActions.js"
[setup:73920] [13:49:57] [DEBUG] (2) velopack::bundle:     186 Extracting 'lib/app/payload/mcp/node_modules/playwright/lib/cli/testActions.js' to '"C:\\Users\\jori\\Downloads\\tmp-coordinator-lifecycle\\root\\current\\payload\\mcp\\node_modules\\playwright\\lib\\cli\\testActions.js"'
[setup:73920] [13:49:57] [DEBUG] (2) velopack::bundle: Extracting zip file to path: "C:\\Users\\jori\\Downloads\\tmp-coordinator-lifecycle\\root\\current\\payload\\mcp\\node_modules\\playwright\\lib\\cli\\testActions.js"
[setup:73920] [13:49:57] [DEBUG] (2) velopack::bundle: Writing file to disk with 64k buffer: "C:\\Users\\jori\\Downloads\\tmp-coordinator-lifecycle\\root\\current\\payload\\mcp\\node_modules\\playwright\\lib\\cli\\testActions.js"
[setup:73920] [13:49:57] [DEBUG] (2) velopack::bundle:     187 Extracting 'lib/app/payload/mcp/node_modules/playwright/lib/agents/agentParser.js' to '"C:\\Users\\jori\\Downloads\\tmp-coordinator-lifecycle\\root\\current\\payload\\mcp\\node_modules\\playwright\\lib\\agents\\agentParser.js"'
[setup:73920] [13:49:57] [DEBUG] (2) velopack::bundle: Extracting zip file to path: "C:\\Users\\jori\\Downloads\\tmp-coordinator-lifecycle\\root\\current\\payload\\mcp\\node_modules\\playwright\\lib\\agents\\agentParser.js"
[setup:73920] [13:49:57] [DEBUG] (2) velopack::bundle: Creating parent directory: "C:\\Users\\jori\\Downloads\\tmp-coordinator-lifecycle\\root\\current\\payload\\mcp\\node_modules\\playwright\\lib\\agents"
[setup:73920] [13:49:57] [DEBUG] (2) velopack::bundle: Writing file to disk with 64k buffer: "C:\\Users\\jori\\Downloads\\tmp-coordinator-lifecycle\\root\\current\\payload\\mcp\\node_modules\\playwright\\lib\\agents\\agentParser.js"
[setup:73920] [13:49:57] [DEBUG] (2) velopack::bundle:     188 Extracting 'lib/app/payload/mcp/node_modules/playwright/lib/agents/copilot-setup-steps.yml' to '"C:\\Users\\jori\\Downloads\\tmp-coordinator-lifecycle\\root\\current\\payload\\mcp\\node_modules\\playwright\\lib\\agents\\copilot-setup-steps.yml"'
[setup:73920] [13:49:57] [DEBUG] (2) velopack::bundle: Extracting zip file to path: "C:\\Users\\jori\\Downloads\\tmp-coordinator-lifecycle\\root\\current\\payload\\mcp\\node_modules\\playwright\\lib\\agents\\copilot-setup-steps.yml"
[setup:73920] [13:49:57] [DEBUG] (2) velopack::bundle: Writing file to disk with 64k buffer: "C:\\Users\\jori\\Downloads\\tmp-coordinator-lifecycle\\root\\current\\payload\\mcp\\node_modules\\playwright\\lib\\agents\\copilot-setup-steps.yml"
[setup:73920] [13:49:57] [DEBUG] (2) velopack::bundle:     189 Extracting 'lib/app/payload/mcp/node_modules/playwright/lib/agents/generateAgents.js' to '"C:\\Users\\jori\\Downloads\\tmp-coordinator-lifecycle\\root\\current\\payload\\mcp\\node_modules\\playwright\\lib\\agents\\generateAgents.js"'
[setup:73920] [13:49:57] [DEBUG] (2) velopack::bundle: Extracting zip file to path: "C:\\Users\\jori\\Downloads\\tmp-coordinator-lifecycle\\root\\current\\payload\\mcp\\node_modules\\playwright\\lib\\agents\\generateAgents.js"
[setup:73920] [13:49:57] [DEBUG] (2) velopack::bundle: Writing file to disk with 64k buffer: "C:\\Users\\jori\\Downloads\\tmp-coordinator-lifecycle\\root\\current\\payload\\mcp\\node_modules\\playwright\\lib\\agents\\generateAgents.js"
[setup:73920] [13:49:57] [DEBUG] (2) velopack::bundle:     190 Extracting 'lib/app/payload/mcp/node_modules/playwright/lib/agents/playwright-test-coverage.prompt.md' to '"C:\\Users\\jori\\Downloads\\tmp-coordinator-lifecycle\\root\\current\\payload\\mcp\\node_modules\\playwright\\lib\\agents\\playwright-test-coverage.prompt.md"'
[setup:73920] [13:49:57] [DEBUG] (2) velopack::bundle: Extracting zip file to path: "C:\\Users\\jori\\Downloads\\tmp-coordinator-lifecycle\\root\\current\\payload\\mcp\\node_modules\\playwright\\lib\\agents\\playwright-test-coverage.prompt.md"
[setup:73920] [13:49:57] [DEBUG] (2) velopack::bundle: Writing file to disk with 64k buffer: "C:\\Users\\jori\\Downloads\\tmp-coordinator-lifecycle\\root\\current\\payload\\mcp\\node_modules\\playwright\\lib\\agents\\playwright-test-coverage.prompt.md"
[setup:73920] [13:49:57] [DEBUG] (2) velopack::bundle:     191 Extracting 'lib/app/payload/mcp/node_modules/playwright/lib/agents/playwright-test-generate.prompt.md' to '"C:\\Users\\jori\\Downloads\\tmp-coordinator-lifecycle\\root\\current\\payload\\mcp\\node_modules\\playwright\\lib\\agents\\playwright-test-generate.prompt.md"'
[setup:73920] [13:49:57] [DEBUG] (2) velopack::bundle: Extracting zip file to path: "C:\\Users\\jori\\Downloads\\tmp-coordinator-lifecycle\\root\\current\\payload\\mcp\\node_modules\\playwright\\lib\\agents\\playwright-test-generate.prompt.md"
[setup:73920] [13:49:57] [DEBUG] (2) velopack::bundle: Writing file to disk with 64k buffer: "C:\\Users\\jori\\Downloads\\tmp-coordinator-lifecycle\\root\\current\\payload\\mcp\\node_modules\\playwright\\lib\\agents\\playwright-test-generate.prompt.md"
[setup:73920] [13:49:57] [DEBUG] (2) velopack::bundle:     192 Extracting 'lib/app/payload/mcp/node_modules/playwright/lib/agents/playwright-test-generator.agent.md' to '"C:\\Users\\jori\\Downloads\\tmp-coordinator-lifecycle\\root\\current\\payload\\mcp\\node_modules\\playwright\\lib\\agents\\playwright-test-generator.agent.md"'
[setup:73920] [13:49:57] [DEBUG] (2) velopack::bundle: Extracting zip file to path: "C:\\Users\\jori\\Downloads\\tmp-coordinator-lifecycle\\root\\current\\payload\\mcp\\node_modules\\playwright\\lib\\agents\\playwright-test-generator.agent.md"
[setup:73920] [13:49:57] [DEBUG] (2) velopack::bundle: Writing file to disk with 64k buffer: "C:\\Users\\jori\\Downloads\\tmp-coordinator-lifecycle\\root\\current\\payload\\mcp\\node_modules\\playwright\\lib\\agents\\playwright-test-generator.agent.md"
[setup:73920] [13:49:57] [DEBUG] (2) velopack::bundle:     193 Extracting 'lib/app/payload/mcp/node_modules/playwright/lib/agents/playwright-test-heal.prompt.md' to '"C:\\Users\\jori\\Downloads\\tmp-coordinator-lifecycle\\root\\current\\payload\\mcp\\node_modules\\playwright\\lib\\agents\\playwright-test-heal.prompt.md"'
[setup:73920] [13:49:57] [DEBUG] (2) velopack::bundle: Extracting zip file to path: "C:\\Users\\jori\\Downloads\\tmp-coordinator-lifecycle\\root\\current\\payload\\mcp\\node_modules\\playwright\\lib\\agents\\playwright-test-heal.prompt.md"
[setup:73920] [13:49:57] [DEBUG] (2) velopack::bundle: Writing file to disk with 64k buffer: "C:\\Users\\jori\\Downloads\\tmp-coordinator-lifecycle\\root\\current\\payload\\mcp\\node_modules\\playwright\\lib\\agents\\playwright-test-heal.prompt.md"
[setup:73920] [13:49:57] [DEBUG] (2) velopack::bundle:     194 Extracting 'lib/app/payload/mcp/node_modules/playwright/lib/agents/playwright-test-healer.agent.md' to '"C:\\Users\\jori\\Downloads\\tmp-coordinator-lifecycle\\root\\current\\payload\\mcp\\node_modules\\playwright\\lib\\agents\\playwright-test-healer.agent.md"'
[setup:73920] [13:49:57] [DEBUG] (2) velopack::bundle: Extracting zip file to path: "C:\\Users\\jori\\Downloads\\tmp-coordinator-lifecycle\\root\\current\\payload\\mcp\\node_modules\\playwright\\lib\\agents\\playwright-test-healer.agent.md"
[setup:73920] [13:49:57] [DEBUG] (2) velopack::bundle: Writing file to disk with 64k buffer: "C:\\Users\\jori\\Downloads\\tmp-coordinator-lifecycle\\root\\current\\payload\\mcp\\node_modules\\playwright\\lib\\agents\\playwright-test-healer.agent.md"
[setup:73920] [13:49:57] [DEBUG] (2) velopack::bundle:     195 Extracting 'lib/app/payload/mcp/node_modules/playwright/lib/agents/playwright-test-plan.prompt.md' to '"C:\\Users\\jori\\Downloads\\tmp-coordinator-lifecycle\\root\\current\\payload\\mcp\\node_modules\\playwright\\lib\\agents\\playwright-test-plan.prompt.md"'
[setup:73920] [13:49:57] [DEBUG] (2) velopack::bundle: Extracting zip file to path: "C:\\Users\\jori\\Downloads\\tmp-coordinator-lifecycle\\root\\current\\payload\\mcp\\node_modules\\playwright\\lib\\agents\\playwright-test-plan.prompt.md"
[setup:73920] [13:49:57] [DEBUG] (2) velopack::bundle: Writing file to disk with 64k buffer: "C:\\Users\\jori\\Downloads\\tmp-coordinator-lifecycle\\root\\current\\payload\\mcp\\node_modules\\playwright\\lib\\agents\\playwright-test-plan.prompt.md"
[setup:73920] [13:49:57] [DEBUG] (2) velopack::bundle:     196 Extracting 'lib/app/payload/mcp/node_modules/playwright/lib/agents/playwright-test-planner.agent.md' to '"C:\\Users\\jori\\Downloads\\tmp-coordinator-lifecycle\\root\\current\\payload\\mcp\\node_modules\\playwright\\lib\\agents\\playwright-test-planner.agent.md"'
[setup:73920] [13:49:57] [DEBUG] (2) velopack::bundle: Extracting zip file to path: "C:\\Users\\jori\\Downloads\\tmp-coordinator-lifecycle\\root\\current\\payload\\mcp\\node_modules\\playwright\\lib\\agents\\playwright-test-planner.agent.md"
[setup:73920] [13:49:57] [DEBUG] (2) velopack::bundle: Writing file to disk with 64k buffer: "C:\\Users\\jori\\Downloads\\tmp-coordinator-lifecycle\\root\\current\\payload\\mcp\\node_modules\\playwright\\lib\\agents\\playwright-test-planner.agent.md"
[setup:73920] [13:49:57] [DEBUG] (2) velopack::bundle:     197 Extracting 'lib/app/payload/mcp/node_modules/@playwright/mcp/cli.js' to '"C:\\Users\\jori\\Downloads\\tmp-coordinator-lifecycle\\root\\current\\payload\\mcp\\node_modules\\@playwright\\mcp\\cli.js"'
[setup:73920] [13:49:57] [DEBUG] (2) velopack::bundle: Extracting zip file to path: "C:\\Users\\jori\\Downloads\\tmp-coordinator-lifecycle\\root\\current\\payload\\mcp\\node_modules\\@playwright\\mcp\\cli.js"
[setup:73920] [13:49:57] [DEBUG] (2) velopack::bundle: Creating parent directory: "C:\\Users\\jori\\Downloads\\tmp-coordinator-lifecycle\\root\\current\\payload\\mcp\\node_modules\\@playwright\\mcp"
[setup:73920] [13:49:57] [DEBUG] (2) velopack::bundle: Writing file to disk with 64k buffer: "C:\\Users\\jori\\Downloads\\tmp-coordinator-lifecycle\\root\\current\\payload\\mcp\\node_modules\\@playwright\\mcp\\cli.js"
[setup:73920] [13:49:57] [DEBUG] (2) velopack::bundle:     198 Extracting 'lib/app/payload/mcp/node_modules/@playwright/mcp/config.d.ts' to '"C:\\Users\\jori\\Downloads\\tmp-coordinator-lifecycle\\root\\current\\payload\\mcp\\node_modules\\@playwright\\mcp\\config.d.ts"'
[setup:73920] [13:49:57] [DEBUG] (2) velopack::bundle: Extracting zip file to path: "C:\\Users\\jori\\Downloads\\tmp-coordinator-lifecycle\\root\\current\\payload\\mcp\\node_modules\\@playwright\\mcp\\config.d.ts"
[setup:73920] [13:49:57] [DEBUG] (2) velopack::bundle: Writing file to disk with 64k buffer: "C:\\Users\\jori\\Downloads\\tmp-coordinator-lifecycle\\root\\current\\payload\\mcp\\node_modules\\@playwright\\mcp\\config.d.ts"
[setup:73920] [13:49:57] [DEBUG] (2) velopack::bundle:     199 Extracting 'lib/app/payload/mcp/node_modules/@playwright/mcp/index.d.ts' to '"C:\\Users\\jori\\Downloads\\tmp-coordinator-lifecycle\\root\\current\\payload\\mcp\\node_modules\\@playwright\\mcp\\index.d.ts"'
[setup:73920] [13:49:57] [DEBUG] (2) velopack::bundle: Extracting zip file to path: "C:\\Users\\jori\\Downloads\\tmp-coordinator-lifecycle\\root\\current\\payload\\mcp\\node_modules\\@playwright\\mcp\\index.d.ts"
[setup:73920] [13:49:57] [DEBUG] (2) velopack::bundle: Writing file to disk with 64k buffer: "C:\\Users\\jori\\Downloads\\tmp-coordinator-lifecycle\\root\\current\\payload\\mcp\\node_modules\\@playwright\\mcp\\index.d.ts"
[setup:73920] [13:49:57] [DEBUG] (2) velopack::bundle:     200 Extracting 'lib/app/payload/mcp/node_modules/@playwright/mcp/index.js' to '"C:\\Users\\jori\\Downloads\\tmp-coordinator-lifecycle\\root\\current\\payload\\mcp\\node_modules\\@playwright\\mcp\\index.js"'
[setup:73920] [13:49:57] [DEBUG] (2) velopack::bundle: Extracting zip file to path: "C:\\Users\\jori\\Downloads\\tmp-coordinator-lifecycle\\root\\current\\payload\\mcp\\node_modules\\@playwright\\mcp\\index.js"
[setup:73920] [13:49:57] [DEBUG] (2) velopack::bundle: Writing file to disk with 64k buffer: "C:\\Users\\jori\\Downloads\\tmp-coordinator-lifecycle\\root\\current\\payload\\mcp\\node_modules\\@playwright\\mcp\\index.js"
[setup:73920] [13:49:57] [DEBUG] (2) velopack::bundle:     201 Extracting 'lib/app/payload/mcp/node_modules/@playwright/mcp/LICENSE' to '"C:\\Users\\jori\\Downloads\\tmp-coordinator-lifecycle\\root\\current\\payload\\mcp\\node_modules\\@playwright\\mcp\\LICENSE"'
[setup:73920] [13:49:57] [DEBUG] (2) velopack::bundle: Extracting zip file to path: "C:\\Users\\jori\\Downloads\\tmp-coordinator-lifecycle\\root\\current\\payload\\mcp\\node_modules\\@playwright\\mcp\\LICENSE"
[setup:73920] [13:49:57] [DEBUG] (2) velopack::bundle: Writing file to disk with 64k buffer: "C:\\Users\\jori\\Downloads\\tmp-coordinator-lifecycle\\root\\current\\payload\\mcp\\node_modules\\@playwright\\mcp\\LICENSE"
[setup:73920] [13:49:57] [DEBUG] (2) velopack::bundle:     202 Extracting 'lib/app/payload/mcp/node_modules/@playwright/mcp/package.json' to '"C:\\Users\\jori\\Downloads\\tmp-coordinator-lifecycle\\root\\current\\payload\\mcp\\node_modules\\@playwright\\mcp\\package.json"'
[setup:73920] [13:49:57] [DEBUG] (2) velopack::bundle: Extracting zip file to path: "C:\\Users\\jori\\Downloads\\tmp-coordinator-lifecycle\\root\\current\\payload\\mcp\\node_modules\\@playwright\\mcp\\package.json"
[setup:73920] [13:49:57] [DEBUG] (2) velopack::bundle: Writing file to disk with 64k buffer: "C:\\Users\\jori\\Downloads\\tmp-coordinator-lifecycle\\root\\current\\payload\\mcp\\node_modules\\@playwright\\mcp\\package.json"
[setup:73920] [13:49:57] [DEBUG] (2) velopack::bundle:     203 Extracting 'lib/app/payload/mcp/node_modules/@playwright/mcp/README.md' to '"C:\\Users\\jori\\Downloads\\tmp-coordinator-lifecycle\\root\\current\\payload\\mcp\\node_modules\\@playwright\\mcp\\README.md"'
[setup:73920] [13:49:57] [DEBUG] (2) velopack::bundle: Extracting zip file to path: "C:\\Users\\jori\\Downloads\\tmp-coordinator-lifecycle\\root\\current\\payload\\mcp\\node_modules\\@playwright\\mcp\\README.md"
[setup:73920] [13:49:57] [DEBUG] (2) velopack::bundle: Writing file to disk with 64k buffer: "C:\\Users\\jori\\Downloads\\tmp-coordinator-lifecycle\\root\\current\\payload\\mcp\\node_modules\\@playwright\\mcp\\README.md"
[setup:73920] [13:49:57] [DEBUG] (2) velopack::bundle:     204 Extracting 'lib/app/payload/mcp/node_modules/.bin/playwright' to '"C:\\Users\\jori\\Downloads\\tmp-coordinator-lifecycle\\root\\current\\payload\\mcp\\node_modules\\.bin\\playwright"'
[setup:73920] [13:49:57] [DEBUG] (2) velopack::bundle: Extracting zip file to path: "C:\\Users\\jori\\Downloads\\tmp-coordinator-lifecycle\\root\\current\\payload\\mcp\\node_modules\\.bin\\playwright"
[setup:73920] [13:49:57] [DEBUG] (2) velopack::bundle: Creating parent directory: "C:\\Users\\jori\\Downloads\\tmp-coordinator-lifecycle\\root\\current\\payload\\mcp\\node_modules\\.bin"
[setup:73920] [13:49:57] [DEBUG] (2) velopack::bundle: Writing file to disk with 64k buffer: "C:\\Users\\jori\\Downloads\\tmp-coordinator-lifecycle\\root\\current\\payload\\mcp\\node_modules\\.bin\\playwright"
[setup:73920] [13:49:57] [DEBUG] (2) velopack::bundle:     205 Extracting 'lib/app/payload/mcp/node_modules/.bin/playwright-core' to '"C:\\Users\\jori\\Downloads\\tmp-coordinator-lifecycle\\root\\current\\payload\\mcp\\node_modules\\.bin\\playwright-core"'
[setup:73920] [13:49:57] [DEBUG] (2) velopack::bundle: Extracting zip file to path: "C:\\Users\\jori\\Downloads\\tmp-coordinator-lifecycle\\root\\current\\payload\\mcp\\node_modules\\.bin\\playwright-core"
[setup:73920] [13:49:57] [DEBUG] (2) velopack::bundle: Writing file to disk with 64k buffer: "C:\\Users\\jori\\Downloads\\tmp-coordinator-lifecycle\\root\\current\\payload\\mcp\\node_modules\\.bin\\playwright-core"
[setup:73920] [13:49:57] [DEBUG] (2) velopack::bundle:     206 Extracting 'lib/app/payload/mcp/node_modules/.bin/playwright-core.cmd' to '"C:\\Users\\jori\\Downloads\\tmp-coordinator-lifecycle\\root\\current\\payload\\mcp\\node_modules\\.bin\\playwright-core.cmd"'
[setup:73920] [13:49:57] [DEBUG] (2) velopack::bundle: Extracting zip file to path: "C:\\Users\\jori\\Downloads\\tmp-coordinator-lifecycle\\root\\current\\payload\\mcp\\node_modules\\.bin\\playwright-core.cmd"
[setup:73920] [13:49:57] [DEBUG] (2) velopack::bundle: Writing file to disk with 64k buffer: "C:\\Users\\jori\\Downloads\\tmp-coordinator-lifecycle\\root\\current\\payload\\mcp\\node_modules\\.bin\\playwright-core.cmd"
[setup:73920] [13:49:57] [DEBUG] (2) velopack::bundle:     207 Extracting 'lib/app/payload/mcp/node_modules/.bin/playwright-core.ps1' to '"C:\\Users\\jori\\Downloads\\tmp-coordinator-lifecycle\\root\\current\\payload\\mcp\\node_modules\\.bin\\playwright-core.ps1"'
[setup:73920] [13:49:57] [DEBUG] (2) velopack::bundle: Extracting zip file to path: "C:\\Users\\jori\\Downloads\\tmp-coordinator-lifecycle\\root\\current\\payload\\mcp\\node_modules\\.bin\\playwright-core.ps1"
[setup:73920] [13:49:57] [DEBUG] (2) velopack::bundle: Writing file to disk with 64k buffer: "C:\\Users\\jori\\Downloads\\tmp-coordinator-lifecycle\\root\\current\\payload\\mcp\\node_modules\\.bin\\playwright-core.ps1"
[setup:73920] [13:49:57] [DEBUG] (2) velopack::bundle:     208 Extracting 'lib/app/payload/mcp/node_modules/.bin/playwright-mcp' to '"C:\\Users\\jori\\Downloads\\tmp-coordinator-lifecycle\\root\\current\\payload\\mcp\\node_modules\\.bin\\playwright-mcp"'
[setup:73920] [13:49:57] [DEBUG] (2) velopack::bundle: Extracting zip file to path: "C:\\Users\\jori\\Downloads\\tmp-coordinator-lifecycle\\root\\current\\payload\\mcp\\node_modules\\.bin\\playwright-mcp"
[setup:73920] [13:49:57] [DEBUG] (2) velopack::bundle: Writing file to disk with 64k buffer: "C:\\Users\\jori\\Downloads\\tmp-coordinator-lifecycle\\root\\current\\payload\\mcp\\node_modules\\.bin\\playwright-mcp"
[setup:73920] [13:49:57] [DEBUG] (2) velopack::bundle:     209 Extracting 'lib/app/payload/mcp/node_modules/.bin/playwright-mcp.cmd' to '"C:\\Users\\jori\\Downloads\\tmp-coordinator-lifecycle\\root\\current\\payload\\mcp\\node_modules\\.bin\\playwright-mcp.cmd"'
[setup:73920] [13:49:57] [DEBUG] (2) velopack::bundle: Extracting zip file to path: "C:\\Users\\jori\\Downloads\\tmp-coordinator-lifecycle\\root\\current\\payload\\mcp\\node_modules\\.bin\\playwright-mcp.cmd"
[setup:73920] [13:49:57] [DEBUG] (2) velopack::bundle: Writing file to disk with 64k buffer: "C:\\Users\\jori\\Downloads\\tmp-coordinator-lifecycle\\root\\current\\payload\\mcp\\node_modules\\.bin\\playwright-mcp.cmd"
[setup:73920] [13:49:57] [DEBUG] (2) velopack::bundle:     210 Extracting 'lib/app/payload/mcp/node_modules/.bin/playwright-mcp.ps1' to '"C:\\Users\\jori\\Downloads\\tmp-coordinator-lifecycle\\root\\current\\payload\\mcp\\node_modules\\.bin\\playwright-mcp.ps1"'
[setup:73920] [13:49:57] [DEBUG] (2) velopack::bundle: Extracting zip file to path: "C:\\Users\\jori\\Downloads\\tmp-coordinator-lifecycle\\root\\current\\payload\\mcp\\node_modules\\.bin\\playwright-mcp.ps1"
[setup:73920] [13:49:57] [DEBUG] (2) velopack::bundle: Writing file to disk with 64k buffer: "C:\\Users\\jori\\Downloads\\tmp-coordinator-lifecycle\\root\\current\\payload\\mcp\\node_modules\\.bin\\playwright-mcp.ps1"
[setup:73920] [13:49:57] [DEBUG] (2) velopack::bundle:     211 Extracting 'lib/app/payload/mcp/node_modules/.bin/playwright.cmd' to '"C:\\Users\\jori\\Downloads\\tmp-coordinator-lifecycle\\root\\current\\payload\\mcp\\node_modules\\.bin\\playwright.cmd"'
[setup:73920] [13:49:57] [DEBUG] (2) velopack::bundle: Extracting zip file to path: "C:\\Users\\jori\\Downloads\\tmp-coordinator-lifecycle\\root\\current\\payload\\mcp\\node_modules\\.bin\\playwright.cmd"
[setup:73920] [13:49:57] [DEBUG] (2) velopack::bundle: Writing file to disk with 64k buffer: "C:\\Users\\jori\\Downloads\\tmp-coordinator-lifecycle\\root\\current\\payload\\mcp\\node_modules\\.bin\\playwright.cmd"
[setup:73920] [13:49:57] [DEBUG] (2) velopack::bundle:     212 Extracting 'lib/app/payload/mcp/node_modules/.bin/playwright.ps1' to '"C:\\Users\\jori\\Downloads\\tmp-coordinator-lifecycle\\root\\current\\payload\\mcp\\node_modules\\.bin\\playwright.ps1"'
[setup:73920] [13:49:57] [DEBUG] (2) velopack::bundle: Extracting zip file to path: "C:\\Users\\jori\\Downloads\\tmp-coordinator-lifecycle\\root\\current\\payload\\mcp\\node_modules\\.bin\\playwright.ps1"
[setup:73920] [13:49:57] [DEBUG] (2) velopack::bundle: Writing file to disk with 64k buffer: "C:\\Users\\jori\\Downloads\\tmp-coordinator-lifecycle\\root\\current\\payload\\mcp\\node_modules\\.bin\\playwright.ps1"
[setup:73920] [13:49:57] [INFO] Creating shortcuts...
[setup:73920] [13:49:57] [INFO] COM context initialized in 4ms
[setup:73920] [13:49:57] [INFO] Shortcut Previous Locations: ShortcutLocationFlags(0x0) (None)
[setup:73920] [13:49:57] [INFO] Shortcut Next Locations: ShortcutLocationFlags(START_MENU_ROOT) ("1.1.0")
[setup:73920] [13:49:57] [INFO] App Model ID: Some("velopack.BrowserAI.app.test")
[setup:73920] [13:49:57] [INFO] Searching for shortcuts containing root: '"C:\\Users\\jori\\Downloads\\tmp-coordinator-lifecycle\\root"'
[setup:73920] [13:49:57] [INFO] Searching for shortcuts in: ShortcutLocationFlags(DESKTOP) (C:\Users\jori\Desktop/*.lnk)
[setup:73920] [13:49:57] [INFO] Searching for shortcuts in: ShortcutLocationFlags(STARTUP) (C:\Users\jori\AppData\Roaming\Microsoft\Windows\Start Menu\Programs\Startup/*.lnk)
[setup:73920] [13:49:57] [INFO] Searching for shortcuts in: ShortcutLocationFlags(START_MENU) (C:\Users\jori\AppData\Roaming\Microsoft\Windows\Start Menu\Programs/**/*.lnk)
[setup:73920] [13:49:57] [INFO] Searching for shortcuts in: ShortcutLocationFlags(USER_PINNED) (C:\Users\jori\AppData\Roaming\Microsoft\Internet Explorer\Quick Launch\User Pinned/**/*.lnk)
[setup:73920] [13:49:57] [INFO] Will update all current shortcuts: []
[setup:73920] [13:49:57] [INFO] Creating new shortcut for flag '"C:\\Users\\jori\\AppData\\Roaming\\Microsoft\\Windows\\Start Menu\\Programs\\BrowserAI (suite).lnk"' (ShortcutLocationFlags(START_MENU_ROOT)).
[setup:73920] [13:49:57] [INFO] Starting process install hook
[setup:73920] [13:49:57] [INFO] Running --veloapp-install hook...
[setup:73920] [13:49:57] [INFO] About to launch: 'WideString("C:\\Users\\jori\\Downloads\\tmp-coordinator-lifecycle\\root\\current\\BrowserAI.exe")' in dir 'Some(WideString("C:\\Users\\jori\\Downloads\\tmp-coordinator-lifecycle\\root\\current"))' with arguments: WideString("\"C:\\Users\\jori\\Downloads\\tmp-coordinator-lifecycle\\root\\current\\BrowserAI.exe\" --veloapp-install 1.1.0\0")
[setup:73920] [13:49:57] [INFO] Environment block present: true, flags: PROCESS_CREATION_FLAGS(134218752)
[setup:73920] [13:49:57] [INFO] Waiting 30000ms for process handle to exit.
[setup:73920] [13:49:58] [INFO] Hook executed successfully (took 1088.2855ms)
[setup:73920] [13:49:58] [INFO] Checking for running processes in: C:\Users\jori\Downloads\tmp-coordinator-lifecycle\root
[setup:73920] [13:49:59] [INFO] Inspected 644 running processes in 174ms, 0 matched directory
[setup:73920] [13:49:59] [INFO] Force-stop check complete.
[setup:73920] [13:49:59] [INFO] Writing uninstall registry key...
[setup:73920] [13:49:59] [INFO] Installation completed successfully!
