[update:84912] [13:50:14] [INFO] --
[update:84912] [13:50:14] [INFO] Starting Velopack Updater (1.2.158)
[update:84912] [13:50:14] [INFO]     Location: "C:\\Users\\jori\\Downloads\\tmp-coordinator-lifecycle\\root\\Update.exe"
[update:84912] [13:50:14] [INFO]     CWD: "C:\\Users\\jori\\Downloads\\tmp-coordinator-lifecycle\\root"
[update:84912] [13:50:14] [INFO]     Verbose: true
[update:84912] [13:50:14] [INFO]     Silent: true
[update:84912] [13:50:14] [INFO]     Root Directory: Some("C:\\Users\\jori\\Downloads\\tmp-coordinator-lifecycle\\root")
[update:84912] [13:50:14] [INFO]     Log File: "C:\\Source\\SixFive7\\BrowserAI\\.work\\coordinator-lifecycle\\logs2\\update-apply-2.log"
[update:84912] [13:50:14] [INFO]     Context: FromSpecifiedRootDir("C:\\Users\\jori\\Downloads\\tmp-coordinator-lifecycle\\root", Some("C:\\Users\\jori\\Downloads\\tmp-coordinator-lifecycle\\root\\packages"))
[update:84912] [13:50:14] [INFO] Command: Apply
[update:84912] [13:50:14] [INFO]     Restart: false
[update:84912] [13:50:14] [INFO]     Wait: WaitPid(83444)
[update:84912] [13:50:14] [INFO]     Package: Some("C:\\Users\\jori\\Downloads\\tmp-coordinator-lifecycle\\root\\packages\\BrowserAI.app.test-1.1.1-full.nupkg")
[update:84912] [13:50:14] [INFO]     Exe Args: None
[update:84912] [13:50:14] [INFO] Auto-locating app manifest...
[update:84912] [13:50:14] [INFO] Root directory 'C:\Users\jori\Downloads\tmp-coordinator-lifecycle\root' writable: true
[update:84912] [13:50:14] [INFO] Using root packages directory: C:\Users\jori\Downloads\tmp-coordinator-lifecycle\root\packages
[update:84912] [13:50:14] [INFO] Waiting for process pid-83444 to exit.
[update:84912] [13:50:14] [INFO] Waiting 60000ms for process handle to exit.
[update:84912] [13:51:14] [INFO] Getting ready to apply package to BrowserAI.app.test ver 1.1.0: "C:\\Users\\jori\\Downloads\\tmp-coordinator-lifecycle\\root\\packages\\BrowserAI.app.test-1.1.1-full.nupkg"
[update:84912] [13:51:14] [DEBUG] (2) velopack::bundle: Loading bundle from file '"C:\\Users\\jori\\Downloads\\tmp-coordinator-lifecycle\\root\\packages\\BrowserAI.app.test-1.1.1-full.nupkg"'...
[update:84912] [13:51:14] [INFO] Attempting to acquire exclusive lock on packages directory (non-blocking)...
[update:84912] [13:51:14] [INFO] Applying package 1.1.1 to current: 1.1.0
[update:84912] [13:51:14] [INFO] Checking application pre-requisites...
[update:84912] [13:51:14] [INFO] Extracting 213 app files to '"C:\\Users\\jori\\Downloads\\tmp-coordinator-lifecycle\\root\\packages\\VelopackTemp\\tmp_SSYLT23pJ5taSlUD"'...
[update:84912] [13:51:14] [DEBUG] (2) velopack::bundle: Extracting zip file to path: "C:\\Users\\jori\\Downloads\\tmp-coordinator-lifecycle\\root\\packages\\VelopackTemp\\tmp_SSYLT23pJ5taSlUD\\sq.version"
[update:84912] [13:51:14] [DEBUG] (2) velopack::bundle: Writing file to disk with 64k buffer: "C:\\Users\\jori\\Downloads\\tmp-coordinator-lifecycle\\root\\packages\\VelopackTemp\\tmp_SSYLT23pJ5taSlUD\\sq.version"
[update:84912] [13:51:14] [DEBUG] (2) velopack::bundle:     0 Skipped '[Content_Types].xml'
[update:84912] [13:51:14] [DEBUG] (2) velopack::bundle:     1 Skipped 'BrowserAI.app.test.nuspec'
[update:84912] [13:51:14] [DEBUG] (2) velopack::bundle:     2 Skipped 'setup.ico'
[update:84912] [13:51:14] [DEBUG] (2) velopack::bundle:     3 Skipped '_rels/.rels'
[update:84912] [13:51:14] [DEBUG] (2) velopack::bundle:     4 Skipped Stub (obsolete) 'lib/app/BrowserAI (suite)_ExecutionStub.exe'
[update:84912] [13:51:14] [DEBUG] (2) velopack::bundle:     5 Extracting 'lib/app/BrowserAI.Core.xml' to '"C:\\Users\\jori\\Downloads\\tmp-coordinator-lifecycle\\root\\packages\\VelopackTemp\\tmp_SSYLT23pJ5taSlUD\\BrowserAI.Core.xml"'
[update:84912] [13:51:14] [DEBUG] (2) velopack::bundle: Extracting zip file to path: "C:\\Users\\jori\\Downloads\\tmp-coordinator-lifecycle\\root\\packages\\VelopackTemp\\tmp_SSYLT23pJ5taSlUD\\BrowserAI.Core.xml"
[update:84912] [13:51:14] [DEBUG] (2) velopack::bundle: Writing file to disk with 64k buffer: "C:\\Users\\jori\\Downloads\\tmp-coordinator-lifecycle\\root\\packages\\VelopackTemp\\tmp_SSYLT23pJ5taSlUD\\BrowserAI.Core.xml"
[update:84912] [13:51:14] [DEBUG] (2) velopack::bundle:     6 Extracting 'lib/app/BrowserAI.exe' to '"C:\\Users\\jori\\Downloads\\tmp-coordinator-lifecycle\\root\\packages\\VelopackTemp\\tmp_SSYLT23pJ5taSlUD\\BrowserAI.exe"'
[update:84912] [13:51:14] [DEBUG] (2) velopack::bundle: Extracting zip file to path: "C:\\Users\\jori\\Downloads\\tmp-coordinator-lifecycle\\root\\packages\\VelopackTemp\\tmp_SSYLT23pJ5taSlUD\\BrowserAI.exe"
[update:84912] [13:51:14] [DEBUG] (2) velopack::bundle: Writing file to disk with 64k buffer: "C:\\Users\\jori\\Downloads\\tmp-coordinator-lifecycle\\root\\packages\\VelopackTemp\\tmp_SSYLT23pJ5taSlUD\\BrowserAI.exe"
[update:84912] [13:51:14] [DEBUG] (2) velopack::bundle:     7 Extracting 'lib/app/BrowserAI.Server.exe' to '"C:\\Users\\jori\\Downloads\\tmp-coordinator-lifecycle\\root\\packages\\VelopackTemp\\tmp_SSYLT23pJ5taSlUD\\BrowserAI.Server.exe"'
[update:84912] [13:51:14] [DEBUG] (2) velopack::bundle: Extracting zip file to path: "C:\\Users\\jori\\Downloads\\tmp-coordinator-lifecycle\\root\\packages\\VelopackTemp\\tmp_SSYLT23pJ5taSlUD\\BrowserAI.Server.exe"
[update:84912] [13:51:14] [DEBUG] (2) velopack::bundle: Writing file to disk with 64k buffer: "C:\\Users\\jori\\Downloads\\tmp-coordinator-lifecycle\\root\\packages\\VelopackTemp\\tmp_SSYLT23pJ5taSlUD\\BrowserAI.Server.exe"
[update:84912] [13:51:14] [DEBUG] (2) velopack::bundle:     8 Extracting 'lib/app/BrowserAI.Server.xml' to '"C:\\Users\\jori\\Downloads\\tmp-coordinator-lifecycle\\root\\packages\\VelopackTemp\\tmp_SSYLT23pJ5taSlUD\\BrowserAI.Server.xml"'
[update:84912] [13:51:14] [DEBUG] (2) velopack::bundle: Extracting zip file to path: "C:\\Users\\jori\\Downloads\\tmp-coordinator-lifecycle\\root\\packages\\VelopackTemp\\tmp_SSYLT23pJ5taSlUD\\BrowserAI.Server.xml"
[update:84912] [13:51:14] [DEBUG] (2) velopack::bundle: Writing file to disk with 64k buffer: "C:\\Users\\jori\\Downloads\\tmp-coordinator-lifecycle\\root\\packages\\VelopackTemp\\tmp_SSYLT23pJ5taSlUD\\BrowserAI.Server.xml"
[update:84912] [13:51:14] [DEBUG] (2) velopack::bundle:     9 Extracting 'lib/app/BrowserAI.xml' to '"C:\\Users\\jori\\Downloads\\tmp-coordinator-lifecycle\\root\\packages\\VelopackTemp\\tmp_SSYLT23pJ5taSlUD\\BrowserAI.xml"'
[update:84912] [13:51:14] [DEBUG] (2) velopack::bundle: Extracting zip file to path: "C:\\Users\\jori\\Downloads\\tmp-coordinator-lifecycle\\root\\packages\\VelopackTemp\\tmp_SSYLT23pJ5taSlUD\\BrowserAI.xml"
[update:84912] [13:51:14] [DEBUG] (2) velopack::bundle: Writing file to disk with 64k buffer: "C:\\Users\\jori\\Downloads\\tmp-coordinator-lifecycle\\root\\packages\\VelopackTemp\\tmp_SSYLT23pJ5taSlUD\\BrowserAI.xml"
[update:84912] [13:51:14] [DEBUG] (2) velopack::bundle:     10 Extracting 'lib/app/sq.version' to '"C:\\Users\\jori\\Downloads\\tmp-coordinator-lifecycle\\root\\packages\\VelopackTemp\\tmp_SSYLT23pJ5taSlUD\\sq.version"'
[update:84912] [13:51:14] [DEBUG] (2) velopack::bundle: Extracting zip file to path: "C:\\Users\\jori\\Downloads\\tmp-coordinator-lifecycle\\root\\packages\\VelopackTemp\\tmp_SSYLT23pJ5taSlUD\\sq.version"
[update:84912] [13:51:14] [DEBUG] (2) velopack::bundle: Writing file to disk with 64k buffer: "C:\\Users\\jori\\Downloads\\tmp-coordinator-lifecycle\\root\\packages\\VelopackTemp\\tmp_SSYLT23pJ5taSlUD\\sq.version"
[update:84912] [13:51:14] [DEBUG] (2) velopack::bundle:     11 Skipped 'lib/app/Squirrel.exe'
[update:84912] [13:51:14] [DEBUG] (2) velopack::bundle:     12 Extracting 'lib/app/THIRD-PARTY-NOTICES.txt' to '"C:\\Users\\jori\\Downloads\\tmp-coordinator-lifecycle\\root\\packages\\VelopackTemp\\tmp_SSYLT23pJ5taSlUD\\THIRD-PARTY-NOTICES.txt"'
[update:84912] [13:51:14] [DEBUG] (2) velopack::bundle: Extracting zip file to path: "C:\\Users\\jori\\Downloads\\tmp-coordinator-lifecycle\\root\\packages\\VelopackTemp\\tmp_SSYLT23pJ5taSlUD\\THIRD-PARTY-NOTICES.txt"
[update:84912] [13:51:14] [DEBUG] (2) velopack::bundle: Writing file to disk with 64k buffer: "C:\\Users\\jori\\Downloads\\tmp-coordinator-lifecycle\\root\\packages\\VelopackTemp\\tmp_SSYLT23pJ5taSlUD\\THIRD-PARTY-NOTICES.txt"
[update:84912] [13:51:14] [DEBUG] (2) velopack::bundle:     13 Extracting 'lib/app/payload/payload.json' to '"C:\\Users\\jori\\Downloads\\tmp-coordinator-lifecycle\\root\\packages\\VelopackTemp\\tmp_SSYLT23pJ5taSlUD\\payload\\payload.json"'
[update:84912] [13:51:14] [DEBUG] (2) velopack::bundle: Extracting zip file to path: "C:\\Users\\jori\\Downloads\\tmp-coordinator-lifecycle\\root\\packages\\VelopackTemp\\tmp_SSYLT23pJ5taSlUD\\payload\\payload.json"
[update:84912] [13:51:14] [DEBUG] (2) velopack::bundle: Creating parent directory: "C:\\Users\\jori\\Downloads\\tmp-coordinator-lifecycle\\root\\packages\\VelopackTemp\\tmp_SSYLT23pJ5taSlUD\\payload"
[update:84912] [13:51:14] [DEBUG] (2) velopack::bundle: Writing file to disk with 64k buffer: "C:\\Users\\jori\\Downloads\\tmp-coordinator-lifecycle\\root\\packages\\VelopackTemp\\tmp_SSYLT23pJ5taSlUD\\payload\\payload.json"
[update:84912] [13:51:14] [DEBUG] (2) velopack::bundle:     14 Extracting 'lib/app/payload/tool-verdicts.json' to '"C:\\Users\\jori\\Downloads\\tmp-coordinator-lifecycle\\root\\packages\\VelopackTemp\\tmp_SSYLT23pJ5taSlUD\\payload\\tool-verdicts.json"'
[update:84912] [13:51:14] [DEBUG] (2) velopack::bundle: Extracting zip file to path: "C:\\Users\\jori\\Downloads\\tmp-coordinator-lifecycle\\root\\packages\\VelopackTemp\\tmp_SSYLT23pJ5taSlUD\\payload\\tool-verdicts.json"
[update:84912] [13:51:14] [DEBUG] (2) velopack::bundle: Writing file to disk with 64k buffer: "C:\\Users\\jori\\Downloads\\tmp-coordinator-lifecycle\\root\\packages\\VelopackTemp\\tmp_SSYLT23pJ5taSlUD\\payload\\tool-verdicts.json"
[update:84912] [13:51:14] [DEBUG] (2) velopack::bundle:     15 Extracting 'lib/app/payload/node/LICENSE' to '"C:\\Users\\jori\\Downloads\\tmp-coordinator-lifecycle\\root\\packages\\VelopackTemp\\tmp_SSYLT23pJ5taSlUD\\payload\\node\\LICENSE"'
[update:84912] [13:51:14] [DEBUG] (2) velopack::bundle: Extracting zip file to path: "C:\\Users\\jori\\Downloads\\tmp-coordinator-lifecycle\\root\\packages\\VelopackTemp\\tmp_SSYLT23pJ5taSlUD\\payload\\node\\LICENSE"
[update:84912] [13:51:14] [DEBUG] (2) velopack::bundle: Creating parent directory: "C:\\Users\\jori\\Downloads\\tmp-coordinator-lifecycle\\root\\packages\\VelopackTemp\\tmp_SSYLT23pJ5taSlUD\\payload\\node"
[update:84912] [13:51:14] [DEBUG] (2) velopack::bundle: Writing file to disk with 64k buffer: "C:\\Users\\jori\\Downloads\\tmp-coordinator-lifecycle\\root\\packages\\VelopackTemp\\tmp_SSYLT23pJ5taSlUD\\payload\\node\\LICENSE"
[update:84912] [13:51:14] [DEBUG] (2) velopack::bundle:     16 Extracting 'lib/app/payload/node/node.exe' to '"C:\\Users\\jori\\Downloads\\tmp-coordinator-lifecycle\\root\\packages\\VelopackTemp\\tmp_SSYLT23pJ5taSlUD\\payload\\node\\node.exe"'
[update:84912] [13:51:14] [DEBUG] (2) velopack::bundle: Extracting zip file to path: "C:\\Users\\jori\\Downloads\\tmp-coordinator-lifecycle\\root\\packages\\VelopackTemp\\tmp_SSYLT23pJ5taSlUD\\payload\\node\\node.exe"
[update:84912] [13:51:14] [DEBUG] (2) velopack::bundle: Writing file to disk with 64k buffer: "C:\\Users\\jori\\Downloads\\tmp-coordinator-lifecycle\\root\\packages\\VelopackTemp\\tmp_SSYLT23pJ5taSlUD\\payload\\node\\node.exe"
[update:84912] [13:51:15] [DEBUG] (2) velopack::bundle:     17 Extracting 'lib/app/payload/mcp/package-lock.json' to '"C:\\Users\\jori\\Downloads\\tmp-coordinator-lifecycle\\root\\packages\\VelopackTemp\\tmp_SSYLT23pJ5taSlUD\\payload\\mcp\\package-lock.json"'
[update:84912] [13:51:15] [DEBUG] (2) velopack::bundle: Extracting zip file to path: "C:\\Users\\jori\\Downloads\\tmp-coordinator-lifecycle\\root\\packages\\VelopackTemp\\tmp_SSYLT23pJ5taSlUD\\payload\\mcp\\package-lock.json"
[update:84912] [13:51:15] [DEBUG] (2) velopack::bundle: Creating parent directory: "C:\\Users\\jori\\Downloads\\tmp-coordinator-lifecycle\\root\\packages\\VelopackTemp\\tmp_SSYLT23pJ5taSlUD\\payload\\mcp"
[update:84912] [13:51:15] [DEBUG] (2) velopack::bundle: Writing file to disk with 64k buffer: "C:\\Users\\jori\\Downloads\\tmp-coordinator-lifecycle\\root\\packages\\VelopackTemp\\tmp_SSYLT23pJ5taSlUD\\payload\\mcp\\package-lock.json"
[update:84912] [13:51:15] [DEBUG] (2) velopack::bundle:     18 Extracting 'lib/app/payload/mcp/package.json' to '"C:\\Users\\jori\\Downloads\\tmp-coordinator-lifecycle\\root\\packages\\VelopackTemp\\tmp_SSYLT23pJ5taSlUD\\payload\\mcp\\package.json"'
[update:84912] [13:51:15] [DEBUG] (2) velopack::bundle: Extracting zip file to path: "C:\\Users\\jori\\Downloads\\tmp-coordinator-lifecycle\\root\\packages\\VelopackTemp\\tmp_SSYLT23pJ5taSlUD\\payload\\mcp\\package.json"
[update:84912] [13:51:15] [DEBUG] (2) velopack::bundle: Writing file to disk with 64k buffer: "C:\\Users\\jori\\Downloads\\tmp-coordinator-lifecycle\\root\\packages\\VelopackTemp\\tmp_SSYLT23pJ5taSlUD\\payload\\mcp\\package.json"
[update:84912] [13:51:15] [DEBUG] (2) velopack::bundle:     19 Extracting 'lib/app/payload/mcp/node_modules/.package-lock.json' to '"C:\\Users\\jori\\Downloads\\tmp-coordinator-lifecycle\\root\\packages\\VelopackTemp\\tmp_SSYLT23pJ5taSlUD\\payload\\mcp\\node_modules\\.package-lock.json"'
[update:84912] [13:51:15] [DEBUG] (2) velopack::bundle: Extracting zip file to path: "C:\\Users\\jori\\Downloads\\tmp-coordinator-lifecycle\\root\\packages\\VelopackTemp\\tmp_SSYLT23pJ5taSlUD\\payload\\mcp\\node_modules\\.package-lock.json"
[update:84912] [13:51:15] [DEBUG] (2) velopack::bundle: Creating parent directory: "C:\\Users\\jori\\Downloads\\tmp-coordinator-lifecycle\\root\\packages\\VelopackTemp\\tmp_SSYLT23pJ5taSlUD\\payload\\mcp\\node_modules"
[update:84912] [13:51:15] [DEBUG] (2) velopack::bundle: Writing file to disk with 64k buffer: "C:\\Users\\jori\\Downloads\\tmp-coordinator-lifecycle\\root\\packages\\VelopackTemp\\tmp_SSYLT23pJ5taSlUD\\payload\\mcp\\node_modules\\.package-lock.json"
[update:84912] [13:51:15] [DEBUG] (2) velopack::bundle:     20 Extracting 'lib/app/payload/mcp/node_modules/playwright-core/browsers.json' to '"C:\\Users\\jori\\Downloads\\tmp-coordinator-lifecycle\\root\\packages\\VelopackTemp\\tmp_SSYLT23pJ5taSlUD\\payload\\mcp\\node_modules\\playwright-core\\browsers.json"'
[update:84912] [13:51:15] [DEBUG] (2) velopack::bundle: Extracting zip file to path: "C:\\Users\\jori\\Downloads\\tmp-coordinator-lifecycle\\root\\packages\\VelopackTemp\\tmp_SSYLT23pJ5taSlUD\\payload\\mcp\\node_modules\\playwright-core\\browsers.json"
[update:84912] [13:51:15] [DEBUG] (2) velopack::bundle: Creating parent directory: "C:\\Users\\jori\\Downloads\\tmp-coordinator-lifecycle\\root\\packages\\VelopackTemp\\tmp_SSYLT23pJ5taSlUD\\payload\\mcp\\node_modules\\playwright-core"
[update:84912] [13:51:15] [DEBUG] (2) velopack::bundle: Writing file to disk with 64k buffer: "C:\\Users\\jori\\Downloads\\tmp-coordinator-lifecycle\\root\\packages\\VelopackTemp\\tmp_SSYLT23pJ5taSlUD\\payload\\mcp\\node_modules\\playwright-core\\browsers.json"
[update:84912] [13:51:15] [DEBUG] (2) velopack::bundle:     21 Extracting 'lib/app/payload/mcp/node_modules/playwright-core/cli.js' to '"C:\\Users\\jori\\Downloads\\tmp-coordinator-lifecycle\\root\\packages\\VelopackTemp\\tmp_SSYLT23pJ5taSlUD\\payload\\mcp\\node_modules\\playwright-core\\cli.js"'
[update:84912] [13:51:15] [DEBUG] (2) velopack::bundle: Extracting zip file to path: "C:\\Users\\jori\\Downloads\\tmp-coordinator-lifecycle\\root\\packages\\VelopackTemp\\tmp_SSYLT23pJ5taSlUD\\payload\\mcp\\node_modules\\playwright-core\\cli.js"
[update:84912] [13:51:15] [DEBUG] (2) velopack::bundle: Writing file to disk with 64k buffer: "C:\\Users\\jori\\Downloads\\tmp-coordinator-lifecycle\\root\\packages\\VelopackTemp\\tmp_SSYLT23pJ5taSlUD\\payload\\mcp\\node_modules\\playwright-core\\cli.js"
[update:84912] [13:51:15] [DEBUG] (2) velopack::bundle:     22 Extracting 'lib/app/payload/mcp/node_modules/playwright-core/index.d.ts' to '"C:\\Users\\jori\\Downloads\\tmp-coordinator-lifecycle\\root\\packages\\VelopackTemp\\tmp_SSYLT23pJ5taSlUD\\payload\\mcp\\node_modules\\playwright-core\\index.d.ts"'
[update:84912] [13:51:15] [DEBUG] (2) velopack::bundle: Extracting zip file to path: "C:\\Users\\jori\\Downloads\\tmp-coordinator-lifecycle\\root\\packages\\VelopackTemp\\tmp_SSYLT23pJ5taSlUD\\payload\\mcp\\node_modules\\playwright-core\\index.d.ts"
[update:84912] [13:51:15] [DEBUG] (2) velopack::bundle: Writing file to disk with 64k buffer: "C:\\Users\\jori\\Downloads\\tmp-coordinator-lifecycle\\root\\packages\\VelopackTemp\\tmp_SSYLT23pJ5taSlUD\\payload\\mcp\\node_modules\\playwright-core\\index.d.ts"
[update:84912] [13:51:15] [DEBUG] (2) velopack::bundle:     23 Extracting 'lib/app/payload/mcp/node_modules/playwright-core/index.js' to '"C:\\Users\\jori\\Downloads\\tmp-coordinator-lifecycle\\root\\packages\\VelopackTemp\\tmp_SSYLT23pJ5taSlUD\\payload\\mcp\\node_modules\\playwright-core\\index.js"'
[update:84912] [13:51:15] [DEBUG] (2) velopack::bundle: Extracting zip file to path: "C:\\Users\\jori\\Downloads\\tmp-coordinator-lifecycle\\root\\packages\\VelopackTemp\\tmp_SSYLT23pJ5taSlUD\\payload\\mcp\\node_modules\\playwright-core\\index.js"
[update:84912] [13:51:15] [DEBUG] (2) velopack::bundle: Writing file to disk with 64k buffer: "C:\\Users\\jori\\Downloads\\tmp-coordinator-lifecycle\\root\\packages\\VelopackTemp\\tmp_SSYLT23pJ5taSlUD\\payload\\mcp\\node_modules\\playwright-core\\index.js"
[update:84912] [13:51:15] [DEBUG] (2) velopack::bundle:     24 Extracting 'lib/app/payload/mcp/node_modules/playwright-core/index.mjs' to '"C:\\Users\\jori\\Downloads\\tmp-coordinator-lifecycle\\root\\packages\\VelopackTemp\\tmp_SSYLT23pJ5taSlUD\\payload\\mcp\\node_modules\\playwright-core\\index.mjs"'
[update:84912] [13:51:15] [DEBUG] (2) velopack::bundle: Extracting zip file to path: "C:\\Users\\jori\\Downloads\\tmp-coordinator-lifecycle\\root\\packages\\VelopackTemp\\tmp_SSYLT23pJ5taSlUD\\payload\\mcp\\node_modules\\playwright-core\\index.mjs"
[update:84912] [13:51:15] [DEBUG] (2) velopack::bundle: Writing file to disk with 64k buffer: "C:\\Users\\jori\\Downloads\\tmp-coordinator-lifecycle\\root\\packages\\VelopackTemp\\tmp_SSYLT23pJ5taSlUD\\payload\\mcp\\node_modules\\playwright-core\\index.mjs"
[update:84912] [13:51:15] [DEBUG] (2) velopack::bundle:     25 Extracting 'lib/app/payload/mcp/node_modules/playwright-core/LICENSE' to '"C:\\Users\\jori\\Downloads\\tmp-coordinator-lifecycle\\root\\packages\\VelopackTemp\\tmp_SSYLT23pJ5taSlUD\\payload\\mcp\\node_modules\\playwright-core\\LICENSE"'
[update:84912] [13:51:15] [DEBUG] (2) velopack::bundle: Extracting zip file to path: "C:\\Users\\jori\\Downloads\\tmp-coordinator-lifecycle\\root\\packages\\VelopackTemp\\tmp_SSYLT23pJ5taSlUD\\payload\\mcp\\node_modules\\playwright-core\\LICENSE"
[update:84912] [13:51:15] [DEBUG] (2) velopack::bundle: Writing file to disk with 64k buffer: "C:\\Users\\jori\\Downloads\\tmp-coordinator-lifecycle\\root\\packages\\VelopackTemp\\tmp_SSYLT23pJ5taSlUD\\payload\\mcp\\node_modules\\playwright-core\\LICENSE"
[update:84912] [13:51:15] [DEBUG] (2) velopack::bundle:     26 Extracting 'lib/app/payload/mcp/node_modules/playwright-core/NOTICE' to '"C:\\Users\\jori\\Downloads\\tmp-coordinator-lifecycle\\root\\packages\\VelopackTemp\\tmp_SSYLT23pJ5taSlUD\\payload\\mcp\\node_modules\\playwright-core\\NOTICE"'
[update:84912] [13:51:15] [DEBUG] (2) velopack::bundle: Extracting zip file to path: "C:\\Users\\jori\\Downloads\\tmp-coordinator-lifecycle\\root\\packages\\VelopackTemp\\tmp_SSYLT23pJ5taSlUD\\payload\\mcp\\node_modules\\playwright-core\\NOTICE"
[update:84912] [13:51:15] [DEBUG] (2) velopack::bundle: Writing file to disk with 64k buffer: "C:\\Users\\jori\\Downloads\\tmp-coordinator-lifecycle\\root\\packages\\VelopackTemp\\tmp_SSYLT23pJ5taSlUD\\payload\\mcp\\node_modules\\playwright-core\\NOTICE"
[update:84912] [13:51:15] [DEBUG] (2) velopack::bundle:     27 Extracting 'lib/app/payload/mcp/node_modules/playwright-core/package.json' to '"C:\\Users\\jori\\Downloads\\tmp-coordinator-lifecycle\\root\\packages\\VelopackTemp\\tmp_SSYLT23pJ5taSlUD\\payload\\mcp\\node_modules\\playwright-core\\package.json"'
[update:84912] [13:51:15] [DEBUG] (2) velopack::bundle: Extracting zip file to path: "C:\\Users\\jori\\Downloads\\tmp-coordinator-lifecycle\\root\\packages\\VelopackTemp\\tmp_SSYLT23pJ5taSlUD\\payload\\mcp\\node_modules\\playwright-core\\package.json"
[update:84912] [13:51:15] [DEBUG] (2) velopack::bundle: Writing file to disk with 64k buffer: "C:\\Users\\jori\\Downloads\\tmp-coordinator-lifecycle\\root\\packages\\VelopackTemp\\tmp_SSYLT23pJ5taSlUD\\payload\\mcp\\node_modules\\playwright-core\\package.json"
[update:84912] [13:51:15] [DEBUG] (2) velopack::bundle:     28 Extracting 'lib/app/payload/mcp/node_modules/playwright-core/README.md' to '"C:\\Users\\jori\\Downloads\\tmp-coordinator-lifecycle\\root\\packages\\VelopackTemp\\tmp_SSYLT23pJ5taSlUD\\payload\\mcp\\node_modules\\playwright-core\\README.md"'
[update:84912] [13:51:15] [DEBUG] (2) velopack::bundle: Extracting zip file to path: "C:\\Users\\jori\\Downloads\\tmp-coordinator-lifecycle\\root\\packages\\VelopackTemp\\tmp_SSYLT23pJ5taSlUD\\payload\\mcp\\node_modules\\playwright-core\\README.md"
[update:84912] [13:51:15] [DEBUG] (2) velopack::bundle: Writing file to disk with 64k buffer: "C:\\Users\\jori\\Downloads\\tmp-coordinator-lifecycle\\root\\packages\\VelopackTemp\\tmp_SSYLT23pJ5taSlUD\\payload\\mcp\\node_modules\\playwright-core\\README.md"
[update:84912] [13:51:15] [DEBUG] (2) velopack::bundle:     29 Extracting 'lib/app/payload/mcp/node_modules/playwright-core/ThirdPartyNotices.txt' to '"C:\\Users\\jori\\Downloads\\tmp-coordinator-lifecycle\\root\\packages\\VelopackTemp\\tmp_SSYLT23pJ5taSlUD\\payload\\mcp\\node_modules\\playwright-core\\ThirdPartyNotices.txt"'
[update:84912] [13:51:15] [DEBUG] (2) velopack::bundle: Extracting zip file to path: "C:\\Users\\jori\\Downloads\\tmp-coordinator-lifecycle\\root\\packages\\VelopackTemp\\tmp_SSYLT23pJ5taSlUD\\payload\\mcp\\node_modules\\playwright-core\\ThirdPartyNotices.txt"
[update:84912] [13:51:15] [DEBUG] (2) velopack::bundle: Writing file to disk with 64k buffer: "C:\\Users\\jori\\Downloads\\tmp-coordinator-lifecycle\\root\\packages\\VelopackTemp\\tmp_SSYLT23pJ5taSlUD\\payload\\mcp\\node_modules\\playwright-core\\ThirdPartyNotices.txt"
[update:84912] [13:51:15] [DEBUG] (2) velopack::bundle:     30 Extracting 'lib/app/payload/mcp/node_modules/playwright-core/types/protocol.d.ts' to '"C:\\Users\\jori\\Downloads\\tmp-coordinator-lifecycle\\root\\packages\\VelopackTemp\\tmp_SSYLT23pJ5taSlUD\\payload\\mcp\\node_modules\\playwright-core\\types\\protocol.d.ts"'
[update:84912] [13:51:15] [DEBUG] (2) velopack::bundle: Extracting zip file to path: "C:\\Users\\jori\\Downloads\\tmp-coordinator-lifecycle\\root\\packages\\VelopackTemp\\tmp_SSYLT23pJ5taSlUD\\payload\\mcp\\node_modules\\playwright-core\\types\\protocol.d.ts"
[update:84912] [13:51:15] [DEBUG] (2) velopack::bundle: Creating parent directory: "C:\\Users\\jori\\Downloads\\tmp-coordinator-lifecycle\\root\\packages\\VelopackTemp\\tmp_SSYLT23pJ5taSlUD\\payload\\mcp\\node_modules\\playwright-core\\types"
[update:84912] [13:51:15] [DEBUG] (2) velopack::bundle: Writing file to disk with 64k buffer: "C:\\Users\\jori\\Downloads\\tmp-coordinator-lifecycle\\root\\packages\\VelopackTemp\\tmp_SSYLT23pJ5taSlUD\\payload\\mcp\\node_modules\\playwright-core\\types\\protocol.d.ts"
[update:84912] [13:51:15] [DEBUG] (2) velopack::bundle:     31 Extracting 'lib/app/payload/mcp/node_modules/playwright-core/types/structs.d.ts' to '"C:\\Users\\jori\\Downloads\\tmp-coordinator-lifecycle\\root\\packages\\VelopackTemp\\tmp_SSYLT23pJ5taSlUD\\payload\\mcp\\node_modules\\playwright-core\\types\\structs.d.ts"'
[update:84912] [13:51:15] [DEBUG] (2) velopack::bundle: Extracting zip file to path: "C:\\Users\\jori\\Downloads\\tmp-coordinator-lifecycle\\root\\packages\\VelopackTemp\\tmp_SSYLT23pJ5taSlUD\\payload\\mcp\\node_modules\\playwright-core\\types\\structs.d.ts"
[update:84912] [13:51:15] [DEBUG] (2) velopack::bundle: Writing file to disk with 64k buffer: "C:\\Users\\jori\\Downloads\\tmp-coordinator-lifecycle\\root\\packages\\VelopackTemp\\tmp_SSYLT23pJ5taSlUD\\payload\\mcp\\node_modules\\playwright-core\\types\\structs.d.ts"
[update:84912] [13:51:15] [DEBUG] (2) velopack::bundle:     32 Extracting 'lib/app/payload/mcp/node_modules/playwright-core/types/types.d.ts' to '"C:\\Users\\jori\\Downloads\\tmp-coordinator-lifecycle\\root\\packages\\VelopackTemp\\tmp_SSYLT23pJ5taSlUD\\payload\\mcp\\node_modules\\playwright-core\\types\\types.d.ts"'
[update:84912] [13:51:15] [DEBUG] (2) velopack::bundle: Extracting zip file to path: "C:\\Users\\jori\\Downloads\\tmp-coordinator-lifecycle\\root\\packages\\VelopackTemp\\tmp_SSYLT23pJ5taSlUD\\payload\\mcp\\node_modules\\playwright-core\\types\\types.d.ts"
[update:84912] [13:51:15] [DEBUG] (2) velopack::bundle: Writing file to disk with 64k buffer: "C:\\Users\\jori\\Downloads\\tmp-coordinator-lifecycle\\root\\packages\\VelopackTemp\\tmp_SSYLT23pJ5taSlUD\\payload\\mcp\\node_modules\\playwright-core\\types\\types.d.ts"
[update:84912] [13:51:15] [DEBUG] (2) velopack::bundle:     33 Extracting 'lib/app/payload/mcp/node_modules/playwright-core/lib/bootstrap.js' to '"C:\\Users\\jori\\Downloads\\tmp-coordinator-lifecycle\\root\\packages\\VelopackTemp\\tmp_SSYLT23pJ5taSlUD\\payload\\mcp\\node_modules\\playwright-core\\lib\\bootstrap.js"'
[update:84912] [13:51:15] [DEBUG] (2) velopack::bundle: Extracting zip file to path: "C:\\Users\\jori\\Downloads\\tmp-coordinator-lifecycle\\root\\packages\\VelopackTemp\\tmp_SSYLT23pJ5taSlUD\\payload\\mcp\\node_modules\\playwright-core\\lib\\bootstrap.js"
[update:84912] [13:51:15] [DEBUG] (2) velopack::bundle: Creating parent directory: "C:\\Users\\jori\\Downloads\\tmp-coordinator-lifecycle\\root\\packages\\VelopackTemp\\tmp_SSYLT23pJ5taSlUD\\payload\\mcp\\node_modules\\playwright-core\\lib"
[update:84912] [13:51:15] [DEBUG] (2) velopack::bundle: Writing file to disk with 64k buffer: "C:\\Users\\jori\\Downloads\\tmp-coordinator-lifecycle\\root\\packages\\VelopackTemp\\tmp_SSYLT23pJ5taSlUD\\payload\\mcp\\node_modules\\playwright-core\\lib\\bootstrap.js"
[update:84912] [13:51:15] [DEBUG] (2) velopack::bundle:     34 Extracting 'lib/app/payload/mcp/node_modules/playwright-core/lib/coreBundle.js' to '"C:\\Users\\jori\\Downloads\\tmp-coordinator-lifecycle\\root\\packages\\VelopackTemp\\tmp_SSYLT23pJ5taSlUD\\payload\\mcp\\node_modules\\playwright-core\\lib\\coreBundle.js"'
[update:84912] [13:51:15] [DEBUG] (2) velopack::bundle: Extracting zip file to path: "C:\\Users\\jori\\Downloads\\tmp-coordinator-lifecycle\\root\\packages\\VelopackTemp\\tmp_SSYLT23pJ5taSlUD\\payload\\mcp\\node_modules\\playwright-core\\lib\\coreBundle.js"
[update:84912] [13:51:15] [DEBUG] (2) velopack::bundle: Writing file to disk with 64k buffer: "C:\\Users\\jori\\Downloads\\tmp-coordinator-lifecycle\\root\\packages\\VelopackTemp\\tmp_SSYLT23pJ5taSlUD\\payload\\mcp\\node_modules\\playwright-core\\lib\\coreBundle.js"
[update:84912] [13:51:15] [DEBUG] (2) velopack::bundle:     35 Extracting 'lib/app/payload/mcp/node_modules/playwright-core/lib/package.js' to '"C:\\Users\\jori\\Downloads\\tmp-coordinator-lifecycle\\root\\packages\\VelopackTemp\\tmp_SSYLT23pJ5taSlUD\\payload\\mcp\\node_modules\\playwright-core\\lib\\package.js"'
[update:84912] [13:51:15] [DEBUG] (2) velopack::bundle: Extracting zip file to path: "C:\\Users\\jori\\Downloads\\tmp-coordinator-lifecycle\\root\\packages\\VelopackTemp\\tmp_SSYLT23pJ5taSlUD\\payload\\mcp\\node_modules\\playwright-core\\lib\\package.js"
[update:84912] [13:51:15] [DEBUG] (2) velopack::bundle: Writing file to disk with 64k buffer: "C:\\Users\\jori\\Downloads\\tmp-coordinator-lifecycle\\root\\packages\\VelopackTemp\\tmp_SSYLT23pJ5taSlUD\\payload\\mcp\\node_modules\\playwright-core\\lib\\package.js"
[update:84912] [13:51:15] [DEBUG] (2) velopack::bundle:     36 Extracting 'lib/app/payload/mcp/node_modules/playwright-core/lib/serverRegistry.js' to '"C:\\Users\\jori\\Downloads\\tmp-coordinator-lifecycle\\root\\packages\\VelopackTemp\\tmp_SSYLT23pJ5taSlUD\\payload\\mcp\\node_modules\\playwright-core\\lib\\serverRegistry.js"'
[update:84912] [13:51:15] [DEBUG] (2) velopack::bundle: Extracting zip file to path: "C:\\Users\\jori\\Downloads\\tmp-coordinator-lifecycle\\root\\packages\\VelopackTemp\\tmp_SSYLT23pJ5taSlUD\\payload\\mcp\\node_modules\\playwright-core\\lib\\serverRegistry.js"
[update:84912] [13:51:15] [DEBUG] (2) velopack::bundle: Writing file to disk with 64k buffer: "C:\\Users\\jori\\Downloads\\tmp-coordinator-lifecycle\\root\\packages\\VelopackTemp\\tmp_SSYLT23pJ5taSlUD\\payload\\mcp\\node_modules\\playwright-core\\lib\\serverRegistry.js"
[update:84912] [13:51:15] [DEBUG] (2) velopack::bundle:     37 Extracting 'lib/app/payload/mcp/node_modules/playwright-core/lib/serverRegistry.js.LICENSE' to '"C:\\Users\\jori\\Downloads\\tmp-coordinator-lifecycle\\root\\packages\\VelopackTemp\\tmp_SSYLT23pJ5taSlUD\\payload\\mcp\\node_modules\\playwright-core\\lib\\serverRegistry.js.LICENSE"'
[update:84912] [13:51:15] [DEBUG] (2) velopack::bundle: Extracting zip file to path: "C:\\Users\\jori\\Downloads\\tmp-coordinator-lifecycle\\root\\packages\\VelopackTemp\\tmp_SSYLT23pJ5taSlUD\\payload\\mcp\\node_modules\\playwright-core\\lib\\serverRegistry.js.LICENSE"
[update:84912] [13:51:15] [DEBUG] (2) velopack::bundle: Writing file to disk with 64k buffer: "C:\\Users\\jori\\Downloads\\tmp-coordinator-lifecycle\\root\\packages\\VelopackTemp\\tmp_SSYLT23pJ5taSlUD\\payload\\mcp\\node_modules\\playwright-core\\lib\\serverRegistry.js.LICENSE"
[update:84912] [13:51:15] [DEBUG] (2) velopack::bundle:     38 Extracting 'lib/app/payload/mcp/node_modules/playwright-core/lib/utilsBundle.js' to '"C:\\Users\\jori\\Downloads\\tmp-coordinator-lifecycle\\root\\packages\\VelopackTemp\\tmp_SSYLT23pJ5taSlUD\\payload\\mcp\\node_modules\\playwright-core\\lib\\utilsBundle.js"'
[update:84912] [13:51:15] [DEBUG] (2) velopack::bundle: Extracting zip file to path: "C:\\Users\\jori\\Downloads\\tmp-coordinator-lifecycle\\root\\packages\\VelopackTemp\\tmp_SSYLT23pJ5taSlUD\\payload\\mcp\\node_modules\\playwright-core\\lib\\utilsBundle.js"
[update:84912] [13:51:15] [DEBUG] (2) velopack::bundle: Writing file to disk with 64k buffer: "C:\\Users\\jori\\Downloads\\tmp-coordinator-lifecycle\\root\\packages\\VelopackTemp\\tmp_SSYLT23pJ5taSlUD\\payload\\mcp\\node_modules\\playwright-core\\lib\\utilsBundle.js"
[update:84912] [13:51:15] [DEBUG] (2) velopack::bundle:     39 Extracting 'lib/app/payload/mcp/node_modules/playwright-core/lib/utilsBundle.js.LICENSE' to '"C:\\Users\\jori\\Downloads\\tmp-coordinator-lifecycle\\root\\packages\\VelopackTemp\\tmp_SSYLT23pJ5taSlUD\\payload\\mcp\\node_modules\\playwright-core\\lib\\utilsBundle.js.LICENSE"'
[update:84912] [13:51:15] [DEBUG] (2) velopack::bundle: Extracting zip file to path: "C:\\Users\\jori\\Downloads\\tmp-coordinator-lifecycle\\root\\packages\\VelopackTemp\\tmp_SSYLT23pJ5taSlUD\\payload\\mcp\\node_modules\\playwright-core\\lib\\utilsBundle.js.LICENSE"
[update:84912] [13:51:15] [DEBUG] (2) velopack::bundle: Writing file to disk with 64k buffer: "C:\\Users\\jori\\Downloads\\tmp-coordinator-lifecycle\\root\\packages\\VelopackTemp\\tmp_SSYLT23pJ5taSlUD\\payload\\mcp\\node_modules\\playwright-core\\lib\\utilsBundle.js.LICENSE"
[update:84912] [13:51:15] [DEBUG] (2) velopack::bundle:     40 Extracting 'lib/app/payload/mcp/node_modules/playwright-core/lib/webp_codec.LICENSE' to '"C:\\Users\\jori\\Downloads\\tmp-coordinator-lifecycle\\root\\packages\\VelopackTemp\\tmp_SSYLT23pJ5taSlUD\\payload\\mcp\\node_modules\\playwright-core\\lib\\webp_codec.LICENSE"'
[update:84912] [13:51:15] [DEBUG] (2) velopack::bundle: Extracting zip file to path: "C:\\Users\\jori\\Downloads\\tmp-coordinator-lifecycle\\root\\packages\\VelopackTemp\\tmp_SSYLT23pJ5taSlUD\\payload\\mcp\\node_modules\\playwright-core\\lib\\webp_codec.LICENSE"
[update:84912] [13:51:15] [DEBUG] (2) velopack::bundle: Writing file to disk with 64k buffer: "C:\\Users\\jori\\Downloads\\tmp-coordinator-lifecycle\\root\\packages\\VelopackTemp\\tmp_SSYLT23pJ5taSlUD\\payload\\mcp\\node_modules\\playwright-core\\lib\\webp_codec.LICENSE"
[update:84912] [13:51:15] [DEBUG] (2) velopack::bundle:     41 Extracting 'lib/app/payload/mcp/node_modules/playwright-core/lib/webp_codec.wasm' to '"C:\\Users\\jori\\Downloads\\tmp-coordinator-lifecycle\\root\\packages\\VelopackTemp\\tmp_SSYLT23pJ5taSlUD\\payload\\mcp\\node_modules\\playwright-core\\lib\\webp_codec.wasm"'
[update:84912] [13:51:15] [DEBUG] (2) velopack::bundle: Extracting zip file to path: "C:\\Users\\jori\\Downloads\\tmp-coordinator-lifecycle\\root\\packages\\VelopackTemp\\tmp_SSYLT23pJ5taSlUD\\payload\\mcp\\node_modules\\playwright-core\\lib\\webp_codec.wasm"
[update:84912] [13:51:15] [DEBUG] (2) velopack::bundle: Writing file to disk with 64k buffer: "C:\\Users\\jori\\Downloads\\tmp-coordinator-lifecycle\\root\\packages\\VelopackTemp\\tmp_SSYLT23pJ5taSlUD\\payload\\mcp\\node_modules\\playwright-core\\lib\\webp_codec.wasm"
[update:84912] [13:51:15] [DEBUG] (2) velopack::bundle:     42 Extracting 'lib/app/payload/mcp/node_modules/playwright-core/lib/xdg-open' to '"C:\\Users\\jori\\Downloads\\tmp-coordinator-lifecycle\\root\\packages\\VelopackTemp\\tmp_SSYLT23pJ5taSlUD\\payload\\mcp\\node_modules\\playwright-core\\lib\\xdg-open"'
[update:84912] [13:51:15] [DEBUG] (2) velopack::bundle: Extracting zip file to path: "C:\\Users\\jori\\Downloads\\tmp-coordinator-lifecycle\\root\\packages\\VelopackTemp\\tmp_SSYLT23pJ5taSlUD\\payload\\mcp\\node_modules\\playwright-core\\lib\\xdg-open"
[update:84912] [13:51:15] [DEBUG] (2) velopack::bundle: Writing file to disk with 64k buffer: "C:\\Users\\jori\\Downloads\\tmp-coordinator-lifecycle\\root\\packages\\VelopackTemp\\tmp_SSYLT23pJ5taSlUD\\payload\\mcp\\node_modules\\playwright-core\\lib\\xdg-open"
[update:84912] [13:51:15] [DEBUG] (2) velopack::bundle:     43 Extracting 'lib/app/payload/mcp/node_modules/playwright-core/lib/vite/traceViewer/codeMirrorModule.-QdMvsKi.css' to '"C:\\Users\\jori\\Downloads\\tmp-coordinator-lifecycle\\root\\packages\\VelopackTemp\\tmp_SSYLT23pJ5taSlUD\\payload\\mcp\\node_modules\\playwright-core\\lib\\vite\\traceViewer\\codeMirrorModule.-QdMvsKi.css"'
[update:84912] [13:51:15] [DEBUG] (2) velopack::bundle: Extracting zip file to path: "C:\\Users\\jori\\Downloads\\tmp-coordinator-lifecycle\\root\\packages\\VelopackTemp\\tmp_SSYLT23pJ5taSlUD\\payload\\mcp\\node_modules\\playwright-core\\lib\\vite\\traceViewer\\codeMirrorModule.-QdMvsKi.css"
[update:84912] [13:51:15] [DEBUG] (2) velopack::bundle: Creating parent directory: "C:\\Users\\jori\\Downloads\\tmp-coordinator-lifecycle\\root\\packages\\VelopackTemp\\tmp_SSYLT23pJ5taSlUD\\payload\\mcp\\node_modules\\playwright-core\\lib\\vite\\traceViewer"
[update:84912] [13:51:15] [DEBUG] (2) velopack::bundle: Writing file to disk with 64k buffer: "C:\\Users\\jori\\Downloads\\tmp-coordinator-lifecycle\\root\\packages\\VelopackTemp\\tmp_SSYLT23pJ5taSlUD\\payload\\mcp\\node_modules\\playwright-core\\lib\\vite\\traceViewer\\codeMirrorModule.-QdMvsKi.css"
[update:84912] [13:51:15] [DEBUG] (2) velopack::bundle:     44 Extracting 'lib/app/payload/mcp/node_modules/playwright-core/lib/vite/traceViewer/codicon.DCmgc-ay.ttf' to '"C:\\Users\\jori\\Downloads\\tmp-coordinator-lifecycle\\root\\packages\\VelopackTemp\\tmp_SSYLT23pJ5taSlUD\\payload\\mcp\\node_modules\\playwright-core\\lib\\vite\\traceViewer\\codicon.DCmgc-ay.ttf"'
[update:84912] [13:51:15] [DEBUG] (2) velopack::bundle: Extracting zip file to path: "C:\\Users\\jori\\Downloads\\tmp-coordinator-lifecycle\\root\\packages\\VelopackTemp\\tmp_SSYLT23pJ5taSlUD\\payload\\mcp\\node_modules\\playwright-core\\lib\\vite\\traceViewer\\codicon.DCmgc-ay.ttf"
[update:84912] [13:51:15] [DEBUG] (2) velopack::bundle: Writing file to disk with 64k buffer: "C:\\Users\\jori\\Downloads\\tmp-coordinator-lifecycle\\root\\packages\\VelopackTemp\\tmp_SSYLT23pJ5taSlUD\\payload\\mcp\\node_modules\\playwright-core\\lib\\vite\\traceViewer\\codicon.DCmgc-ay.ttf"
[update:84912] [13:51:15] [DEBUG] (2) velopack::bundle:     45 Extracting 'lib/app/payload/mcp/node_modules/playwright-core/lib/vite/traceViewer/defaultSettingsView.C8BeHuxd.css' to '"C:\\Users\\jori\\Downloads\\tmp-coordinator-lifecycle\\root\\packages\\VelopackTemp\\tmp_SSYLT23pJ5taSlUD\\payload\\mcp\\node_modules\\playwright-core\\lib\\vite\\traceViewer\\defaultSettingsView.C8BeHuxd.css"'
[update:84912] [13:51:15] [DEBUG] (2) velopack::bundle: Extracting zip file to path: "C:\\Users\\jori\\Downloads\\tmp-coordinator-lifecycle\\root\\packages\\VelopackTemp\\tmp_SSYLT23pJ5taSlUD\\payload\\mcp\\node_modules\\playwright-core\\lib\\vite\\traceViewer\\defaultSettingsView.C8BeHuxd.css"
[update:84912] [13:51:15] [DEBUG] (2) velopack::bundle: Writing file to disk with 64k buffer: "C:\\Users\\jori\\Downloads\\tmp-coordinator-lifecycle\\root\\packages\\VelopackTemp\\tmp_SSYLT23pJ5taSlUD\\payload\\mcp\\node_modules\\playwright-core\\lib\\vite\\traceViewer\\defaultSettingsView.C8BeHuxd.css"
[update:84912] [13:51:15] [DEBUG] (2) velopack::bundle:     46 Extracting 'lib/app/payload/mcp/node_modules/playwright-core/lib/vite/traceViewer/index.B_TqY17P.css' to '"C:\\Users\\jori\\Downloads\\tmp-coordinator-lifecycle\\root\\packages\\VelopackTemp\\tmp_SSYLT23pJ5taSlUD\\payload\\mcp\\node_modules\\playwright-core\\lib\\vite\\traceViewer\\index.B_TqY17P.css"'
[update:84912] [13:51:15] [DEBUG] (2) velopack::bundle: Extracting zip file to path: "C:\\Users\\jori\\Downloads\\tmp-coordinator-lifecycle\\root\\packages\\VelopackTemp\\tmp_SSYLT23pJ5taSlUD\\payload\\mcp\\node_modules\\playwright-core\\lib\\vite\\traceViewer\\index.B_TqY17P.css"
[update:84912] [13:51:15] [DEBUG] (2) velopack::bundle: Writing file to disk with 64k buffer: "C:\\Users\\jori\\Downloads\\tmp-coordinator-lifecycle\\root\\packages\\VelopackTemp\\tmp_SSYLT23pJ5taSlUD\\payload\\mcp\\node_modules\\playwright-core\\lib\\vite\\traceViewer\\index.B_TqY17P.css"
[update:84912] [13:51:15] [DEBUG] (2) velopack::bundle:     47 Extracting 'lib/app/payload/mcp/node_modules/playwright-core/lib/vite/traceViewer/index.BvNK4UpQ.js' to '"C:\\Users\\jori\\Downloads\\tmp-coordinator-lifecycle\\root\\packages\\VelopackTemp\\tmp_SSYLT23pJ5taSlUD\\payload\\mcp\\node_modules\\playwright-core\\lib\\vite\\traceViewer\\index.BvNK4UpQ.js"'
[update:84912] [13:51:15] [DEBUG] (2) velopack::bundle: Extracting zip file to path: "C:\\Users\\jori\\Downloads\\tmp-coordinator-lifecycle\\root\\packages\\VelopackTemp\\tmp_SSYLT23pJ5taSlUD\\payload\\mcp\\node_modules\\playwright-core\\lib\\vite\\traceViewer\\index.BvNK4UpQ.js"
[update:84912] [13:51:15] [DEBUG] (2) velopack::bundle: Writing file to disk with 64k buffer: "C:\\Users\\jori\\Downloads\\tmp-coordinator-lifecycle\\root\\packages\\VelopackTemp\\tmp_SSYLT23pJ5taSlUD\\payload\\mcp\\node_modules\\playwright-core\\lib\\vite\\traceViewer\\index.BvNK4UpQ.js"
[update:84912] [13:51:15] [DEBUG] (2) velopack::bundle:     48 Extracting 'lib/app/payload/mcp/node_modules/playwright-core/lib/vite/traceViewer/index.html' to '"C:\\Users\\jori\\Downloads\\tmp-coordinator-lifecycle\\root\\packages\\VelopackTemp\\tmp_SSYLT23pJ5taSlUD\\payload\\mcp\\node_modules\\playwright-core\\lib\\vite\\traceViewer\\index.html"'
[update:84912] [13:51:15] [DEBUG] (2) velopack::bundle: Extracting zip file to path: "C:\\Users\\jori\\Downloads\\tmp-coordinator-lifecycle\\root\\packages\\VelopackTemp\\tmp_SSYLT23pJ5taSlUD\\payload\\mcp\\node_modules\\playwright-core\\lib\\vite\\traceViewer\\index.html"
[update:84912] [13:51:15] [DEBUG] (2) velopack::bundle: Writing file to disk with 64k buffer: "C:\\Users\\jori\\Downloads\\tmp-coordinator-lifecycle\\root\\packages\\VelopackTemp\\tmp_SSYLT23pJ5taSlUD\\payload\\mcp\\node_modules\\playwright-core\\lib\\vite\\traceViewer\\index.html"
[update:84912] [13:51:15] [DEBUG] (2) velopack::bundle:     49 Extracting 'lib/app/payload/mcp/node_modules/playwright-core/lib/vite/traceViewer/manifest.webmanifest' to '"C:\\Users\\jori\\Downloads\\tmp-coordinator-lifecycle\\root\\packages\\VelopackTemp\\tmp_SSYLT23pJ5taSlUD\\payload\\mcp\\node_modules\\playwright-core\\lib\\vite\\traceViewer\\manifest.webmanifest"'
[update:84912] [13:51:15] [DEBUG] (2) velopack::bundle: Extracting zip file to path: "C:\\Users\\jori\\Downloads\\tmp-coordinator-lifecycle\\root\\packages\\VelopackTemp\\tmp_SSYLT23pJ5taSlUD\\payload\\mcp\\node_modules\\playwright-core\\lib\\vite\\traceViewer\\manifest.webmanifest"
[update:84912] [13:51:15] [DEBUG] (2) velopack::bundle: Writing file to disk with 64k buffer: "C:\\Users\\jori\\Downloads\\tmp-coordinator-lifecycle\\root\\packages\\VelopackTemp\\tmp_SSYLT23pJ5taSlUD\\payload\\mcp\\node_modules\\playwright-core\\lib\\vite\\traceViewer\\manifest.webmanifest"
[update:84912] [13:51:15] [DEBUG] (2) velopack::bundle:     50 Extracting 'lib/app/payload/mcp/node_modules/playwright-core/lib/vite/traceViewer/playwright-logo.svg' to '"C:\\Users\\jori\\Downloads\\tmp-coordinator-lifecycle\\root\\packages\\VelopackTemp\\tmp_SSYLT23pJ5taSlUD\\payload\\mcp\\node_modules\\playwright-core\\lib\\vite\\traceViewer\\playwright-logo.svg"'
[update:84912] [13:51:15] [DEBUG] (2) velopack::bundle: Extracting zip file to path: "C:\\Users\\jori\\Downloads\\tmp-coordinator-lifecycle\\root\\packages\\VelopackTemp\\tmp_SSYLT23pJ5taSlUD\\payload\\mcp\\node_modules\\playwright-core\\lib\\vite\\traceViewer\\playwright-logo.svg"
[update:84912] [13:51:15] [DEBUG] (2) velopack::bundle: Writing file to disk with 64k buffer: "C:\\Users\\jori\\Downloads\\tmp-coordinator-lifecycle\\root\\packages\\VelopackTemp\\tmp_SSYLT23pJ5taSlUD\\payload\\mcp\\node_modules\\playwright-core\\lib\\vite\\traceViewer\\playwright-logo.svg"
[update:84912] [13:51:15] [DEBUG] (2) velopack::bundle:     51 Extracting 'lib/app/payload/mcp/node_modules/playwright-core/lib/vite/traceViewer/snapshot.B_Jk1wbt.js' to '"C:\\Users\\jori\\Downloads\\tmp-coordinator-lifecycle\\root\\packages\\VelopackTemp\\tmp_SSYLT23pJ5taSlUD\\payload\\mcp\\node_modules\\playwright-core\\lib\\vite\\traceViewer\\snapshot.B_Jk1wbt.js"'
[update:84912] [13:51:15] [DEBUG] (2) velopack::bundle: Extracting zip file to path: "C:\\Users\\jori\\Downloads\\tmp-coordinator-lifecycle\\root\\packages\\VelopackTemp\\tmp_SSYLT23pJ5taSlUD\\payload\\mcp\\node_modules\\playwright-core\\lib\\vite\\traceViewer\\snapshot.B_Jk1wbt.js"
[update:84912] [13:51:15] [DEBUG] (2) velopack::bundle: Writing file to disk with 64k buffer: "C:\\Users\\jori\\Downloads\\tmp-coordinator-lifecycle\\root\\packages\\VelopackTemp\\tmp_SSYLT23pJ5taSlUD\\payload\\mcp\\node_modules\\playwright-core\\lib\\vite\\traceViewer\\snapshot.B_Jk1wbt.js"
[update:84912] [13:51:15] [DEBUG] (2) velopack::bundle:     52 Extracting 'lib/app/payload/mcp/node_modules/playwright-core/lib/vite/traceViewer/snapshot.html' to '"C:\\Users\\jori\\Downloads\\tmp-coordinator-lifecycle\\root\\packages\\VelopackTemp\\tmp_SSYLT23pJ5taSlUD\\payload\\mcp\\node_modules\\playwright-core\\lib\\vite\\traceViewer\\snapshot.html"'
[update:84912] [13:51:15] [DEBUG] (2) velopack::bundle: Extracting zip file to path: "C:\\Users\\jori\\Downloads\\tmp-coordinator-lifecycle\\root\\packages\\VelopackTemp\\tmp_SSYLT23pJ5taSlUD\\payload\\mcp\\node_modules\\playwright-core\\lib\\vite\\traceViewer\\snapshot.html"
[update:84912] [13:51:15] [DEBUG] (2) velopack::bundle: Writing file to disk with 64k buffer: "C:\\Users\\jori\\Downloads\\tmp-coordinator-lifecycle\\root\\packages\\VelopackTemp\\tmp_SSYLT23pJ5taSlUD\\payload\\mcp\\node_modules\\playwright-core\\lib\\vite\\traceViewer\\snapshot.html"
[update:84912] [13:51:15] [DEBUG] (2) velopack::bundle:     53 Extracting 'lib/app/payload/mcp/node_modules/playwright-core/lib/vite/traceViewer/sw.bundle.js' to '"C:\\Users\\jori\\Downloads\\tmp-coordinator-lifecycle\\root\\packages\\VelopackTemp\\tmp_SSYLT23pJ5taSlUD\\payload\\mcp\\node_modules\\playwright-core\\lib\\vite\\traceViewer\\sw.bundle.js"'
[update:84912] [13:51:15] [DEBUG] (2) velopack::bundle: Extracting zip file to path: "C:\\Users\\jori\\Downloads\\tmp-coordinator-lifecycle\\root\\packages\\VelopackTemp\\tmp_SSYLT23pJ5taSlUD\\payload\\mcp\\node_modules\\playwright-core\\lib\\vite\\traceViewer\\sw.bundle.js"
[update:84912] [13:51:15] [DEBUG] (2) velopack::bundle: Writing file to disk with 64k buffer: "C:\\Users\\jori\\Downloads\\tmp-coordinator-lifecycle\\root\\packages\\VelopackTemp\\tmp_SSYLT23pJ5taSlUD\\payload\\mcp\\node_modules\\playwright-core\\lib\\vite\\traceViewer\\sw.bundle.js"
[update:84912] [13:51:15] [DEBUG] (2) velopack::bundle:     54 Extracting 'lib/app/payload/mcp/node_modules/playwright-core/lib/vite/traceViewer/uiMode.CyMfwkXJ.css' to '"C:\\Users\\jori\\Downloads\\tmp-coordinator-lifecycle\\root\\packages\\VelopackTemp\\tmp_SSYLT23pJ5taSlUD\\payload\\mcp\\node_modules\\playwright-core\\lib\\vite\\traceViewer\\uiMode.CyMfwkXJ.css"'
[update:84912] [13:51:15] [DEBUG] (2) velopack::bundle: Extracting zip file to path: "C:\\Users\\jori\\Downloads\\tmp-coordinator-lifecycle\\root\\packages\\VelopackTemp\\tmp_SSYLT23pJ5taSlUD\\payload\\mcp\\node_modules\\playwright-core\\lib\\vite\\traceViewer\\uiMode.CyMfwkXJ.css"
[update:84912] [13:51:15] [DEBUG] (2) velopack::bundle: Writing file to disk with 64k buffer: "C:\\Users\\jori\\Downloads\\tmp-coordinator-lifecycle\\root\\packages\\VelopackTemp\\tmp_SSYLT23pJ5taSlUD\\payload\\mcp\\node_modules\\playwright-core\\lib\\vite\\traceViewer\\uiMode.CyMfwkXJ.css"
[update:84912] [13:51:15] [DEBUG] (2) velopack::bundle:     55 Extracting 'lib/app/payload/mcp/node_modules/playwright-core/lib/vite/traceViewer/uiMode.html' to '"C:\\Users\\jori\\Downloads\\tmp-coordinator-lifecycle\\root\\packages\\VelopackTemp\\tmp_SSYLT23pJ5taSlUD\\payload\\mcp\\node_modules\\playwright-core\\lib\\vite\\traceViewer\\uiMode.html"'
[update:84912] [13:51:15] [DEBUG] (2) velopack::bundle: Extracting zip file to path: "C:\\Users\\jori\\Downloads\\tmp-coordinator-lifecycle\\root\\packages\\VelopackTemp\\tmp_SSYLT23pJ5taSlUD\\payload\\mcp\\node_modules\\playwright-core\\lib\\vite\\traceViewer\\uiMode.html"
[update:84912] [13:51:15] [DEBUG] (2) velopack::bundle: Writing file to disk with 64k buffer: "C:\\Users\\jori\\Downloads\\tmp-coordinator-lifecycle\\root\\packages\\VelopackTemp\\tmp_SSYLT23pJ5taSlUD\\payload\\mcp\\node_modules\\playwright-core\\lib\\vite\\traceViewer\\uiMode.html"
[update:84912] [13:51:15] [DEBUG] (2) velopack::bundle:     56 Extracting 'lib/app/payload/mcp/node_modules/playwright-core/lib/vite/traceViewer/uiMode.nHvs885n.js' to '"C:\\Users\\jori\\Downloads\\tmp-coordinator-lifecycle\\root\\packages\\VelopackTemp\\tmp_SSYLT23pJ5taSlUD\\payload\\mcp\\node_modules\\playwright-core\\lib\\vite\\traceViewer\\uiMode.nHvs885n.js"'
[update:84912] [13:51:15] [DEBUG] (2) velopack::bundle: Extracting zip file to path: "C:\\Users\\jori\\Downloads\\tmp-coordinator-lifecycle\\root\\packages\\VelopackTemp\\tmp_SSYLT23pJ5taSlUD\\payload\\mcp\\node_modules\\playwright-core\\lib\\vite\\traceViewer\\uiMode.nHvs885n.js"
[update:84912] [13:51:15] [DEBUG] (2) velopack::bundle: Writing file to disk with 64k buffer: "C:\\Users\\jori\\Downloads\\tmp-coordinator-lifecycle\\root\\packages\\VelopackTemp\\tmp_SSYLT23pJ5taSlUD\\payload\\mcp\\node_modules\\playwright-core\\lib\\vite\\traceViewer\\uiMode.nHvs885n.js"
[update:84912] [13:51:15] [DEBUG] (2) velopack::bundle:     57 Extracting 'lib/app/payload/mcp/node_modules/playwright-core/lib/vite/traceViewer/xtermModule.kHJ-D0s7.css' to '"C:\\Users\\jori\\Downloads\\tmp-coordinator-lifecycle\\root\\packages\\VelopackTemp\\tmp_SSYLT23pJ5taSlUD\\payload\\mcp\\node_modules\\playwright-core\\lib\\vite\\traceViewer\\xtermModule.kHJ-D0s7.css"'
[update:84912] [13:51:15] [DEBUG] (2) velopack::bundle: Extracting zip file to path: "C:\\Users\\jori\\Downloads\\tmp-coordinator-lifecycle\\root\\packages\\VelopackTemp\\tmp_SSYLT23pJ5taSlUD\\payload\\mcp\\node_modules\\playwright-core\\lib\\vite\\traceViewer\\xtermModule.kHJ-D0s7.css"
[update:84912] [13:51:15] [DEBUG] (2) velopack::bundle: Writing file to disk with 64k buffer: "C:\\Users\\jori\\Downloads\\tmp-coordinator-lifecycle\\root\\packages\\VelopackTemp\\tmp_SSYLT23pJ5taSlUD\\payload\\mcp\\node_modules\\playwright-core\\lib\\vite\\traceViewer\\xtermModule.kHJ-D0s7.css"
[update:84912] [13:51:15] [DEBUG] (2) velopack::bundle:     58 Extracting 'lib/app/payload/mcp/node_modules/playwright-core/lib/vite/traceViewer/assets/codeMirrorModule-CGLh_cgl.js' to '"C:\\Users\\jori\\Downloads\\tmp-coordinator-lifecycle\\root\\packages\\VelopackTemp\\tmp_SSYLT23pJ5taSlUD\\payload\\mcp\\node_modules\\playwright-core\\lib\\vite\\traceViewer\\assets\\codeMirrorModule-CGLh_cgl.js"'
[update:84912] [13:51:15] [DEBUG] (2) velopack::bundle: Extracting zip file to path: "C:\\Users\\jori\\Downloads\\tmp-coordinator-lifecycle\\root\\packages\\VelopackTemp\\tmp_SSYLT23pJ5taSlUD\\payload\\mcp\\node_modules\\playwright-core\\lib\\vite\\traceViewer\\assets\\codeMirrorModule-CGLh_cgl.js"
[update:84912] [13:51:15] [DEBUG] (2) velopack::bundle: Creating parent directory: "C:\\Users\\jori\\Downloads\\tmp-coordinator-lifecycle\\root\\packages\\VelopackTemp\\tmp_SSYLT23pJ5taSlUD\\payload\\mcp\\node_modules\\playwright-core\\lib\\vite\\traceViewer\\assets"
[update:84912] [13:51:15] [DEBUG] (2) velopack::bundle: Writing file to disk with 64k buffer: "C:\\Users\\jori\\Downloads\\tmp-coordinator-lifecycle\\root\\packages\\VelopackTemp\\tmp_SSYLT23pJ5taSlUD\\payload\\mcp\\node_modules\\playwright-core\\lib\\vite\\traceViewer\\assets\\codeMirrorModule-CGLh_cgl.js"
[update:84912] [13:51:15] [DEBUG] (2) velopack::bundle:     59 Extracting 'lib/app/payload/mcp/node_modules/playwright-core/lib/vite/traceViewer/assets/defaultSettingsView-DChdxQei.js' to '"C:\\Users\\jori\\Downloads\\tmp-coordinator-lifecycle\\root\\packages\\VelopackTemp\\tmp_SSYLT23pJ5taSlUD\\payload\\mcp\\node_modules\\playwright-core\\lib\\vite\\traceViewer\\assets\\defaultSettingsView-DChdxQei.js"'
[update:84912] [13:51:15] [DEBUG] (2) velopack::bundle: Extracting zip file to path: "C:\\Users\\jori\\Downloads\\tmp-coordinator-lifecycle\\root\\packages\\VelopackTemp\\tmp_SSYLT23pJ5taSlUD\\payload\\mcp\\node_modules\\playwright-core\\lib\\vite\\traceViewer\\assets\\defaultSettingsView-DChdxQei.js"
[update:84912] [13:51:15] [DEBUG] (2) velopack::bundle: Writing file to disk with 64k buffer: "C:\\Users\\jori\\Downloads\\tmp-coordinator-lifecycle\\root\\packages\\VelopackTemp\\tmp_SSYLT23pJ5taSlUD\\payload\\mcp\\node_modules\\playwright-core\\lib\\vite\\traceViewer\\assets\\defaultSettingsView-DChdxQei.js"
[update:84912] [13:51:15] [DEBUG] (2) velopack::bundle:     60 Extracting 'lib/app/payload/mcp/node_modules/playwright-core/lib/vite/traceViewer/assets/urlMatch-L3liM589.js' to '"C:\\Users\\jori\\Downloads\\tmp-coordinator-lifecycle\\root\\packages\\VelopackTemp\\tmp_SSYLT23pJ5taSlUD\\payload\\mcp\\node_modules\\playwright-core\\lib\\vite\\traceViewer\\assets\\urlMatch-L3liM589.js"'
[update:84912] [13:51:15] [DEBUG] (2) velopack::bundle: Extracting zip file to path: "C:\\Users\\jori\\Downloads\\tmp-coordinator-lifecycle\\root\\packages\\VelopackTemp\\tmp_SSYLT23pJ5taSlUD\\payload\\mcp\\node_modules\\playwright-core\\lib\\vite\\traceViewer\\assets\\urlMatch-L3liM589.js"
[update:84912] [13:51:15] [DEBUG] (2) velopack::bundle: Writing file to disk with 64k buffer: "C:\\Users\\jori\\Downloads\\tmp-coordinator-lifecycle\\root\\packages\\VelopackTemp\\tmp_SSYLT23pJ5taSlUD\\payload\\mcp\\node_modules\\playwright-core\\lib\\vite\\traceViewer\\assets\\urlMatch-L3liM589.js"
[update:84912] [13:51:15] [DEBUG] (2) velopack::bundle:     61 Extracting 'lib/app/payload/mcp/node_modules/playwright-core/lib/vite/traceViewer/assets/xtermModule-Dxt0fa0b.js' to '"C:\\Users\\jori\\Downloads\\tmp-coordinator-lifecycle\\root\\packages\\VelopackTemp\\tmp_SSYLT23pJ5taSlUD\\payload\\mcp\\node_modules\\playwright-core\\lib\\vite\\traceViewer\\assets\\xtermModule-Dxt0fa0b.js"'
[update:84912] [13:51:15] [DEBUG] (2) velopack::bundle: Extracting zip file to path: "C:\\Users\\jori\\Downloads\\tmp-coordinator-lifecycle\\root\\packages\\VelopackTemp\\tmp_SSYLT23pJ5taSlUD\\payload\\mcp\\node_modules\\playwright-core\\lib\\vite\\traceViewer\\assets\\xtermModule-Dxt0fa0b.js"
[update:84912] [13:51:15] [DEBUG] (2) velopack::bundle: Writing file to disk with 64k buffer: "C:\\Users\\jori\\Downloads\\tmp-coordinator-lifecycle\\root\\packages\\VelopackTemp\\tmp_SSYLT23pJ5taSlUD\\payload\\mcp\\node_modules\\playwright-core\\lib\\vite\\traceViewer\\assets\\xtermModule-Dxt0fa0b.js"
[update:84912] [13:51:15] [DEBUG] (2) velopack::bundle:     62 Extracting 'lib/app/payload/mcp/node_modules/playwright-core/lib/vite/recorder/index.html' to '"C:\\Users\\jori\\Downloads\\tmp-coordinator-lifecycle\\root\\packages\\VelopackTemp\\tmp_SSYLT23pJ5taSlUD\\payload\\mcp\\node_modules\\playwright-core\\lib\\vite\\recorder\\index.html"'
[update:84912] [13:51:15] [DEBUG] (2) velopack::bundle: Extracting zip file to path: "C:\\Users\\jori\\Downloads\\tmp-coordinator-lifecycle\\root\\packages\\VelopackTemp\\tmp_SSYLT23pJ5taSlUD\\payload\\mcp\\node_modules\\playwright-core\\lib\\vite\\recorder\\index.html"
[update:84912] [13:51:15] [DEBUG] (2) velopack::bundle: Creating parent directory: "C:\\Users\\jori\\Downloads\\tmp-coordinator-lifecycle\\root\\packages\\VelopackTemp\\tmp_SSYLT23pJ5taSlUD\\payload\\mcp\\node_modules\\playwright-core\\lib\\vite\\recorder"
[update:84912] [13:51:15] [DEBUG] (2) velopack::bundle: Writing file to disk with 64k buffer: "C:\\Users\\jori\\Downloads\\tmp-coordinator-lifecycle\\root\\packages\\VelopackTemp\\tmp_SSYLT23pJ5taSlUD\\payload\\mcp\\node_modules\\playwright-core\\lib\\vite\\recorder\\index.html"
[update:84912] [13:51:15] [DEBUG] (2) velopack::bundle:     63 Extracting 'lib/app/payload/mcp/node_modules/playwright-core/lib/vite/recorder/playwright-logo.svg' to '"C:\\Users\\jori\\Downloads\\tmp-coordinator-lifecycle\\root\\packages\\VelopackTemp\\tmp_SSYLT23pJ5taSlUD\\payload\\mcp\\node_modules\\playwright-core\\lib\\vite\\recorder\\playwright-logo.svg"'
[update:84912] [13:51:15] [DEBUG] (2) velopack::bundle: Extracting zip file to path: "C:\\Users\\jori\\Downloads\\tmp-coordinator-lifecycle\\root\\packages\\VelopackTemp\\tmp_SSYLT23pJ5taSlUD\\payload\\mcp\\node_modules\\playwright-core\\lib\\vite\\recorder\\playwright-logo.svg"
[update:84912] [13:51:15] [DEBUG] (2) velopack::bundle: Writing file to disk with 64k buffer: "C:\\Users\\jori\\Downloads\\tmp-coordinator-lifecycle\\root\\packages\\VelopackTemp\\tmp_SSYLT23pJ5taSlUD\\payload\\mcp\\node_modules\\playwright-core\\lib\\vite\\recorder\\playwright-logo.svg"
[update:84912] [13:51:15] [DEBUG] (2) velopack::bundle:     64 Extracting 'lib/app/payload/mcp/node_modules/playwright-core/lib/vite/recorder/assets/codeMirrorModule--QdMvsKi.css' to '"C:\\Users\\jori\\Downloads\\tmp-coordinator-lifecycle\\root\\packages\\VelopackTemp\\tmp_SSYLT23pJ5taSlUD\\payload\\mcp\\node_modules\\playwright-core\\lib\\vite\\recorder\\assets\\codeMirrorModule--QdMvsKi.css"'
[update:84912] [13:51:15] [DEBUG] (2) velopack::bundle: Extracting zip file to path: "C:\\Users\\jori\\Downloads\\tmp-coordinator-lifecycle\\root\\packages\\VelopackTemp\\tmp_SSYLT23pJ5taSlUD\\payload\\mcp\\node_modules\\playwright-core\\lib\\vite\\recorder\\assets\\codeMirrorModule--QdMvsKi.css"
[update:84912] [13:51:15] [DEBUG] (2) velopack::bundle: Creating parent directory: "C:\\Users\\jori\\Downloads\\tmp-coordinator-lifecycle\\root\\packages\\VelopackTemp\\tmp_SSYLT23pJ5taSlUD\\payload\\mcp\\node_modules\\playwright-core\\lib\\vite\\recorder\\assets"
[update:84912] [13:51:15] [DEBUG] (2) velopack::bundle: Writing file to disk with 64k buffer: "C:\\Users\\jori\\Downloads\\tmp-coordinator-lifecycle\\root\\packages\\VelopackTemp\\tmp_SSYLT23pJ5taSlUD\\payload\\mcp\\node_modules\\playwright-core\\lib\\vite\\recorder\\assets\\codeMirrorModule--QdMvsKi.css"
[update:84912] [13:51:15] [DEBUG] (2) velopack::bundle:     65 Extracting 'lib/app/payload/mcp/node_modules/playwright-core/lib/vite/recorder/assets/codeMirrorModule-CVQWJZAA.js' to '"C:\\Users\\jori\\Downloads\\tmp-coordinator-lifecycle\\root\\packages\\VelopackTemp\\tmp_SSYLT23pJ5taSlUD\\payload\\mcp\\node_modules\\playwright-core\\lib\\vite\\recorder\\assets\\codeMirrorModule-CVQWJZAA.js"'
[update:84912] [13:51:15] [DEBUG] (2) velopack::bundle: Extracting zip file to path: "C:\\Users\\jori\\Downloads\\tmp-coordinator-lifecycle\\root\\packages\\VelopackTemp\\tmp_SSYLT23pJ5taSlUD\\payload\\mcp\\node_modules\\playwright-core\\lib\\vite\\recorder\\assets\\codeMirrorModule-CVQWJZAA.js"
[update:84912] [13:51:15] [DEBUG] (2) velopack::bundle: Writing file to disk with 64k buffer: "C:\\Users\\jori\\Downloads\\tmp-coordinator-lifecycle\\root\\packages\\VelopackTemp\\tmp_SSYLT23pJ5taSlUD\\payload\\mcp\\node_modules\\playwright-core\\lib\\vite\\recorder\\assets\\codeMirrorModule-CVQWJZAA.js"
[update:84912] [13:51:15] [DEBUG] (2) velopack::bundle:     66 Extracting 'lib/app/payload/mcp/node_modules/playwright-core/lib/vite/recorder/assets/codicon-DCmgc-ay.ttf' to '"C:\\Users\\jori\\Downloads\\tmp-coordinator-lifecycle\\root\\packages\\VelopackTemp\\tmp_SSYLT23pJ5taSlUD\\payload\\mcp\\node_modules\\playwright-core\\lib\\vite\\recorder\\assets\\codicon-DCmgc-ay.ttf"'
[update:84912] [13:51:15] [DEBUG] (2) velopack::bundle: Extracting zip file to path: "C:\\Users\\jori\\Downloads\\tmp-coordinator-lifecycle\\root\\packages\\VelopackTemp\\tmp_SSYLT23pJ5taSlUD\\payload\\mcp\\node_modules\\playwright-core\\lib\\vite\\recorder\\assets\\codicon-DCmgc-ay.ttf"
[update:84912] [13:51:15] [DEBUG] (2) velopack::bundle: Writing file to disk with 64k buffer: "C:\\Users\\jori\\Downloads\\tmp-coordinator-lifecycle\\root\\packages\\VelopackTemp\\tmp_SSYLT23pJ5taSlUD\\payload\\mcp\\node_modules\\playwright-core\\lib\\vite\\recorder\\assets\\codicon-DCmgc-ay.ttf"
[update:84912] [13:51:15] [DEBUG] (2) velopack::bundle:     67 Extracting 'lib/app/payload/mcp/node_modules/playwright-core/lib/vite/recorder/assets/index-BZpYJZ-P.css' to '"C:\\Users\\jori\\Downloads\\tmp-coordinator-lifecycle\\root\\packages\\VelopackTemp\\tmp_SSYLT23pJ5taSlUD\\payload\\mcp\\node_modules\\playwright-core\\lib\\vite\\recorder\\assets\\index-BZpYJZ-P.css"'
[update:84912] [13:51:15] [DEBUG] (2) velopack::bundle: Extracting zip file to path: "C:\\Users\\jori\\Downloads\\tmp-coordinator-lifecycle\\root\\packages\\VelopackTemp\\tmp_SSYLT23pJ5taSlUD\\payload\\mcp\\node_modules\\playwright-core\\lib\\vite\\recorder\\assets\\index-BZpYJZ-P.css"
[update:84912] [13:51:15] [DEBUG] (2) velopack::bundle: Writing file to disk with 64k buffer: "C:\\Users\\jori\\Downloads\\tmp-coordinator-lifecycle\\root\\packages\\VelopackTemp\\tmp_SSYLT23pJ5taSlUD\\payload\\mcp\\node_modules\\playwright-core\\lib\\vite\\recorder\\assets\\index-BZpYJZ-P.css"
[update:84912] [13:51:15] [DEBUG] (2) velopack::bundle:     68 Extracting 'lib/app/payload/mcp/node_modules/playwright-core/lib/vite/recorder/assets/index-hrlLqLtq.js' to '"C:\\Users\\jori\\Downloads\\tmp-coordinator-lifecycle\\root\\packages\\VelopackTemp\\tmp_SSYLT23pJ5taSlUD\\payload\\mcp\\node_modules\\playwright-core\\lib\\vite\\recorder\\assets\\index-hrlLqLtq.js"'
[update:84912] [13:51:15] [DEBUG] (2) velopack::bundle: Extracting zip file to path: "C:\\Users\\jori\\Downloads\\tmp-coordinator-lifecycle\\root\\packages\\VelopackTemp\\tmp_SSYLT23pJ5taSlUD\\payload\\mcp\\node_modules\\playwright-core\\lib\\vite\\recorder\\assets\\index-hrlLqLtq.js"
[update:84912] [13:51:15] [DEBUG] (2) velopack::bundle: Writing file to disk with 64k buffer: "C:\\Users\\jori\\Downloads\\tmp-coordinator-lifecycle\\root\\packages\\VelopackTemp\\tmp_SSYLT23pJ5taSlUD\\payload\\mcp\\node_modules\\playwright-core\\lib\\vite\\recorder\\assets\\index-hrlLqLtq.js"
[update:84912] [13:51:15] [DEBUG] (2) velopack::bundle:     69 Extracting 'lib/app/payload/mcp/node_modules/playwright-core/lib/vite/htmlReport/index.html' to '"C:\\Users\\jori\\Downloads\\tmp-coordinator-lifecycle\\root\\packages\\VelopackTemp\\tmp_SSYLT23pJ5taSlUD\\payload\\mcp\\node_modules\\playwright-core\\lib\\vite\\htmlReport\\index.html"'
[update:84912] [13:51:15] [DEBUG] (2) velopack::bundle: Extracting zip file to path: "C:\\Users\\jori\\Downloads\\tmp-coordinator-lifecycle\\root\\packages\\VelopackTemp\\tmp_SSYLT23pJ5taSlUD\\payload\\mcp\\node_modules\\playwright-core\\lib\\vite\\htmlReport\\index.html"
[update:84912] [13:51:15] [DEBUG] (2) velopack::bundle: Creating parent directory: "C:\\Users\\jori\\Downloads\\tmp-coordinator-lifecycle\\root\\packages\\VelopackTemp\\tmp_SSYLT23pJ5taSlUD\\payload\\mcp\\node_modules\\playwright-core\\lib\\vite\\htmlReport"
[update:84912] [13:51:15] [DEBUG] (2) velopack::bundle: Writing file to disk with 64k buffer: "C:\\Users\\jori\\Downloads\\tmp-coordinator-lifecycle\\root\\packages\\VelopackTemp\\tmp_SSYLT23pJ5taSlUD\\payload\\mcp\\node_modules\\playwright-core\\lib\\vite\\htmlReport\\index.html"
[update:84912] [13:51:15] [DEBUG] (2) velopack::bundle:     70 Extracting 'lib/app/payload/mcp/node_modules/playwright-core/lib/vite/htmlReport/report.css' to '"C:\\Users\\jori\\Downloads\\tmp-coordinator-lifecycle\\root\\packages\\VelopackTemp\\tmp_SSYLT23pJ5taSlUD\\payload\\mcp\\node_modules\\playwright-core\\lib\\vite\\htmlReport\\report.css"'
[update:84912] [13:51:15] [DEBUG] (2) velopack::bundle: Extracting zip file to path: "C:\\Users\\jori\\Downloads\\tmp-coordinator-lifecycle\\root\\packages\\VelopackTemp\\tmp_SSYLT23pJ5taSlUD\\payload\\mcp\\node_modules\\playwright-core\\lib\\vite\\htmlReport\\report.css"
[update:84912] [13:51:15] [DEBUG] (2) velopack::bundle: Writing file to disk with 64k buffer: "C:\\Users\\jori\\Downloads\\tmp-coordinator-lifecycle\\root\\packages\\VelopackTemp\\tmp_SSYLT23pJ5taSlUD\\payload\\mcp\\node_modules\\playwright-core\\lib\\vite\\htmlReport\\report.css"
[update:84912] [13:51:15] [DEBUG] (2) velopack::bundle:     71 Extracting 'lib/app/payload/mcp/node_modules/playwright-core/lib/vite/htmlReport/report.js' to '"C:\\Users\\jori\\Downloads\\tmp-coordinator-lifecycle\\root\\packages\\VelopackTemp\\tmp_SSYLT23pJ5taSlUD\\payload\\mcp\\node_modules\\playwright-core\\lib\\vite\\htmlReport\\report.js"'
[update:84912] [13:51:15] [DEBUG] (2) velopack::bundle: Extracting zip file to path: "C:\\Users\\jori\\Downloads\\tmp-coordinator-lifecycle\\root\\packages\\VelopackTemp\\tmp_SSYLT23pJ5taSlUD\\payload\\mcp\\node_modules\\playwright-core\\lib\\vite\\htmlReport\\report.js"
[update:84912] [13:51:15] [DEBUG] (2) velopack::bundle: Writing file to disk with 64k buffer: "C:\\Users\\jori\\Downloads\\tmp-coordinator-lifecycle\\root\\packages\\VelopackTemp\\tmp_SSYLT23pJ5taSlUD\\payload\\mcp\\node_modules\\playwright-core\\lib\\vite\\htmlReport\\report.js"
[update:84912] [13:51:15] [DEBUG] (2) velopack::bundle:     72 Extracting 'lib/app/payload/mcp/node_modules/playwright-core/lib/vite/dashboard/index.html' to '"C:\\Users\\jori\\Downloads\\tmp-coordinator-lifecycle\\root\\packages\\VelopackTemp\\tmp_SSYLT23pJ5taSlUD\\payload\\mcp\\node_modules\\playwright-core\\lib\\vite\\dashboard\\index.html"'
[update:84912] [13:51:15] [DEBUG] (2) velopack::bundle: Extracting zip file to path: "C:\\Users\\jori\\Downloads\\tmp-coordinator-lifecycle\\root\\packages\\VelopackTemp\\tmp_SSYLT23pJ5taSlUD\\payload\\mcp\\node_modules\\playwright-core\\lib\\vite\\dashboard\\index.html"
[update:84912] [13:51:15] [DEBUG] (2) velopack::bundle: Creating parent directory: "C:\\Users\\jori\\Downloads\\tmp-coordinator-lifecycle\\root\\packages\\VelopackTemp\\tmp_SSYLT23pJ5taSlUD\\payload\\mcp\\node_modules\\playwright-core\\lib\\vite\\dashboard"
[update:84912] [13:51:15] [DEBUG] (2) velopack::bundle: Writing file to disk with 64k buffer: "C:\\Users\\jori\\Downloads\\tmp-coordinator-lifecycle\\root\\packages\\VelopackTemp\\tmp_SSYLT23pJ5taSlUD\\payload\\mcp\\node_modules\\playwright-core\\lib\\vite\\dashboard\\index.html"
[update:84912] [13:51:15] [DEBUG] (2) velopack::bundle:     73 Extracting 'lib/app/payload/mcp/node_modules/playwright-core/lib/vite/dashboard/playwright-logo.svg' to '"C:\\Users\\jori\\Downloads\\tmp-coordinator-lifecycle\\root\\packages\\VelopackTemp\\tmp_SSYLT23pJ5taSlUD\\payload\\mcp\\node_modules\\playwright-core\\lib\\vite\\dashboard\\playwright-logo.svg"'
[update:84912] [13:51:15] [DEBUG] (2) velopack::bundle: Extracting zip file to path: "C:\\Users\\jori\\Downloads\\tmp-coordinator-lifecycle\\root\\packages\\VelopackTemp\\tmp_SSYLT23pJ5taSlUD\\payload\\mcp\\node_modules\\playwright-core\\lib\\vite\\dashboard\\playwright-logo.svg"
[update:84912] [13:51:15] [DEBUG] (2) velopack::bundle: Writing file to disk with 64k buffer: "C:\\Users\\jori\\Downloads\\tmp-coordinator-lifecycle\\root\\packages\\VelopackTemp\\tmp_SSYLT23pJ5taSlUD\\payload\\mcp\\node_modules\\playwright-core\\lib\\vite\\dashboard\\playwright-logo.svg"
[update:84912] [13:51:15] [DEBUG] (2) velopack::bundle:     74 Extracting 'lib/app/payload/mcp/node_modules/playwright-core/lib/vite/dashboard/assets/codeMirrorModule--QdMvsKi.css' to '"C:\\Users\\jori\\Downloads\\tmp-coordinator-lifecycle\\root\\packages\\VelopackTemp\\tmp_SSYLT23pJ5taSlUD\\payload\\mcp\\node_modules\\playwright-core\\lib\\vite\\dashboard\\assets\\codeMirrorModule--QdMvsKi.css"'
[update:84912] [13:51:15] [DEBUG] (2) velopack::bundle: Extracting zip file to path: "C:\\Users\\jori\\Downloads\\tmp-coordinator-lifecycle\\root\\packages\\VelopackTemp\\tmp_SSYLT23pJ5taSlUD\\payload\\mcp\\node_modules\\playwright-core\\lib\\vite\\dashboard\\assets\\codeMirrorModule--QdMvsKi.css"
[update:84912] [13:51:15] [DEBUG] (2) velopack::bundle: Creating parent directory: "C:\\Users\\jori\\Downloads\\tmp-coordinator-lifecycle\\root\\packages\\VelopackTemp\\tmp_SSYLT23pJ5taSlUD\\payload\\mcp\\node_modules\\playwright-core\\lib\\vite\\dashboard\\assets"
[update:84912] [13:51:15] [DEBUG] (2) velopack::bundle: Writing file to disk with 64k buffer: "C:\\Users\\jori\\Downloads\\tmp-coordinator-lifecycle\\root\\packages\\VelopackTemp\\tmp_SSYLT23pJ5taSlUD\\payload\\mcp\\node_modules\\playwright-core\\lib\\vite\\dashboard\\assets\\codeMirrorModule--QdMvsKi.css"
[update:84912] [13:51:15] [DEBUG] (2) velopack::bundle:     75 Extracting 'lib/app/payload/mcp/node_modules/playwright-core/lib/vite/dashboard/assets/codeMirrorModule-CQ8RZGBm.js' to '"C:\\Users\\jori\\Downloads\\tmp-coordinator-lifecycle\\root\\packages\\VelopackTemp\\tmp_SSYLT23pJ5taSlUD\\payload\\mcp\\node_modules\\playwright-core\\lib\\vite\\dashboard\\assets\\codeMirrorModule-CQ8RZGBm.js"'
[update:84912] [13:51:15] [DEBUG] (2) velopack::bundle: Extracting zip file to path: "C:\\Users\\jori\\Downloads\\tmp-coordinator-lifecycle\\root\\packages\\VelopackTemp\\tmp_SSYLT23pJ5taSlUD\\payload\\mcp\\node_modules\\playwright-core\\lib\\vite\\dashboard\\assets\\codeMirrorModule-CQ8RZGBm.js"
[update:84912] [13:51:15] [DEBUG] (2) velopack::bundle: Writing file to disk with 64k buffer: "C:\\Users\\jori\\Downloads\\tmp-coordinator-lifecycle\\root\\packages\\VelopackTemp\\tmp_SSYLT23pJ5taSlUD\\payload\\mcp\\node_modules\\playwright-core\\lib\\vite\\dashboard\\assets\\codeMirrorModule-CQ8RZGBm.js"
[update:84912] [13:51:15] [DEBUG] (2) velopack::bundle:     76 Extracting 'lib/app/payload/mcp/node_modules/playwright-core/lib/vite/dashboard/assets/codicon-DCmgc-ay.ttf' to '"C:\\Users\\jori\\Downloads\\tmp-coordinator-lifecycle\\root\\packages\\VelopackTemp\\tmp_SSYLT23pJ5taSlUD\\payload\\mcp\\node_modules\\playwright-core\\lib\\vite\\dashboard\\assets\\codicon-DCmgc-ay.ttf"'
[update:84912] [13:51:15] [DEBUG] (2) velopack::bundle: Extracting zip file to path: "C:\\Users\\jori\\Downloads\\tmp-coordinator-lifecycle\\root\\packages\\VelopackTemp\\tmp_SSYLT23pJ5taSlUD\\payload\\mcp\\node_modules\\playwright-core\\lib\\vite\\dashboard\\assets\\codicon-DCmgc-ay.ttf"
[update:84912] [13:51:15] [DEBUG] (2) velopack::bundle: Writing file to disk with 64k buffer: "C:\\Users\\jori\\Downloads\\tmp-coordinator-lifecycle\\root\\packages\\VelopackTemp\\tmp_SSYLT23pJ5taSlUD\\payload\\mcp\\node_modules\\playwright-core\\lib\\vite\\dashboard\\assets\\codicon-DCmgc-ay.ttf"
[update:84912] [13:51:15] [DEBUG] (2) velopack::bundle:     77 Extracting 'lib/app/payload/mcp/node_modules/playwright-core/lib/vite/dashboard/assets/firefox-1bWoP6pv.svg' to '"C:\\Users\\jori\\Downloads\\tmp-coordinator-lifecycle\\root\\packages\\VelopackTemp\\tmp_SSYLT23pJ5taSlUD\\payload\\mcp\\node_modules\\playwright-core\\lib\\vite\\dashboard\\assets\\firefox-1bWoP6pv.svg"'
[update:84912] [13:51:15] [DEBUG] (2) velopack::bundle: Extracting zip file to path: "C:\\Users\\jori\\Downloads\\tmp-coordinator-lifecycle\\root\\packages\\VelopackTemp\\tmp_SSYLT23pJ5taSlUD\\payload\\mcp\\node_modules\\playwright-core\\lib\\vite\\dashboard\\assets\\firefox-1bWoP6pv.svg"
[update:84912] [13:51:15] [DEBUG] (2) velopack::bundle: Writing file to disk with 64k buffer: "C:\\Users\\jori\\Downloads\\tmp-coordinator-lifecycle\\root\\packages\\VelopackTemp\\tmp_SSYLT23pJ5taSlUD\\payload\\mcp\\node_modules\\playwright-core\\lib\\vite\\dashboard\\assets\\firefox-1bWoP6pv.svg"
[update:84912] [13:51:15] [DEBUG] (2) velopack::bundle:     78 Extracting 'lib/app/payload/mcp/node_modules/playwright-core/lib/vite/dashboard/assets/firefox-beta-k3eOH_eK.svg' to '"C:\\Users\\jori\\Downloads\\tmp-coordinator-lifecycle\\root\\packages\\VelopackTemp\\tmp_SSYLT23pJ5taSlUD\\payload\\mcp\\node_modules\\playwright-core\\lib\\vite\\dashboard\\assets\\firefox-beta-k3eOH_eK.svg"'
[update:84912] [13:51:15] [DEBUG] (2) velopack::bundle: Extracting zip file to path: "C:\\Users\\jori\\Downloads\\tmp-coordinator-lifecycle\\root\\packages\\VelopackTemp\\tmp_SSYLT23pJ5taSlUD\\payload\\mcp\\node_modules\\playwright-core\\lib\\vite\\dashboard\\assets\\firefox-beta-k3eOH_eK.svg"
[update:84912] [13:51:15] [DEBUG] (2) velopack::bundle: Writing file to disk with 64k buffer: "C:\\Users\\jori\\Downloads\\tmp-coordinator-lifecycle\\root\\packages\\VelopackTemp\\tmp_SSYLT23pJ5taSlUD\\payload\\mcp\\node_modules\\playwright-core\\lib\\vite\\dashboard\\assets\\firefox-beta-k3eOH_eK.svg"
[update:84912] [13:51:15] [DEBUG] (2) velopack::bundle:     79 Extracting 'lib/app/payload/mcp/node_modules/playwright-core/lib/vite/dashboard/assets/firefox-nightly-Cp5nfeDT.svg' to '"C:\\Users\\jori\\Downloads\\tmp-coordinator-lifecycle\\root\\packages\\VelopackTemp\\tmp_SSYLT23pJ5taSlUD\\payload\\mcp\\node_modules\\playwright-core\\lib\\vite\\dashboard\\assets\\firefox-nightly-Cp5nfeDT.svg"'
[update:84912] [13:51:15] [DEBUG] (2) velopack::bundle: Extracting zip file to path: "C:\\Users\\jori\\Downloads\\tmp-coordinator-lifecycle\\root\\packages\\VelopackTemp\\tmp_SSYLT23pJ5taSlUD\\payload\\mcp\\node_modules\\playwright-core\\lib\\vite\\dashboard\\assets\\firefox-nightly-Cp5nfeDT.svg"
[update:84912] [13:51:15] [DEBUG] (2) velopack::bundle: Writing file to disk with 64k buffer: "C:\\Users\\jori\\Downloads\\tmp-coordinator-lifecycle\\root\\packages\\VelopackTemp\\tmp_SSYLT23pJ5taSlUD\\payload\\mcp\\node_modules\\playwright-core\\lib\\vite\\dashboard\\assets\\firefox-nightly-Cp5nfeDT.svg"
[update:84912] [13:51:15] [DEBUG] (2) velopack::bundle:     80 Extracting 'lib/app/payload/mcp/node_modules/playwright-core/lib/vite/dashboard/assets/index-AwgwcYie.css' to '"C:\\Users\\jori\\Downloads\\tmp-coordinator-lifecycle\\root\\packages\\VelopackTemp\\tmp_SSYLT23pJ5taSlUD\\payload\\mcp\\node_modules\\playwright-core\\lib\\vite\\dashboard\\assets\\index-AwgwcYie.css"'
[update:84912] [13:51:15] [DEBUG] (2) velopack::bundle: Extracting zip file to path: "C:\\Users\\jori\\Downloads\\tmp-coordinator-lifecycle\\root\\packages\\VelopackTemp\\tmp_SSYLT23pJ5taSlUD\\payload\\mcp\\node_modules\\playwright-core\\lib\\vite\\dashboard\\assets\\index-AwgwcYie.css"
[update:84912] [13:51:15] [DEBUG] (2) velopack::bundle: Writing file to disk with 64k buffer: "C:\\Users\\jori\\Downloads\\tmp-coordinator-lifecycle\\root\\packages\\VelopackTemp\\tmp_SSYLT23pJ5taSlUD\\payload\\mcp\\node_modules\\playwright-core\\lib\\vite\\dashboard\\assets\\index-AwgwcYie.css"
[update:84912] [13:51:15] [DEBUG] (2) velopack::bundle:     81 Extracting 'lib/app/payload/mcp/node_modules/playwright-core/lib/vite/dashboard/assets/index-hRvO4yU2.js' to '"C:\\Users\\jori\\Downloads\\tmp-coordinator-lifecycle\\root\\packages\\VelopackTemp\\tmp_SSYLT23pJ5taSlUD\\payload\\mcp\\node_modules\\playwright-core\\lib\\vite\\dashboard\\assets\\index-hRvO4yU2.js"'
[update:84912] [13:51:15] [DEBUG] (2) velopack::bundle: Extracting zip file to path: "C:\\Users\\jori\\Downloads\\tmp-coordinator-lifecycle\\root\\packages\\VelopackTemp\\tmp_SSYLT23pJ5taSlUD\\payload\\mcp\\node_modules\\playwright-core\\lib\\vite\\dashboard\\assets\\index-hRvO4yU2.js"
[update:84912] [13:51:15] [DEBUG] (2) velopack::bundle: Writing file to disk with 64k buffer: "C:\\Users\\jori\\Downloads\\tmp-coordinator-lifecycle\\root\\packages\\VelopackTemp\\tmp_SSYLT23pJ5taSlUD\\payload\\mcp\\node_modules\\playwright-core\\lib\\vite\\dashboard\\assets\\index-hRvO4yU2.js"
[update:84912] [13:51:15] [DEBUG] (2) velopack::bundle:     82 Extracting 'lib/app/payload/mcp/node_modules/playwright-core/lib/vite/dashboard/assets/safari-na3_-uQk.svg' to '"C:\\Users\\jori\\Downloads\\tmp-coordinator-lifecycle\\root\\packages\\VelopackTemp\\tmp_SSYLT23pJ5taSlUD\\payload\\mcp\\node_modules\\playwright-core\\lib\\vite\\dashboard\\assets\\safari-na3_-uQk.svg"'
[update:84912] [13:51:15] [DEBUG] (2) velopack::bundle: Extracting zip file to path: "C:\\Users\\jori\\Downloads\\tmp-coordinator-lifecycle\\root\\packages\\VelopackTemp\\tmp_SSYLT23pJ5taSlUD\\payload\\mcp\\node_modules\\playwright-core\\lib\\vite\\dashboard\\assets\\safari-na3_-uQk.svg"
[update:84912] [13:51:15] [DEBUG] (2) velopack::bundle: Writing file to disk with 64k buffer: "C:\\Users\\jori\\Downloads\\tmp-coordinator-lifecycle\\root\\packages\\VelopackTemp\\tmp_SSYLT23pJ5taSlUD\\payload\\mcp\\node_modules\\playwright-core\\lib\\vite\\dashboard\\assets\\safari-na3_-uQk.svg"
[update:84912] [13:51:15] [DEBUG] (2) velopack::bundle:     83 Extracting 'lib/app/payload/mcp/node_modules/playwright-core/lib/tools/utils/extension.js' to '"C:\\Users\\jori\\Downloads\\tmp-coordinator-lifecycle\\root\\packages\\VelopackTemp\\tmp_SSYLT23pJ5taSlUD\\payload\\mcp\\node_modules\\playwright-core\\lib\\tools\\utils\\extension.js"'
[update:84912] [13:51:15] [DEBUG] (2) velopack::bundle: Extracting zip file to path: "C:\\Users\\jori\\Downloads\\tmp-coordinator-lifecycle\\root\\packages\\VelopackTemp\\tmp_SSYLT23pJ5taSlUD\\payload\\mcp\\node_modules\\playwright-core\\lib\\tools\\utils\\extension.js"
[update:84912] [13:51:15] [DEBUG] (2) velopack::bundle: Creating parent directory: "C:\\Users\\jori\\Downloads\\tmp-coordinator-lifecycle\\root\\packages\\VelopackTemp\\tmp_SSYLT23pJ5taSlUD\\payload\\mcp\\node_modules\\playwright-core\\lib\\tools\\utils"
[update:84912] [13:51:15] [DEBUG] (2) velopack::bundle: Writing file to disk with 64k buffer: "C:\\Users\\jori\\Downloads\\tmp-coordinator-lifecycle\\root\\packages\\VelopackTemp\\tmp_SSYLT23pJ5taSlUD\\payload\\mcp\\node_modules\\playwright-core\\lib\\tools\\utils\\extension.js"
[update:84912] [13:51:15] [DEBUG] (2) velopack::bundle:     84 Extracting 'lib/app/payload/mcp/node_modules/playwright-core/lib/tools/utils/socketConnection.js' to '"C:\\Users\\jori\\Downloads\\tmp-coordinator-lifecycle\\root\\packages\\VelopackTemp\\tmp_SSYLT23pJ5taSlUD\\payload\\mcp\\node_modules\\playwright-core\\lib\\tools\\utils\\socketConnection.js"'
[update:84912] [13:51:15] [DEBUG] (2) velopack::bundle: Extracting zip file to path: "C:\\Users\\jori\\Downloads\\tmp-coordinator-lifecycle\\root\\packages\\VelopackTemp\\tmp_SSYLT23pJ5taSlUD\\payload\\mcp\\node_modules\\playwright-core\\lib\\tools\\utils\\socketConnection.js"
[update:84912] [13:51:15] [DEBUG] (2) velopack::bundle: Writing file to disk with 64k buffer: "C:\\Users\\jori\\Downloads\\tmp-coordinator-lifecycle\\root\\packages\\VelopackTemp\\tmp_SSYLT23pJ5taSlUD\\payload\\mcp\\node_modules\\playwright-core\\lib\\tools\\utils\\socketConnection.js"
[update:84912] [13:51:15] [DEBUG] (2) velopack::bundle:     85 Extracting 'lib/app/payload/mcp/node_modules/playwright-core/lib/tools/skills/playwright-trace/SKILL.md' to '"C:\\Users\\jori\\Downloads\\tmp-coordinator-lifecycle\\root\\packages\\VelopackTemp\\tmp_SSYLT23pJ5taSlUD\\payload\\mcp\\node_modules\\playwright-core\\lib\\tools\\skills\\playwright-trace\\SKILL.md"'
[update:84912] [13:51:15] [DEBUG] (2) velopack::bundle: Extracting zip file to path: "C:\\Users\\jori\\Downloads\\tmp-coordinator-lifecycle\\root\\packages\\VelopackTemp\\tmp_SSYLT23pJ5taSlUD\\payload\\mcp\\node_modules\\playwright-core\\lib\\tools\\skills\\playwright-trace\\SKILL.md"
[update:84912] [13:51:15] [DEBUG] (2) velopack::bundle: Creating parent directory: "C:\\Users\\jori\\Downloads\\tmp-coordinator-lifecycle\\root\\packages\\VelopackTemp\\tmp_SSYLT23pJ5taSlUD\\payload\\mcp\\node_modules\\playwright-core\\lib\\tools\\skills\\playwright-trace"
[update:84912] [13:51:15] [DEBUG] (2) velopack::bundle: Writing file to disk with 64k buffer: "C:\\Users\\jori\\Downloads\\tmp-coordinator-lifecycle\\root\\packages\\VelopackTemp\\tmp_SSYLT23pJ5taSlUD\\payload\\mcp\\node_modules\\playwright-core\\lib\\tools\\skills\\playwright-trace\\SKILL.md"
[update:84912] [13:51:15] [DEBUG] (2) velopack::bundle:     86 Extracting 'lib/app/payload/mcp/node_modules/playwright-core/lib/tools/skills/playwright-component-testing/SKILL.md' to '"C:\\Users\\jori\\Downloads\\tmp-coordinator-lifecycle\\root\\packages\\VelopackTemp\\tmp_SSYLT23pJ5taSlUD\\payload\\mcp\\node_modules\\playwright-core\\lib\\tools\\skills\\playwright-component-testing\\SKILL.md"'
[update:84912] [13:51:15] [DEBUG] (2) velopack::bundle: Extracting zip file to path: "C:\\Users\\jori\\Downloads\\tmp-coordinator-lifecycle\\root\\packages\\VelopackTemp\\tmp_SSYLT23pJ5taSlUD\\payload\\mcp\\node_modules\\playwright-core\\lib\\tools\\skills\\playwright-component-testing\\SKILL.md"
[update:84912] [13:51:15] [DEBUG] (2) velopack::bundle: Creating parent directory: "C:\\Users\\jori\\Downloads\\tmp-coordinator-lifecycle\\root\\packages\\VelopackTemp\\tmp_SSYLT23pJ5taSlUD\\payload\\mcp\\node_modules\\playwright-core\\lib\\tools\\skills\\playwright-component-testing"
[update:84912] [13:51:15] [DEBUG] (2) velopack::bundle: Writing file to disk with 64k buffer: "C:\\Users\\jori\\Downloads\\tmp-coordinator-lifecycle\\root\\packages\\VelopackTemp\\tmp_SSYLT23pJ5taSlUD\\payload\\mcp\\node_modules\\playwright-core\\lib\\tools\\skills\\playwright-component-testing\\SKILL.md"
[update:84912] [13:51:15] [DEBUG] (2) velopack::bundle:     87 Extracting 'lib/app/payload/mcp/node_modules/playwright-core/lib/tools/skills/playwright-component-testing/references/gallery-spec.md' to '"C:\\Users\\jori\\Downloads\\tmp-coordinator-lifecycle\\root\\packages\\VelopackTemp\\tmp_SSYLT23pJ5taSlUD\\payload\\mcp\\node_modules\\playwright-core\\lib\\tools\\skills\\playwright-component-testing\\references\\gallery-spec.md"'
[update:84912] [13:51:15] [DEBUG] (2) velopack::bundle: Extracting zip file to path: "C:\\Users\\jori\\Downloads\\tmp-coordinator-lifecycle\\root\\packages\\VelopackTemp\\tmp_SSYLT23pJ5taSlUD\\payload\\mcp\\node_modules\\playwright-core\\lib\\tools\\skills\\playwright-component-testing\\references\\gallery-spec.md"
[update:84912] [13:51:15] [DEBUG] (2) velopack::bundle: Creating parent directory: "C:\\Users\\jori\\Downloads\\tmp-coordinator-lifecycle\\root\\packages\\VelopackTemp\\tmp_SSYLT23pJ5taSlUD\\payload\\mcp\\node_modules\\playwright-core\\lib\\tools\\skills\\playwright-component-testing\\references"
[update:84912] [13:51:15] [DEBUG] (2) velopack::bundle: Writing file to disk with 64k buffer: "C:\\Users\\jori\\Downloads\\tmp-coordinator-lifecycle\\root\\packages\\VelopackTemp\\tmp_SSYLT23pJ5taSlUD\\payload\\mcp\\node_modules\\playwright-core\\lib\\tools\\skills\\playwright-component-testing\\references\\gallery-spec.md"
[update:84912] [13:51:15] [DEBUG] (2) velopack::bundle:     88 Extracting 'lib/app/payload/mcp/node_modules/playwright-core/lib/tools/skills/playwright-component-testing/references/migration.md' to '"C:\\Users\\jori\\Downloads\\tmp-coordinator-lifecycle\\root\\packages\\VelopackTemp\\tmp_SSYLT23pJ5taSlUD\\payload\\mcp\\node_modules\\playwright-core\\lib\\tools\\skills\\playwright-component-testing\\references\\migration.md"'
[update:84912] [13:51:15] [DEBUG] (2) velopack::bundle: Extracting zip file to path: "C:\\Users\\jori\\Downloads\\tmp-coordinator-lifecycle\\root\\packages\\VelopackTemp\\tmp_SSYLT23pJ5taSlUD\\payload\\mcp\\node_modules\\playwright-core\\lib\\tools\\skills\\playwright-component-testing\\references\\migration.md"
[update:84912] [13:51:15] [DEBUG] (2) velopack::bundle: Writing file to disk with 64k buffer: "C:\\Users\\jori\\Downloads\\tmp-coordinator-lifecycle\\root\\packages\\VelopackTemp\\tmp_SSYLT23pJ5taSlUD\\payload\\mcp\\node_modules\\playwright-core\\lib\\tools\\skills\\playwright-component-testing\\references\\migration.md"
[update:84912] [13:51:15] [DEBUG] (2) velopack::bundle:     89 Extracting 'lib/app/payload/mcp/node_modules/playwright-core/lib/tools/skills/playwright-component-testing/references/react.md' to '"C:\\Users\\jori\\Downloads\\tmp-coordinator-lifecycle\\root\\packages\\VelopackTemp\\tmp_SSYLT23pJ5taSlUD\\payload\\mcp\\node_modules\\playwright-core\\lib\\tools\\skills\\playwright-component-testing\\references\\react.md"'
[update:84912] [13:51:15] [DEBUG] (2) velopack::bundle: Extracting zip file to path: "C:\\Users\\jori\\Downloads\\tmp-coordinator-lifecycle\\root\\packages\\VelopackTemp\\tmp_SSYLT23pJ5taSlUD\\payload\\mcp\\node_modules\\playwright-core\\lib\\tools\\skills\\playwright-component-testing\\references\\react.md"
[update:84912] [13:51:15] [DEBUG] (2) velopack::bundle: Writing file to disk with 64k buffer: "C:\\Users\\jori\\Downloads\\tmp-coordinator-lifecycle\\root\\packages\\VelopackTemp\\tmp_SSYLT23pJ5taSlUD\\payload\\mcp\\node_modules\\playwright-core\\lib\\tools\\skills\\playwright-component-testing\\references\\react.md"
[update:84912] [13:51:15] [DEBUG] (2) velopack::bundle:     90 Extracting 'lib/app/payload/mcp/node_modules/playwright-core/lib/tools/skills/playwright-component-testing/references/typing.md' to '"C:\\Users\\jori\\Downloads\\tmp-coordinator-lifecycle\\root\\packages\\VelopackTemp\\tmp_SSYLT23pJ5taSlUD\\payload\\mcp\\node_modules\\playwright-core\\lib\\tools\\skills\\playwright-component-testing\\references\\typing.md"'
[update:84912] [13:51:15] [DEBUG] (2) velopack::bundle: Extracting zip file to path: "C:\\Users\\jori\\Downloads\\tmp-coordinator-lifecycle\\root\\packages\\VelopackTemp\\tmp_SSYLT23pJ5taSlUD\\payload\\mcp\\node_modules\\playwright-core\\lib\\tools\\skills\\playwright-component-testing\\references\\typing.md"
[update:84912] [13:51:15] [DEBUG] (2) velopack::bundle: Writing file to disk with 64k buffer: "C:\\Users\\jori\\Downloads\\tmp-coordinator-lifecycle\\root\\packages\\VelopackTemp\\tmp_SSYLT23pJ5taSlUD\\payload\\mcp\\node_modules\\playwright-core\\lib\\tools\\skills\\playwright-component-testing\\references\\typing.md"
[update:84912] [13:51:15] [DEBUG] (2) velopack::bundle:     91 Extracting 'lib/app/payload/mcp/node_modules/playwright-core/lib/tools/skills/playwright-component-testing/references/vue.md' to '"C:\\Users\\jori\\Downloads\\tmp-coordinator-lifecycle\\root\\packages\\VelopackTemp\\tmp_SSYLT23pJ5taSlUD\\payload\\mcp\\node_modules\\playwright-core\\lib\\tools\\skills\\playwright-component-testing\\references\\vue.md"'
[update:84912] [13:51:15] [DEBUG] (2) velopack::bundle: Extracting zip file to path: "C:\\Users\\jori\\Downloads\\tmp-coordinator-lifecycle\\root\\packages\\VelopackTemp\\tmp_SSYLT23pJ5taSlUD\\payload\\mcp\\node_modules\\playwright-core\\lib\\tools\\skills\\playwright-component-testing\\references\\vue.md"
[update:84912] [13:51:15] [DEBUG] (2) velopack::bundle: Writing file to disk with 64k buffer: "C:\\Users\\jori\\Downloads\\tmp-coordinator-lifecycle\\root\\packages\\VelopackTemp\\tmp_SSYLT23pJ5taSlUD\\payload\\mcp\\node_modules\\playwright-core\\lib\\tools\\skills\\playwright-component-testing\\references\\vue.md"
[update:84912] [13:51:15] [DEBUG] (2) velopack::bundle:     92 Extracting 'lib/app/payload/mcp/node_modules/playwright-core/lib/tools/skills/playwright-cli/SKILL.md' to '"C:\\Users\\jori\\Downloads\\tmp-coordinator-lifecycle\\root\\packages\\VelopackTemp\\tmp_SSYLT23pJ5taSlUD\\payload\\mcp\\node_modules\\playwright-core\\lib\\tools\\skills\\playwright-cli\\SKILL.md"'
[update:84912] [13:51:15] [DEBUG] (2) velopack::bundle: Extracting zip file to path: "C:\\Users\\jori\\Downloads\\tmp-coordinator-lifecycle\\root\\packages\\VelopackTemp\\tmp_SSYLT23pJ5taSlUD\\payload\\mcp\\node_modules\\playwright-core\\lib\\tools\\skills\\playwright-cli\\SKILL.md"
[update:84912] [13:51:15] [DEBUG] (2) velopack::bundle: Creating parent directory: "C:\\Users\\jori\\Downloads\\tmp-coordinator-lifecycle\\root\\packages\\VelopackTemp\\tmp_SSYLT23pJ5taSlUD\\payload\\mcp\\node_modules\\playwright-core\\lib\\tools\\skills\\playwright-cli"
[update:84912] [13:51:15] [DEBUG] (2) velopack::bundle: Writing file to disk with 64k buffer: "C:\\Users\\jori\\Downloads\\tmp-coordinator-lifecycle\\root\\packages\\VelopackTemp\\tmp_SSYLT23pJ5taSlUD\\payload\\mcp\\node_modules\\playwright-core\\lib\\tools\\skills\\playwright-cli\\SKILL.md"
[update:84912] [13:51:15] [DEBUG] (2) velopack::bundle:     93 Extracting 'lib/app/payload/mcp/node_modules/playwright-core/lib/tools/skills/playwright-cli/references/element-attributes.md' to '"C:\\Users\\jori\\Downloads\\tmp-coordinator-lifecycle\\root\\packages\\VelopackTemp\\tmp_SSYLT23pJ5taSlUD\\payload\\mcp\\node_modules\\playwright-core\\lib\\tools\\skills\\playwright-cli\\references\\element-attributes.md"'
[update:84912] [13:51:15] [DEBUG] (2) velopack::bundle: Extracting zip file to path: "C:\\Users\\jori\\Downloads\\tmp-coordinator-lifecycle\\root\\packages\\VelopackTemp\\tmp_SSYLT23pJ5taSlUD\\payload\\mcp\\node_modules\\playwright-core\\lib\\tools\\skills\\playwright-cli\\references\\element-attributes.md"
[update:84912] [13:51:15] [DEBUG] (2) velopack::bundle: Creating parent directory: "C:\\Users\\jori\\Downloads\\tmp-coordinator-lifecycle\\root\\packages\\VelopackTemp\\tmp_SSYLT23pJ5taSlUD\\payload\\mcp\\node_modules\\playwright-core\\lib\\tools\\skills\\playwright-cli\\references"
[update:84912] [13:51:15] [DEBUG] (2) velopack::bundle: Writing file to disk with 64k buffer: "C:\\Users\\jori\\Downloads\\tmp-coordinator-lifecycle\\root\\packages\\VelopackTemp\\tmp_SSYLT23pJ5taSlUD\\payload\\mcp\\node_modules\\playwright-core\\lib\\tools\\skills\\playwright-cli\\references\\element-attributes.md"
[update:84912] [13:51:15] [DEBUG] (2) velopack::bundle:     94 Extracting 'lib/app/payload/mcp/node_modules/playwright-core/lib/tools/skills/playwright-cli/references/playwright-tests.md' to '"C:\\Users\\jori\\Downloads\\tmp-coordinator-lifecycle\\root\\packages\\VelopackTemp\\tmp_SSYLT23pJ5taSlUD\\payload\\mcp\\node_modules\\playwright-core\\lib\\tools\\skills\\playwright-cli\\references\\playwright-tests.md"'
[update:84912] [13:51:15] [DEBUG] (2) velopack::bundle: Extracting zip file to path: "C:\\Users\\jori\\Downloads\\tmp-coordinator-lifecycle\\root\\packages\\VelopackTemp\\tmp_SSYLT23pJ5taSlUD\\payload\\mcp\\node_modules\\playwright-core\\lib\\tools\\skills\\playwright-cli\\references\\playwright-tests.md"
[update:84912] [13:51:15] [DEBUG] (2) velopack::bundle: Writing file to disk with 64k buffer: "C:\\Users\\jori\\Downloads\\tmp-coordinator-lifecycle\\root\\packages\\VelopackTemp\\tmp_SSYLT23pJ5taSlUD\\payload\\mcp\\node_modules\\playwright-core\\lib\\tools\\skills\\playwright-cli\\references\\playwright-tests.md"
[update:84912] [13:51:15] [DEBUG] (2) velopack::bundle:     95 Extracting 'lib/app/payload/mcp/node_modules/playwright-core/lib/tools/skills/playwright-cli/references/pr-attachments.md' to '"C:\\Users\\jori\\Downloads\\tmp-coordinator-lifecycle\\root\\packages\\VelopackTemp\\tmp_SSYLT23pJ5taSlUD\\payload\\mcp\\node_modules\\playwright-core\\lib\\tools\\skills\\playwright-cli\\references\\pr-attachments.md"'
[update:84912] [13:51:15] [DEBUG] (2) velopack::bundle: Extracting zip file to path: "C:\\Users\\jori\\Downloads\\tmp-coordinator-lifecycle\\root\\packages\\VelopackTemp\\tmp_SSYLT23pJ5taSlUD\\payload\\mcp\\node_modules\\playwright-core\\lib\\tools\\skills\\playwright-cli\\references\\pr-attachments.md"
[update:84912] [13:51:15] [DEBUG] (2) velopack::bundle: Writing file to disk with 64k buffer: "C:\\Users\\jori\\Downloads\\tmp-coordinator-lifecycle\\root\\packages\\VelopackTemp\\tmp_SSYLT23pJ5taSlUD\\payload\\mcp\\node_modules\\playwright-core\\lib\\tools\\skills\\playwright-cli\\references\\pr-attachments.md"
[update:84912] [13:51:15] [DEBUG] (2) velopack::bundle:     96 Extracting 'lib/app/payload/mcp/node_modules/playwright-core/lib/tools/skills/playwright-cli/references/request-mocking.md' to '"C:\\Users\\jori\\Downloads\\tmp-coordinator-lifecycle\\root\\packages\\VelopackTemp\\tmp_SSYLT23pJ5taSlUD\\payload\\mcp\\node_modules\\playwright-core\\lib\\tools\\skills\\playwright-cli\\references\\request-mocking.md"'
[update:84912] [13:51:15] [DEBUG] (2) velopack::bundle: Extracting zip file to path: "C:\\Users\\jori\\Downloads\\tmp-coordinator-lifecycle\\root\\packages\\VelopackTemp\\tmp_SSYLT23pJ5taSlUD\\payload\\mcp\\node_modules\\playwright-core\\lib\\tools\\skills\\playwright-cli\\references\\request-mocking.md"
[update:84912] [13:51:15] [DEBUG] (2) velopack::bundle: Writing file to disk with 64k buffer: "C:\\Users\\jori\\Downloads\\tmp-coordinator-lifecycle\\root\\packages\\VelopackTemp\\tmp_SSYLT23pJ5taSlUD\\payload\\mcp\\node_modules\\playwright-core\\lib\\tools\\skills\\playwright-cli\\references\\request-mocking.md"
[update:84912] [13:51:15] [DEBUG] (2) velopack::bundle:     97 Extracting 'lib/app/payload/mcp/node_modules/playwright-core/lib/tools/skills/playwright-cli/references/running-code.md' to '"C:\\Users\\jori\\Downloads\\tmp-coordinator-lifecycle\\root\\packages\\VelopackTemp\\tmp_SSYLT23pJ5taSlUD\\payload\\mcp\\node_modules\\playwright-core\\lib\\tools\\skills\\playwright-cli\\references\\running-code.md"'
[update:84912] [13:51:15] [DEBUG] (2) velopack::bundle: Extracting zip file to path: "C:\\Users\\jori\\Downloads\\tmp-coordinator-lifecycle\\root\\packages\\VelopackTemp\\tmp_SSYLT23pJ5taSlUD\\payload\\mcp\\node_modules\\playwright-core\\lib\\tools\\skills\\playwright-cli\\references\\running-code.md"
[update:84912] [13:51:15] [DEBUG] (2) velopack::bundle: Writing file to disk with 64k buffer: "C:\\Users\\jori\\Downloads\\tmp-coordinator-lifecycle\\root\\packages\\VelopackTemp\\tmp_SSYLT23pJ5taSlUD\\payload\\mcp\\node_modules\\playwright-core\\lib\\tools\\skills\\playwright-cli\\references\\running-code.md"
[update:84912] [13:51:15] [DEBUG] (2) velopack::bundle:     98 Extracting 'lib/app/payload/mcp/node_modules/playwright-core/lib/tools/skills/playwright-cli/references/session-management.md' to '"C:\\Users\\jori\\Downloads\\tmp-coordinator-lifecycle\\root\\packages\\VelopackTemp\\tmp_SSYLT23pJ5taSlUD\\payload\\mcp\\node_modules\\playwright-core\\lib\\tools\\skills\\playwright-cli\\references\\session-management.md"'
[update:84912] [13:51:15] [DEBUG] (2) velopack::bundle: Extracting zip file to path: "C:\\Users\\jori\\Downloads\\tmp-coordinator-lifecycle\\root\\packages\\VelopackTemp\\tmp_SSYLT23pJ5taSlUD\\payload\\mcp\\node_modules\\playwright-core\\lib\\tools\\skills\\playwright-cli\\references\\session-management.md"
[update:84912] [13:51:15] [DEBUG] (2) velopack::bundle: Writing file to disk with 64k buffer: "C:\\Users\\jori\\Downloads\\tmp-coordinator-lifecycle\\root\\packages\\VelopackTemp\\tmp_SSYLT23pJ5taSlUD\\payload\\mcp\\node_modules\\playwright-core\\lib\\tools\\skills\\playwright-cli\\references\\session-management.md"
[update:84912] [13:51:15] [DEBUG] (2) velopack::bundle:     99 Extracting 'lib/app/payload/mcp/node_modules/playwright-core/lib/tools/skills/playwright-cli/references/storage-state.md' to '"C:\\Users\\jori\\Downloads\\tmp-coordinator-lifecycle\\root\\packages\\VelopackTemp\\tmp_SSYLT23pJ5taSlUD\\payload\\mcp\\node_modules\\playwright-core\\lib\\tools\\skills\\playwright-cli\\references\\storage-state.md"'
[update:84912] [13:51:15] [DEBUG] (2) velopack::bundle: Extracting zip file to path: "C:\\Users\\jori\\Downloads\\tmp-coordinator-lifecycle\\root\\packages\\VelopackTemp\\tmp_SSYLT23pJ5taSlUD\\payload\\mcp\\node_modules\\playwright-core\\lib\\tools\\skills\\playwright-cli\\references\\storage-state.md"
[update:84912] [13:51:15] [DEBUG] (2) velopack::bundle: Writing file to disk with 64k buffer: "C:\\Users\\jori\\Downloads\\tmp-coordinator-lifecycle\\root\\packages\\VelopackTemp\\tmp_SSYLT23pJ5taSlUD\\payload\\mcp\\node_modules\\playwright-core\\lib\\tools\\skills\\playwright-cli\\references\\storage-state.md"
[update:84912] [13:51:15] [DEBUG] (2) velopack::bundle:     100 Extracting 'lib/app/payload/mcp/node_modules/playwright-core/lib/tools/skills/playwright-cli/references/test-generation.md' to '"C:\\Users\\jori\\Downloads\\tmp-coordinator-lifecycle\\root\\packages\\VelopackTemp\\tmp_SSYLT23pJ5taSlUD\\payload\\mcp\\node_modules\\playwright-core\\lib\\tools\\skills\\playwright-cli\\references\\test-generation.md"'
[update:84912] [13:51:15] [DEBUG] (2) velopack::bundle: Extracting zip file to path: "C:\\Users\\jori\\Downloads\\tmp-coordinator-lifecycle\\root\\packages\\VelopackTemp\\tmp_SSYLT23pJ5taSlUD\\payload\\mcp\\node_modules\\playwright-core\\lib\\tools\\skills\\playwright-cli\\references\\test-generation.md"
[update:84912] [13:51:15] [DEBUG] (2) velopack::bundle: Writing file to disk with 64k buffer: "C:\\Users\\jori\\Downloads\\tmp-coordinator-lifecycle\\root\\packages\\VelopackTemp\\tmp_SSYLT23pJ5taSlUD\\payload\\mcp\\node_modules\\playwright-core\\lib\\tools\\skills\\playwright-cli\\references\\test-generation.md"
[update:84912] [13:51:15] [DEBUG] (2) velopack::bundle:     101 Extracting 'lib/app/payload/mcp/node_modules/playwright-core/lib/tools/skills/playwright-cli/references/tracing.md' to '"C:\\Users\\jori\\Downloads\\tmp-coordinator-lifecycle\\root\\packages\\VelopackTemp\\tmp_SSYLT23pJ5taSlUD\\payload\\mcp\\node_modules\\playwright-core\\lib\\tools\\skills\\playwright-cli\\references\\tracing.md"'
[update:84912] [13:51:15] [DEBUG] (2) velopack::bundle: Extracting zip file to path: "C:\\Users\\jori\\Downloads\\tmp-coordinator-lifecycle\\root\\packages\\VelopackTemp\\tmp_SSYLT23pJ5taSlUD\\payload\\mcp\\node_modules\\playwright-core\\lib\\tools\\skills\\playwright-cli\\references\\tracing.md"
[update:84912] [13:51:15] [DEBUG] (2) velopack::bundle: Writing file to disk with 64k buffer: "C:\\Users\\jori\\Downloads\\tmp-coordinator-lifecycle\\root\\packages\\VelopackTemp\\tmp_SSYLT23pJ5taSlUD\\payload\\mcp\\node_modules\\playwright-core\\lib\\tools\\skills\\playwright-cli\\references\\tracing.md"
[update:84912] [13:51:15] [DEBUG] (2) velopack::bundle:     102 Extracting 'lib/app/payload/mcp/node_modules/playwright-core/lib/tools/skills/playwright-cli/references/video-recording.md' to '"C:\\Users\\jori\\Downloads\\tmp-coordinator-lifecycle\\root\\packages\\VelopackTemp\\tmp_SSYLT23pJ5taSlUD\\payload\\mcp\\node_modules\\playwright-core\\lib\\tools\\skills\\playwright-cli\\references\\video-recording.md"'
[update:84912] [13:51:15] [DEBUG] (2) velopack::bundle: Extracting zip file to path: "C:\\Users\\jori\\Downloads\\tmp-coordinator-lifecycle\\root\\packages\\VelopackTemp\\tmp_SSYLT23pJ5taSlUD\\payload\\mcp\\node_modules\\playwright-core\\lib\\tools\\skills\\playwright-cli\\references\\video-recording.md"
[update:84912] [13:51:15] [DEBUG] (2) velopack::bundle: Writing file to disk with 64k buffer: "C:\\Users\\jori\\Downloads\\tmp-coordinator-lifecycle\\root\\packages\\VelopackTemp\\tmp_SSYLT23pJ5taSlUD\\payload\\mcp\\node_modules\\playwright-core\\lib\\tools\\skills\\playwright-cli\\references\\video-recording.md"
[update:84912] [13:51:15] [DEBUG] (2) velopack::bundle:     103 Extracting 'lib/app/payload/mcp/node_modules/playwright-core/lib/tools/dashboard/appIcon.png' to '"C:\\Users\\jori\\Downloads\\tmp-coordinator-lifecycle\\root\\packages\\VelopackTemp\\tmp_SSYLT23pJ5taSlUD\\payload\\mcp\\node_modules\\playwright-core\\lib\\tools\\dashboard\\appIcon.png"'
[update:84912] [13:51:15] [DEBUG] (2) velopack::bundle: Extracting zip file to path: "C:\\Users\\jori\\Downloads\\tmp-coordinator-lifecycle\\root\\packages\\VelopackTemp\\tmp_SSYLT23pJ5taSlUD\\payload\\mcp\\node_modules\\playwright-core\\lib\\tools\\dashboard\\appIcon.png"
[update:84912] [13:51:15] [DEBUG] (2) velopack::bundle: Creating parent directory: "C:\\Users\\jori\\Downloads\\tmp-coordinator-lifecycle\\root\\packages\\VelopackTemp\\tmp_SSYLT23pJ5taSlUD\\payload\\mcp\\node_modules\\playwright-core\\lib\\tools\\dashboard"
[update:84912] [13:51:15] [DEBUG] (2) velopack::bundle: Writing file to disk with 64k buffer: "C:\\Users\\jori\\Downloads\\tmp-coordinator-lifecycle\\root\\packages\\VelopackTemp\\tmp_SSYLT23pJ5taSlUD\\payload\\mcp\\node_modules\\playwright-core\\lib\\tools\\dashboard\\appIcon.png"
[update:84912] [13:51:15] [DEBUG] (2) velopack::bundle:     104 Extracting 'lib/app/payload/mcp/node_modules/playwright-core/lib/tools/cli-client/channelSessions.js' to '"C:\\Users\\jori\\Downloads\\tmp-coordinator-lifecycle\\root\\packages\\VelopackTemp\\tmp_SSYLT23pJ5taSlUD\\payload\\mcp\\node_modules\\playwright-core\\lib\\tools\\cli-client\\channelSessions.js"'
[update:84912] [13:51:15] [DEBUG] (2) velopack::bundle: Extracting zip file to path: "C:\\Users\\jori\\Downloads\\tmp-coordinator-lifecycle\\root\\packages\\VelopackTemp\\tmp_SSYLT23pJ5taSlUD\\payload\\mcp\\node_modules\\playwright-core\\lib\\tools\\cli-client\\channelSessions.js"
[update:84912] [13:51:15] [DEBUG] (2) velopack::bundle: Creating parent directory: "C:\\Users\\jori\\Downloads\\tmp-coordinator-lifecycle\\root\\packages\\VelopackTemp\\tmp_SSYLT23pJ5taSlUD\\payload\\mcp\\node_modules\\playwright-core\\lib\\tools\\cli-client"
[update:84912] [13:51:15] [DEBUG] (2) velopack::bundle: Writing file to disk with 64k buffer: "C:\\Users\\jori\\Downloads\\tmp-coordinator-lifecycle\\root\\packages\\VelopackTemp\\tmp_SSYLT23pJ5taSlUD\\payload\\mcp\\node_modules\\playwright-core\\lib\\tools\\cli-client\\channelSessions.js"
[update:84912] [13:51:15] [DEBUG] (2) velopack::bundle:     105 Extracting 'lib/app/payload/mcp/node_modules/playwright-core/lib/tools/cli-client/cli.js' to '"C:\\Users\\jori\\Downloads\\tmp-coordinator-lifecycle\\root\\packages\\VelopackTemp\\tmp_SSYLT23pJ5taSlUD\\payload\\mcp\\node_modules\\playwright-core\\lib\\tools\\cli-client\\cli.js"'
[update:84912] [13:51:15] [DEBUG] (2) velopack::bundle: Extracting zip file to path: "C:\\Users\\jori\\Downloads\\tmp-coordinator-lifecycle\\root\\packages\\VelopackTemp\\tmp_SSYLT23pJ5taSlUD\\payload\\mcp\\node_modules\\playwright-core\\lib\\tools\\cli-client\\cli.js"
[update:84912] [13:51:15] [DEBUG] (2) velopack::bundle: Writing file to disk with 64k buffer: "C:\\Users\\jori\\Downloads\\tmp-coordinator-lifecycle\\root\\packages\\VelopackTemp\\tmp_SSYLT23pJ5taSlUD\\payload\\mcp\\node_modules\\playwright-core\\lib\\tools\\cli-client\\cli.js"
[update:84912] [13:51:15] [DEBUG] (2) velopack::bundle:     106 Extracting 'lib/app/payload/mcp/node_modules/playwright-core/lib/tools/cli-client/help.json' to '"C:\\Users\\jori\\Downloads\\tmp-coordinator-lifecycle\\root\\packages\\VelopackTemp\\tmp_SSYLT23pJ5taSlUD\\payload\\mcp\\node_modules\\playwright-core\\lib\\tools\\cli-client\\help.json"'
[update:84912] [13:51:15] [DEBUG] (2) velopack::bundle: Extracting zip file to path: "C:\\Users\\jori\\Downloads\\tmp-coordinator-lifecycle\\root\\packages\\VelopackTemp\\tmp_SSYLT23pJ5taSlUD\\payload\\mcp\\node_modules\\playwright-core\\lib\\tools\\cli-client\\help.json"
[update:84912] [13:51:15] [DEBUG] (2) velopack::bundle: Writing file to disk with 64k buffer: "C:\\Users\\jori\\Downloads\\tmp-coordinator-lifecycle\\root\\packages\\VelopackTemp\\tmp_SSYLT23pJ5taSlUD\\payload\\mcp\\node_modules\\playwright-core\\lib\\tools\\cli-client\\help.json"
[update:84912] [13:51:15] [DEBUG] (2) velopack::bundle:     107 Extracting 'lib/app/payload/mcp/node_modules/playwright-core/lib/tools/cli-client/minimist.js' to '"C:\\Users\\jori\\Downloads\\tmp-coordinator-lifecycle\\root\\packages\\VelopackTemp\\tmp_SSYLT23pJ5taSlUD\\payload\\mcp\\node_modules\\playwright-core\\lib\\tools\\cli-client\\minimist.js"'
[update:84912] [13:51:15] [DEBUG] (2) velopack::bundle: Extracting zip file to path: "C:\\Users\\jori\\Downloads\\tmp-coordinator-lifecycle\\root\\packages\\VelopackTemp\\tmp_SSYLT23pJ5taSlUD\\payload\\mcp\\node_modules\\playwright-core\\lib\\tools\\cli-client\\minimist.js"
[update:84912] [13:51:15] [DEBUG] (2) velopack::bundle: Writing file to disk with 64k buffer: "C:\\Users\\jori\\Downloads\\tmp-coordinator-lifecycle\\root\\packages\\VelopackTemp\\tmp_SSYLT23pJ5taSlUD\\payload\\mcp\\node_modules\\playwright-core\\lib\\tools\\cli-client\\minimist.js"
[update:84912] [13:51:15] [DEBUG] (2) velopack::bundle:     108 Extracting 'lib/app/payload/mcp/node_modules/playwright-core/lib/tools/cli-client/output.js' to '"C:\\Users\\jori\\Downloads\\tmp-coordinator-lifecycle\\root\\packages\\VelopackTemp\\tmp_SSYLT23pJ5taSlUD\\payload\\mcp\\node_modules\\playwright-core\\lib\\tools\\cli-client\\output.js"'
[update:84912] [13:51:15] [DEBUG] (2) velopack::bundle: Extracting zip file to path: "C:\\Users\\jori\\Downloads\\tmp-coordinator-lifecycle\\root\\packages\\VelopackTemp\\tmp_SSYLT23pJ5taSlUD\\payload\\mcp\\node_modules\\playwright-core\\lib\\tools\\cli-client\\output.js"
[update:84912] [13:51:15] [DEBUG] (2) velopack::bundle: Writing file to disk with 64k buffer: "C:\\Users\\jori\\Downloads\\tmp-coordinator-lifecycle\\root\\packages\\VelopackTemp\\tmp_SSYLT23pJ5taSlUD\\payload\\mcp\\node_modules\\playwright-core\\lib\\tools\\cli-client\\output.js"
[update:84912] [13:51:15] [DEBUG] (2) velopack::bundle:     109 Extracting 'lib/app/payload/mcp/node_modules/playwright-core/lib/tools/cli-client/program.js' to '"C:\\Users\\jori\\Downloads\\tmp-coordinator-lifecycle\\root\\packages\\VelopackTemp\\tmp_SSYLT23pJ5taSlUD\\payload\\mcp\\node_modules\\playwright-core\\lib\\tools\\cli-client\\program.js"'
[update:84912] [13:51:15] [DEBUG] (2) velopack::bundle: Extracting zip file to path: "C:\\Users\\jori\\Downloads\\tmp-coordinator-lifecycle\\root\\packages\\VelopackTemp\\tmp_SSYLT23pJ5taSlUD\\payload\\mcp\\node_modules\\playwright-core\\lib\\tools\\cli-client\\program.js"
[update:84912] [13:51:15] [DEBUG] (2) velopack::bundle: Writing file to disk with 64k buffer: "C:\\Users\\jori\\Downloads\\tmp-coordinator-lifecycle\\root\\packages\\VelopackTemp\\tmp_SSYLT23pJ5taSlUD\\payload\\mcp\\node_modules\\playwright-core\\lib\\tools\\cli-client\\program.js"
[update:84912] [13:51:15] [DEBUG] (2) velopack::bundle:     110 Extracting 'lib/app/payload/mcp/node_modules/playwright-core/lib/tools/cli-client/registry.js' to '"C:\\Users\\jori\\Downloads\\tmp-coordinator-lifecycle\\root\\packages\\VelopackTemp\\tmp_SSYLT23pJ5taSlUD\\payload\\mcp\\node_modules\\playwright-core\\lib\\tools\\cli-client\\registry.js"'
[update:84912] [13:51:15] [DEBUG] (2) velopack::bundle: Extracting zip file to path: "C:\\Users\\jori\\Downloads\\tmp-coordinator-lifecycle\\root\\packages\\VelopackTemp\\tmp_SSYLT23pJ5taSlUD\\payload\\mcp\\node_modules\\playwright-core\\lib\\tools\\cli-client\\registry.js"
[update:84912] [13:51:15] [DEBUG] (2) velopack::bundle: Writing file to disk with 64k buffer: "C:\\Users\\jori\\Downloads\\tmp-coordinator-lifecycle\\root\\packages\\VelopackTemp\\tmp_SSYLT23pJ5taSlUD\\payload\\mcp\\node_modules\\playwright-core\\lib\\tools\\cli-client\\registry.js"
[update:84912] [13:51:15] [DEBUG] (2) velopack::bundle:     111 Extracting 'lib/app/payload/mcp/node_modules/playwright-core/lib/tools/cli-client/session.js' to '"C:\\Users\\jori\\Downloads\\tmp-coordinator-lifecycle\\root\\packages\\VelopackTemp\\tmp_SSYLT23pJ5taSlUD\\payload\\mcp\\node_modules\\playwright-core\\lib\\tools\\cli-client\\session.js"'
[update:84912] [13:51:15] [DEBUG] (2) velopack::bundle: Extracting zip file to path: "C:\\Users\\jori\\Downloads\\tmp-coordinator-lifecycle\\root\\packages\\VelopackTemp\\tmp_SSYLT23pJ5taSlUD\\payload\\mcp\\node_modules\\playwright-core\\lib\\tools\\cli-client\\session.js"
[update:84912] [13:51:15] [DEBUG] (2) velopack::bundle: Writing file to disk with 64k buffer: "C:\\Users\\jori\\Downloads\\tmp-coordinator-lifecycle\\root\\packages\\VelopackTemp\\tmp_SSYLT23pJ5taSlUD\\payload\\mcp\\node_modules\\playwright-core\\lib\\tools\\cli-client\\session.js"
[update:84912] [13:51:15] [DEBUG] (2) velopack::bundle:     112 Extracting 'lib/app/payload/mcp/node_modules/playwright-core/lib/server/electron/loader.js' to '"C:\\Users\\jori\\Downloads\\tmp-coordinator-lifecycle\\root\\packages\\VelopackTemp\\tmp_SSYLT23pJ5taSlUD\\payload\\mcp\\node_modules\\playwright-core\\lib\\server\\electron\\loader.js"'
[update:84912] [13:51:15] [DEBUG] (2) velopack::bundle: Extracting zip file to path: "C:\\Users\\jori\\Downloads\\tmp-coordinator-lifecycle\\root\\packages\\VelopackTemp\\tmp_SSYLT23pJ5taSlUD\\payload\\mcp\\node_modules\\playwright-core\\lib\\server\\electron\\loader.js"
[update:84912] [13:51:15] [DEBUG] (2) velopack::bundle: Creating parent directory: "C:\\Users\\jori\\Downloads\\tmp-coordinator-lifecycle\\root\\packages\\VelopackTemp\\tmp_SSYLT23pJ5taSlUD\\payload\\mcp\\node_modules\\playwright-core\\lib\\server\\electron"
[update:84912] [13:51:15] [DEBUG] (2) velopack::bundle: Writing file to disk with 64k buffer: "C:\\Users\\jori\\Downloads\\tmp-coordinator-lifecycle\\root\\packages\\VelopackTemp\\tmp_SSYLT23pJ5taSlUD\\payload\\mcp\\node_modules\\playwright-core\\lib\\server\\electron\\loader.js"
[update:84912] [13:51:15] [DEBUG] (2) velopack::bundle:     113 Extracting 'lib/app/payload/mcp/node_modules/playwright-core/lib/server/chromium/appIcon.png' to '"C:\\Users\\jori\\Downloads\\tmp-coordinator-lifecycle\\root\\packages\\VelopackTemp\\tmp_SSYLT23pJ5taSlUD\\payload\\mcp\\node_modules\\playwright-core\\lib\\server\\chromium\\appIcon.png"'
[update:84912] [13:51:15] [DEBUG] (2) velopack::bundle: Extracting zip file to path: "C:\\Users\\jori\\Downloads\\tmp-coordinator-lifecycle\\root\\packages\\VelopackTemp\\tmp_SSYLT23pJ5taSlUD\\payload\\mcp\\node_modules\\playwright-core\\lib\\server\\chromium\\appIcon.png"
[update:84912] [13:51:15] [DEBUG] (2) velopack::bundle: Creating parent directory: "C:\\Users\\jori\\Downloads\\tmp-coordinator-lifecycle\\root\\packages\\VelopackTemp\\tmp_SSYLT23pJ5taSlUD\\payload\\mcp\\node_modules\\playwright-core\\lib\\server\\chromium"
[update:84912] [13:51:15] [DEBUG] (2) velopack::bundle: Writing file to disk with 64k buffer: "C:\\Users\\jori\\Downloads\\tmp-coordinator-lifecycle\\root\\packages\\VelopackTemp\\tmp_SSYLT23pJ5taSlUD\\payload\\mcp\\node_modules\\playwright-core\\lib\\server\\chromium\\appIcon.png"
[update:84912] [13:51:15] [DEBUG] (2) velopack::bundle:     114 Extracting 'lib/app/payload/mcp/node_modules/playwright-core/lib/entry/cliDaemon.js' to '"C:\\Users\\jori\\Downloads\\tmp-coordinator-lifecycle\\root\\packages\\VelopackTemp\\tmp_SSYLT23pJ5taSlUD\\payload\\mcp\\node_modules\\playwright-core\\lib\\entry\\cliDaemon.js"'
[update:84912] [13:51:15] [DEBUG] (2) velopack::bundle: Extracting zip file to path: "C:\\Users\\jori\\Downloads\\tmp-coordinator-lifecycle\\root\\packages\\VelopackTemp\\tmp_SSYLT23pJ5taSlUD\\payload\\mcp\\node_modules\\playwright-core\\lib\\entry\\cliDaemon.js"
[update:84912] [13:51:15] [DEBUG] (2) velopack::bundle: Creating parent directory: "C:\\Users\\jori\\Downloads\\tmp-coordinator-lifecycle\\root\\packages\\VelopackTemp\\tmp_SSYLT23pJ5taSlUD\\payload\\mcp\\node_modules\\playwright-core\\lib\\entry"
[update:84912] [13:51:15] [DEBUG] (2) velopack::bundle: Writing file to disk with 64k buffer: "C:\\Users\\jori\\Downloads\\tmp-coordinator-lifecycle\\root\\packages\\VelopackTemp\\tmp_SSYLT23pJ5taSlUD\\payload\\mcp\\node_modules\\playwright-core\\lib\\entry\\cliDaemon.js"
[update:84912] [13:51:15] [DEBUG] (2) velopack::bundle:     115 Extracting 'lib/app/payload/mcp/node_modules/playwright-core/lib/entry/dashboardApp.js' to '"C:\\Users\\jori\\Downloads\\tmp-coordinator-lifecycle\\root\\packages\\VelopackTemp\\tmp_SSYLT23pJ5taSlUD\\payload\\mcp\\node_modules\\playwright-core\\lib\\entry\\dashboardApp.js"'
[update:84912] [13:51:15] [DEBUG] (2) velopack::bundle: Extracting zip file to path: "C:\\Users\\jori\\Downloads\\tmp-coordinator-lifecycle\\root\\packages\\VelopackTemp\\tmp_SSYLT23pJ5taSlUD\\payload\\mcp\\node_modules\\playwright-core\\lib\\entry\\dashboardApp.js"
[update:84912] [13:51:15] [DEBUG] (2) velopack::bundle: Writing file to disk with 64k buffer: "C:\\Users\\jori\\Downloads\\tmp-coordinator-lifecycle\\root\\packages\\VelopackTemp\\tmp_SSYLT23pJ5taSlUD\\payload\\mcp\\node_modules\\playwright-core\\lib\\entry\\dashboardApp.js"
[update:84912] [13:51:15] [DEBUG] (2) velopack::bundle:     116 Extracting 'lib/app/payload/mcp/node_modules/playwright-core/lib/entry/mcp.js' to '"C:\\Users\\jori\\Downloads\\tmp-coordinator-lifecycle\\root\\packages\\VelopackTemp\\tmp_SSYLT23pJ5taSlUD\\payload\\mcp\\node_modules\\playwright-core\\lib\\entry\\mcp.js"'
[update:84912] [13:51:15] [DEBUG] (2) velopack::bundle: Extracting zip file to path: "C:\\Users\\jori\\Downloads\\tmp-coordinator-lifecycle\\root\\packages\\VelopackTemp\\tmp_SSYLT23pJ5taSlUD\\payload\\mcp\\node_modules\\playwright-core\\lib\\entry\\mcp.js"
[update:84912] [13:51:15] [DEBUG] (2) velopack::bundle: Writing file to disk with 64k buffer: "C:\\Users\\jori\\Downloads\\tmp-coordinator-lifecycle\\root\\packages\\VelopackTemp\\tmp_SSYLT23pJ5taSlUD\\payload\\mcp\\node_modules\\playwright-core\\lib\\entry\\mcp.js"
[update:84912] [13:51:15] [DEBUG] (2) velopack::bundle:     117 Extracting 'lib/app/payload/mcp/node_modules/playwright-core/lib/entry/oopBrowserDownload.js' to '"C:\\Users\\jori\\Downloads\\tmp-coordinator-lifecycle\\root\\packages\\VelopackTemp\\tmp_SSYLT23pJ5taSlUD\\payload\\mcp\\node_modules\\playwright-core\\lib\\entry\\oopBrowserDownload.js"'
[update:84912] [13:51:15] [DEBUG] (2) velopack::bundle: Extracting zip file to path: "C:\\Users\\jori\\Downloads\\tmp-coordinator-lifecycle\\root\\packages\\VelopackTemp\\tmp_SSYLT23pJ5taSlUD\\payload\\mcp\\node_modules\\playwright-core\\lib\\entry\\oopBrowserDownload.js"
[update:84912] [13:51:15] [DEBUG] (2) velopack::bundle: Writing file to disk with 64k buffer: "C:\\Users\\jori\\Downloads\\tmp-coordinator-lifecycle\\root\\packages\\VelopackTemp\\tmp_SSYLT23pJ5taSlUD\\payload\\mcp\\node_modules\\playwright-core\\lib\\entry\\oopBrowserDownload.js"
[update:84912] [13:51:15] [DEBUG] (2) velopack::bundle:     118 Extracting 'lib/app/payload/mcp/node_modules/playwright-core/bin/install_media_pack.ps1' to '"C:\\Users\\jori\\Downloads\\tmp-coordinator-lifecycle\\root\\packages\\VelopackTemp\\tmp_SSYLT23pJ5taSlUD\\payload\\mcp\\node_modules\\playwright-core\\bin\\install_media_pack.ps1"'
[update:84912] [13:51:15] [DEBUG] (2) velopack::bundle: Extracting zip file to path: "C:\\Users\\jori\\Downloads\\tmp-coordinator-lifecycle\\root\\packages\\VelopackTemp\\tmp_SSYLT23pJ5taSlUD\\payload\\mcp\\node_modules\\playwright-core\\bin\\install_media_pack.ps1"
[update:84912] [13:51:15] [DEBUG] (2) velopack::bundle: Creating parent directory: "C:\\Users\\jori\\Downloads\\tmp-coordinator-lifecycle\\root\\packages\\VelopackTemp\\tmp_SSYLT23pJ5taSlUD\\payload\\mcp\\node_modules\\playwright-core\\bin"
[update:84912] [13:51:15] [DEBUG] (2) velopack::bundle: Writing file to disk with 64k buffer: "C:\\Users\\jori\\Downloads\\tmp-coordinator-lifecycle\\root\\packages\\VelopackTemp\\tmp_SSYLT23pJ5taSlUD\\payload\\mcp\\node_modules\\playwright-core\\bin\\install_media_pack.ps1"
[update:84912] [13:51:15] [DEBUG] (2) velopack::bundle:     119 Extracting 'lib/app/payload/mcp/node_modules/playwright-core/bin/install_webkit_wsl.ps1' to '"C:\\Users\\jori\\Downloads\\tmp-coordinator-lifecycle\\root\\packages\\VelopackTemp\\tmp_SSYLT23pJ5taSlUD\\payload\\mcp\\node_modules\\playwright-core\\bin\\install_webkit_wsl.ps1"'
[update:84912] [13:51:15] [DEBUG] (2) velopack::bundle: Extracting zip file to path: "C:\\Users\\jori\\Downloads\\tmp-coordinator-lifecycle\\root\\packages\\VelopackTemp\\tmp_SSYLT23pJ5taSlUD\\payload\\mcp\\node_modules\\playwright-core\\bin\\install_webkit_wsl.ps1"
[update:84912] [13:51:15] [DEBUG] (2) velopack::bundle: Writing file to disk with 64k buffer: "C:\\Users\\jori\\Downloads\\tmp-coordinator-lifecycle\\root\\packages\\VelopackTemp\\tmp_SSYLT23pJ5taSlUD\\payload\\mcp\\node_modules\\playwright-core\\bin\\install_webkit_wsl.ps1"
[update:84912] [13:51:15] [DEBUG] (2) velopack::bundle:     120 Extracting 'lib/app/payload/mcp/node_modules/playwright-core/bin/reinstall_chrome_beta_linux.sh' to '"C:\\Users\\jori\\Downloads\\tmp-coordinator-lifecycle\\root\\packages\\VelopackTemp\\tmp_SSYLT23pJ5taSlUD\\payload\\mcp\\node_modules\\playwright-core\\bin\\reinstall_chrome_beta_linux.sh"'
[update:84912] [13:51:15] [DEBUG] (2) velopack::bundle: Extracting zip file to path: "C:\\Users\\jori\\Downloads\\tmp-coordinator-lifecycle\\root\\packages\\VelopackTemp\\tmp_SSYLT23pJ5taSlUD\\payload\\mcp\\node_modules\\playwright-core\\bin\\reinstall_chrome_beta_linux.sh"
[update:84912] [13:51:15] [DEBUG] (2) velopack::bundle: Writing file to disk with 64k buffer: "C:\\Users\\jori\\Downloads\\tmp-coordinator-lifecycle\\root\\packages\\VelopackTemp\\tmp_SSYLT23pJ5taSlUD\\payload\\mcp\\node_modules\\playwright-core\\bin\\reinstall_chrome_beta_linux.sh"
[update:84912] [13:51:15] [DEBUG] (2) velopack::bundle:     121 Extracting 'lib/app/payload/mcp/node_modules/playwright-core/bin/reinstall_chrome_beta_mac.sh' to '"C:\\Users\\jori\\Downloads\\tmp-coordinator-lifecycle\\root\\packages\\VelopackTemp\\tmp_SSYLT23pJ5taSlUD\\payload\\mcp\\node_modules\\playwright-core\\bin\\reinstall_chrome_beta_mac.sh"'
[update:84912] [13:51:15] [DEBUG] (2) velopack::bundle: Extracting zip file to path: "C:\\Users\\jori\\Downloads\\tmp-coordinator-lifecycle\\root\\packages\\VelopackTemp\\tmp_SSYLT23pJ5taSlUD\\payload\\mcp\\node_modules\\playwright-core\\bin\\reinstall_chrome_beta_mac.sh"
[update:84912] [13:51:15] [DEBUG] (2) velopack::bundle: Writing file to disk with 64k buffer: "C:\\Users\\jori\\Downloads\\tmp-coordinator-lifecycle\\root\\packages\\VelopackTemp\\tmp_SSYLT23pJ5taSlUD\\payload\\mcp\\node_modules\\playwright-core\\bin\\reinstall_chrome_beta_mac.sh"
[update:84912] [13:51:15] [DEBUG] (2) velopack::bundle:     122 Extracting 'lib/app/payload/mcp/node_modules/playwright-core/bin/reinstall_chrome_beta_win.ps1' to '"C:\\Users\\jori\\Downloads\\tmp-coordinator-lifecycle\\root\\packages\\VelopackTemp\\tmp_SSYLT23pJ5taSlUD\\payload\\mcp\\node_modules\\playwright-core\\bin\\reinstall_chrome_beta_win.ps1"'
[update:84912] [13:51:15] [DEBUG] (2) velopack::bundle: Extracting zip file to path: "C:\\Users\\jori\\Downloads\\tmp-coordinator-lifecycle\\root\\packages\\VelopackTemp\\tmp_SSYLT23pJ5taSlUD\\payload\\mcp\\node_modules\\playwright-core\\bin\\reinstall_chrome_beta_win.ps1"
[update:84912] [13:51:15] [DEBUG] (2) velopack::bundle: Writing file to disk with 64k buffer: "C:\\Users\\jori\\Downloads\\tmp-coordinator-lifecycle\\root\\packages\\VelopackTemp\\tmp_SSYLT23pJ5taSlUD\\payload\\mcp\\node_modules\\playwright-core\\bin\\reinstall_chrome_beta_win.ps1"
[update:84912] [13:51:15] [DEBUG] (2) velopack::bundle:     123 Extracting 'lib/app/payload/mcp/node_modules/playwright-core/bin/reinstall_chrome_stable_linux.sh' to '"C:\\Users\\jori\\Downloads\\tmp-coordinator-lifecycle\\root\\packages\\VelopackTemp\\tmp_SSYLT23pJ5taSlUD\\payload\\mcp\\node_modules\\playwright-core\\bin\\reinstall_chrome_stable_linux.sh"'
[update:84912] [13:51:15] [DEBUG] (2) velopack::bundle: Extracting zip file to path: "C:\\Users\\jori\\Downloads\\tmp-coordinator-lifecycle\\root\\packages\\VelopackTemp\\tmp_SSYLT23pJ5taSlUD\\payload\\mcp\\node_modules\\playwright-core\\bin\\reinstall_chrome_stable_linux.sh"
[update:84912] [13:51:15] [DEBUG] (2) velopack::bundle: Writing file to disk with 64k buffer: "C:\\Users\\jori\\Downloads\\tmp-coordinator-lifecycle\\root\\packages\\VelopackTemp\\tmp_SSYLT23pJ5taSlUD\\payload\\mcp\\node_modules\\playwright-core\\bin\\reinstall_chrome_stable_linux.sh"
[update:84912] [13:51:15] [DEBUG] (2) velopack::bundle:     124 Extracting 'lib/app/payload/mcp/node_modules/playwright-core/bin/reinstall_chrome_stable_mac.sh' to '"C:\\Users\\jori\\Downloads\\tmp-coordinator-lifecycle\\root\\packages\\VelopackTemp\\tmp_SSYLT23pJ5taSlUD\\payload\\mcp\\node_modules\\playwright-core\\bin\\reinstall_chrome_stable_mac.sh"'
[update:84912] [13:51:15] [DEBUG] (2) velopack::bundle: Extracting zip file to path: "C:\\Users\\jori\\Downloads\\tmp-coordinator-lifecycle\\root\\packages\\VelopackTemp\\tmp_SSYLT23pJ5taSlUD\\payload\\mcp\\node_modules\\playwright-core\\bin\\reinstall_chrome_stable_mac.sh"
[update:84912] [13:51:15] [DEBUG] (2) velopack::bundle: Writing file to disk with 64k buffer: "C:\\Users\\jori\\Downloads\\tmp-coordinator-lifecycle\\root\\packages\\VelopackTemp\\tmp_SSYLT23pJ5taSlUD\\payload\\mcp\\node_modules\\playwright-core\\bin\\reinstall_chrome_stable_mac.sh"
[update:84912] [13:51:15] [DEBUG] (2) velopack::bundle:     125 Extracting 'lib/app/payload/mcp/node_modules/playwright-core/bin/reinstall_chrome_stable_win.ps1' to '"C:\\Users\\jori\\Downloads\\tmp-coordinator-lifecycle\\root\\packages\\VelopackTemp\\tmp_SSYLT23pJ5taSlUD\\payload\\mcp\\node_modules\\playwright-core\\bin\\reinstall_chrome_stable_win.ps1"'
[update:84912] [13:51:15] [DEBUG] (2) velopack::bundle: Extracting zip file to path: "C:\\Users\\jori\\Downloads\\tmp-coordinator-lifecycle\\root\\packages\\VelopackTemp\\tmp_SSYLT23pJ5taSlUD\\payload\\mcp\\node_modules\\playwright-core\\bin\\reinstall_chrome_stable_win.ps1"
[update:84912] [13:51:15] [DEBUG] (2) velopack::bundle: Writing file to disk with 64k buffer: "C:\\Users\\jori\\Downloads\\tmp-coordinator-lifecycle\\root\\packages\\VelopackTemp\\tmp_SSYLT23pJ5taSlUD\\payload\\mcp\\node_modules\\playwright-core\\bin\\reinstall_chrome_stable_win.ps1"
[update:84912] [13:51:15] [DEBUG] (2) velopack::bundle:     126 Extracting 'lib/app/payload/mcp/node_modules/playwright-core/bin/reinstall_msedge_beta_linux.sh' to '"C:\\Users\\jori\\Downloads\\tmp-coordinator-lifecycle\\root\\packages\\VelopackTemp\\tmp_SSYLT23pJ5taSlUD\\payload\\mcp\\node_modules\\playwright-core\\bin\\reinstall_msedge_beta_linux.sh"'
[update:84912] [13:51:15] [DEBUG] (2) velopack::bundle: Extracting zip file to path: "C:\\Users\\jori\\Downloads\\tmp-coordinator-lifecycle\\root\\packages\\VelopackTemp\\tmp_SSYLT23pJ5taSlUD\\payload\\mcp\\node_modules\\playwright-core\\bin\\reinstall_msedge_beta_linux.sh"
[update:84912] [13:51:15] [DEBUG] (2) velopack::bundle: Writing file to disk with 64k buffer: "C:\\Users\\jori\\Downloads\\tmp-coordinator-lifecycle\\root\\packages\\VelopackTemp\\tmp_SSYLT23pJ5taSlUD\\payload\\mcp\\node_modules\\playwright-core\\bin\\reinstall_msedge_beta_linux.sh"
[update:84912] [13:51:15] [DEBUG] (2) velopack::bundle:     127 Extracting 'lib/app/payload/mcp/node_modules/playwright-core/bin/reinstall_msedge_beta_mac.sh' to '"C:\\Users\\jori\\Downloads\\tmp-coordinator-lifecycle\\root\\packages\\VelopackTemp\\tmp_SSYLT23pJ5taSlUD\\payload\\mcp\\node_modules\\playwright-core\\bin\\reinstall_msedge_beta_mac.sh"'
[update:84912] [13:51:15] [DEBUG] (2) velopack::bundle: Extracting zip file to path: "C:\\Users\\jori\\Downloads\\tmp-coordinator-lifecycle\\root\\packages\\VelopackTemp\\tmp_SSYLT23pJ5taSlUD\\payload\\mcp\\node_modules\\playwright-core\\bin\\reinstall_msedge_beta_mac.sh"
[update:84912] [13:51:15] [DEBUG] (2) velopack::bundle: Writing file to disk with 64k buffer: "C:\\Users\\jori\\Downloads\\tmp-coordinator-lifecycle\\root\\packages\\VelopackTemp\\tmp_SSYLT23pJ5taSlUD\\payload\\mcp\\node_modules\\playwright-core\\bin\\reinstall_msedge_beta_mac.sh"
[update:84912] [13:51:15] [DEBUG] (2) velopack::bundle:     128 Extracting 'lib/app/payload/mcp/node_modules/playwright-core/bin/reinstall_msedge_beta_win.ps1' to '"C:\\Users\\jori\\Downloads\\tmp-coordinator-lifecycle\\root\\packages\\VelopackTemp\\tmp_SSYLT23pJ5taSlUD\\payload\\mcp\\node_modules\\playwright-core\\bin\\reinstall_msedge_beta_win.ps1"'
[update:84912] [13:51:15] [DEBUG] (2) velopack::bundle: Extracting zip file to path: "C:\\Users\\jori\\Downloads\\tmp-coordinator-lifecycle\\root\\packages\\VelopackTemp\\tmp_SSYLT23pJ5taSlUD\\payload\\mcp\\node_modules\\playwright-core\\bin\\reinstall_msedge_beta_win.ps1"
[update:84912] [13:51:15] [DEBUG] (2) velopack::bundle: Writing file to disk with 64k buffer: "C:\\Users\\jori\\Downloads\\tmp-coordinator-lifecycle\\root\\packages\\VelopackTemp\\tmp_SSYLT23pJ5taSlUD\\payload\\mcp\\node_modules\\playwright-core\\bin\\reinstall_msedge_beta_win.ps1"
[update:84912] [13:51:15] [DEBUG] (2) velopack::bundle:     129 Extracting 'lib/app/payload/mcp/node_modules/playwright-core/bin/reinstall_msedge_dev_linux.sh' to '"C:\\Users\\jori\\Downloads\\tmp-coordinator-lifecycle\\root\\packages\\VelopackTemp\\tmp_SSYLT23pJ5taSlUD\\payload\\mcp\\node_modules\\playwright-core\\bin\\reinstall_msedge_dev_linux.sh"'
[update:84912] [13:51:15] [DEBUG] (2) velopack::bundle: Extracting zip file to path: "C:\\Users\\jori\\Downloads\\tmp-coordinator-lifecycle\\root\\packages\\VelopackTemp\\tmp_SSYLT23pJ5taSlUD\\payload\\mcp\\node_modules\\playwright-core\\bin\\reinstall_msedge_dev_linux.sh"
[update:84912] [13:51:15] [DEBUG] (2) velopack::bundle: Writing file to disk with 64k buffer: "C:\\Users\\jori\\Downloads\\tmp-coordinator-lifecycle\\root\\packages\\VelopackTemp\\tmp_SSYLT23pJ5taSlUD\\payload\\mcp\\node_modules\\playwright-core\\bin\\reinstall_msedge_dev_linux.sh"
[update:84912] [13:51:15] [DEBUG] (2) velopack::bundle:     130 Extracting 'lib/app/payload/mcp/node_modules/playwright-core/bin/reinstall_msedge_dev_mac.sh' to '"C:\\Users\\jori\\Downloads\\tmp-coordinator-lifecycle\\root\\packages\\VelopackTemp\\tmp_SSYLT23pJ5taSlUD\\payload\\mcp\\node_modules\\playwright-core\\bin\\reinstall_msedge_dev_mac.sh"'
[update:84912] [13:51:15] [DEBUG] (2) velopack::bundle: Extracting zip file to path: "C:\\Users\\jori\\Downloads\\tmp-coordinator-lifecycle\\root\\packages\\VelopackTemp\\tmp_SSYLT23pJ5taSlUD\\payload\\mcp\\node_modules\\playwright-core\\bin\\reinstall_msedge_dev_mac.sh"
[update:84912] [13:51:15] [DEBUG] (2) velopack::bundle: Writing file to disk with 64k buffer: "C:\\Users\\jori\\Downloads\\tmp-coordinator-lifecycle\\root\\packages\\VelopackTemp\\tmp_SSYLT23pJ5taSlUD\\payload\\mcp\\node_modules\\playwright-core\\bin\\reinstall_msedge_dev_mac.sh"
[update:84912] [13:51:15] [DEBUG] (2) velopack::bundle:     131 Extracting 'lib/app/payload/mcp/node_modules/playwright-core/bin/reinstall_msedge_dev_win.ps1' to '"C:\\Users\\jori\\Downloads\\tmp-coordinator-lifecycle\\root\\packages\\VelopackTemp\\tmp_SSYLT23pJ5taSlUD\\payload\\mcp\\node_modules\\playwright-core\\bin\\reinstall_msedge_dev_win.ps1"'
[update:84912] [13:51:15] [DEBUG] (2) velopack::bundle: Extracting zip file to path: "C:\\Users\\jori\\Downloads\\tmp-coordinator-lifecycle\\root\\packages\\VelopackTemp\\tmp_SSYLT23pJ5taSlUD\\payload\\mcp\\node_modules\\playwright-core\\bin\\reinstall_msedge_dev_win.ps1"
[update:84912] [13:51:15] [DEBUG] (2) velopack::bundle: Writing file to disk with 64k buffer: "C:\\Users\\jori\\Downloads\\tmp-coordinator-lifecycle\\root\\packages\\VelopackTemp\\tmp_SSYLT23pJ5taSlUD\\payload\\mcp\\node_modules\\playwright-core\\bin\\reinstall_msedge_dev_win.ps1"
[update:84912] [13:51:15] [DEBUG] (2) velopack::bundle:     132 Extracting 'lib/app/payload/mcp/node_modules/playwright-core/bin/reinstall_msedge_stable_linux.sh' to '"C:\\Users\\jori\\Downloads\\tmp-coordinator-lifecycle\\root\\packages\\VelopackTemp\\tmp_SSYLT23pJ5taSlUD\\payload\\mcp\\node_modules\\playwright-core\\bin\\reinstall_msedge_stable_linux.sh"'
[update:84912] [13:51:15] [DEBUG] (2) velopack::bundle: Extracting zip file to path: "C:\\Users\\jori\\Downloads\\tmp-coordinator-lifecycle\\root\\packages\\VelopackTemp\\tmp_SSYLT23pJ5taSlUD\\payload\\mcp\\node_modules\\playwright-core\\bin\\reinstall_msedge_stable_linux.sh"
[update:84912] [13:51:15] [DEBUG] (2) velopack::bundle: Writing file to disk with 64k buffer: "C:\\Users\\jori\\Downloads\\tmp-coordinator-lifecycle\\root\\packages\\VelopackTemp\\tmp_SSYLT23pJ5taSlUD\\payload\\mcp\\node_modules\\playwright-core\\bin\\reinstall_msedge_stable_linux.sh"
[update:84912] [13:51:15] [DEBUG] (2) velopack::bundle:     133 Extracting 'lib/app/payload/mcp/node_modules/playwright-core/bin/reinstall_msedge_stable_mac.sh' to '"C:\\Users\\jori\\Downloads\\tmp-coordinator-lifecycle\\root\\packages\\VelopackTemp\\tmp_SSYLT23pJ5taSlUD\\payload\\mcp\\node_modules\\playwright-core\\bin\\reinstall_msedge_stable_mac.sh"'
[update:84912] [13:51:15] [DEBUG] (2) velopack::bundle: Extracting zip file to path: "C:\\Users\\jori\\Downloads\\tmp-coordinator-lifecycle\\root\\packages\\VelopackTemp\\tmp_SSYLT23pJ5taSlUD\\payload\\mcp\\node_modules\\playwright-core\\bin\\reinstall_msedge_stable_mac.sh"
[update:84912] [13:51:15] [DEBUG] (2) velopack::bundle: Writing file to disk with 64k buffer: "C:\\Users\\jori\\Downloads\\tmp-coordinator-lifecycle\\root\\packages\\VelopackTemp\\tmp_SSYLT23pJ5taSlUD\\payload\\mcp\\node_modules\\playwright-core\\bin\\reinstall_msedge_stable_mac.sh"
[update:84912] [13:51:15] [DEBUG] (2) velopack::bundle:     134 Extracting 'lib/app/payload/mcp/node_modules/playwright-core/bin/reinstall_msedge_stable_win.ps1' to '"C:\\Users\\jori\\Downloads\\tmp-coordinator-lifecycle\\root\\packages\\VelopackTemp\\tmp_SSYLT23pJ5taSlUD\\payload\\mcp\\node_modules\\playwright-core\\bin\\reinstall_msedge_stable_win.ps1"'
[update:84912] [13:51:15] [DEBUG] (2) velopack::bundle: Extracting zip file to path: "C:\\Users\\jori\\Downloads\\tmp-coordinator-lifecycle\\root\\packages\\VelopackTemp\\tmp_SSYLT23pJ5taSlUD\\payload\\mcp\\node_modules\\playwright-core\\bin\\reinstall_msedge_stable_win.ps1"
[update:84912] [13:51:15] [DEBUG] (2) velopack::bundle: Writing file to disk with 64k buffer: "C:\\Users\\jori\\Downloads\\tmp-coordinator-lifecycle\\root\\packages\\VelopackTemp\\tmp_SSYLT23pJ5taSlUD\\payload\\mcp\\node_modules\\playwright-core\\bin\\reinstall_msedge_stable_win.ps1"
[update:84912] [13:51:15] [DEBUG] (2) velopack::bundle:     135 Extracting 'lib/app/payload/mcp/node_modules/playwright/cli.js' to '"C:\\Users\\jori\\Downloads\\tmp-coordinator-lifecycle\\root\\packages\\VelopackTemp\\tmp_SSYLT23pJ5taSlUD\\payload\\mcp\\node_modules\\playwright\\cli.js"'
[update:84912] [13:51:15] [DEBUG] (2) velopack::bundle: Extracting zip file to path: "C:\\Users\\jori\\Downloads\\tmp-coordinator-lifecycle\\root\\packages\\VelopackTemp\\tmp_SSYLT23pJ5taSlUD\\payload\\mcp\\node_modules\\playwright\\cli.js"
[update:84912] [13:51:15] [DEBUG] (2) velopack::bundle: Creating parent directory: "C:\\Users\\jori\\Downloads\\tmp-coordinator-lifecycle\\root\\packages\\VelopackTemp\\tmp_SSYLT23pJ5taSlUD\\payload\\mcp\\node_modules\\playwright"
[update:84912] [13:51:15] [DEBUG] (2) velopack::bundle: Writing file to disk with 64k buffer: "C:\\Users\\jori\\Downloads\\tmp-coordinator-lifecycle\\root\\packages\\VelopackTemp\\tmp_SSYLT23pJ5taSlUD\\payload\\mcp\\node_modules\\playwright\\cli.js"
[update:84912] [13:51:15] [DEBUG] (2) velopack::bundle:     136 Extracting 'lib/app/payload/mcp/node_modules/playwright/index.d.ts' to '"C:\\Users\\jori\\Downloads\\tmp-coordinator-lifecycle\\root\\packages\\VelopackTemp\\tmp_SSYLT23pJ5taSlUD\\payload\\mcp\\node_modules\\playwright\\index.d.ts"'
[update:84912] [13:51:15] [DEBUG] (2) velopack::bundle: Extracting zip file to path: "C:\\Users\\jori\\Downloads\\tmp-coordinator-lifecycle\\root\\packages\\VelopackTemp\\tmp_SSYLT23pJ5taSlUD\\payload\\mcp\\node_modules\\playwright\\index.d.ts"
[update:84912] [13:51:15] [DEBUG] (2) velopack::bundle: Writing file to disk with 64k buffer: "C:\\Users\\jori\\Downloads\\tmp-coordinator-lifecycle\\root\\packages\\VelopackTemp\\tmp_SSYLT23pJ5taSlUD\\payload\\mcp\\node_modules\\playwright\\index.d.ts"
[update:84912] [13:51:15] [DEBUG] (2) velopack::bundle:     137 Extracting 'lib/app/payload/mcp/node_modules/playwright/index.js' to '"C:\\Users\\jori\\Downloads\\tmp-coordinator-lifecycle\\root\\packages\\VelopackTemp\\tmp_SSYLT23pJ5taSlUD\\payload\\mcp\\node_modules\\playwright\\index.js"'
[update:84912] [13:51:15] [DEBUG] (2) velopack::bundle: Extracting zip file to path: "C:\\Users\\jori\\Downloads\\tmp-coordinator-lifecycle\\root\\packages\\VelopackTemp\\tmp_SSYLT23pJ5taSlUD\\payload\\mcp\\node_modules\\playwright\\index.js"
[update:84912] [13:51:15] [DEBUG] (2) velopack::bundle: Writing file to disk with 64k buffer: "C:\\Users\\jori\\Downloads\\tmp-coordinator-lifecycle\\root\\packages\\VelopackTemp\\tmp_SSYLT23pJ5taSlUD\\payload\\mcp\\node_modules\\playwright\\index.js"
[update:84912] [13:51:15] [DEBUG] (2) velopack::bundle:     138 Extracting 'lib/app/payload/mcp/node_modules/playwright/index.mjs' to '"C:\\Users\\jori\\Downloads\\tmp-coordinator-lifecycle\\root\\packages\\VelopackTemp\\tmp_SSYLT23pJ5taSlUD\\payload\\mcp\\node_modules\\playwright\\index.mjs"'
[update:84912] [13:51:15] [DEBUG] (2) velopack::bundle: Extracting zip file to path: "C:\\Users\\jori\\Downloads\\tmp-coordinator-lifecycle\\root\\packages\\VelopackTemp\\tmp_SSYLT23pJ5taSlUD\\payload\\mcp\\node_modules\\playwright\\index.mjs"
[update:84912] [13:51:15] [DEBUG] (2) velopack::bundle: Writing file to disk with 64k buffer: "C:\\Users\\jori\\Downloads\\tmp-coordinator-lifecycle\\root\\packages\\VelopackTemp\\tmp_SSYLT23pJ5taSlUD\\payload\\mcp\\node_modules\\playwright\\index.mjs"
[update:84912] [13:51:15] [DEBUG] (2) velopack::bundle:     139 Extracting 'lib/app/payload/mcp/node_modules/playwright/jsx-runtime.js' to '"C:\\Users\\jori\\Downloads\\tmp-coordinator-lifecycle\\root\\packages\\VelopackTemp\\tmp_SSYLT23pJ5taSlUD\\payload\\mcp\\node_modules\\playwright\\jsx-runtime.js"'
[update:84912] [13:51:15] [DEBUG] (2) velopack::bundle: Extracting zip file to path: "C:\\Users\\jori\\Downloads\\tmp-coordinator-lifecycle\\root\\packages\\VelopackTemp\\tmp_SSYLT23pJ5taSlUD\\payload\\mcp\\node_modules\\playwright\\jsx-runtime.js"
[update:84912] [13:51:15] [DEBUG] (2) velopack::bundle: Writing file to disk with 64k buffer: "C:\\Users\\jori\\Downloads\\tmp-coordinator-lifecycle\\root\\packages\\VelopackTemp\\tmp_SSYLT23pJ5taSlUD\\payload\\mcp\\node_modules\\playwright\\jsx-runtime.js"
[update:84912] [13:51:15] [DEBUG] (2) velopack::bundle:     140 Extracting 'lib/app/payload/mcp/node_modules/playwright/jsx-runtime.mjs' to '"C:\\Users\\jori\\Downloads\\tmp-coordinator-lifecycle\\root\\packages\\VelopackTemp\\tmp_SSYLT23pJ5taSlUD\\payload\\mcp\\node_modules\\playwright\\jsx-runtime.mjs"'
[update:84912] [13:51:15] [DEBUG] (2) velopack::bundle: Extracting zip file to path: "C:\\Users\\jori\\Downloads\\tmp-coordinator-lifecycle\\root\\packages\\VelopackTemp\\tmp_SSYLT23pJ5taSlUD\\payload\\mcp\\node_modules\\playwright\\jsx-runtime.mjs"
[update:84912] [13:51:15] [DEBUG] (2) velopack::bundle: Writing file to disk with 64k buffer: "C:\\Users\\jori\\Downloads\\tmp-coordinator-lifecycle\\root\\packages\\VelopackTemp\\tmp_SSYLT23pJ5taSlUD\\payload\\mcp\\node_modules\\playwright\\jsx-runtime.mjs"
[update:84912] [13:51:15] [DEBUG] (2) velopack::bundle:     141 Extracting 'lib/app/payload/mcp/node_modules/playwright/LICENSE' to '"C:\\Users\\jori\\Downloads\\tmp-coordinator-lifecycle\\root\\packages\\VelopackTemp\\tmp_SSYLT23pJ5taSlUD\\payload\\mcp\\node_modules\\playwright\\LICENSE"'
[update:84912] [13:51:15] [DEBUG] (2) velopack::bundle: Extracting zip file to path: "C:\\Users\\jori\\Downloads\\tmp-coordinator-lifecycle\\root\\packages\\VelopackTemp\\tmp_SSYLT23pJ5taSlUD\\payload\\mcp\\node_modules\\playwright\\LICENSE"
[update:84912] [13:51:15] [DEBUG] (2) velopack::bundle: Writing file to disk with 64k buffer: "C:\\Users\\jori\\Downloads\\tmp-coordinator-lifecycle\\root\\packages\\VelopackTemp\\tmp_SSYLT23pJ5taSlUD\\payload\\mcp\\node_modules\\playwright\\LICENSE"
[update:84912] [13:51:15] [DEBUG] (2) velopack::bundle:     142 Extracting 'lib/app/payload/mcp/node_modules/playwright/NOTICE' to '"C:\\Users\\jori\\Downloads\\tmp-coordinator-lifecycle\\root\\packages\\VelopackTemp\\tmp_SSYLT23pJ5taSlUD\\payload\\mcp\\node_modules\\playwright\\NOTICE"'
[update:84912] [13:51:15] [DEBUG] (2) velopack::bundle: Extracting zip file to path: "C:\\Users\\jori\\Downloads\\tmp-coordinator-lifecycle\\root\\packages\\VelopackTemp\\tmp_SSYLT23pJ5taSlUD\\payload\\mcp\\node_modules\\playwright\\NOTICE"
[update:84912] [13:51:15] [DEBUG] (2) velopack::bundle: Writing file to disk with 64k buffer: "C:\\Users\\jori\\Downloads\\tmp-coordinator-lifecycle\\root\\packages\\VelopackTemp\\tmp_SSYLT23pJ5taSlUD\\payload\\mcp\\node_modules\\playwright\\NOTICE"
[update:84912] [13:51:15] [DEBUG] (2) velopack::bundle:     143 Extracting 'lib/app/payload/mcp/node_modules/playwright/package.json' to '"C:\\Users\\jori\\Downloads\\tmp-coordinator-lifecycle\\root\\packages\\VelopackTemp\\tmp_SSYLT23pJ5taSlUD\\payload\\mcp\\node_modules\\playwright\\package.json"'
[update:84912] [13:51:15] [DEBUG] (2) velopack::bundle: Extracting zip file to path: "C:\\Users\\jori\\Downloads\\tmp-coordinator-lifecycle\\root\\packages\\VelopackTemp\\tmp_SSYLT23pJ5taSlUD\\payload\\mcp\\node_modules\\playwright\\package.json"
[update:84912] [13:51:15] [DEBUG] (2) velopack::bundle: Writing file to disk with 64k buffer: "C:\\Users\\jori\\Downloads\\tmp-coordinator-lifecycle\\root\\packages\\VelopackTemp\\tmp_SSYLT23pJ5taSlUD\\payload\\mcp\\node_modules\\playwright\\package.json"
[update:84912] [13:51:15] [DEBUG] (2) velopack::bundle:     144 Extracting 'lib/app/payload/mcp/node_modules/playwright/README.md' to '"C:\\Users\\jori\\Downloads\\tmp-coordinator-lifecycle\\root\\packages\\VelopackTemp\\tmp_SSYLT23pJ5taSlUD\\payload\\mcp\\node_modules\\playwright\\README.md"'
[update:84912] [13:51:15] [DEBUG] (2) velopack::bundle: Extracting zip file to path: "C:\\Users\\jori\\Downloads\\tmp-coordinator-lifecycle\\root\\packages\\VelopackTemp\\tmp_SSYLT23pJ5taSlUD\\payload\\mcp\\node_modules\\playwright\\README.md"
[update:84912] [13:51:15] [DEBUG] (2) velopack::bundle: Writing file to disk with 64k buffer: "C:\\Users\\jori\\Downloads\\tmp-coordinator-lifecycle\\root\\packages\\VelopackTemp\\tmp_SSYLT23pJ5taSlUD\\payload\\mcp\\node_modules\\playwright\\README.md"
[update:84912] [13:51:15] [DEBUG] (2) velopack::bundle:     145 Extracting 'lib/app/payload/mcp/node_modules/playwright/test.d.ts' to '"C:\\Users\\jori\\Downloads\\tmp-coordinator-lifecycle\\root\\packages\\VelopackTemp\\tmp_SSYLT23pJ5taSlUD\\payload\\mcp\\node_modules\\playwright\\test.d.ts"'
[update:84912] [13:51:15] [DEBUG] (2) velopack::bundle: Extracting zip file to path: "C:\\Users\\jori\\Downloads\\tmp-coordinator-lifecycle\\root\\packages\\VelopackTemp\\tmp_SSYLT23pJ5taSlUD\\payload\\mcp\\node_modules\\playwright\\test.d.ts"
[update:84912] [13:51:15] [DEBUG] (2) velopack::bundle: Writing file to disk with 64k buffer: "C:\\Users\\jori\\Downloads\\tmp-coordinator-lifecycle\\root\\packages\\VelopackTemp\\tmp_SSYLT23pJ5taSlUD\\payload\\mcp\\node_modules\\playwright\\test.d.ts"
[update:84912] [13:51:15] [DEBUG] (2) velopack::bundle:     146 Extracting 'lib/app/payload/mcp/node_modules/playwright/test.js' to '"C:\\Users\\jori\\Downloads\\tmp-coordinator-lifecycle\\root\\packages\\VelopackTemp\\tmp_SSYLT23pJ5taSlUD\\payload\\mcp\\node_modules\\playwright\\test.js"'
[update:84912] [13:51:15] [DEBUG] (2) velopack::bundle: Extracting zip file to path: "C:\\Users\\jori\\Downloads\\tmp-coordinator-lifecycle\\root\\packages\\VelopackTemp\\tmp_SSYLT23pJ5taSlUD\\payload\\mcp\\node_modules\\playwright\\test.js"
[update:84912] [13:51:15] [DEBUG] (2) velopack::bundle: Writing file to disk with 64k buffer: "C:\\Users\\jori\\Downloads\\tmp-coordinator-lifecycle\\root\\packages\\VelopackTemp\\tmp_SSYLT23pJ5taSlUD\\payload\\mcp\\node_modules\\playwright\\test.js"
[update:84912] [13:51:15] [DEBUG] (2) velopack::bundle:     147 Extracting 'lib/app/payload/mcp/node_modules/playwright/test.mjs' to '"C:\\Users\\jori\\Downloads\\tmp-coordinator-lifecycle\\root\\packages\\VelopackTemp\\tmp_SSYLT23pJ5taSlUD\\payload\\mcp\\node_modules\\playwright\\test.mjs"'
[update:84912] [13:51:15] [DEBUG] (2) velopack::bundle: Extracting zip file to path: "C:\\Users\\jori\\Downloads\\tmp-coordinator-lifecycle\\root\\packages\\VelopackTemp\\tmp_SSYLT23pJ5taSlUD\\payload\\mcp\\node_modules\\playwright\\test.mjs"
[update:84912] [13:51:15] [DEBUG] (2) velopack::bundle: Writing file to disk with 64k buffer: "C:\\Users\\jori\\Downloads\\tmp-coordinator-lifecycle\\root\\packages\\VelopackTemp\\tmp_SSYLT23pJ5taSlUD\\payload\\mcp\\node_modules\\playwright\\test.mjs"
[update:84912] [13:51:15] [DEBUG] (2) velopack::bundle:     148 Extracting 'lib/app/payload/mcp/node_modules/playwright/ThirdPartyNotices.txt' to '"C:\\Users\\jori\\Downloads\\tmp-coordinator-lifecycle\\root\\packages\\VelopackTemp\\tmp_SSYLT23pJ5taSlUD\\payload\\mcp\\node_modules\\playwright\\ThirdPartyNotices.txt"'
[update:84912] [13:51:15] [DEBUG] (2) velopack::bundle: Extracting zip file to path: "C:\\Users\\jori\\Downloads\\tmp-coordinator-lifecycle\\root\\packages\\VelopackTemp\\tmp_SSYLT23pJ5taSlUD\\payload\\mcp\\node_modules\\playwright\\ThirdPartyNotices.txt"
[update:84912] [13:51:15] [DEBUG] (2) velopack::bundle: Writing file to disk with 64k buffer: "C:\\Users\\jori\\Downloads\\tmp-coordinator-lifecycle\\root\\packages\\VelopackTemp\\tmp_SSYLT23pJ5taSlUD\\payload\\mcp\\node_modules\\playwright\\ThirdPartyNotices.txt"
[update:84912] [13:51:15] [DEBUG] (2) velopack::bundle:     149 Extracting 'lib/app/payload/mcp/node_modules/playwright/types/test.d.ts' to '"C:\\Users\\jori\\Downloads\\tmp-coordinator-lifecycle\\root\\packages\\VelopackTemp\\tmp_SSYLT23pJ5taSlUD\\payload\\mcp\\node_modules\\playwright\\types\\test.d.ts"'
[update:84912] [13:51:15] [DEBUG] (2) velopack::bundle: Extracting zip file to path: "C:\\Users\\jori\\Downloads\\tmp-coordinator-lifecycle\\root\\packages\\VelopackTemp\\tmp_SSYLT23pJ5taSlUD\\payload\\mcp\\node_modules\\playwright\\types\\test.d.ts"
[update:84912] [13:51:15] [DEBUG] (2) velopack::bundle: Creating parent directory: "C:\\Users\\jori\\Downloads\\tmp-coordinator-lifecycle\\root\\packages\\VelopackTemp\\tmp_SSYLT23pJ5taSlUD\\payload\\mcp\\node_modules\\playwright\\types"
[update:84912] [13:51:15] [DEBUG] (2) velopack::bundle: Writing file to disk with 64k buffer: "C:\\Users\\jori\\Downloads\\tmp-coordinator-lifecycle\\root\\packages\\VelopackTemp\\tmp_SSYLT23pJ5taSlUD\\payload\\mcp\\node_modules\\playwright\\types\\test.d.ts"
[update:84912] [13:51:15] [DEBUG] (2) velopack::bundle:     150 Extracting 'lib/app/payload/mcp/node_modules/playwright/types/testReporter.d.ts' to '"C:\\Users\\jori\\Downloads\\tmp-coordinator-lifecycle\\root\\packages\\VelopackTemp\\tmp_SSYLT23pJ5taSlUD\\payload\\mcp\\node_modules\\playwright\\types\\testReporter.d.ts"'
[update:84912] [13:51:15] [DEBUG] (2) velopack::bundle: Extracting zip file to path: "C:\\Users\\jori\\Downloads\\tmp-coordinator-lifecycle\\root\\packages\\VelopackTemp\\tmp_SSYLT23pJ5taSlUD\\payload\\mcp\\node_modules\\playwright\\types\\testReporter.d.ts"
[update:84912] [13:51:15] [DEBUG] (2) velopack::bundle: Writing file to disk with 64k buffer: "C:\\Users\\jori\\Downloads\\tmp-coordinator-lifecycle\\root\\packages\\VelopackTemp\\tmp_SSYLT23pJ5taSlUD\\payload\\mcp\\node_modules\\playwright\\types\\testReporter.d.ts"
[update:84912] [13:51:15] [DEBUG] (2) velopack::bundle:     151 Extracting 'lib/app/payload/mcp/node_modules/playwright/lib/errorContext.js' to '"C:\\Users\\jori\\Downloads\\tmp-coordinator-lifecycle\\root\\packages\\VelopackTemp\\tmp_SSYLT23pJ5taSlUD\\payload\\mcp\\node_modules\\playwright\\lib\\errorContext.js"'
[update:84912] [13:51:15] [DEBUG] (2) velopack::bundle: Extracting zip file to path: "C:\\Users\\jori\\Downloads\\tmp-coordinator-lifecycle\\root\\packages\\VelopackTemp\\tmp_SSYLT23pJ5taSlUD\\payload\\mcp\\node_modules\\playwright\\lib\\errorContext.js"
[update:84912] [13:51:15] [DEBUG] (2) velopack::bundle: Creating parent directory: "C:\\Users\\jori\\Downloads\\tmp-coordinator-lifecycle\\root\\packages\\VelopackTemp\\tmp_SSYLT23pJ5taSlUD\\payload\\mcp\\node_modules\\playwright\\lib"
[update:84912] [13:51:15] [DEBUG] (2) velopack::bundle: Writing file to disk with 64k buffer: "C:\\Users\\jori\\Downloads\\tmp-coordinator-lifecycle\\root\\packages\\VelopackTemp\\tmp_SSYLT23pJ5taSlUD\\payload\\mcp\\node_modules\\playwright\\lib\\errorContext.js"
[update:84912] [13:51:15] [DEBUG] (2) velopack::bundle:     152 Extracting 'lib/app/payload/mcp/node_modules/playwright/lib/globals.js' to '"C:\\Users\\jori\\Downloads\\tmp-coordinator-lifecycle\\root\\packages\\VelopackTemp\\tmp_SSYLT23pJ5taSlUD\\payload\\mcp\\node_modules\\playwright\\lib\\globals.js"'
[update:84912] [13:51:15] [DEBUG] (2) velopack::bundle: Extracting zip file to path: "C:\\Users\\jori\\Downloads\\tmp-coordinator-lifecycle\\root\\packages\\VelopackTemp\\tmp_SSYLT23pJ5taSlUD\\payload\\mcp\\node_modules\\playwright\\lib\\globals.js"
[update:84912] [13:51:15] [DEBUG] (2) velopack::bundle: Writing file to disk with 64k buffer: "C:\\Users\\jori\\Downloads\\tmp-coordinator-lifecycle\\root\\packages\\VelopackTemp\\tmp_SSYLT23pJ5taSlUD\\payload\\mcp\\node_modules\\playwright\\lib\\globals.js"
[update:84912] [13:51:15] [DEBUG] (2) velopack::bundle:     153 Extracting 'lib/app/payload/mcp/node_modules/playwright/lib/index.js' to '"C:\\Users\\jori\\Downloads\\tmp-coordinator-lifecycle\\root\\packages\\VelopackTemp\\tmp_SSYLT23pJ5taSlUD\\payload\\mcp\\node_modules\\playwright\\lib\\index.js"'
[update:84912] [13:51:15] [DEBUG] (2) velopack::bundle: Extracting zip file to path: "C:\\Users\\jori\\Downloads\\tmp-coordinator-lifecycle\\root\\packages\\VelopackTemp\\tmp_SSYLT23pJ5taSlUD\\payload\\mcp\\node_modules\\playwright\\lib\\index.js"
[update:84912] [13:51:15] [DEBUG] (2) velopack::bundle: Writing file to disk with 64k buffer: "C:\\Users\\jori\\Downloads\\tmp-coordinator-lifecycle\\root\\packages\\VelopackTemp\\tmp_SSYLT23pJ5taSlUD\\payload\\mcp\\node_modules\\playwright\\lib\\index.js"
[update:84912] [13:51:15] [DEBUG] (2) velopack::bundle:     154 Extracting 'lib/app/payload/mcp/node_modules/playwright/lib/isomorphic.js' to '"C:\\Users\\jori\\Downloads\\tmp-coordinator-lifecycle\\root\\packages\\VelopackTemp\\tmp_SSYLT23pJ5taSlUD\\payload\\mcp\\node_modules\\playwright\\lib\\isomorphic.js"'
[update:84912] [13:51:15] [DEBUG] (2) velopack::bundle: Extracting zip file to path: "C:\\Users\\jori\\Downloads\\tmp-coordinator-lifecycle\\root\\packages\\VelopackTemp\\tmp_SSYLT23pJ5taSlUD\\payload\\mcp\\node_modules\\playwright\\lib\\isomorphic.js"
[update:84912] [13:51:15] [DEBUG] (2) velopack::bundle: Writing file to disk with 64k buffer: "C:\\Users\\jori\\Downloads\\tmp-coordinator-lifecycle\\root\\packages\\VelopackTemp\\tmp_SSYLT23pJ5taSlUD\\payload\\mcp\\node_modules\\playwright\\lib\\isomorphic.js"
[update:84912] [13:51:15] [DEBUG] (2) velopack::bundle:     155 Extracting 'lib/app/payload/mcp/node_modules/playwright/lib/isomorphic.js.txt' to '"C:\\Users\\jori\\Downloads\\tmp-coordinator-lifecycle\\root\\packages\\VelopackTemp\\tmp_SSYLT23pJ5taSlUD\\payload\\mcp\\node_modules\\playwright\\lib\\isomorphic.js.txt"'
[update:84912] [13:51:15] [DEBUG] (2) velopack::bundle: Extracting zip file to path: "C:\\Users\\jori\\Downloads\\tmp-coordinator-lifecycle\\root\\packages\\VelopackTemp\\tmp_SSYLT23pJ5taSlUD\\payload\\mcp\\node_modules\\playwright\\lib\\isomorphic.js.txt"
[update:84912] [13:51:15] [DEBUG] (2) velopack::bundle: Writing file to disk with 64k buffer: "C:\\Users\\jori\\Downloads\\tmp-coordinator-lifecycle\\root\\packages\\VelopackTemp\\tmp_SSYLT23pJ5taSlUD\\payload\\mcp\\node_modules\\playwright\\lib\\isomorphic.js.txt"
[update:84912] [13:51:15] [DEBUG] (2) velopack::bundle:     156 Extracting 'lib/app/payload/mcp/node_modules/playwright/lib/package.js' to '"C:\\Users\\jori\\Downloads\\tmp-coordinator-lifecycle\\root\\packages\\VelopackTemp\\tmp_SSYLT23pJ5taSlUD\\payload\\mcp\\node_modules\\playwright\\lib\\package.js"'
[update:84912] [13:51:15] [DEBUG] (2) velopack::bundle: Extracting zip file to path: "C:\\Users\\jori\\Downloads\\tmp-coordinator-lifecycle\\root\\packages\\VelopackTemp\\tmp_SSYLT23pJ5taSlUD\\payload\\mcp\\node_modules\\playwright\\lib\\package.js"
[update:84912] [13:51:15] [DEBUG] (2) velopack::bundle: Writing file to disk with 64k buffer: "C:\\Users\\jori\\Downloads\\tmp-coordinator-lifecycle\\root\\packages\\VelopackTemp\\tmp_SSYLT23pJ5taSlUD\\payload\\mcp\\node_modules\\playwright\\lib\\package.js"
[update:84912] [13:51:15] [DEBUG] (2) velopack::bundle:     157 Extracting 'lib/app/payload/mcp/node_modules/playwright/lib/program.js' to '"C:\\Users\\jori\\Downloads\\tmp-coordinator-lifecycle\\root\\packages\\VelopackTemp\\tmp_SSYLT23pJ5taSlUD\\payload\\mcp\\node_modules\\playwright\\lib\\program.js"'
[update:84912] [13:51:15] [DEBUG] (2) velopack::bundle: Extracting zip file to path: "C:\\Users\\jori\\Downloads\\tmp-coordinator-lifecycle\\root\\packages\\VelopackTemp\\tmp_SSYLT23pJ5taSlUD\\payload\\mcp\\node_modules\\playwright\\lib\\program.js"
[update:84912] [13:51:15] [DEBUG] (2) velopack::bundle: Writing file to disk with 64k buffer: "C:\\Users\\jori\\Downloads\\tmp-coordinator-lifecycle\\root\\packages\\VelopackTemp\\tmp_SSYLT23pJ5taSlUD\\payload\\mcp\\node_modules\\playwright\\lib\\program.js"
[update:84912] [13:51:15] [DEBUG] (2) velopack::bundle:     158 Extracting 'lib/app/payload/mcp/node_modules/playwright/lib/util.js' to '"C:\\Users\\jori\\Downloads\\tmp-coordinator-lifecycle\\root\\packages\\VelopackTemp\\tmp_SSYLT23pJ5taSlUD\\payload\\mcp\\node_modules\\playwright\\lib\\util.js"'
[update:84912] [13:51:15] [DEBUG] (2) velopack::bundle: Extracting zip file to path: "C:\\Users\\jori\\Downloads\\tmp-coordinator-lifecycle\\root\\packages\\VelopackTemp\\tmp_SSYLT23pJ5taSlUD\\payload\\mcp\\node_modules\\playwright\\lib\\util.js"
[update:84912] [13:51:15] [DEBUG] (2) velopack::bundle: Writing file to disk with 64k buffer: "C:\\Users\\jori\\Downloads\\tmp-coordinator-lifecycle\\root\\packages\\VelopackTemp\\tmp_SSYLT23pJ5taSlUD\\payload\\mcp\\node_modules\\playwright\\lib\\util.js"
[update:84912] [13:51:15] [DEBUG] (2) velopack::bundle:     159 Extracting 'lib/app/payload/mcp/node_modules/playwright/lib/worker/workerProcessEntry.js' to '"C:\\Users\\jori\\Downloads\\tmp-coordinator-lifecycle\\root\\packages\\VelopackTemp\\tmp_SSYLT23pJ5taSlUD\\payload\\mcp\\node_modules\\playwright\\lib\\worker\\workerProcessEntry.js"'
[update:84912] [13:51:15] [DEBUG] (2) velopack::bundle: Extracting zip file to path: "C:\\Users\\jori\\Downloads\\tmp-coordinator-lifecycle\\root\\packages\\VelopackTemp\\tmp_SSYLT23pJ5taSlUD\\payload\\mcp\\node_modules\\playwright\\lib\\worker\\workerProcessEntry.js"
[update:84912] [13:51:15] [DEBUG] (2) velopack::bundle: Creating parent directory: "C:\\Users\\jori\\Downloads\\tmp-coordinator-lifecycle\\root\\packages\\VelopackTemp\\tmp_SSYLT23pJ5taSlUD\\payload\\mcp\\node_modules\\playwright\\lib\\worker"
[update:84912] [13:51:15] [DEBUG] (2) velopack::bundle: Writing file to disk with 64k buffer: "C:\\Users\\jori\\Downloads\\tmp-coordinator-lifecycle\\root\\packages\\VelopackTemp\\tmp_SSYLT23pJ5taSlUD\\payload\\mcp\\node_modules\\playwright\\lib\\worker\\workerProcessEntry.js"
[update:84912] [13:51:15] [DEBUG] (2) velopack::bundle:     160 Extracting 'lib/app/payload/mcp/node_modules/playwright/lib/worker/workerProcessEntry.js.txt' to '"C:\\Users\\jori\\Downloads\\tmp-coordinator-lifecycle\\root\\packages\\VelopackTemp\\tmp_SSYLT23pJ5taSlUD\\payload\\mcp\\node_modules\\playwright\\lib\\worker\\workerProcessEntry.js.txt"'
[update:84912] [13:51:15] [DEBUG] (2) velopack::bundle: Extracting zip file to path: "C:\\Users\\jori\\Downloads\\tmp-coordinator-lifecycle\\root\\packages\\VelopackTemp\\tmp_SSYLT23pJ5taSlUD\\payload\\mcp\\node_modules\\playwright\\lib\\worker\\workerProcessEntry.js.txt"
[update:84912] [13:51:15] [DEBUG] (2) velopack::bundle: Writing file to disk with 64k buffer: "C:\\Users\\jori\\Downloads\\tmp-coordinator-lifecycle\\root\\packages\\VelopackTemp\\tmp_SSYLT23pJ5taSlUD\\payload\\mcp\\node_modules\\playwright\\lib\\worker\\workerProcessEntry.js.txt"
[update:84912] [13:51:15] [DEBUG] (2) velopack::bundle:     161 Extracting 'lib/app/payload/mcp/node_modules/playwright/lib/transform/babelBundle.js' to '"C:\\Users\\jori\\Downloads\\tmp-coordinator-lifecycle\\root\\packages\\VelopackTemp\\tmp_SSYLT23pJ5taSlUD\\payload\\mcp\\node_modules\\playwright\\lib\\transform\\babelBundle.js"'
[update:84912] [13:51:15] [DEBUG] (2) velopack::bundle: Extracting zip file to path: "C:\\Users\\jori\\Downloads\\tmp-coordinator-lifecycle\\root\\packages\\VelopackTemp\\tmp_SSYLT23pJ5taSlUD\\payload\\mcp\\node_modules\\playwright\\lib\\transform\\babelBundle.js"
[update:84912] [13:51:15] [DEBUG] (2) velopack::bundle: Creating parent directory: "C:\\Users\\jori\\Downloads\\tmp-coordinator-lifecycle\\root\\packages\\VelopackTemp\\tmp_SSYLT23pJ5taSlUD\\payload\\mcp\\node_modules\\playwright\\lib\\transform"
[update:84912] [13:51:15] [DEBUG] (2) velopack::bundle: Writing file to disk with 64k buffer: "C:\\Users\\jori\\Downloads\\tmp-coordinator-lifecycle\\root\\packages\\VelopackTemp\\tmp_SSYLT23pJ5taSlUD\\payload\\mcp\\node_modules\\playwright\\lib\\transform\\babelBundle.js"
[update:84912] [13:51:15] [DEBUG] (2) velopack::bundle:     162 Extracting 'lib/app/payload/mcp/node_modules/playwright/lib/transform/babelBundle.js.LICENSE' to '"C:\\Users\\jori\\Downloads\\tmp-coordinator-lifecycle\\root\\packages\\VelopackTemp\\tmp_SSYLT23pJ5taSlUD\\payload\\mcp\\node_modules\\playwright\\lib\\transform\\babelBundle.js.LICENSE"'
[update:84912] [13:51:15] [DEBUG] (2) velopack::bundle: Extracting zip file to path: "C:\\Users\\jori\\Downloads\\tmp-coordinator-lifecycle\\root\\packages\\VelopackTemp\\tmp_SSYLT23pJ5taSlUD\\payload\\mcp\\node_modules\\playwright\\lib\\transform\\babelBundle.js.LICENSE"
[update:84912] [13:51:15] [DEBUG] (2) velopack::bundle: Writing file to disk with 64k buffer: "C:\\Users\\jori\\Downloads\\tmp-coordinator-lifecycle\\root\\packages\\VelopackTemp\\tmp_SSYLT23pJ5taSlUD\\payload\\mcp\\node_modules\\playwright\\lib\\transform\\babelBundle.js.LICENSE"
[update:84912] [13:51:15] [DEBUG] (2) velopack::bundle:     163 Extracting 'lib/app/payload/mcp/node_modules/playwright/lib/transform/babelBundle.js.txt' to '"C:\\Users\\jori\\Downloads\\tmp-coordinator-lifecycle\\root\\packages\\VelopackTemp\\tmp_SSYLT23pJ5taSlUD\\payload\\mcp\\node_modules\\playwright\\lib\\transform\\babelBundle.js.txt"'
[update:84912] [13:51:15] [DEBUG] (2) velopack::bundle: Extracting zip file to path: "C:\\Users\\jori\\Downloads\\tmp-coordinator-lifecycle\\root\\packages\\VelopackTemp\\tmp_SSYLT23pJ5taSlUD\\payload\\mcp\\node_modules\\playwright\\lib\\transform\\babelBundle.js.txt"
[update:84912] [13:51:15] [DEBUG] (2) velopack::bundle: Writing file to disk with 64k buffer: "C:\\Users\\jori\\Downloads\\tmp-coordinator-lifecycle\\root\\packages\\VelopackTemp\\tmp_SSYLT23pJ5taSlUD\\payload\\mcp\\node_modules\\playwright\\lib\\transform\\babelBundle.js.txt"
[update:84912] [13:51:15] [DEBUG] (2) velopack::bundle:     164 Extracting 'lib/app/payload/mcp/node_modules/playwright/lib/transform/esmLoader.js' to '"C:\\Users\\jori\\Downloads\\tmp-coordinator-lifecycle\\root\\packages\\VelopackTemp\\tmp_SSYLT23pJ5taSlUD\\payload\\mcp\\node_modules\\playwright\\lib\\transform\\esmLoader.js"'
[update:84912] [13:51:15] [DEBUG] (2) velopack::bundle: Extracting zip file to path: "C:\\Users\\jori\\Downloads\\tmp-coordinator-lifecycle\\root\\packages\\VelopackTemp\\tmp_SSYLT23pJ5taSlUD\\payload\\mcp\\node_modules\\playwright\\lib\\transform\\esmLoader.js"
[update:84912] [13:51:15] [DEBUG] (2) velopack::bundle: Writing file to disk with 64k buffer: "C:\\Users\\jori\\Downloads\\tmp-coordinator-lifecycle\\root\\packages\\VelopackTemp\\tmp_SSYLT23pJ5taSlUD\\payload\\mcp\\node_modules\\playwright\\lib\\transform\\esmLoader.js"
[update:84912] [13:51:15] [DEBUG] (2) velopack::bundle:     165 Extracting 'lib/app/payload/mcp/node_modules/playwright/lib/transform/esmLoader.js.LICENSE' to '"C:\\Users\\jori\\Downloads\\tmp-coordinator-lifecycle\\root\\packages\\VelopackTemp\\tmp_SSYLT23pJ5taSlUD\\payload\\mcp\\node_modules\\playwright\\lib\\transform\\esmLoader.js.LICENSE"'
[update:84912] [13:51:15] [DEBUG] (2) velopack::bundle: Extracting zip file to path: "C:\\Users\\jori\\Downloads\\tmp-coordinator-lifecycle\\root\\packages\\VelopackTemp\\tmp_SSYLT23pJ5taSlUD\\payload\\mcp\\node_modules\\playwright\\lib\\transform\\esmLoader.js.LICENSE"
[update:84912] [13:51:15] [DEBUG] (2) velopack::bundle: Writing file to disk with 64k buffer: "C:\\Users\\jori\\Downloads\\tmp-coordinator-lifecycle\\root\\packages\\VelopackTemp\\tmp_SSYLT23pJ5taSlUD\\payload\\mcp\\node_modules\\playwright\\lib\\transform\\esmLoader.js.LICENSE"
[update:84912] [13:51:15] [DEBUG] (2) velopack::bundle:     166 Extracting 'lib/app/payload/mcp/node_modules/playwright/lib/transform/esmLoader.js.txt' to '"C:\\Users\\jori\\Downloads\\tmp-coordinator-lifecycle\\root\\packages\\VelopackTemp\\tmp_SSYLT23pJ5taSlUD\\payload\\mcp\\node_modules\\playwright\\lib\\transform\\esmLoader.js.txt"'
[update:84912] [13:51:15] [DEBUG] (2) velopack::bundle: Extracting zip file to path: "C:\\Users\\jori\\Downloads\\tmp-coordinator-lifecycle\\root\\packages\\VelopackTemp\\tmp_SSYLT23pJ5taSlUD\\payload\\mcp\\node_modules\\playwright\\lib\\transform\\esmLoader.js.txt"
[update:84912] [13:51:15] [DEBUG] (2) velopack::bundle: Writing file to disk with 64k buffer: "C:\\Users\\jori\\Downloads\\tmp-coordinator-lifecycle\\root\\packages\\VelopackTemp\\tmp_SSYLT23pJ5taSlUD\\payload\\mcp\\node_modules\\playwright\\lib\\transform\\esmLoader.js.txt"
[update:84912] [13:51:15] [DEBUG] (2) velopack::bundle:     167 Extracting 'lib/app/payload/mcp/node_modules/playwright/lib/runner/index.js' to '"C:\\Users\\jori\\Downloads\\tmp-coordinator-lifecycle\\root\\packages\\VelopackTemp\\tmp_SSYLT23pJ5taSlUD\\payload\\mcp\\node_modules\\playwright\\lib\\runner\\index.js"'
[update:84912] [13:51:15] [DEBUG] (2) velopack::bundle: Extracting zip file to path: "C:\\Users\\jori\\Downloads\\tmp-coordinator-lifecycle\\root\\packages\\VelopackTemp\\tmp_SSYLT23pJ5taSlUD\\payload\\mcp\\node_modules\\playwright\\lib\\runner\\index.js"
[update:84912] [13:51:15] [DEBUG] (2) velopack::bundle: Creating parent directory: "C:\\Users\\jori\\Downloads\\tmp-coordinator-lifecycle\\root\\packages\\VelopackTemp\\tmp_SSYLT23pJ5taSlUD\\payload\\mcp\\node_modules\\playwright\\lib\\runner"
[update:84912] [13:51:15] [DEBUG] (2) velopack::bundle: Writing file to disk with 64k buffer: "C:\\Users\\jori\\Downloads\\tmp-coordinator-lifecycle\\root\\packages\\VelopackTemp\\tmp_SSYLT23pJ5taSlUD\\payload\\mcp\\node_modules\\playwright\\lib\\runner\\index.js"
[update:84912] [13:51:15] [DEBUG] (2) velopack::bundle:     168 Extracting 'lib/app/payload/mcp/node_modules/playwright/lib/runner/index.js.txt' to '"C:\\Users\\jori\\Downloads\\tmp-coordinator-lifecycle\\root\\packages\\VelopackTemp\\tmp_SSYLT23pJ5taSlUD\\payload\\mcp\\node_modules\\playwright\\lib\\runner\\index.js.txt"'
[update:84912] [13:51:15] [DEBUG] (2) velopack::bundle: Extracting zip file to path: "C:\\Users\\jori\\Downloads\\tmp-coordinator-lifecycle\\root\\packages\\VelopackTemp\\tmp_SSYLT23pJ5taSlUD\\payload\\mcp\\node_modules\\playwright\\lib\\runner\\index.js.txt"
[update:84912] [13:51:15] [DEBUG] (2) velopack::bundle: Writing file to disk with 64k buffer: "C:\\Users\\jori\\Downloads\\tmp-coordinator-lifecycle\\root\\packages\\VelopackTemp\\tmp_SSYLT23pJ5taSlUD\\payload\\mcp\\node_modules\\playwright\\lib\\runner\\index.js.txt"
[update:84912] [13:51:15] [DEBUG] (2) velopack::bundle:     169 Extracting 'lib/app/payload/mcp/node_modules/playwright/lib/mcp/test/browserBackend.js' to '"C:\\Users\\jori\\Downloads\\tmp-coordinator-lifecycle\\root\\packages\\VelopackTemp\\tmp_SSYLT23pJ5taSlUD\\payload\\mcp\\node_modules\\playwright\\lib\\mcp\\test\\browserBackend.js"'
[update:84912] [13:51:15] [DEBUG] (2) velopack::bundle: Extracting zip file to path: "C:\\Users\\jori\\Downloads\\tmp-coordinator-lifecycle\\root\\packages\\VelopackTemp\\tmp_SSYLT23pJ5taSlUD\\payload\\mcp\\node_modules\\playwright\\lib\\mcp\\test\\browserBackend.js"
[update:84912] [13:51:15] [DEBUG] (2) velopack::bundle: Creating parent directory: "C:\\Users\\jori\\Downloads\\tmp-coordinator-lifecycle\\root\\packages\\VelopackTemp\\tmp_SSYLT23pJ5taSlUD\\payload\\mcp\\node_modules\\playwright\\lib\\mcp\\test"
[update:84912] [13:51:15] [DEBUG] (2) velopack::bundle: Writing file to disk with 64k buffer: "C:\\Users\\jori\\Downloads\\tmp-coordinator-lifecycle\\root\\packages\\VelopackTemp\\tmp_SSYLT23pJ5taSlUD\\payload\\mcp\\node_modules\\playwright\\lib\\mcp\\test\\browserBackend.js"
[update:84912] [13:51:15] [DEBUG] (2) velopack::bundle:     170 Extracting 'lib/app/payload/mcp/node_modules/playwright/lib/mcp/test/generatorTools.js' to '"C:\\Users\\jori\\Downloads\\tmp-coordinator-lifecycle\\root\\packages\\VelopackTemp\\tmp_SSYLT23pJ5taSlUD\\payload\\mcp\\node_modules\\playwright\\lib\\mcp\\test\\generatorTools.js"'
[update:84912] [13:51:15] [DEBUG] (2) velopack::bundle: Extracting zip file to path: "C:\\Users\\jori\\Downloads\\tmp-coordinator-lifecycle\\root\\packages\\VelopackTemp\\tmp_SSYLT23pJ5taSlUD\\payload\\mcp\\node_modules\\playwright\\lib\\mcp\\test\\generatorTools.js"
[update:84912] [13:51:15] [DEBUG] (2) velopack::bundle: Writing file to disk with 64k buffer: "C:\\Users\\jori\\Downloads\\tmp-coordinator-lifecycle\\root\\packages\\VelopackTemp\\tmp_SSYLT23pJ5taSlUD\\payload\\mcp\\node_modules\\playwright\\lib\\mcp\\test\\generatorTools.js"
[update:84912] [13:51:15] [DEBUG] (2) velopack::bundle:     171 Extracting 'lib/app/payload/mcp/node_modules/playwright/lib/mcp/test/plannerTools.js' to '"C:\\Users\\jori\\Downloads\\tmp-coordinator-lifecycle\\root\\packages\\VelopackTemp\\tmp_SSYLT23pJ5taSlUD\\payload\\mcp\\node_modules\\playwright\\lib\\mcp\\test\\plannerTools.js"'
[update:84912] [13:51:15] [DEBUG] (2) velopack::bundle: Extracting zip file to path: "C:\\Users\\jori\\Downloads\\tmp-coordinator-lifecycle\\root\\packages\\VelopackTemp\\tmp_SSYLT23pJ5taSlUD\\payload\\mcp\\node_modules\\playwright\\lib\\mcp\\test\\plannerTools.js"
[update:84912] [13:51:15] [DEBUG] (2) velopack::bundle: Writing file to disk with 64k buffer: "C:\\Users\\jori\\Downloads\\tmp-coordinator-lifecycle\\root\\packages\\VelopackTemp\\tmp_SSYLT23pJ5taSlUD\\payload\\mcp\\node_modules\\playwright\\lib\\mcp\\test\\plannerTools.js"
[update:84912] [13:51:15] [DEBUG] (2) velopack::bundle:     172 Extracting 'lib/app/payload/mcp/node_modules/playwright/lib/mcp/test/seed.js' to '"C:\\Users\\jori\\Downloads\\tmp-coordinator-lifecycle\\root\\packages\\VelopackTemp\\tmp_SSYLT23pJ5taSlUD\\payload\\mcp\\node_modules\\playwright\\lib\\mcp\\test\\seed.js"'
[update:84912] [13:51:15] [DEBUG] (2) velopack::bundle: Extracting zip file to path: "C:\\Users\\jori\\Downloads\\tmp-coordinator-lifecycle\\root\\packages\\VelopackTemp\\tmp_SSYLT23pJ5taSlUD\\payload\\mcp\\node_modules\\playwright\\lib\\mcp\\test\\seed.js"
[update:84912] [13:51:15] [DEBUG] (2) velopack::bundle: Writing file to disk with 64k buffer: "C:\\Users\\jori\\Downloads\\tmp-coordinator-lifecycle\\root\\packages\\VelopackTemp\\tmp_SSYLT23pJ5taSlUD\\payload\\mcp\\node_modules\\playwright\\lib\\mcp\\test\\seed.js"
[update:84912] [13:51:15] [DEBUG] (2) velopack::bundle:     173 Extracting 'lib/app/payload/mcp/node_modules/playwright/lib/mcp/test/streams.js' to '"C:\\Users\\jori\\Downloads\\tmp-coordinator-lifecycle\\root\\packages\\VelopackTemp\\tmp_SSYLT23pJ5taSlUD\\payload\\mcp\\node_modules\\playwright\\lib\\mcp\\test\\streams.js"'
[update:84912] [13:51:15] [DEBUG] (2) velopack::bundle: Extracting zip file to path: "C:\\Users\\jori\\Downloads\\tmp-coordinator-lifecycle\\root\\packages\\VelopackTemp\\tmp_SSYLT23pJ5taSlUD\\payload\\mcp\\node_modules\\playwright\\lib\\mcp\\test\\streams.js"
[update:84912] [13:51:15] [DEBUG] (2) velopack::bundle: Writing file to disk with 64k buffer: "C:\\Users\\jori\\Downloads\\tmp-coordinator-lifecycle\\root\\packages\\VelopackTemp\\tmp_SSYLT23pJ5taSlUD\\payload\\mcp\\node_modules\\playwright\\lib\\mcp\\test\\streams.js"
[update:84912] [13:51:15] [DEBUG] (2) velopack::bundle:     174 Extracting 'lib/app/payload/mcp/node_modules/playwright/lib/mcp/test/testBackend.js' to '"C:\\Users\\jori\\Downloads\\tmp-coordinator-lifecycle\\root\\packages\\VelopackTemp\\tmp_SSYLT23pJ5taSlUD\\payload\\mcp\\node_modules\\playwright\\lib\\mcp\\test\\testBackend.js"'
[update:84912] [13:51:15] [DEBUG] (2) velopack::bundle: Extracting zip file to path: "C:\\Users\\jori\\Downloads\\tmp-coordinator-lifecycle\\root\\packages\\VelopackTemp\\tmp_SSYLT23pJ5taSlUD\\payload\\mcp\\node_modules\\playwright\\lib\\mcp\\test\\testBackend.js"
[update:84912] [13:51:15] [DEBUG] (2) velopack::bundle: Writing file to disk with 64k buffer: "C:\\Users\\jori\\Downloads\\tmp-coordinator-lifecycle\\root\\packages\\VelopackTemp\\tmp_SSYLT23pJ5taSlUD\\payload\\mcp\\node_modules\\playwright\\lib\\mcp\\test\\testBackend.js"
[update:84912] [13:51:15] [DEBUG] (2) velopack::bundle:     175 Extracting 'lib/app/payload/mcp/node_modules/playwright/lib/mcp/test/testContext.js' to '"C:\\Users\\jori\\Downloads\\tmp-coordinator-lifecycle\\root\\packages\\VelopackTemp\\tmp_SSYLT23pJ5taSlUD\\payload\\mcp\\node_modules\\playwright\\lib\\mcp\\test\\testContext.js"'
[update:84912] [13:51:15] [DEBUG] (2) velopack::bundle: Extracting zip file to path: "C:\\Users\\jori\\Downloads\\tmp-coordinator-lifecycle\\root\\packages\\VelopackTemp\\tmp_SSYLT23pJ5taSlUD\\payload\\mcp\\node_modules\\playwright\\lib\\mcp\\test\\testContext.js"
[update:84912] [13:51:15] [DEBUG] (2) velopack::bundle: Writing file to disk with 64k buffer: "C:\\Users\\jori\\Downloads\\tmp-coordinator-lifecycle\\root\\packages\\VelopackTemp\\tmp_SSYLT23pJ5taSlUD\\payload\\mcp\\node_modules\\playwright\\lib\\mcp\\test\\testContext.js"
[update:84912] [13:51:15] [DEBUG] (2) velopack::bundle:     176 Extracting 'lib/app/payload/mcp/node_modules/playwright/lib/mcp/test/testTool.js' to '"C:\\Users\\jori\\Downloads\\tmp-coordinator-lifecycle\\root\\packages\\VelopackTemp\\tmp_SSYLT23pJ5taSlUD\\payload\\mcp\\node_modules\\playwright\\lib\\mcp\\test\\testTool.js"'
[update:84912] [13:51:15] [DEBUG] (2) velopack::bundle: Extracting zip file to path: "C:\\Users\\jori\\Downloads\\tmp-coordinator-lifecycle\\root\\packages\\VelopackTemp\\tmp_SSYLT23pJ5taSlUD\\payload\\mcp\\node_modules\\playwright\\lib\\mcp\\test\\testTool.js"
[update:84912] [13:51:15] [DEBUG] (2) velopack::bundle: Writing file to disk with 64k buffer: "C:\\Users\\jori\\Downloads\\tmp-coordinator-lifecycle\\root\\packages\\VelopackTemp\\tmp_SSYLT23pJ5taSlUD\\payload\\mcp\\node_modules\\playwright\\lib\\mcp\\test\\testTool.js"
[update:84912] [13:51:15] [DEBUG] (2) velopack::bundle:     177 Extracting 'lib/app/payload/mcp/node_modules/playwright/lib/mcp/test/testTools.js' to '"C:\\Users\\jori\\Downloads\\tmp-coordinator-lifecycle\\root\\packages\\VelopackTemp\\tmp_SSYLT23pJ5taSlUD\\payload\\mcp\\node_modules\\playwright\\lib\\mcp\\test\\testTools.js"'
[update:84912] [13:51:15] [DEBUG] (2) velopack::bundle: Extracting zip file to path: "C:\\Users\\jori\\Downloads\\tmp-coordinator-lifecycle\\root\\packages\\VelopackTemp\\tmp_SSYLT23pJ5taSlUD\\payload\\mcp\\node_modules\\playwright\\lib\\mcp\\test\\testTools.js"
[update:84912] [13:51:15] [DEBUG] (2) velopack::bundle: Writing file to disk with 64k buffer: "C:\\Users\\jori\\Downloads\\tmp-coordinator-lifecycle\\root\\packages\\VelopackTemp\\tmp_SSYLT23pJ5taSlUD\\payload\\mcp\\node_modules\\playwright\\lib\\mcp\\test\\testTools.js"
[update:84912] [13:51:15] [DEBUG] (2) velopack::bundle:     178 Extracting 'lib/app/payload/mcp/node_modules/playwright/lib/matchers/expect.js' to '"C:\\Users\\jori\\Downloads\\tmp-coordinator-lifecycle\\root\\packages\\VelopackTemp\\tmp_SSYLT23pJ5taSlUD\\payload\\mcp\\node_modules\\playwright\\lib\\matchers\\expect.js"'
[update:84912] [13:51:15] [DEBUG] (2) velopack::bundle: Extracting zip file to path: "C:\\Users\\jori\\Downloads\\tmp-coordinator-lifecycle\\root\\packages\\VelopackTemp\\tmp_SSYLT23pJ5taSlUD\\payload\\mcp\\node_modules\\playwright\\lib\\matchers\\expect.js"
[update:84912] [13:51:15] [DEBUG] (2) velopack::bundle: Creating parent directory: "C:\\Users\\jori\\Downloads\\tmp-coordinator-lifecycle\\root\\packages\\VelopackTemp\\tmp_SSYLT23pJ5taSlUD\\payload\\mcp\\node_modules\\playwright\\lib\\matchers"
[update:84912] [13:51:15] [DEBUG] (2) velopack::bundle: Writing file to disk with 64k buffer: "C:\\Users\\jori\\Downloads\\tmp-coordinator-lifecycle\\root\\packages\\VelopackTemp\\tmp_SSYLT23pJ5taSlUD\\payload\\mcp\\node_modules\\playwright\\lib\\matchers\\expect.js"
[update:84912] [13:51:15] [DEBUG] (2) velopack::bundle:     179 Extracting 'lib/app/payload/mcp/node_modules/playwright/lib/matchers/expect.js.LICENSE' to '"C:\\Users\\jori\\Downloads\\tmp-coordinator-lifecycle\\root\\packages\\VelopackTemp\\tmp_SSYLT23pJ5taSlUD\\payload\\mcp\\node_modules\\playwright\\lib\\matchers\\expect.js.LICENSE"'
[update:84912] [13:51:15] [DEBUG] (2) velopack::bundle: Extracting zip file to path: "C:\\Users\\jori\\Downloads\\tmp-coordinator-lifecycle\\root\\packages\\VelopackTemp\\tmp_SSYLT23pJ5taSlUD\\payload\\mcp\\node_modules\\playwright\\lib\\matchers\\expect.js.LICENSE"
[update:84912] [13:51:15] [DEBUG] (2) velopack::bundle: Writing file to disk with 64k buffer: "C:\\Users\\jori\\Downloads\\tmp-coordinator-lifecycle\\root\\packages\\VelopackTemp\\tmp_SSYLT23pJ5taSlUD\\payload\\mcp\\node_modules\\playwright\\lib\\matchers\\expect.js.LICENSE"
[update:84912] [13:51:15] [DEBUG] (2) velopack::bundle:     180 Extracting 'lib/app/payload/mcp/node_modules/playwright/lib/matchers/expect.js.txt' to '"C:\\Users\\jori\\Downloads\\tmp-coordinator-lifecycle\\root\\packages\\VelopackTemp\\tmp_SSYLT23pJ5taSlUD\\payload\\mcp\\node_modules\\playwright\\lib\\matchers\\expect.js.txt"'
[update:84912] [13:51:15] [DEBUG] (2) velopack::bundle: Extracting zip file to path: "C:\\Users\\jori\\Downloads\\tmp-coordinator-lifecycle\\root\\packages\\VelopackTemp\\tmp_SSYLT23pJ5taSlUD\\payload\\mcp\\node_modules\\playwright\\lib\\matchers\\expect.js.txt"
[update:84912] [13:51:15] [DEBUG] (2) velopack::bundle: Writing file to disk with 64k buffer: "C:\\Users\\jori\\Downloads\\tmp-coordinator-lifecycle\\root\\packages\\VelopackTemp\\tmp_SSYLT23pJ5taSlUD\\payload\\mcp\\node_modules\\playwright\\lib\\matchers\\expect.js.txt"
[update:84912] [13:51:15] [DEBUG] (2) velopack::bundle:     181 Extracting 'lib/app/payload/mcp/node_modules/playwright/lib/loader/loaderProcessEntry.js' to '"C:\\Users\\jori\\Downloads\\tmp-coordinator-lifecycle\\root\\packages\\VelopackTemp\\tmp_SSYLT23pJ5taSlUD\\payload\\mcp\\node_modules\\playwright\\lib\\loader\\loaderProcessEntry.js"'
[update:84912] [13:51:15] [DEBUG] (2) velopack::bundle: Extracting zip file to path: "C:\\Users\\jori\\Downloads\\tmp-coordinator-lifecycle\\root\\packages\\VelopackTemp\\tmp_SSYLT23pJ5taSlUD\\payload\\mcp\\node_modules\\playwright\\lib\\loader\\loaderProcessEntry.js"
[update:84912] [13:51:15] [DEBUG] (2) velopack::bundle: Creating parent directory: "C:\\Users\\jori\\Downloads\\tmp-coordinator-lifecycle\\root\\packages\\VelopackTemp\\tmp_SSYLT23pJ5taSlUD\\payload\\mcp\\node_modules\\playwright\\lib\\loader"
[update:84912] [13:51:15] [DEBUG] (2) velopack::bundle: Writing file to disk with 64k buffer: "C:\\Users\\jori\\Downloads\\tmp-coordinator-lifecycle\\root\\packages\\VelopackTemp\\tmp_SSYLT23pJ5taSlUD\\payload\\mcp\\node_modules\\playwright\\lib\\loader\\loaderProcessEntry.js"
[update:84912] [13:51:15] [DEBUG] (2) velopack::bundle:     182 Extracting 'lib/app/payload/mcp/node_modules/playwright/lib/loader/loaderProcessEntry.js.txt' to '"C:\\Users\\jori\\Downloads\\tmp-coordinator-lifecycle\\root\\packages\\VelopackTemp\\tmp_SSYLT23pJ5taSlUD\\payload\\mcp\\node_modules\\playwright\\lib\\loader\\loaderProcessEntry.js.txt"'
[update:84912] [13:51:15] [DEBUG] (2) velopack::bundle: Extracting zip file to path: "C:\\Users\\jori\\Downloads\\tmp-coordinator-lifecycle\\root\\packages\\VelopackTemp\\tmp_SSYLT23pJ5taSlUD\\payload\\mcp\\node_modules\\playwright\\lib\\loader\\loaderProcessEntry.js.txt"
[update:84912] [13:51:15] [DEBUG] (2) velopack::bundle: Writing file to disk with 64k buffer: "C:\\Users\\jori\\Downloads\\tmp-coordinator-lifecycle\\root\\packages\\VelopackTemp\\tmp_SSYLT23pJ5taSlUD\\payload\\mcp\\node_modules\\playwright\\lib\\loader\\loaderProcessEntry.js.txt"
[update:84912] [13:51:15] [DEBUG] (2) velopack::bundle:     183 Extracting 'lib/app/payload/mcp/node_modules/playwright/lib/common/index.js' to '"C:\\Users\\jori\\Downloads\\tmp-coordinator-lifecycle\\root\\packages\\VelopackTemp\\tmp_SSYLT23pJ5taSlUD\\payload\\mcp\\node_modules\\playwright\\lib\\common\\index.js"'
[update:84912] [13:51:15] [DEBUG] (2) velopack::bundle: Extracting zip file to path: "C:\\Users\\jori\\Downloads\\tmp-coordinator-lifecycle\\root\\packages\\VelopackTemp\\tmp_SSYLT23pJ5taSlUD\\payload\\mcp\\node_modules\\playwright\\lib\\common\\index.js"
[update:84912] [13:51:15] [DEBUG] (2) velopack::bundle: Creating parent directory: "C:\\Users\\jori\\Downloads\\tmp-coordinator-lifecycle\\root\\packages\\VelopackTemp\\tmp_SSYLT23pJ5taSlUD\\payload\\mcp\\node_modules\\playwright\\lib\\common"
[update:84912] [13:51:15] [DEBUG] (2) velopack::bundle: Writing file to disk with 64k buffer: "C:\\Users\\jori\\Downloads\\tmp-coordinator-lifecycle\\root\\packages\\VelopackTemp\\tmp_SSYLT23pJ5taSlUD\\payload\\mcp\\node_modules\\playwright\\lib\\common\\index.js"
[update:84912] [13:51:15] [DEBUG] (2) velopack::bundle:     184 Extracting 'lib/app/payload/mcp/node_modules/playwright/lib/common/index.js.txt' to '"C:\\Users\\jori\\Downloads\\tmp-coordinator-lifecycle\\root\\packages\\VelopackTemp\\tmp_SSYLT23pJ5taSlUD\\payload\\mcp\\node_modules\\playwright\\lib\\common\\index.js.txt"'
[update:84912] [13:51:15] [DEBUG] (2) velopack::bundle: Extracting zip file to path: "C:\\Users\\jori\\Downloads\\tmp-coordinator-lifecycle\\root\\packages\\VelopackTemp\\tmp_SSYLT23pJ5taSlUD\\payload\\mcp\\node_modules\\playwright\\lib\\common\\index.js.txt"
[update:84912] [13:51:15] [DEBUG] (2) velopack::bundle: Writing file to disk with 64k buffer: "C:\\Users\\jori\\Downloads\\tmp-coordinator-lifecycle\\root\\packages\\VelopackTemp\\tmp_SSYLT23pJ5taSlUD\\payload\\mcp\\node_modules\\playwright\\lib\\common\\index.js.txt"
[update:84912] [13:51:15] [DEBUG] (2) velopack::bundle:     185 Extracting 'lib/app/payload/mcp/node_modules/playwright/lib/cli/reportActions.js' to '"C:\\Users\\jori\\Downloads\\tmp-coordinator-lifecycle\\root\\packages\\VelopackTemp\\tmp_SSYLT23pJ5taSlUD\\payload\\mcp\\node_modules\\playwright\\lib\\cli\\reportActions.js"'
[update:84912] [13:51:15] [DEBUG] (2) velopack::bundle: Extracting zip file to path: "C:\\Users\\jori\\Downloads\\tmp-coordinator-lifecycle\\root\\packages\\VelopackTemp\\tmp_SSYLT23pJ5taSlUD\\payload\\mcp\\node_modules\\playwright\\lib\\cli\\reportActions.js"
[update:84912] [13:51:15] [DEBUG] (2) velopack::bundle: Creating parent directory: "C:\\Users\\jori\\Downloads\\tmp-coordinator-lifecycle\\root\\packages\\VelopackTemp\\tmp_SSYLT23pJ5taSlUD\\payload\\mcp\\node_modules\\playwright\\lib\\cli"
[update:84912] [13:51:15] [DEBUG] (2) velopack::bundle: Writing file to disk with 64k buffer: "C:\\Users\\jori\\Downloads\\tmp-coordinator-lifecycle\\root\\packages\\VelopackTemp\\tmp_SSYLT23pJ5taSlUD\\payload\\mcp\\node_modules\\playwright\\lib\\cli\\reportActions.js"
[update:84912] [13:51:15] [DEBUG] (2) velopack::bundle:     186 Extracting 'lib/app/payload/mcp/node_modules/playwright/lib/cli/testActions.js' to '"C:\\Users\\jori\\Downloads\\tmp-coordinator-lifecycle\\root\\packages\\VelopackTemp\\tmp_SSYLT23pJ5taSlUD\\payload\\mcp\\node_modules\\playwright\\lib\\cli\\testActions.js"'
[update:84912] [13:51:15] [DEBUG] (2) velopack::bundle: Extracting zip file to path: "C:\\Users\\jori\\Downloads\\tmp-coordinator-lifecycle\\root\\packages\\VelopackTemp\\tmp_SSYLT23pJ5taSlUD\\payload\\mcp\\node_modules\\playwright\\lib\\cli\\testActions.js"
[update:84912] [13:51:15] [DEBUG] (2) velopack::bundle: Writing file to disk with 64k buffer: "C:\\Users\\jori\\Downloads\\tmp-coordinator-lifecycle\\root\\packages\\VelopackTemp\\tmp_SSYLT23pJ5taSlUD\\payload\\mcp\\node_modules\\playwright\\lib\\cli\\testActions.js"
[update:84912] [13:51:15] [DEBUG] (2) velopack::bundle:     187 Extracting 'lib/app/payload/mcp/node_modules/playwright/lib/agents/agentParser.js' to '"C:\\Users\\jori\\Downloads\\tmp-coordinator-lifecycle\\root\\packages\\VelopackTemp\\tmp_SSYLT23pJ5taSlUD\\payload\\mcp\\node_modules\\playwright\\lib\\agents\\agentParser.js"'
[update:84912] [13:51:15] [DEBUG] (2) velopack::bundle: Extracting zip file to path: "C:\\Users\\jori\\Downloads\\tmp-coordinator-lifecycle\\root\\packages\\VelopackTemp\\tmp_SSYLT23pJ5taSlUD\\payload\\mcp\\node_modules\\playwright\\lib\\agents\\agentParser.js"
[update:84912] [13:51:15] [DEBUG] (2) velopack::bundle: Creating parent directory: "C:\\Users\\jori\\Downloads\\tmp-coordinator-lifecycle\\root\\packages\\VelopackTemp\\tmp_SSYLT23pJ5taSlUD\\payload\\mcp\\node_modules\\playwright\\lib\\agents"
[update:84912] [13:51:15] [DEBUG] (2) velopack::bundle: Writing file to disk with 64k buffer: "C:\\Users\\jori\\Downloads\\tmp-coordinator-lifecycle\\root\\packages\\VelopackTemp\\tmp_SSYLT23pJ5taSlUD\\payload\\mcp\\node_modules\\playwright\\lib\\agents\\agentParser.js"
[update:84912] [13:51:15] [DEBUG] (2) velopack::bundle:     188 Extracting 'lib/app/payload/mcp/node_modules/playwright/lib/agents/copilot-setup-steps.yml' to '"C:\\Users\\jori\\Downloads\\tmp-coordinator-lifecycle\\root\\packages\\VelopackTemp\\tmp_SSYLT23pJ5taSlUD\\payload\\mcp\\node_modules\\playwright\\lib\\agents\\copilot-setup-steps.yml"'
[update:84912] [13:51:15] [DEBUG] (2) velopack::bundle: Extracting zip file to path: "C:\\Users\\jori\\Downloads\\tmp-coordinator-lifecycle\\root\\packages\\VelopackTemp\\tmp_SSYLT23pJ5taSlUD\\payload\\mcp\\node_modules\\playwright\\lib\\agents\\copilot-setup-steps.yml"
[update:84912] [13:51:15] [DEBUG] (2) velopack::bundle: Writing file to disk with 64k buffer: "C:\\Users\\jori\\Downloads\\tmp-coordinator-lifecycle\\root\\packages\\VelopackTemp\\tmp_SSYLT23pJ5taSlUD\\payload\\mcp\\node_modules\\playwright\\lib\\agents\\copilot-setup-steps.yml"
[update:84912] [13:51:15] [DEBUG] (2) velopack::bundle:     189 Extracting 'lib/app/payload/mcp/node_modules/playwright/lib/agents/generateAgents.js' to '"C:\\Users\\jori\\Downloads\\tmp-coordinator-lifecycle\\root\\packages\\VelopackTemp\\tmp_SSYLT23pJ5taSlUD\\payload\\mcp\\node_modules\\playwright\\lib\\agents\\generateAgents.js"'
[update:84912] [13:51:15] [DEBUG] (2) velopack::bundle: Extracting zip file to path: "C:\\Users\\jori\\Downloads\\tmp-coordinator-lifecycle\\root\\packages\\VelopackTemp\\tmp_SSYLT23pJ5taSlUD\\payload\\mcp\\node_modules\\playwright\\lib\\agents\\generateAgents.js"
[update:84912] [13:51:15] [DEBUG] (2) velopack::bundle: Writing file to disk with 64k buffer: "C:\\Users\\jori\\Downloads\\tmp-coordinator-lifecycle\\root\\packages\\VelopackTemp\\tmp_SSYLT23pJ5taSlUD\\payload\\mcp\\node_modules\\playwright\\lib\\agents\\generateAgents.js"
[update:84912] [13:51:15] [DEBUG] (2) velopack::bundle:     190 Extracting 'lib/app/payload/mcp/node_modules/playwright/lib/agents/playwright-test-coverage.prompt.md' to '"C:\\Users\\jori\\Downloads\\tmp-coordinator-lifecycle\\root\\packages\\VelopackTemp\\tmp_SSYLT23pJ5taSlUD\\payload\\mcp\\node_modules\\playwright\\lib\\agents\\playwright-test-coverage.prompt.md"'
[update:84912] [13:51:15] [DEBUG] (2) velopack::bundle: Extracting zip file to path: "C:\\Users\\jori\\Downloads\\tmp-coordinator-lifecycle\\root\\packages\\VelopackTemp\\tmp_SSYLT23pJ5taSlUD\\payload\\mcp\\node_modules\\playwright\\lib\\agents\\playwright-test-coverage.prompt.md"
[update:84912] [13:51:15] [DEBUG] (2) velopack::bundle: Writing file to disk with 64k buffer: "C:\\Users\\jori\\Downloads\\tmp-coordinator-lifecycle\\root\\packages\\VelopackTemp\\tmp_SSYLT23pJ5taSlUD\\payload\\mcp\\node_modules\\playwright\\lib\\agents\\playwright-test-coverage.prompt.md"
[update:84912] [13:51:15] [DEBUG] (2) velopack::bundle:     191 Extracting 'lib/app/payload/mcp/node_modules/playwright/lib/agents/playwright-test-generate.prompt.md' to '"C:\\Users\\jori\\Downloads\\tmp-coordinator-lifecycle\\root\\packages\\VelopackTemp\\tmp_SSYLT23pJ5taSlUD\\payload\\mcp\\node_modules\\playwright\\lib\\agents\\playwright-test-generate.prompt.md"'
[update:84912] [13:51:15] [DEBUG] (2) velopack::bundle: Extracting zip file to path: "C:\\Users\\jori\\Downloads\\tmp-coordinator-lifecycle\\root\\packages\\VelopackTemp\\tmp_SSYLT23pJ5taSlUD\\payload\\mcp\\node_modules\\playwright\\lib\\agents\\playwright-test-generate.prompt.md"
[update:84912] [13:51:15] [DEBUG] (2) velopack::bundle: Writing file to disk with 64k buffer: "C:\\Users\\jori\\Downloads\\tmp-coordinator-lifecycle\\root\\packages\\VelopackTemp\\tmp_SSYLT23pJ5taSlUD\\payload\\mcp\\node_modules\\playwright\\lib\\agents\\playwright-test-generate.prompt.md"
[update:84912] [13:51:15] [DEBUG] (2) velopack::bundle:     192 Extracting 'lib/app/payload/mcp/node_modules/playwright/lib/agents/playwright-test-generator.agent.md' to '"C:\\Users\\jori\\Downloads\\tmp-coordinator-lifecycle\\root\\packages\\VelopackTemp\\tmp_SSYLT23pJ5taSlUD\\payload\\mcp\\node_modules\\playwright\\lib\\agents\\playwright-test-generator.agent.md"'
[update:84912] [13:51:15] [DEBUG] (2) velopack::bundle: Extracting zip file to path: "C:\\Users\\jori\\Downloads\\tmp-coordinator-lifecycle\\root\\packages\\VelopackTemp\\tmp_SSYLT23pJ5taSlUD\\payload\\mcp\\node_modules\\playwright\\lib\\agents\\playwright-test-generator.agent.md"
[update:84912] [13:51:15] [DEBUG] (2) velopack::bundle: Writing file to disk with 64k buffer: "C:\\Users\\jori\\Downloads\\tmp-coordinator-lifecycle\\root\\packages\\VelopackTemp\\tmp_SSYLT23pJ5taSlUD\\payload\\mcp\\node_modules\\playwright\\lib\\agents\\playwright-test-generator.agent.md"
[update:84912] [13:51:15] [DEBUG] (2) velopack::bundle:     193 Extracting 'lib/app/payload/mcp/node_modules/playwright/lib/agents/playwright-test-heal.prompt.md' to '"C:\\Users\\jori\\Downloads\\tmp-coordinator-lifecycle\\root\\packages\\VelopackTemp\\tmp_SSYLT23pJ5taSlUD\\payload\\mcp\\node_modules\\playwright\\lib\\agents\\playwright-test-heal.prompt.md"'
[update:84912] [13:51:15] [DEBUG] (2) velopack::bundle: Extracting zip file to path: "C:\\Users\\jori\\Downloads\\tmp-coordinator-lifecycle\\root\\packages\\VelopackTemp\\tmp_SSYLT23pJ5taSlUD\\payload\\mcp\\node_modules\\playwright\\lib\\agents\\playwright-test-heal.prompt.md"
[update:84912] [13:51:15] [DEBUG] (2) velopack::bundle: Writing file to disk with 64k buffer: "C:\\Users\\jori\\Downloads\\tmp-coordinator-lifecycle\\root\\packages\\VelopackTemp\\tmp_SSYLT23pJ5taSlUD\\payload\\mcp\\node_modules\\playwright\\lib\\agents\\playwright-test-heal.prompt.md"
[update:84912] [13:51:15] [DEBUG] (2) velopack::bundle:     194 Extracting 'lib/app/payload/mcp/node_modules/playwright/lib/agents/playwright-test-healer.agent.md' to '"C:\\Users\\jori\\Downloads\\tmp-coordinator-lifecycle\\root\\packages\\VelopackTemp\\tmp_SSYLT23pJ5taSlUD\\payload\\mcp\\node_modules\\playwright\\lib\\agents\\playwright-test-healer.agent.md"'
[update:84912] [13:51:15] [DEBUG] (2) velopack::bundle: Extracting zip file to path: "C:\\Users\\jori\\Downloads\\tmp-coordinator-lifecycle\\root\\packages\\VelopackTemp\\tmp_SSYLT23pJ5taSlUD\\payload\\mcp\\node_modules\\playwright\\lib\\agents\\playwright-test-healer.agent.md"
[update:84912] [13:51:15] [DEBUG] (2) velopack::bundle: Writing file to disk with 64k buffer: "C:\\Users\\jori\\Downloads\\tmp-coordinator-lifecycle\\root\\packages\\VelopackTemp\\tmp_SSYLT23pJ5taSlUD\\payload\\mcp\\node_modules\\playwright\\lib\\agents\\playwright-test-healer.agent.md"
[update:84912] [13:51:15] [DEBUG] (2) velopack::bundle:     195 Extracting 'lib/app/payload/mcp/node_modules/playwright/lib/agents/playwright-test-plan.prompt.md' to '"C:\\Users\\jori\\Downloads\\tmp-coordinator-lifecycle\\root\\packages\\VelopackTemp\\tmp_SSYLT23pJ5taSlUD\\payload\\mcp\\node_modules\\playwright\\lib\\agents\\playwright-test-plan.prompt.md"'
[update:84912] [13:51:15] [DEBUG] (2) velopack::bundle: Extracting zip file to path: "C:\\Users\\jori\\Downloads\\tmp-coordinator-lifecycle\\root\\packages\\VelopackTemp\\tmp_SSYLT23pJ5taSlUD\\payload\\mcp\\node_modules\\playwright\\lib\\agents\\playwright-test-plan.prompt.md"
[update:84912] [13:51:15] [DEBUG] (2) velopack::bundle: Writing file to disk with 64k buffer: "C:\\Users\\jori\\Downloads\\tmp-coordinator-lifecycle\\root\\packages\\VelopackTemp\\tmp_SSYLT23pJ5taSlUD\\payload\\mcp\\node_modules\\playwright\\lib\\agents\\playwright-test-plan.prompt.md"
[update:84912] [13:51:15] [DEBUG] (2) velopack::bundle:     196 Extracting 'lib/app/payload/mcp/node_modules/playwright/lib/agents/playwright-test-planner.agent.md' to '"C:\\Users\\jori\\Downloads\\tmp-coordinator-lifecycle\\root\\packages\\VelopackTemp\\tmp_SSYLT23pJ5taSlUD\\payload\\mcp\\node_modules\\playwright\\lib\\agents\\playwright-test-planner.agent.md"'
[update:84912] [13:51:15] [DEBUG] (2) velopack::bundle: Extracting zip file to path: "C:\\Users\\jori\\Downloads\\tmp-coordinator-lifecycle\\root\\packages\\VelopackTemp\\tmp_SSYLT23pJ5taSlUD\\payload\\mcp\\node_modules\\playwright\\lib\\agents\\playwright-test-planner.agent.md"
[update:84912] [13:51:15] [DEBUG] (2) velopack::bundle: Writing file to disk with 64k buffer: "C:\\Users\\jori\\Downloads\\tmp-coordinator-lifecycle\\root\\packages\\VelopackTemp\\tmp_SSYLT23pJ5taSlUD\\payload\\mcp\\node_modules\\playwright\\lib\\agents\\playwright-test-planner.agent.md"
[update:84912] [13:51:15] [DEBUG] (2) velopack::bundle:     197 Extracting 'lib/app/payload/mcp/node_modules/@playwright/mcp/cli.js' to '"C:\\Users\\jori\\Downloads\\tmp-coordinator-lifecycle\\root\\packages\\VelopackTemp\\tmp_SSYLT23pJ5taSlUD\\payload\\mcp\\node_modules\\@playwright\\mcp\\cli.js"'
[update:84912] [13:51:15] [DEBUG] (2) velopack::bundle: Extracting zip file to path: "C:\\Users\\jori\\Downloads\\tmp-coordinator-lifecycle\\root\\packages\\VelopackTemp\\tmp_SSYLT23pJ5taSlUD\\payload\\mcp\\node_modules\\@playwright\\mcp\\cli.js"
[update:84912] [13:51:15] [DEBUG] (2) velopack::bundle: Creating parent directory: "C:\\Users\\jori\\Downloads\\tmp-coordinator-lifecycle\\root\\packages\\VelopackTemp\\tmp_SSYLT23pJ5taSlUD\\payload\\mcp\\node_modules\\@playwright\\mcp"
[update:84912] [13:51:15] [DEBUG] (2) velopack::bundle: Writing file to disk with 64k buffer: "C:\\Users\\jori\\Downloads\\tmp-coordinator-lifecycle\\root\\packages\\VelopackTemp\\tmp_SSYLT23pJ5taSlUD\\payload\\mcp\\node_modules\\@playwright\\mcp\\cli.js"
[update:84912] [13:51:15] [DEBUG] (2) velopack::bundle:     198 Extracting 'lib/app/payload/mcp/node_modules/@playwright/mcp/config.d.ts' to '"C:\\Users\\jori\\Downloads\\tmp-coordinator-lifecycle\\root\\packages\\VelopackTemp\\tmp_SSYLT23pJ5taSlUD\\payload\\mcp\\node_modules\\@playwright\\mcp\\config.d.ts"'
[update:84912] [13:51:15] [DEBUG] (2) velopack::bundle: Extracting zip file to path: "C:\\Users\\jori\\Downloads\\tmp-coordinator-lifecycle\\root\\packages\\VelopackTemp\\tmp_SSYLT23pJ5taSlUD\\payload\\mcp\\node_modules\\@playwright\\mcp\\config.d.ts"
[update:84912] [13:51:15] [DEBUG] (2) velopack::bundle: Writing file to disk with 64k buffer: "C:\\Users\\jori\\Downloads\\tmp-coordinator-lifecycle\\root\\packages\\VelopackTemp\\tmp_SSYLT23pJ5taSlUD\\payload\\mcp\\node_modules\\@playwright\\mcp\\config.d.ts"
[update:84912] [13:51:15] [DEBUG] (2) velopack::bundle:     199 Extracting 'lib/app/payload/mcp/node_modules/@playwright/mcp/index.d.ts' to '"C:\\Users\\jori\\Downloads\\tmp-coordinator-lifecycle\\root\\packages\\VelopackTemp\\tmp_SSYLT23pJ5taSlUD\\payload\\mcp\\node_modules\\@playwright\\mcp\\index.d.ts"'
[update:84912] [13:51:15] [DEBUG] (2) velopack::bundle: Extracting zip file to path: "C:\\Users\\jori\\Downloads\\tmp-coordinator-lifecycle\\root\\packages\\VelopackTemp\\tmp_SSYLT23pJ5taSlUD\\payload\\mcp\\node_modules\\@playwright\\mcp\\index.d.ts"
[update:84912] [13:51:15] [DEBUG] (2) velopack::bundle: Writing file to disk with 64k buffer: "C:\\Users\\jori\\Downloads\\tmp-coordinator-lifecycle\\root\\packages\\VelopackTemp\\tmp_SSYLT23pJ5taSlUD\\payload\\mcp\\node_modules\\@playwright\\mcp\\index.d.ts"
[update:84912] [13:51:15] [DEBUG] (2) velopack::bundle:     200 Extracting 'lib/app/payload/mcp/node_modules/@playwright/mcp/index.js' to '"C:\\Users\\jori\\Downloads\\tmp-coordinator-lifecycle\\root\\packages\\VelopackTemp\\tmp_SSYLT23pJ5taSlUD\\payload\\mcp\\node_modules\\@playwright\\mcp\\index.js"'
[update:84912] [13:51:15] [DEBUG] (2) velopack::bundle: Extracting zip file to path: "C:\\Users\\jori\\Downloads\\tmp-coordinator-lifecycle\\root\\packages\\VelopackTemp\\tmp_SSYLT23pJ5taSlUD\\payload\\mcp\\node_modules\\@playwright\\mcp\\index.js"
[update:84912] [13:51:15] [DEBUG] (2) velopack::bundle: Writing file to disk with 64k buffer: "C:\\Users\\jori\\Downloads\\tmp-coordinator-lifecycle\\root\\packages\\VelopackTemp\\tmp_SSYLT23pJ5taSlUD\\payload\\mcp\\node_modules\\@playwright\\mcp\\index.js"
[update:84912] [13:51:15] [DEBUG] (2) velopack::bundle:     201 Extracting 'lib/app/payload/mcp/node_modules/@playwright/mcp/LICENSE' to '"C:\\Users\\jori\\Downloads\\tmp-coordinator-lifecycle\\root\\packages\\VelopackTemp\\tmp_SSYLT23pJ5taSlUD\\payload\\mcp\\node_modules\\@playwright\\mcp\\LICENSE"'
[update:84912] [13:51:15] [DEBUG] (2) velopack::bundle: Extracting zip file to path: "C:\\Users\\jori\\Downloads\\tmp-coordinator-lifecycle\\root\\packages\\VelopackTemp\\tmp_SSYLT23pJ5taSlUD\\payload\\mcp\\node_modules\\@playwright\\mcp\\LICENSE"
[update:84912] [13:51:15] [DEBUG] (2) velopack::bundle: Writing file to disk with 64k buffer: "C:\\Users\\jori\\Downloads\\tmp-coordinator-lifecycle\\root\\packages\\VelopackTemp\\tmp_SSYLT23pJ5taSlUD\\payload\\mcp\\node_modules\\@playwright\\mcp\\LICENSE"
[update:84912] [13:51:15] [DEBUG] (2) velopack::bundle:     202 Extracting 'lib/app/payload/mcp/node_modules/@playwright/mcp/package.json' to '"C:\\Users\\jori\\Downloads\\tmp-coordinator-lifecycle\\root\\packages\\VelopackTemp\\tmp_SSYLT23pJ5taSlUD\\payload\\mcp\\node_modules\\@playwright\\mcp\\package.json"'
[update:84912] [13:51:15] [DEBUG] (2) velopack::bundle: Extracting zip file to path: "C:\\Users\\jori\\Downloads\\tmp-coordinator-lifecycle\\root\\packages\\VelopackTemp\\tmp_SSYLT23pJ5taSlUD\\payload\\mcp\\node_modules\\@playwright\\mcp\\package.json"
[update:84912] [13:51:15] [DEBUG] (2) velopack::bundle: Writing file to disk with 64k buffer: "C:\\Users\\jori\\Downloads\\tmp-coordinator-lifecycle\\root\\packages\\VelopackTemp\\tmp_SSYLT23pJ5taSlUD\\payload\\mcp\\node_modules\\@playwright\\mcp\\package.json"
[update:84912] [13:51:15] [DEBUG] (2) velopack::bundle:     203 Extracting 'lib/app/payload/mcp/node_modules/@playwright/mcp/README.md' to '"C:\\Users\\jori\\Downloads\\tmp-coordinator-lifecycle\\root\\packages\\VelopackTemp\\tmp_SSYLT23pJ5taSlUD\\payload\\mcp\\node_modules\\@playwright\\mcp\\README.md"'
[update:84912] [13:51:15] [DEBUG] (2) velopack::bundle: Extracting zip file to path: "C:\\Users\\jori\\Downloads\\tmp-coordinator-lifecycle\\root\\packages\\VelopackTemp\\tmp_SSYLT23pJ5taSlUD\\payload\\mcp\\node_modules\\@playwright\\mcp\\README.md"
[update:84912] [13:51:15] [DEBUG] (2) velopack::bundle: Writing file to disk with 64k buffer: "C:\\Users\\jori\\Downloads\\tmp-coordinator-lifecycle\\root\\packages\\VelopackTemp\\tmp_SSYLT23pJ5taSlUD\\payload\\mcp\\node_modules\\@playwright\\mcp\\README.md"
[update:84912] [13:51:15] [DEBUG] (2) velopack::bundle:     204 Extracting 'lib/app/payload/mcp/node_modules/.bin/playwright' to '"C:\\Users\\jori\\Downloads\\tmp-coordinator-lifecycle\\root\\packages\\VelopackTemp\\tmp_SSYLT23pJ5taSlUD\\payload\\mcp\\node_modules\\.bin\\playwright"'
[update:84912] [13:51:15] [DEBUG] (2) velopack::bundle: Extracting zip file to path: "C:\\Users\\jori\\Downloads\\tmp-coordinator-lifecycle\\root\\packages\\VelopackTemp\\tmp_SSYLT23pJ5taSlUD\\payload\\mcp\\node_modules\\.bin\\playwright"
[update:84912] [13:51:15] [DEBUG] (2) velopack::bundle: Creating parent directory: "C:\\Users\\jori\\Downloads\\tmp-coordinator-lifecycle\\root\\packages\\VelopackTemp\\tmp_SSYLT23pJ5taSlUD\\payload\\mcp\\node_modules\\.bin"
[update:84912] [13:51:15] [DEBUG] (2) velopack::bundle: Writing file to disk with 64k buffer: "C:\\Users\\jori\\Downloads\\tmp-coordinator-lifecycle\\root\\packages\\VelopackTemp\\tmp_SSYLT23pJ5taSlUD\\payload\\mcp\\node_modules\\.bin\\playwright"
[update:84912] [13:51:15] [DEBUG] (2) velopack::bundle:     205 Extracting 'lib/app/payload/mcp/node_modules/.bin/playwright-core' to '"C:\\Users\\jori\\Downloads\\tmp-coordinator-lifecycle\\root\\packages\\VelopackTemp\\tmp_SSYLT23pJ5taSlUD\\payload\\mcp\\node_modules\\.bin\\playwright-core"'
[update:84912] [13:51:15] [DEBUG] (2) velopack::bundle: Extracting zip file to path: "C:\\Users\\jori\\Downloads\\tmp-coordinator-lifecycle\\root\\packages\\VelopackTemp\\tmp_SSYLT23pJ5taSlUD\\payload\\mcp\\node_modules\\.bin\\playwright-core"
[update:84912] [13:51:15] [DEBUG] (2) velopack::bundle: Writing file to disk with 64k buffer: "C:\\Users\\jori\\Downloads\\tmp-coordinator-lifecycle\\root\\packages\\VelopackTemp\\tmp_SSYLT23pJ5taSlUD\\payload\\mcp\\node_modules\\.bin\\playwright-core"
[update:84912] [13:51:15] [DEBUG] (2) velopack::bundle:     206 Extracting 'lib/app/payload/mcp/node_modules/.bin/playwright-core.cmd' to '"C:\\Users\\jori\\Downloads\\tmp-coordinator-lifecycle\\root\\packages\\VelopackTemp\\tmp_SSYLT23pJ5taSlUD\\payload\\mcp\\node_modules\\.bin\\playwright-core.cmd"'
[update:84912] [13:51:15] [DEBUG] (2) velopack::bundle: Extracting zip file to path: "C:\\Users\\jori\\Downloads\\tmp-coordinator-lifecycle\\root\\packages\\VelopackTemp\\tmp_SSYLT23pJ5taSlUD\\payload\\mcp\\node_modules\\.bin\\playwright-core.cmd"
[update:84912] [13:51:15] [DEBUG] (2) velopack::bundle: Writing file to disk with 64k buffer: "C:\\Users\\jori\\Downloads\\tmp-coordinator-lifecycle\\root\\packages\\VelopackTemp\\tmp_SSYLT23pJ5taSlUD\\payload\\mcp\\node_modules\\.bin\\playwright-core.cmd"
[update:84912] [13:51:15] [DEBUG] (2) velopack::bundle:     207 Extracting 'lib/app/payload/mcp/node_modules/.bin/playwright-core.ps1' to '"C:\\Users\\jori\\Downloads\\tmp-coordinator-lifecycle\\root\\packages\\VelopackTemp\\tmp_SSYLT23pJ5taSlUD\\payload\\mcp\\node_modules\\.bin\\playwright-core.ps1"'
[update:84912] [13:51:15] [DEBUG] (2) velopack::bundle: Extracting zip file to path: "C:\\Users\\jori\\Downloads\\tmp-coordinator-lifecycle\\root\\packages\\VelopackTemp\\tmp_SSYLT23pJ5taSlUD\\payload\\mcp\\node_modules\\.bin\\playwright-core.ps1"
[update:84912] [13:51:15] [DEBUG] (2) velopack::bundle: Writing file to disk with 64k buffer: "C:\\Users\\jori\\Downloads\\tmp-coordinator-lifecycle\\root\\packages\\VelopackTemp\\tmp_SSYLT23pJ5taSlUD\\payload\\mcp\\node_modules\\.bin\\playwright-core.ps1"
[update:84912] [13:51:15] [DEBUG] (2) velopack::bundle:     208 Extracting 'lib/app/payload/mcp/node_modules/.bin/playwright-mcp' to '"C:\\Users\\jori\\Downloads\\tmp-coordinator-lifecycle\\root\\packages\\VelopackTemp\\tmp_SSYLT23pJ5taSlUD\\payload\\mcp\\node_modules\\.bin\\playwright-mcp"'
[update:84912] [13:51:15] [DEBUG] (2) velopack::bundle: Extracting zip file to path: "C:\\Users\\jori\\Downloads\\tmp-coordinator-lifecycle\\root\\packages\\VelopackTemp\\tmp_SSYLT23pJ5taSlUD\\payload\\mcp\\node_modules\\.bin\\playwright-mcp"
[update:84912] [13:51:15] [DEBUG] (2) velopack::bundle: Writing file to disk with 64k buffer: "C:\\Users\\jori\\Downloads\\tmp-coordinator-lifecycle\\root\\packages\\VelopackTemp\\tmp_SSYLT23pJ5taSlUD\\payload\\mcp\\node_modules\\.bin\\playwright-mcp"
[update:84912] [13:51:15] [DEBUG] (2) velopack::bundle:     209 Extracting 'lib/app/payload/mcp/node_modules/.bin/playwright-mcp.cmd' to '"C:\\Users\\jori\\Downloads\\tmp-coordinator-lifecycle\\root\\packages\\VelopackTemp\\tmp_SSYLT23pJ5taSlUD\\payload\\mcp\\node_modules\\.bin\\playwright-mcp.cmd"'
[update:84912] [13:51:15] [DEBUG] (2) velopack::bundle: Extracting zip file to path: "C:\\Users\\jori\\Downloads\\tmp-coordinator-lifecycle\\root\\packages\\VelopackTemp\\tmp_SSYLT23pJ5taSlUD\\payload\\mcp\\node_modules\\.bin\\playwright-mcp.cmd"
[update:84912] [13:51:15] [DEBUG] (2) velopack::bundle: Writing file to disk with 64k buffer: "C:\\Users\\jori\\Downloads\\tmp-coordinator-lifecycle\\root\\packages\\VelopackTemp\\tmp_SSYLT23pJ5taSlUD\\payload\\mcp\\node_modules\\.bin\\playwright-mcp.cmd"
[update:84912] [13:51:15] [DEBUG] (2) velopack::bundle:     210 Extracting 'lib/app/payload/mcp/node_modules/.bin/playwright-mcp.ps1' to '"C:\\Users\\jori\\Downloads\\tmp-coordinator-lifecycle\\root\\packages\\VelopackTemp\\tmp_SSYLT23pJ5taSlUD\\payload\\mcp\\node_modules\\.bin\\playwright-mcp.ps1"'
[update:84912] [13:51:15] [DEBUG] (2) velopack::bundle: Extracting zip file to path: "C:\\Users\\jori\\Downloads\\tmp-coordinator-lifecycle\\root\\packages\\VelopackTemp\\tmp_SSYLT23pJ5taSlUD\\payload\\mcp\\node_modules\\.bin\\playwright-mcp.ps1"
[update:84912] [13:51:15] [DEBUG] (2) velopack::bundle: Writing file to disk with 64k buffer: "C:\\Users\\jori\\Downloads\\tmp-coordinator-lifecycle\\root\\packages\\VelopackTemp\\tmp_SSYLT23pJ5taSlUD\\payload\\mcp\\node_modules\\.bin\\playwright-mcp.ps1"
[update:84912] [13:51:15] [DEBUG] (2) velopack::bundle:     211 Extracting 'lib/app/payload/mcp/node_modules/.bin/playwright.cmd' to '"C:\\Users\\jori\\Downloads\\tmp-coordinator-lifecycle\\root\\packages\\VelopackTemp\\tmp_SSYLT23pJ5taSlUD\\payload\\mcp\\node_modules\\.bin\\playwright.cmd"'
[update:84912] [13:51:15] [DEBUG] (2) velopack::bundle: Extracting zip file to path: "C:\\Users\\jori\\Downloads\\tmp-coordinator-lifecycle\\root\\packages\\VelopackTemp\\tmp_SSYLT23pJ5taSlUD\\payload\\mcp\\node_modules\\.bin\\playwright.cmd"
[update:84912] [13:51:15] [DEBUG] (2) velopack::bundle: Writing file to disk with 64k buffer: "C:\\Users\\jori\\Downloads\\tmp-coordinator-lifecycle\\root\\packages\\VelopackTemp\\tmp_SSYLT23pJ5taSlUD\\payload\\mcp\\node_modules\\.bin\\playwright.cmd"
[update:84912] [13:51:15] [DEBUG] (2) velopack::bundle:     212 Extracting 'lib/app/payload/mcp/node_modules/.bin/playwright.ps1' to '"C:\\Users\\jori\\Downloads\\tmp-coordinator-lifecycle\\root\\packages\\VelopackTemp\\tmp_SSYLT23pJ5taSlUD\\payload\\mcp\\node_modules\\.bin\\playwright.ps1"'
[update:84912] [13:51:15] [DEBUG] (2) velopack::bundle: Extracting zip file to path: "C:\\Users\\jori\\Downloads\\tmp-coordinator-lifecycle\\root\\packages\\VelopackTemp\\tmp_SSYLT23pJ5taSlUD\\payload\\mcp\\node_modules\\.bin\\playwright.ps1"
[update:84912] [13:51:15] [DEBUG] (2) velopack::bundle: Writing file to disk with 64k buffer: "C:\\Users\\jori\\Downloads\\tmp-coordinator-lifecycle\\root\\packages\\VelopackTemp\\tmp_SSYLT23pJ5taSlUD\\payload\\mcp\\node_modules\\.bin\\playwright.ps1"
[update:84912] [13:51:15] [INFO] Running --veloapp-obsolete hook...
[update:84912] [13:51:15] [INFO] About to launch: 'WideString("C:\\Users\\jori\\Downloads\\tmp-coordinator-lifecycle\\root\\current\\BrowserAI.exe")' in dir 'Some(WideString("C:\\Users\\jori\\Downloads\\tmp-coordinator-lifecycle\\root\\current"))' with arguments: WideString("\"C:\\Users\\jori\\Downloads\\tmp-coordinator-lifecycle\\root\\current\\BrowserAI.exe\" --veloapp-obsolete 1.1.0\0")
[update:84912] [13:51:15] [INFO] Environment block present: true, flags: PROCESS_CREATION_FLAGS(134218752)
[update:84912] [13:51:15] [INFO] Waiting 15000ms for process handle to exit.
[update:84912] [13:51:15] [INFO] Hook executed successfully (took 50.6528ms)
[update:84912] [13:51:15] [INFO] Checking for running processes in: C:\Users\jori\Downloads\tmp-coordinator-lifecycle\root
[update:84912] [13:51:16] [INFO] Inspected 653 running processes in 222ms, 6 matched directory
[update:84912] [13:51:16] [WARN] Killing process: C:\Users\jori\Downloads\tmp-coordinator-lifecycle\root\current\BrowserAI.Server.exe (83444)
[update:84912] [13:51:16] [WARN] Killing process: C:\Users\jori\Downloads\tmp-coordinator-lifecycle\root\current\BrowserAI.Server.exe (66636)
[update:84912] [13:51:16] [WARN] Killing process: C:\Users\jori\Downloads\tmp-coordinator-lifecycle\root\current\payload\node\node.exe (79376)
[update:84912] [13:51:16] [WARN] Killing process: C:\Users\jori\Downloads\tmp-coordinator-lifecycle\root\current\payload\node\node.exe (44160)
[update:84912] [13:51:16] [WARN] Killing process: C:\Users\jori\Downloads\tmp-coordinator-lifecycle\root\Update.exe (72160)
[update:84912] [13:51:16] [WARN] Skipping killing self: C:\Users\jori\Downloads\tmp-coordinator-lifecycle\root\Update.exe (84912)
[update:84912] [13:51:16] [INFO] Force-stop check complete.
[update:84912] [13:51:16] [INFO] Checking for running processes in: C:\Users\jori\Downloads\tmp-coordinator-lifecycle\root
[update:84912] [13:51:16] [INFO] Inspected 653 running processes in 269ms, 1 matched directory
[update:84912] [13:51:16] [WARN] Skipping killing self: C:\Users\jori\Downloads\tmp-coordinator-lifecycle\root\Update.exe (84912)
[update:84912] [13:51:16] [INFO] Force-stop check complete.
[update:84912] [13:51:16] [INFO] Backing up current dir to "C:\\Users\\jori\\Downloads\\tmp-coordinator-lifecycle\\root\\packages\\VelopackTemp\\tmp_qdRnRU2Kudfdig5O"
[update:84912] [13:51:16] [INFO] Replacing current dir with "C:\\Users\\jori\\Downloads\\tmp-coordinator-lifecycle\\root\\packages\\VelopackTemp\\tmp_SSYLT23pJ5taSlUD"
[update:84912] [13:51:16] [INFO] Writing uninstall registry key...
[update:84912] [13:51:16] [INFO] Running --veloapp-updated hook...
[update:84912] [13:51:16] [INFO] About to launch: 'WideString("C:\\Users\\jori\\Downloads\\tmp-coordinator-lifecycle\\root\\current\\BrowserAI.exe")' in dir 'Some(WideString("C:\\Users\\jori\\Downloads\\tmp-coordinator-lifecycle\\root\\current"))' with arguments: WideString("\"C:\\Users\\jori\\Downloads\\tmp-coordinator-lifecycle\\root\\current\\BrowserAI.exe\" --veloapp-updated 1.1.1\0")
[update:84912] [13:51:16] [INFO] Environment block present: true, flags: PROCESS_CREATION_FLAGS(134218752)
[update:84912] [13:51:16] [INFO] Waiting 15000ms for process handle to exit.
[update:84912] [13:51:16] [INFO] Hook executed successfully (took 114.9696ms)
[update:84912] [13:51:16] [INFO] Checking for running processes in: C:\Users\jori\Downloads\tmp-coordinator-lifecycle\root
[update:84912] [13:51:16] [INFO] Inspected 656 running processes in 311ms, 1 matched directory
[update:84912] [13:51:16] [WARN] Skipping killing self: C:\Users\jori\Downloads\tmp-coordinator-lifecycle\root\Update.exe (84912)
[update:84912] [13:51:16] [INFO] Force-stop check complete.
[update:84912] [13:51:16] [INFO] Removed temp dir "C:\\Users\\jori\\Downloads\\tmp-coordinator-lifecycle\\root\\packages\\VelopackTemp\\tmp_qdRnRU2Kudfdig5O" in 90ms
[update:84912] [13:51:16] [INFO] COM context initialized in 6ms
[update:84912] [13:51:16] [INFO] Shortcut Previous Locations: ShortcutLocationFlags(START_MENU_ROOT) (Some("1.1.0"))
[update:84912] [13:51:16] [INFO] Shortcut Next Locations: ShortcutLocationFlags(START_MENU_ROOT) ("1.1.1")
[update:84912] [13:51:16] [INFO] App Model ID: Some("velopack.BrowserAI.app.test")
[update:84912] [13:51:16] [INFO] Searching for shortcuts containing root: '"C:\\Users\\jori\\Downloads\\tmp-coordinator-lifecycle\\root"'
[update:84912] [13:51:16] [INFO] Searching for shortcuts in: ShortcutLocationFlags(DESKTOP) (C:\Users\jori\Desktop/*.lnk)
[update:84912] [13:51:17] [INFO] Searching for shortcuts in: ShortcutLocationFlags(STARTUP) (C:\Users\jori\AppData\Roaming\Microsoft\Windows\Start Menu\Programs\Startup/*.lnk)
[update:84912] [13:51:17] [INFO] Searching for shortcuts in: ShortcutLocationFlags(START_MENU) (C:\Users\jori\AppData\Roaming\Microsoft\Windows\Start Menu\Programs/**/*.lnk)
[update:84912] [13:51:17] [TRACE] (3) velopack_bins::windows::shortcuts: [src\bins\src\windows\shortcuts.rs:330] Checking shortcut: '"C:\\Users\\jori\\AppData\\Roaming\\Microsoft\\Windows\\Start Menu\\Programs\\BrowserAI (suite).lnk"'
[update:84912] [13:51:17] [DEBUG] (3) velopack_bins::windows::shortcuts: Loading link: "C:\\Users\\jori\\AppData\\Roaming\\Microsoft\\Windows\\Start Menu\\Programs\\BrowserAI (suite).lnk"
[update:84912] [13:51:17] [INFO] Selected shortcut for update '"C:\\Users\\jori\\AppData\\Roaming\\Microsoft\\Windows\\Start Menu\\Programs\\BrowserAI (suite).lnk"' because target '"C:\\Users\\jori\\Downloads\\tmp-coordinator-lifecycle\\root\\current\\BrowserAI.exe"' matched.
[update:84912] [13:51:17] [INFO] Searching for shortcuts in: ShortcutLocationFlags(USER_PINNED) (C:\Users\jori\AppData\Roaming\Microsoft\Internet Explorer\Quick Launch\User Pinned/**/*.lnk)
[update:84912] [13:51:17] [INFO] Will update all current shortcuts: [(ShortcutLocationFlags(START_MENU), Lnk("C:\\Users\\jori\\AppData\\Roaming\\Microsoft\\Windows\\Start Menu\\Programs\\BrowserAI (suite).lnk"))]
[update:84912] [13:51:17] [INFO] Updating existing shortcut '"C:\\Users\\jori\\AppData\\Roaming\\Microsoft\\Windows\\Start Menu\\Programs\\BrowserAI (suite).lnk"' (ShortcutLocationFlags(START_MENU)).
[update:84912] [13:51:17] [INFO] Package applied successfully.
[update:84912] [13:51:17] [INFO] Update.exe is already in the correct location: "C:\\Users\\jori\\Downloads\\tmp-coordinator-lifecycle\\root\\Update.exe"
[update:84912] [13:51:17] [INFO] Extracting stub 'BrowserAI (suite)_ExecutionStub.exe' to '"C:\\Users\\jori\\Downloads\\tmp-coordinator-lifecycle\\root\\BrowserAI (suite).exe"'
[update:84912] [13:51:17] [DEBUG] (2) velopack::bundle: Extracting zip file to path: "C:\\Users\\jori\\Downloads\\tmp-coordinator-lifecycle\\root\\BrowserAI (suite).exe"
[update:84912] [13:51:17] [DEBUG] (2) velopack::bundle: Writing file to disk with 64k buffer: "C:\\Users\\jori\\Downloads\\tmp-coordinator-lifecycle\\root\\BrowserAI (suite).exe"
[update:84912] [13:51:17] [INFO] Successfully extracted stub executable: "C:\\Users\\jori\\Downloads\\tmp-coordinator-lifecycle\\root\\BrowserAI (suite).exe"
[update:84912] [13:51:17] [INFO] Package version 1.1.1 applied successfully.
